stname,name,fips,r0ttt0,r0ttt5,r0ttt10,r0ttt15,r0ttt20,r0ttt25,r0ttt30,r0ttt35,r0ttt40,r0ttt45,r0ttt50,r0ttt55,r0ttt60,r0ttt65,r0ttt70,r0ttt75,m0ttt0,m0ttt5,m0ttt10,m0ttt15,m0ttt20,m0ttt25,m0ttt30,m0ttt35,m0ttt40,m0ttt45,m0ttt50,m0ttt55,m0ttt60,m0ttt65,m0ttt70,m0ttt75,e0ttt0,e0ttt5,e0ttt10,e0ttt15,e0ttt20,e0ttt25,e0ttt30,e0ttt35,e0ttt40,e0ttt45,e0ttt50,e0ttt55,e0ttt60,e0ttt65,e0ttt70,e0ttt75
Alabama,State Total,01000,0.6,4.5,3.9,6.2,7.7,-0.1,-1,4.4,4.4,4.6,4.5,4.5,7.4,9.2,7.4,-0.9,1985,13469,12054,19966,24364,-584,-3173,13226,13396,15480,15023,13427,18916,17641,11123,-2667,313636,297365,307600,318600,313332,316435,304078,297178,298126,331744,331473,296258,253223,189702,149021,288336
Alabama,Autauga County,01001,3.7,29.2,37.1,15.8,-15.4,0,44.8,56.9,36.7,10.7,9.4,6.9,19.4,17.5,16.1,21.8,134,909,1161,576,-565,1,1037,1512,1095,420,331,197,445,336,240,451,3555,3112,3128,3647,3659,3186,2314,2657,2983,3907,3520,2859,2287,1913,1487,2063
Alabama,Baldwin County,01003,3.8,28.1,33.5,19.2,-4.2,12.1,54.6,46.1,35.8,27.8,25.1,28.2,41.2,42,33,12.9,427,2569,2995,1846,-416,1123,3811,3655,3153,2920,2690,2727,3450,2972,1885,1452,11094,9126,8930,9575,9907,9222,6968,7927,8806,10481,10700,9662,8367,7074,5699,11234
Alabama,Barbour County,01005,-6.4,-8.6,-14.1,-17.7,-14.1,-0.8,-4.7,-10.3,-9.1,-8.3,-10.1,-3.1,0,5.8,6,-19.1,-121,-157,-262,-369,-299,-18,-91,-213,-183,-193,-216,-58,0,70,54,-394,1893,1814,1861,2078,2120,2096,1945,2062,2015,2329,2132,1871,1775,1208,891,2057
Alabama,Bibb County,01007,7.6,5.7,-3.9,-1.5,6.7,23.5,34.7,28.7,11.4,28.1,14.9,12.5,19.5,7.7,9.6,2.3,101,76,-59,-23,94,313,431,393,168,398,205,155,214,68,66,27,1318,1339,1499,1542,1408,1328,1242,1371,1470,1415,1370,1236,1099,885,686,1146
Alabama,Blount County,01009,10.8,16.5,11.7,8.3,-12.9,5.2,16.2,14.4,10.2,8.2,8.4,8.3,18.7,14.3,10.9,4,366,555,430,306,-464,173,484,493,371,314,302,282,556,358,214,131,3375,3361,3653,3663,3579,3286,2977,3405,3644,3828,3584,3369,2965,2494,1958,3204
Alabama,Bullock County,01011,-18.9,-23.1,-12.2,-18,-14.8,-0.9,-15,-15.4,-11.2,-0.6,-2.8,3,2.5,7.9,12.9,-16.4,-181,-173,-93,-158,-126,-8,-133,-133,-84,-6,-25,23,16,35,41,-124,958,749,768,876,849,865,887,863,746,870,889,748,617,439,318,756
Alabama,Butler County,01013,-3,0.7,3.5,-11.8,-29,-25.6,7,3.6,5.1,1.5,3.6,6.2,9.8,12,17.1,-1.5,-44,9,49,-184,-483,-450,82,41,60,21,55,89,114,106,120,-26,1464,1352,1415,1556,1664,1760,1175,1129,1159,1414,1497,1434,1162,888,702,1676
Alabama,Calhoun County,01015,0.8,2.1,7.4,13.1,24.5,-3.3,-9.8,4,2.4,5.7,4.7,2.4,4.9,8.5,4.7,-2.4,65,158,533,986,1791,-268,-790,283,176,453,388,189,328,415,184,-191,7381,7425,7185,7494,7286,7962,8034,6976,7211,7839,8265,7766,6649,4857,3894,7694
Alabama,Chambers County,01017,-1.9,-5.6,-11.3,-14,-19.7,-20.6,-11.3,-8.3,-1.7,-1.6,5.8,3.7,4.6,9.2,1.6,-8.2,-40,-122,-287,-370,-478,-499,-248,-198,-39,-39,145,88,100,152,20,-233,2062,2184,2524,2636,2421,2421,2185,2362,2336,2458,2503,2365,2169,1653,1261,2818
Alabama,Cherokee County,01019,12.7,14.1,9.9,7.7,-13.5,-11.9,6.7,8.8,11,17.7,22.4,22,28.2,25.8,13.9,-15.6,161,190,147,117,-197,-164,85,133,172,287,381,341,436,333,154,-320,1268,1345,1482,1524,1457,1373,1257,1503,1561,1622,1701,1546,1544,1290,1101,2050
Alabama,Chilton County,01021,7.3,16.1,5.8,2.5,-7.9,4.2,17.9,11.6,7.8,5.3,9.7,10,10.7,7.4,6.1,-2.1,212,430,166,71,-223,111,458,316,210,152,280,253,238,135,84,-54,2891,2673,2831,2866,2808,2631,2547,2718,2670,2858,2878,2525,2208,1806,1385,2514
Alabama,Choctaw County,01023,-1.9,-8.8,-16.9,-17.8,-42.3,-39.7,-15,-12.1,-5.1,-5.2,-2,-0.8,-3.8,1.8,-4.3,-19.6,-15,-84,-195,-194,-498,-450,-129,-116,-48,-57,-23,-8,-36,14,-28,-259,790,955,1149,1085,1176,1133,862,958,931,1110,1110,1025,967,810,654,1315
Alabama,Clarke County,01025,-0.8,-7.6,-10.2,-11.2,-40.9,-33.8,-1.8,-7,-3.4,-4.3,-3.6,-0.4,2.1,0.7,-0.8,-7.5,-13,-141,-221,-249,-885,-714,-28,-121,-61,-88,-75,-7,32,9,-9,-148,1533,1856,2166,2219,2162,2113,1548,1722,1781,2017,2039,1706,1478,1284,1058,1955
Alabama,Clay County,01027,-0.3,3.3,9,-3.5,-21.6,-23.9,-2.2,3.1,4.1,5.7,2.7,2.8,4,14.2,4.1,-9,-3,25,82,-32,-207,-228,-17,27,37,58,28,25,34,94,24,-106,830,764,907,930,958,957,781,879,887,1018,1007,885,852,663,589,1166
Alabama,Cleburne County,01029,0.4,11.8,11.4,5.4,-19.3,-7.6,-0.5,13.2,6.8,3.4,8.4,6.2,16.7,17.3,1.9,0.8,4,100,102,55,-185,-71,-4,118,66,36,79,59,144,119,10,8,961,849,894,1006,955,932,771,894,975,1067,950,959,860,687,553,959
Alabama,Coffee County,01031,1.7,16.6,22.4,11.4,-0.8,21.4,21.4,16,21.3,10.1,3.2,4.7,6.6,9.7,5.6,5.3,58,458,633,341,-27,654,578,457,582,319,105,138,180,194,95,161,3362,2757,2823,2979,3118,3052,2694,2859,2729,3137,3231,2942,2706,1994,1705,3004
Alabama,Colbert County,01033,1.8,3.6,3.8,-5.8,-17.3,-13.7,1.7,0.3,1.5,3.2,2.5,1.1,3.1,6.3,6.2,-5.1,58,110,133,-220,-633,-488,51,10,56,128,105,42,105,172,135,-229,3174,3018,3482,3762,3656,3560,3013,3332,3526,3916,4075,3657,3337,2730,2166,4413
Alabama,Conecuh County,01035,1.1,-2.8,-3.5,-11.1,-36.4,-32.3,-13.4,-6.3,-6.5,3.1,7.3,6.9,8.6,11.9,12.4,-13.9,9,-23,-32,-120,-371,-320,-105,-50,-54,29,70,64,76,82,62,-165,795,820,911,1083,1018,989,789,787,825,957,962,931,877,690,500,1179
Alabama,Coosa County,01037,16.7,7.7,-9.9,-4.4,-32.3,-29.8,-6.8,5.3,-0.6,0.8,17,16.3,21.6,15,14.2,-20.3,83,45,-77,-35,-268,-234,-44,38,-5,6,146,131,149,84,62,-206,497,578,784,805,827,786,657,713,794,861,857,805,692,565,439,1010
Alabama,Covington County,01039,2.8,7,4.7,-1.6,-22.4,-15.6,0.5,9.7,1.2,6.6,8.7,8.2,9.5,15,8.7,-1.1,64,155,109,-40,-568,-392,10,201,28,168,233,197,211,262,135,-37,2269,2210,2298,2482,2537,2505,2009,2060,2225,2554,2667,2402,2207,1741,1549,3230
Alabama,Crenshaw County,01041,7.3,10.8,10.9,-0.5,-23.1,-20.3,5.2,13.9,12.3,10.7,12.5,3.8,8.9,7.1,5.8,-4.9,58,93,91,-5,-222,-185,38,113,94,102,118,34,75,43,29,-53,796,857,832,979,962,911,741,816,764,952,946,891,849,606,501,1068
Alabama,Cullman County,01043,0.7,8.2,3.2,2.4,-8.1,-10.3,4.8,3,0.9,4.4,5,3.1,11,13.4,7.8,0.9,39,395,166,129,-424,-545,227,154,46,252,280,155,501,482,235,52,5045,4788,5111,5223,5201,5289,4653,5009,5110,5664,5501,4974,4540,3587,3014,5320
Alabama,Dale County,01045,-2.3,-7,-12.6,-14.1,0.9,11.1,5,-18,-12.7,-7,-2.7,2.5,5,9.4,-0.2,-6,-91,-265,-485,-529,31,396,162,-684,-445,-260,-100,74,134,188,-4,-181,3909,3755,3835,3732,3443,3546,3224,3800,3486,3718,3615,2979,2660,2002,1695,3005
Alabama,Dallas County,01047,-3.6,-12.7,-8.4,-8.4,-27.1,-30.6,-14.5,-6.5,-1.7,1.3,1.4,1.7,6.5,9.5,-1.1,-15.9,-124,-456,-301,-303,-1024,-1189,-409,-177,-46,42,48,49,159,167,-18,-499,3449,3578,3572,3607,3769,3883,2824,2707,2603,3149,3345,2866,2414,1767,1603,3123
Alabama,DeKalb County,01049,4.8,11.4,11.2,6.9,-6.4,3.6,13.6,7.8,7.4,4.3,3.3,7.1,10.4,13.1,6.1,-6.6,244,541,508,319,-269,157,561,353,334,202,154,288,395,370,141,-296,5013,4715,4534,4628,4169,4304,4111,4472,4511,4641,4659,4026,3798,2823,2320,4428
Alabama,Elmore County,01051,-1.5,11.6,16,13.3,8.7,15.7,33.6,20.9,16,11.8,11.6,6.8,14.3,24.9,18.3,5.5,-80,549,727,645,416,698,1380,1022,795,675,611,313,561,655,373,192,5094,4699,4528,4849,4770,4425,4108,4878,4957,5691,5246,4549,3915,2624,2035,3480
Alabama,Escambia County,01053,-6.5,-2.8,-3.6,-6.1,-11.7,-6.6,2.5,4.3,2,-1.3,-3.5,-2.1,0.3,6.6,3.6,-9.2,-173,-69,-91,-163,-300,-178,66,114,51,-36,-104,-54,8,114,53,-246,2641,2468,2482,2679,2554,2679,2565,2647,2488,2786,2967,2548,2183,1738,1454,2658
Alabama,Etowah County,01055,0.2,4.2,0.7,5,-9.8,-12.5,-1.5,5.4,5.6,6.3,3.9,5.1,8,11.1,8.8,-5.5,13,269,53,344,-665,-873,-97,357,373,430,286,351,506,498,329,-434,6327,6325,6851,6769,6765,6958,6161,6594,6639,6818,7300,6837,6275,4467,3715,7798
Alabama,Fayette County,01057,8.9,2.5,-0.8,-1.3,-24.7,-33.3,-8.4,-9.4,0.3,2.2,0.2,-1.4,3,2.6,4.7,-11.7,84,24,-9,-16,-305,-439,-84,-106,4,28,3,-18,34,24,36,-174,942,982,1155,1207,1231,1319,998,1121,1091,1253,1257,1258,1122,920,770,1482
Alabama,Franklin County,01059,1.1,3.1,1.5,-0.1,-6.7,-4.8,1.2,-0.2,-0.1,-2.2,1,-1.8,2.9,7.2,6,-5.9,26,65,32,-3,-141,-102,25,-5,-3,-49,21,-35,50,100,70,-129,2335,2119,2060,2195,2098,2108,2010,2161,2044,2197,2095,1965,1694,1386,1170,2184
Alabama,Geneva County,01061,2.8,11.8,12.6,5,-19.9,-19.1,13.8,7.2,10.3,8,8.8,8.5,15.9,12,9,-5.3,44,175,187,84,-374,-330,180,108,169,145,160,144,249,157,99,-111,1580,1483,1488,1675,1877,1732,1298,1494,1636,1817,1812,1695,1568,1305,1098,2085
Alabama,Greene County,01063,-4.3,-14.9,-21.5,-13,-32.4,-39.4,-23.9,-12.6,-10.1,-3.1,3.4,10.2,19.2,11,6.1,-15,-26,-103,-174,-109,-246,-334,-131,-66,-54,-20,25,71,94,41,19,-123,604,692,806,839,761,846,549,524,538,644,755,698,492,374,322,816
Alabama,Hale County,01065,-7.3,-13.3,-16.1,-13,-36.1,-36,-28.1,-28.6,-24.1,-10.1,-8.8,-1.3,5.2,11.8,5.5,-7.6,-78,-150,-237,-180,-513,-496,-341,-358,-288,-145,-118,-15,47,77,29,-89,1067,1127,1467,1390,1423,1379,1213,1255,1194,1429,1347,1156,918,652,528,1161
Alabama,Henry County,01067,5.4,5.8,7.3,4.7,-22.8,-23.8,10.3,19.9,1.7,20.6,15.3,10.3,26,24.1,29,1.9,50,59,77,51,-247,-274,95,184,17,211,168,119,277,192,167,25,918,1025,1061,1070,1080,1149,915,924,1014,1022,1094,1157,1063,797,577,1264
Alabama,Houston County,01069,4.4,11.4,10.5,3.2,-7.6,11.2,24.3,17.7,11.8,9.1,10,8.1,12.5,12.6,15.8,3.8,296,727,661,208,-499,677,1241,1009,696,618,675,494,657,509,486,239,6665,6381,6274,6385,6525,5997,5098,5681,5873,6746,6704,6099,5238,4032,3070,6228
Alabama,Jackson County,01071,2.7,5.1,1,-5,-23.3,-20.8,0.2,-0.5,-4.5,0.1,4,3.2,7.1,11.7,7.1,-3,82,165,38,-184,-828,-745,8,-18,-167,6,158,116,234,315,152,-107,2981,3194,3507,3674,3553,3582,3088,3609,3643,3827,3936,3626,3292,2685,2116,3533
Alabama,Jefferson County,01073,-2.5,-5.9,-6,-4.8,1.6,10.3,0.1,-9,-7.8,-5.3,-4.2,-5.1,-3.9,-4,-4,-5.7,-1173,-2676,-2736,-2234,765,4648,55,-4237,-3544,-2661,-2164,-2399,-1473,-1058,-804,-2567,46707,44933,45109,46313,46088,44845,45269,46966,45076,49455,50994,46908,36968,25861,19981,44529
Alabama,Lamar County,01075,2.6,5.5,-2.6,-16.8,-31.8,-38.7,-14.3,-9.6,-10.1,-5.5,-0.5,8.9,3.5,9.2,11.2,-6.5,23,46,-25,-172,-342,-435,-131,-96,-102,-62,-6,84,33,66,75,-83,862,852,958,1024,1076,1122,917,997,1012,1125,1142,951,964,722,668,1259
Alabama,Lauderdale County,01077,6.6,14.7,5.7,16,22.9,-11.7,-19.7,0,2.3,3.7,5,5.4,10.7,14.4,12.4,3.1,332,706,313,910,1328,-714,-1208,-3,135,232,321,322,554,590,416,214,4985,4803,5404,5682,5783,6077,6129,5539,5723,6267,6379,5906,5166,4084,3345,6772
Alabama,Lawrence County,01079,8.6,6.3,-4.8,-7.2,-22.8,-21.1,-2.3,0.2,-4.6,0.2,4.9,0,6.5,4.7,4.5,-4.5,176,126,-111,-187,-586,-510,-47,5,-121,6,124,0,134,79,55,-93,2049,2010,2272,2584,2560,2412,1983,2230,2625,2842,2497,2253,2061,1650,1223,2045
Alabama,Lee County,01081,10,20.4,20.2,67.7,183.5,-6.4,-53,-0.9,11.7,11.8,12,10.1,17,16.6,17.3,12.4,818,1446,1516,5245,13708,-744,-9869,-84,897,934,896,650,896,623,460,569,8153,7077,7471,7742,7466,11538,18613,8847,7653,7882,7434,6422,5258,3736,2646,4588
Alabama,Limestone County,01083,10.3,29.3,25.9,11.7,4.6,33.6,34.7,32.1,21.4,18.7,17,15.5,17.8,20.8,17.4,11.9,519,1238,1172,549,208,1404,1442,1439,1115,1069,897,689,702,599,385,429,5012,4223,4513,4687,4522,4180,4147,4482,5211,5694,5273,4428,3944,2872,2214,3600
Alabama,Lowndes County,01085,-12.3,-26.1,-26.6,-19.4,-42.9,-48.4,-21,-17.2,-15.6,-2.7,-4.7,-0.7,2.7,1.2,-8.5,-25.5,-109,-252,-280,-204,-534,-559,-163,-128,-132,-27,-46,-5,17,6,-41,-229,884,963,1051,1054,1244,1155,776,746,849,988,972,837,654,533,485,896
Alabama,Macon County,01087,-1,-14.2,-23.9,30.6,40.6,-45.4,-62.6,-19.8,-4.1,6.7,2.1,5.8,7,2.2,-0.9,-23.9,-12,-179,-393,530,718,-1078,-1663,-283,-49,88,31,86,86,21,-6,-432,1228,1256,1642,1732,1769,2374,2656,1431,1193,1305,1459,1469,1226,953,690,1802
Alabama,Madison County,01089,5.5,19.6,16.8,19.5,23.1,21.7,19.3,18.8,16.6,13.7,10.4,8.2,6.6,6.4,6.6,13,1128,3529,3290,3992,4616,4224,3386,3366,3324,3404,2414,1561,1048,763,645,2030,20465,17932,19543,20440,19910,19398,17538,17867,19951,24751,23188,18864,15856,11886,9662,15586
Alabama,Marengo County,01091,-5.7,-7.7,-6.4,-13.3,-37.4,-36,-7.5,-0.5,4,-4.2,-0.2,1.1,6.7,2.3,-1.7,-4.3,-82,-115,-101,-249,-705,-621,-90,-6,53,-65,-3,16,82,23,-14,-73,1438,1496,1585,1872,1881,1721,1198,1285,1309,1551,1590,1441,1234,973,830,1668
Alabama,Marion County,01093,2.1,5.2,0.4,-1.8,-18.6,-17.8,-3.8,0.1,2.8,-0.5,3,6.1,11.9,7.7,12.4,0.8,37,91,9,-36,-373,-348,-66,2,58,-12,66,118,224,127,163,19,1724,1741,1937,1920,2002,1947,1730,2007,2056,2288,2150,1930,1878,1645,1319,2320
Alabama,Marshall County,01095,-7.6,-0.4,11.3,9.2,2.9,8.4,16.6,12.5,7.6,7.4,8.2,11.3,16.9,17.3,15.9,4.6,-563,-26,644,547,161,457,799,695,420,454,486,584,771,661,477,256,7374,6455,5696,5922,5447,5419,4803,5534,5531,6124,5859,5135,4556,3801,2989,5552
Alabama,Mobile County,01097,-3,-3.3,-5.5,-3.5,-3.1,-5.4,-5,-2.7,-0.1,1.6,1.4,2.2,3.5,4.9,3.6,-3.2,-910,-970,-1706,-1128,-944,-1630,-1387,-720,-30,477,445,579,778,797,451,-768,30042,29138,30530,31507,30298,29732,27642,26471,25964,29213,29966,25950,22027,16099,12426,23980
Alabama,Monroe County,01099,2.2,-1.2,-6.1,-7.5,-36.5,-36.2,-9.3,-3,-3.6,1.5,-0.2,1.8,5.6,7.7,1.9,-5.2,31,-19,-117,-145,-682,-691,-128,-44,-55,26,-3,30,73,82,15,-91,1399,1564,1899,1941,1866,1904,1373,1463,1528,1666,1717,1647,1302,1063,810,1717
Alabama,Montgomery County,01101,-3.6,-6,-4.4,0.3,19.4,5,-15.4,-9,-5.7,-6,-3.4,-2.9,-4.9,-1.2,-0.4,-8,-625,-1001,-715,56,3102,846,-2868,-1537,-886,-1027,-558,-423,-594,-107,-31,-1104,17120,16544,16139,16494,15977,16888,18601,16935,15366,16951,16433,14523,12102,8471,6353,13696
Alabama,Morgan County,01103,-1.3,8.3,7.6,-1.1,-12,3.9,17,10.2,5.9,2,0.2,0.3,2.4,7.3,11,5.6,-110,614,581,-96,-958,292,1112,728,465,183,23,27,168,371,413,385,7875,7388,7595,8068,7941,7309,6518,7114,7801,9007,8704,7726,6759,5062,3732,6763
Alabama,Perry County,01105,-7.5,-23.4,-24.9,4.1,-15.8,-49.8,-29,-16.9,-6.1,-12,3.7,8,8,13.7,1,-7.3,-57,-218,-235,41,-154,-568,-232,-112,-36,-87,27,50,44,63,4,-64,758,930,943,993,976,1140,799,664,600,730,737,622,547,461,431,867
Alabama,Pickens County,01107,4.7,-7.3,-9.8,-13.6,-28.7,-33.8,-10,-5.6,-0.8,7.7,2.8,8.4,9.8,11.4,6,-9.1,56,-99,-145,-214,-467,-553,-116,-63,-10,109,42,114,108,100,48,-150,1176,1353,1481,1571,1625,1634,1163,1140,1254,1410,1468,1349,1099,879,795,1642
Alabama,Pike County,01109,-0.9,-12,-3.8,65.9,137.7,-11.6,-47.3,-8.7,-1.9,1.6,4.5,10.1,11.9,9.9,5.2,-0.7,-17,-241,-76,1296,2818,-304,-1540,-170,-34,31,87,171,185,122,53,-13,1929,2010,2004,1965,2046,2620,3250,1952,1777,1881,1938,1685,1545,1228,1014,1779
Alabama,Randolph County,01111,9.7,7,4.4,1.4,-20.4,-23.1,-1.5,0.3,6,7.1,9.4,12.1,19.9,24.6,13.4,-6.4,126,97,67,23,-311,-362,-19,4,84,108,145,170,249,240,116,-114,1305,1383,1536,1640,1523,1567,1259,1346,1394,1522,1531,1400,1254,978,866,1771
Alabama,Russell County,01113,14.1,8,-1.8,0.3,2.6,14.1,9,-4.1,1.7,3,4.7,4.3,8.3,5.3,-1,-7.8,513,262,-68,15,95,489,290,-141,57,112,168,138,215,109,-17,-245,3639,3276,3662,3819,3595,3449,3194,3449,3281,3663,3580,3186,2585,2033,1665,3135
Alabama,St. Clair County,01115,6.6,32.2,23.7,14.6,-3.9,34.2,65.7,34.5,26.8,22.7,22.8,24.2,26.7,27.6,25.8,19.5,353,1347,1044,674,-185,1414,2333,1519,1263,1195,1138,1056,1035,831,570,685,5341,4174,4402,4611,4729,4135,3547,4397,4700,5258,4975,4357,3867,3010,2204,3510
Alabama,Shelby County,01117,3.8,18.3,29.4,16.4,5.4,45.4,73.5,42.9,24.4,20.4,13.4,12.2,13,18.4,24.5,34.1,499,2216,3267,1769,560,4123,6004,4575,2858,2571,1677,1340,1207,1142,991,2059,13068,12107,11101,10726,10184,9074,8163,10647,11708,12577,12466,10956,9228,6189,4041,6024
Alabama,Sumter County,01119,-8.8,-14.5,-19.2,2.9,16.8,-40,-46.9,-20.3,-10.9,5.8,4.2,5.8,12.1,15.3,14.3,-8.9,-76,-127,-214,36,207,-502,-596,-186,-91,52,44,54,78,74,62,-98,867,882,1115,1250,1230,1254,1270,916,833,896,1042,932,646,481,437,1100
Alabama,Talladega County,01121,0.5,1.9,6.4,1.7,-14.7,-13.4,4.8,6.7,2.8,3.1,3.6,2.5,7.5,7.4,5.1,-7.1,28,100,343,95,-843,-769,237,359,156,186,222,139,355,263,142,-371,5078,5139,5301,5569,5739,5718,4940,5303,5487,5816,6028,5528,4729,3513,2763,5198
Alabama,Tallapoosa County,01123,-4.3,0.6,0.8,-2.8,-20.8,-14.6,0,4.8,1.5,1.5,8.4,8.3,12.5,8.5,12.2,-5.3,-113,15,23,-81,-592,-390,-1,119,41,44,251,231,322,181,193,-173,2606,2376,2667,2887,2845,2660,2182,2476,2677,2900,2984,2785,2580,2118,1580,3240
Alabama,Tuscaloosa County,01125,-1.8,6.4,5.2,65.4,159,0.3,-35.5,-2,4.3,5.3,4.2,4.6,4.9,8.4,6.3,4.8,-220,699,581,7174,16621,52,-6757,-252,457,591,494,511,433,506,284,447,12223,10910,11017,10959,10448,14205,19011,12203,10493,11025,11625,10971,8739,6017,4450,9196
Alabama,Walker County,01127,-7,-6.9,-5,-6.7,-18.1,-17.9,-3,-4.1,-2.2,0.6,-1.4,5,2.3,5.3,4.6,-10.4,-300,-311,-234,-310,-833,-815,-125,-185,-102,33,-71,228,101,174,125,-530,4285,4444,4674,4597,4579,4531,4112,4425,4531,4886,5019,4574,4295,3266,2704,5058
Alabama,Washington County,01129,18.7,10.5,-0.8,-11.2,-35.4,-27.4,-7.8,-5.5,-0.3,2,2.8,3.4,4.8,3.7,5.7,-12.4,172,115,-11,-170,-514,-387,-78,-62,-4,26,36,39,51,31,35,-150,919,1103,1353,1517,1451,1412,999,1128,1179,1288,1279,1165,1043,836,619,1201
Alabama,Wilcox County,01131,-15.2,-15.6,-13.1,-16.4,-44.4,-45.9,-11.8,-9.2,-6.8,-6.6,10,7.4,8.7,5.1,-1,-19.1,-133,-162,-146,-182,-492,-525,-87,-68,-51,-55,82,59,57,25,-4,-184,873,1040,1116,1107,1109,1142,741,744,746,835,821,791,655,498,448,962
Alabama,Winston County,01133,-1.2,7.1,-2.5,-10,-24.1,-20.8,-1,-3.2,-1.3,0,8.9,11.5,11,12.7,9.4,-0.3,-17,98,-40,-167,-396,-327,-13,-51,-22,0,149,174,175,167,96,-6,1386,1377,1597,1665,1643,1573,1313,1572,1726,1906,1673,1514,1585,1316,1019,1700
Alaska,State Total,02000,0.8,2.8,3.2,-5.1,-0.9,15.5,22.9,9.6,3.3,0.8,-0.5,-3.3,-7.2,-9.6,-9,-6.5,478,1430,1578,-2812,-512,7581,9016,4064,1513,443,-302,-1710,-2791,-2343,-1299,-1366,55519,49913,49237,54193,55365,48702,39271,42180,45822,54516,56498,51397,38312,24379,14430,20835
Alaska,Aleutians East Borough,02013,21.2,15.4,-26.8,-13.1,99,106.1,4.6,30.2,27.8,19.4,15.3,-6.9,-29.8,-42.9,-53.6,-9.8,22,14,-32,-15,125,160,9,57,78,71,45,-19,-72,-56,-38,-5,106,92,120,118,127,150,208,189,282,368,298,285,243,132,71,51
Alaska,Aleutians West Census Area,02016,-5.3,21,-14.9,-1.9,29.4,108.3,38.8,8.3,-11.6,-12.6,-8.8,-17.9,-26,-43.2,-63.8,-57.1,-11,39,-39,-4,77,275,129,37,-88,-91,-58,-100,-115,-83,-83,-48,224,189,265,251,261,254,333,448,756,725,669,559,442,193,131,84
Alaska,Anchorage Municipality,02020,0,-0.7,-1.5,-5.3,16.5,31.1,19.1,1.4,-2.9,-4.6,-6,-9,-13,-17.1,-14.5,-8.7,-5,-152,-329,-1182,3476,5962,3346,281,-595,-1097,-1424,-1881,-2060,-1711,-844,-744,22713,20946,20772,22097,21045,19167,17483,19429,20135,23539,23525,20845,15833,9987,5791,8531
Alaska,Bethel Census Area,02050,-11.3,-14.5,1.3,-16.7,-24.2,-9.1,5.8,-5,-9.7,-4,-3.8,-7.3,-12.6,-16.2,-18.8,-22.4,-242,-304,22,-319,-442,-129,60,-49,-108,-50,-43,-68,-86,-88,-50,-108,2147,2087,1646,1909,1829,1406,1029,979,1108,1257,1117,930,687,543,267,481
Alaska,Bristol Bay Borough,02060,3.6,-21.6,-21.8,-39.9,-60.4,-30.8,9.6,-1.6,-13.3,-14.7,-24.8,-12,-34.9,-6.4,-29,-14.2,1,-16,-20,-42,-76,-29,4,0,-10,-19,-38,-14,-29,-2,-8,-4,48,76,92,106,126,96,43,59,78,129,155,117,85,39,29,28
Alaska,Denali Borough,02068,,,,,,,,,,,,,,,,,,,,,,,,,,,,,,,,,,,,,,,,,,,,,,,,
Alaska,Dillingham Census Area,02070,6.6,-8,-7.7,-13,-30.9,-14.7,9.4,-10.5,-14.7,-7.4,-1.6,-8.5,-20.6,-24.8,-9.7,-16.7,29,-36,-38,-68,-181,-56,23,-25,-48,-31,-6,-30,-47,-46,-10,-26,448,450,490,523,585,383,250,240,330,425,373,360,232,187,108,155
Alaska,Fairbanks North Star Borough,02090,-4.9,-8,-9.6,-5.6,44.2,40.4,-1.1,-6.5,-6.8,-4.7,1.2,1,-2.2,-4.9,-3.5,-0.9,-424,-613,-671,-399,3114,2630,-84,-456,-441,-328,85,63,-104,-136,-56,-22,8620,7661,6969,7074,7033,6505,7364,6990,6416,6954,6800,6188,4622,2748,1584,2211
Alaska,Haines Borough,02100,46.4,49.5,7.1,-15.9,-59.1,-28.5,53,54.7,13.1,27,2.6,11.3,7.1,3.1,19.5,-15.7,41,45,9,-25,-115,-46,45,51,18,48,6,27,15,4,12,-24,90,91,131,158,194,162,86,93,141,179,242,244,222,132,65,152
Alaska,Juneau City and Borough,02110,2.2,1.2,-3,-7.7,-22,3.2,22.7,8.1,-1.2,-1.3,-5.7,-13.6,-21.1,-21.1,-16.5,-15.9,44,24,-62,-183,-550,73,378,154,-28,-37,-169,-402,-493,-280,-132,-172,2007,1965,2073,2363,2497,2264,1662,1894,2327,2712,2931,2959,2330,1326,798,1079
Alaska,Kenai Peninsula Borough,02122,7.7,12.5,10.5,-3.8,-33,-18.7,47.1,29.7,19.9,8.7,7.8,4.8,7.1,9.9,8.6,4,255,385,359,-156,-1523,-755,984,761,588,351,370,231,243,231,116,86,3319,3077,3402,4050,4607,4032,2086,2563,2953,4028,4739,4780,3415,2327,1355,2111
Alaska,Ketchikan Gateway Borough,02130,,,,,,,,,,,,,,,,,,,,,,,,,,,,,,,,,,,,,,,,,,,,,,,,
Alaska,Kodiak Island Borough,02150,12.9,-7,-12.8,-22.7,-24.8,8.2,20.2,-2.9,-18.8,-20.5,-16.8,-20.4,-19.6,-17.2,-20.3,-33.9,136,-75,-166,-292,-319,82,162,-26,-218,-283,-210,-224,-155,-83,-61,-140,1052,1062,1289,1285,1287,999,802,887,1158,1378,1251,1096,789,484,299,412
Alaska,Kusilvak Census Area,02158,,,,,,,,,,,,,,,,,,,,,,,,,,,,,,,,,,,,,,,,,,,,,,,,
Alaska,Lake and Peninsula Borough,02164,6.2,5.4,-6.8,-26.9,-36.4,-28.4,18.4,11.9,-5.5,-4.4,-12.4,-21.9,-12.4,-24,-27.7,-38.9,8,6,-10,-54,-75,-51,16,8,-5,-6,-20,-26,-10,-17,-13,-23,137,117,148,200,207,181,88,70,93,145,163,122,80,74,49,59
Alaska,Matanuska-Susitna Borough,02170,16.8,60.4,67.7,31.2,-14.8,13.7,108.9,99.6,66.3,37.2,20.5,16.9,21.6,26.9,23.2,28,1025,2690,2902,1634,-874,714,3010,2977,2480,1912,1230,915,751,611,321,531,6095,4452,4286,5237,5906,5181,2764,2986,3741,5138,5999,5390,3471,2270,1382,1895
Alaska,Nome Census Area,02180,-10.8,-13.2,5.9,-16.9,-24.4,-6,13.8,-9.1,-7.3,-10.4,-4.3,-10.4,-18,-17.3,-21.1,-31.2,-131,-138,48,-172,-243,-48,79,-53,-44,-73,-28,-63,-79,-52,-38,-96,1208,1047,808,1019,992,802,570,587,602,704,664,602,439,302,181,307
Alaska,North Slope Borough,02185,-15.5,-22.5,-23.1,-21.3,-7.6,13.2,54.7,33.1,24.9,48.2,60.6,75,23.8,-19.3,-30,-16.6,-144,-182,-166,-167,-63,91,236,149,130,278,371,361,87,-46,-39,-24,934,809,719,786,832,688,432,451,522,576,612,481,365,238,130,144
Alaska,Northwest Arctic Borough,02188,-1.5,-13.7,-12.3,-14.4,-16.9,-13.4,-4.2,-13.2,-7.8,1.8,-0.7,-11,-13.7,-21.1,1.2,-8.6,-14,-110,-98,-118,-148,-90,-19,-63,-39,9,-3,-44,-41,-39,1,-18,950,807,797,815,875,669,468,479,497,497,468,405,302,186,118,208
Alaska,Sitka City and Borough,02220,10.3,-3.2,-6.1,-17.5,-26.8,-7.8,14.6,16.2,-8.2,-7.8,-4.5,-7.3,-7.4,-16.1,-12.9,2.1,60,-18,-35,-117,-191,-53,83,85,-50,-55,-37,-54,-40,-61,-38,9,586,585,581,668,714,675,565,524,613,708,824,746,546,377,295,419
Alaska,Southeast Fairbanks Census Area,02240,,,,,,,,,,,,,,,,,,,,,,,,,,,,,,,,,,,,,,,,,,,,,,,,
Alaska,Yakutat City and Borough,02282,-2,8.7,6.6,-33.8,-44.4,-25.7,82.4,39.7,-16.7,-28.2,-36.4,-32.8,-27.8,-33.5,-26.6,-16.6,0,3,2,-26,-27,-14,16,13,-9,-22,-31,-29,-17,-11,-7,-4,42,39,38,78,62,58,20,33,58,79,86,89,63,34,27,24
Alaska,Yukon-Koyukuk Census Area,02290,,,,,,,,,,,,,,,,,,,,,,,,,,,,,,,,,,,,,,,,,,,,,,,,
Alaska,Petersburg-Prince of Wales-Hyder-Wrangell combined area,02994,,,,,,,,,,,,,,,,,,,,,,,,,,,,,,,,,,,,,,,,,,,,,,,,
Alaska,Skagway-Hoonah-Angoon combined area,02995,,,,,,,,,,,,,,,,,,,,,,,,,,,,,,,,,,,,,,,,,,,,,,,,
Alaska,Chugach-Copper River combined area,02996,,,,,,,,,,,,,,,,,,,,,,,,,,,,,,,,,,,,,,,,,,,,,,,,
Arizona,State Total,04000,-2.2,4.1,12.6,16,20.4,25,16.9,13.1,11.5,11,13.7,18,29,35.1,28.2,0.1,-11174,18225,50472,63065,75585,89782,61371,49007,42508,42724,50135,56999,77865,72747,47194,591,489596,441763,398191,394066,370475,358913,361643,371873,367108,386810,364955,315899,268310,207039,166791,381301
Arizona,Apache County,04001,-2.2,-2.5,-1.9,-12.6,-39.2,-36.7,-2.8,11.8,8.5,8.3,10.6,7.8,17,18.1,11.2,-5.9,-142,-158,-127,-969,-3138,-2461,-115,431,340,380,473,305,531,453,228,-196,6450,6253,6512,7638,7988,6701,4079,3631,3988,4578,4444,3889,3124,2491,2032,3270
Arizona,Cochise County,04003,2.6,-3.9,-0.9,7.2,-7.3,1.6,5,4.6,8.1,5,11.6,16.1,27.5,35.1,16.1,-6.6,231,-336,-77,616,-653,145,370,328,559,408,952,1234,1840,1921,808,-667,8694,8635,8297,8545,8926,8937,7300,7056,6888,8070,8204,7641,6671,5466,4990,10019
Arizona,Coconino County,04005,-4.7,-7.6,-1.5,42.8,65,2.7,-32.5,-6.7,3.5,5.2,5.5,3.8,4.2,3.7,-4.5,-8.9,-469,-729,-138,3940,6335,268,-4025,-582,266,434,485,318,266,160,-143,-436,9869,9598,8737,9196,9732,9928,12377,8568,7475,8331,8826,8322,6338,4269,3129,4886
Arizona,Gila County,04007,-2.9,-6.1,-2.9,-8.4,-32.1,-26.9,4.5,11.2,15.3,15.3,19.4,31.8,40,44.7,22,-12.5,-98,-208,-93,-306,-1239,-890,95,236,382,468,655,1014,1272,1271,556,-739,3310,3367,3228,3604,3852,3307,2084,2104,2490,3045,3368,3181,3175,2843,2526,5904
Arizona,Graham County,04009,17.9,29.6,4.3,11.7,3.5,-11.1,2.1,5.2,-0.4,-6.3,4.6,3.8,11.7,7.2,11.9,-16.8,514,667,117,328,102,-351,55,116,-10,-151,99,74,175,85,117,-378,2860,2251,2707,2784,2881,3156,2549,2221,2271,2397,2157,1911,1495,1183,986,2241
Arizona,Greenlee County,04011,15.3,34.1,0.8,-16.7,-32.8,-19.2,26.2,-5.8,0.1,-10,-12.4,-11.3,-18.3,-11,-23.2,-0.6,91,164,6,-127,-242,-138,106,-30,0,-64,-87,-71,-93,-39,-62,-3,598,480,735,762,739,717,407,520,545,641,700,627,512,356,269,489
Arizona,La Paz County,04012,-10.4,-4.1,-1.9,-10.2,-35,-29.4,0.3,-9.4,14.7,7.2,13.4,35.7,69.4,99.3,66.3,-36.1,-126,-44,-19,-116,-429,-344,2,-79,120,75,156,380,740,1087,793,-1392,1215,1064,998,1143,1225,1170,812,840,813,1041,1161,1062,1066,1094,1196,3855
Arizona,Maricopa County,04013,-5,0.2,9.9,13.8,23.4,34.4,19.6,9.4,7.7,7.2,8.8,11.1,19.2,23.1,22.7,3.3,-15667,771,25154,33377,51072,72133,44095,23260,18653,17780,19638,20775,30236,27180,20104,6656,312254,285807,252073,240894,217703,209557,224009,245631,241390,244825,222265,186198,156945,117323,88518,199467
Arizona,Mohave County,04015,-3.9,6.8,19.9,11.4,-7.1,5.7,35.7,34,33.1,43.7,51.3,63.7,88.5,89.7,58.4,6,-469,727,1942,1183,-723,511,2380,2414,2657,4118,5118,5783,7635,7273,4679,1046,11916,10650,9712,10372,10053,8935,6658,7081,8017,9422,9958,9074,8624,8102,8001,17196
Arizona,Navajo County,04017,-3.2,2.8,4.3,-8.4,-32,-26.4,9.5,15.8,10.7,12.3,12.6,18.3,30.4,30.3,17.3,-8.4,-308,236,374,-820,-3258,-2312,515,815,594,808,811,1044,1427,1164,566,-490,9505,8420,8629,9772,10156,8731,5405,5139,5545,6535,6419,5703,4691,3839,3273,5831
Arizona,Pima County,04019,-0.5,0.3,6.7,18.7,31.4,11,-4.1,2.5,4.1,5.8,8.5,14,22.2,30.6,26.8,3.2,-384,195,3915,11156,18146,6743,-2635,1496,2326,3580,5291,7841,10506,10782,7449,2160,66212,62513,58213,59570,57728,60786,63581,57801,55436,61390,61707,55723,47179,35139,27754,66994
Arizona,Pinal County,04021,24.8,110.8,110,73.9,71,140.3,168.3,134.6,100,79,83.9,101.1,140.5,132.9,81.6,-0.2,6291,15460,13815,9536,8893,16483,18587,15840,11679,10087,9918,10373,12703,10774,6334,-54,25296,13946,12558,12898,12508,11744,11038,11761,11672,12761,11818,10257,9040,8104,7760,18767
Arizona,Santa Cruz County,04023,1.1,3.7,20.7,11,-30.2,-22.6,20.5,26.5,20.2,17.1,19,17.9,29.9,35.4,19.9,-1.9,44,142,727,414,-1138,-710,430,608,506,475,529,454,606,544,264,-50,3894,3859,3503,3732,3764,3137,2089,2287,2494,2780,2774,2531,2025,1537,1329,2577
Arizona,Yavapai County,04025,-1,18.9,30.8,22,-2,-7.1,17.3,35.7,36.1,35.2,42.8,51.3,71.4,72.7,43.6,3.6,-111,1758,2768,2120,-208,-741,1358,2576,2843,3538,4822,5967,7569,6849,3759,759,11016,9279,8974,9637,10416,10304,7819,7207,7874,10040,11258,11617,10594,9411,8621,20960
Arizona,Yuma County,04027,-3.4,-2.7,15.8,20.2,16.1,12.2,1.3,15.7,15.5,7.1,12.8,18.4,35.8,55.1,27.1,-29.8,-568,-423,2108,2731,2068,1448,149,1574,1586,783,1269,1503,2446,3236,1738,-5616,16502,15633,13306,13512,12797,11796,11430,10018,10203,10947,9889,8158,6824,5873,6402,18823
Arkansas,State Total,05000,2.4,6.3,4.8,6.2,6.3,0.4,3.2,6.1,5.1,5.2,5.9,6.7,10.4,12.2,8.6,-4.1,4907,11927,9113,11882,12016,850,5897,10734,8991,10332,11194,11515,15535,14387,7989,-7929,199740,186734,188445,188991,188686,193611,179452,173788,173581,195210,189513,170828,148947,117369,92699,192230
Arkansas,Arkansas County,05001,-4,-5,-9.5,-13.9,-31.9,-18.7,4.9,-1.4,-8.8,-5.8,-0.7,-2,-1.1,-10.4,2.4,-7.6,-49,-65,-134,-193,-482,-255,58,-16,-110,-80,-10,-30,-13,-102,17,-122,1236,1291,1413,1387,1507,1366,1184,1163,1239,1368,1477,1480,1209,981,731,1587
Arkansas,Ashley County,05003,1.4,-3.5,-9.4,-19,-34,-35.3,-8.3,-8.9,-10.6,-5.3,-3.2,-4.8,-4.3,0.1,2.7,-17,21,-52,-160,-358,-609,-617,-114,-137,-169,-91,-51,-73,-64,2,24,-299,1452,1469,1694,1880,1790,1744,1380,1539,1590,1694,1606,1526,1474,1170,869,1752
Arkansas,Baxter County,05005,4.8,18.7,20.5,2.8,-21.7,-12.4,26,26.9,20.9,19.4,30.5,31.1,48.6,58.2,32.8,-3.7,96,326,363,57,-459,-262,368,400,378,437,681,716,1119,1290,698,-206,1979,1742,1769,2013,2110,2105,1412,1487,1806,2251,2229,2302,2301,2217,2124,5437
Arkansas,Benton County,05007,15,39.8,39.1,25.5,19.3,58.9,82.1,52.5,36,29.6,23.9,25.7,29.1,27.9,16.5,-7.5,2423,5157,4704,2945,2133,6027,7440,5516,4034,3471,2586,2318,2299,1779,925,-983,16100,12952,12028,11543,11033,10226,9055,10493,11176,11714,10808,8992,7881,6372,5592,13076
Arkansas,Boone County,05009,7.3,15.1,10.6,5.4,-11.9,-9.8,10.9,12.4,9.6,12.4,11,10.7,16.7,20.5,11.8,-1.6,156,316,234,123,-264,-225,201,244,203,296,252,238,336,347,170,-50,2139,2091,2193,2288,2219,2293,1843,1973,2105,2375,2280,2222,2010,1695,1441,3010
Arkansas,Bradley County,05011,-8.7,-5.1,-9.6,-5.6,-16,-24.7,-21.6,-14.8,-1.2,-9,-6.2,0.8,0.6,1.5,-4.8,-7.5,-77,-41,-75,-45,-135,-214,-187,-121,-9,-79,-53,6,4,9,-22,-80,886,805,777,805,849,870,862,821,730,875,846,785,649,597,468,1055
Arkansas,Calhoun County,05013,1.4,15.4,-2.5,1.9,-29.4,-27.8,7.8,-2.2,4.6,-1.4,-3.8,4.8,12.2,-2.5,-1.8,-26.1,4,39,-8,7,-123,-110,20,-6,16,-6,-17,18,38,-6,-4,-142,268,254,317,409,417,397,266,293,362,442,463,376,310,273,251,544
Arkansas,Carroll County,05015,2.2,2.8,7.6,-2.7,-19.3,-18,7,5.9,11.7,5,13.6,18.3,30.7,30.5,12.5,-7.1,36,48,129,-44,-332,-313,94,84,170,92,244,327,493,411,138,-161,1632,1705,1692,1620,1719,1733,1336,1418,1453,1812,1783,1787,1603,1345,1105,2248
Arkansas,Chicot County,05017,-12.5,-21.7,-26.9,-31.5,-34.7,-35.3,-24.1,-22.2,-26,-10.4,0.1,-7.1,5.2,6.4,-2.3,-10.4,-121,-200,-275,-336,-372,-391,-200,-196,-224,-96,1,-65,35,38,-11,-119,964,920,1021,1066,1071,1109,831,883,861,925,945,913,679,594,500,1136
Arkansas,Clark County,05019,-6.8,-12.5,-12.3,83.1,126.3,-46.1,-64.9,-16.2,-6,2.7,2.8,2.1,2.7,7.1,3,-2.5,-94,-168,-179,1107,1831,-1096,-2068,-233,-75,37,41,27,31,65,22,-43,1382,1340,1458,1332,1450,2376,3185,1431,1243,1355,1461,1277,1166,917,743,1678
Arkansas,Clay County,05021,1.8,4.7,-3.2,-8.8,-32.7,-31.8,-3,2.6,0.7,-6.2,3.2,2.8,4.2,3.7,3.4,-17.7,17,44,-35,-102,-376,-348,-27,24,7,-71,37,29,42,35,25,-312,914,941,1089,1164,1150,1092,899,922,1075,1154,1137,1046,993,933,753,1755
Arkansas,Cleburne County,05023,-2.9,16.5,16.6,5,-21.6,-11,24.9,17.9,18,18.8,16.4,24.8,33.2,30.6,15.2,-8.7,-42,201,211,71,-323,-155,259,196,230,300,270,350,475,440,205,-251,1449,1215,1272,1415,1493,1407,1041,1096,1274,1596,1638,1409,1430,1437,1353,2880
Arkansas,Cleveland County,05025,18.2,6.2,4,-12,-30.2,-18.8,6.1,7.4,-6.7,-3.6,4.9,6.5,11.9,-0.1,13.3,4.4,93,35,23,-76,-190,-115,28,38,-39,-23,29,34,61,0,48,25,514,567,579,633,627,609,457,517,575,652,591,524,519,407,364,559
Arkansas,Columbia County,05027,-5,-2.2,-2.6,21.1,31.1,-35.5,-38.4,-9.6,-3.1,-3.8,-3.2,-0.5,3.7,0.1,3.9,-7.1,-81,-34,-43,375,566,-802,-798,-140,-47,-65,-54,-7,46,1,34,-145,1618,1516,1630,1774,1820,2255,2078,1450,1517,1697,1665,1541,1236,1090,891,2030
Arkansas,Conway County,05029,1.1,15.1,3.6,1.9,-21.4,-15.4,6.2,13.3,6.7,6.5,10.4,12,9.9,12.7,6.7,-1.6,15,185,49,27,-312,-229,69,148,80,98,148,151,114,122,53,-28,1435,1225,1360,1412,1457,1485,1125,1118,1201,1508,1412,1255,1144,961,791,1663
Arkansas,Craighead County,05031,5.7,15.1,10,32.8,66,15.3,-17.8,0.3,5.5,7.1,6.9,2.2,5.7,7.4,14.5,13.9,396,911,590,1844,3498,983,-1436,23,302,414,376,112,256,252,349,642,6881,6005,5845,5612,5300,6415,8063,6153,5453,5806,5448,5124,4449,3401,2396,4592
Arkansas,Crawford County,05033,15,19.4,17.8,3.3,-16.6,-3.5,25.1,26.6,12,11.2,9.3,11.9,15.8,17.9,17,16.5,581,734,728,140,-716,-135,761,848,441,475,376,409,480,425,302,467,3849,3773,4075,4195,4298,3823,3029,3187,3663,4215,4038,3415,3025,2364,1781,2818
Arkansas,Crittenden County,05035,-5.6,-7.1,-8.7,-12.1,-27.7,-12.7,0,-0.5,-9.4,-1.1,-0.7,-3.1,2.3,-1.3,-3.7,-7.1,-253,-313,-392,-554,-1212,-505,-2,-16,-338,-44,-27,-99,58,-26,-51,-173,4485,4389,4459,4559,4364,3975,3259,3336,3573,3838,3661,3136,2433,1917,1359,2417
Arkansas,Cross County,05037,4.7,-5.1,-4.2,-15.1,-41.8,-33.9,-2.7,-3,-5,-7.2,-6.7,-3.3,1.6,2.5,-0.8,-8.2,52,-65,-58,-233,-656,-516,-29,-35,-59,-106,-94,-38,19,21,-5,-109,1100,1262,1361,1535,1567,1523,1075,1180,1185,1467,1401,1161,1130,864,652,1314
Arkansas,Dallas County,05039,-14.1,-1.4,4.8,-16.1,-39,-46.6,-9.8,-5.4,-5,-6,4.1,-4.4,-3.5,3.4,12,-7.2,-80,-6,28,-99,-289,-344,-46,-26,-25,-37,24,-29,-19,14,34,-55,567,495,587,615,741,737,477,485,498,614,594,669,549,424,286,758
Arkansas,Desha County,05041,0.6,-15.9,-23.5,-20.5,-41,-40.1,-18.9,-15.4,-14.1,-7.5,-4.5,-9.4,-6.4,-2.4,-7.8,-22.5,6,-174,-282,-231,-524,-516,-174,-132,-119,-71,-50,-95,-54,-16,-39,-247,1019,1099,1199,1124,1276,1287,920,857,840,954,1111,1005,841,665,502,1095
Arkansas,Drew County,05043,-3,1.2,-0.5,16.3,18.6,-30.3,-34,-13.4,-8,1,-2,1.8,1.5,1.8,12.9,-5.5,-37,14,-7,216,246,-501,-533,-163,-92,13,-26,21,15,14,79,-72,1239,1137,1304,1327,1321,1655,1568,1214,1141,1320,1305,1160,956,773,612,1308
Arkansas,Faulkner County,05045,11.6,21.5,24,37.3,122.6,14.8,-15.7,14.9,17.6,14.6,11.9,13.4,17.5,18.4,20.3,26.2,855,1382,1474,2307,7524,1139,-1408,970,1038,988,743,695,754,578,462,994,7328,6421,6127,6185,6135,7658,8914,6504,5877,6729,6231,5161,4308,3129,2268,3787
Arkansas,Franklin County,05047,5.3,12.5,4.6,4.4,-19.6,-29.1,8.9,3.9,5.1,2.7,1.7,8.8,12.3,11.3,3.6,-2.6,62,135,55,55,-241,-420,84,42,54,33,21,98,118,93,24,-37,1159,1081,1185,1237,1233,1441,949,1066,1068,1239,1245,1118,959,823,682,1393
Arkansas,Fulton County,05049,25.9,28.8,11.2,7.5,-35.5,-30.5,17,14.1,21.2,18.9,14,31.6,36.6,29.4,23.2,-8.7,145,153,73,52,-276,-230,80,74,132,132,113,218,269,197,134,-110,562,532,654,695,778,754,474,525,624,698,801,690,734,669,576,1251
Arkansas,Garland County,05051,-2.8,5.1,10.3,16.6,-5.8,1,19.6,14.2,15,13,13.8,23.1,32.2,36.7,25.6,-6.8,-161,268,524,847,-309,56,851,668,727,752,836,1262,1663,1584,986,-676,5751,5201,5059,5095,5318,5227,4332,4677,4839,5771,6034,5461,5151,4308,3852,9880
Arkansas,Grant County,05053,9.2,35.6,13.9,1.7,-20.1,-8.5,21.1,15.6,7.5,5.8,4.9,0.6,4.9,12.2,11.4,10.7,95,319,151,19,-260,-96,189,158,85,78,62,6,50,97,67,99,1033,897,1087,1149,1290,1122,892,1017,1135,1348,1263,1115,1016,793,590,917
Arkansas,Greene County,05055,2.5,10.5,18.6,5.5,-3.8,0.7,15.8,14.1,11.6,13.8,7.6,10.3,14.1,13.4,12.1,-3,72,284,479,150,-99,18,366,353,293,382,193,242,288,231,156,-80,2854,2696,2563,2690,2618,2520,2311,2500,2513,2763,2535,2347,2044,1718,1289,2660
Arkansas,Hempstead County,05057,8.7,-3.2,-13,-14.5,-25,-22,-8.7,-14.7,-8.4,-4.3,1.9,0.2,1.6,11.1,6,-11.3,147,-53,-240,-255,-439,-386,-139,-227,-123,-75,30,2,20,108,47,-188,1696,1658,1845,1761,1755,1755,1601,1535,1457,1737,1601,1426,1252,969,783,1656
Arkansas,Hot Spring County,05059,10.9,13.6,7.9,6.1,-12.8,-0.6,19,14.6,14,12.9,12.1,13.7,16.3,11,2.9,-8.9,208,242,157,133,-279,-12,324,258,248,273,262,281,296,167,34,-220,1914,1778,1981,2168,2166,2010,1702,1757,1768,2104,2156,2054,1810,1511,1163,2465
Arkansas,Howard County,05061,3.2,-5.5,0,-12.7,-27.8,-24.5,2.6,-8.1,-4.8,-7.8,-4.3,-1.2,5.8,2.5,5.2,0.4,33,-59,0,-137,-310,-260,21,-71,-45,-89,-41,-10,44,14,26,4,1033,1068,997,1074,1113,1057,808,874,926,1152,952,832,769,591,501,950
Arkansas,Independence County,05063,5.8,11.4,5.3,9.8,-3.1,-14.4,7.5,18,6.8,2.4,1.9,2,7.7,3.9,12.7,7.2,141,257,122,217,-73,-379,150,363,143,60,49,48,156,64,159,175,2410,2258,2267,2207,2353,2627,2008,2009,2089,2508,2590,2302,2011,1627,1251,2398
Arkansas,Izard County,05065,-0.1,10,13.7,-0.5,-28.6,-11.2,7.4,12.1,3.6,6.4,16.6,32.8,34.1,33.7,26.7,-7.5,-1,65,96,-4,-237,-81,49,80,28,58,144,247,266,248,175,-113,656,656,699,758,828,723,668,660,764,910,867,754,780,736,657,1494
Arkansas,Jackson County,05067,-4.8,-2.2,-7.9,-3.8,-7.8,-10.2,-14.5,18.3,12.9,6.8,6.5,6.3,-0.7,13.8,3.5,-18.1,-52,-25,-86,-42,-92,-140,-214,184,137,89,83,70,-7,112,23,-274,1100,1104,1089,1083,1179,1362,1472,1004,1065,1306,1273,1123,1097,809,657,1506
Arkansas,Jefferson County,05069,-5.2,-13.7,-13.2,-3.3,-4.8,-24,-23.8,-14.5,-9.4,-8.6,-5.6,-6.6,-3.7,-4.9,-6.7,-18.6,-285,-802,-804,-206,-302,-1643,-1460,-782,-504,-528,-351,-382,-171,-168,-175,-1053,5432,5824,6059,6120,6219,6829,6131,5384,5306,6138,6208,5732,4604,3370,2579,5654
Arkansas,Johnson County,05071,3.1,3.9,6.4,17,14.7,3,-2.7,5.8,8.9,12.2,10.1,11.3,12.2,14.5,5.7,-4.2,57,68,102,278,225,50,-41,84,128,199,161,152,156,152,47,-73,1809,1738,1576,1628,1530,1632,1537,1463,1447,1623,1597,1340,1277,1047,829,1713
Arkansas,Lafayette County,05073,-3.1,-6.6,-4.2,-7.9,-36.3,-40,-13.2,-8.7,-5.8,0.4,2.8,-3.4,4.6,8.8,15.1,-22.4,-15,-33,-22,-48,-224,-254,-62,-36,-27,2,16,-17,22,39,50,-174,483,500,534,606,616,635,469,423,464,583,568,527,474,448,335,775
Arkansas,Lawrence County,05075,1.9,3,-0.3,7.9,-9.8,-30.3,-14.1,1.8,-1.5,7.6,4.4,3.7,6.1,10.4,11.5,-10.6,19,32,-4,92,-118,-396,-154,19,-16,89,52,38,63,90,79,-168,1023,1082,1167,1154,1201,1307,1092,1019,1064,1159,1174,1021,1027,862,689,1579
Arkansas,Lee County,05077,-3.7,-18.5,-31.2,-24.1,-31.2,-21.7,-18.5,-25,-15.1,-16.8,-13.1,-1.5,1.2,0.5,-6.6,-21.9,-24,-130,-264,-217,-291,-212,-170,-241,-127,-152,-109,-11,8,2,-25,-210,644,703,845,903,933,975,919,965,844,906,837,755,639,492,388,955
Arkansas,Lincoln County,05079,4.5,4.4,-8.6,-5.5,30.5,11.6,-14.8,-9.7,-2.7,-12,-9.8,-13.5,4,-6.1,7.9,-14.2,31,32,-74,-49,268,118,-200,-117,-30,-161,-111,-126,30,-32,33,-134,691,723,862,898,877,1016,1351,1205,1111,1343,1136,934,749,521,415,942
Arkansas,Little River County,05081,-1.7,11.9,-3.9,-6.1,-26.9,-24.9,-1.7,-0.3,3.5,2.6,5.2,2.4,2.2,6.9,-1.1,-11.2,-14,89,-38,-56,-254,-228,-13,-2,28,23,47,21,19,51,-6,-116,835,750,977,927,945,916,782,809,789,908,893,882,893,742,537,1027
Arkansas,Logan County,05083,5.5,8.7,3.6,4.1,-33.4,-27,1,2.3,4.3,7.1,3.4,7.4,10.5,12.9,9.1,-7.6,72,121,54,66,-557,-424,11,30,58,116,53,103,133,136,80,-137,1308,1390,1505,1594,1665,1571,1132,1297,1327,1638,1538,1390,1268,1050,880,1799
Arkansas,Lonoke County,05085,12.4,45.6,40,10.3,-10.7,19.6,72.6,49.9,26.1,11.9,9.2,12.3,18,17,15,22.8,551,1722,1562,433,-474,776,2029,1663,983,548,388,419,515,380,251,562,4409,3777,3898,4199,4434,3956,2792,3330,3764,4572,4217,3398,2849,2228,1676,2460
Arkansas,Madison County,05087,2.4,18.4,17.9,3.5,-32.7,-13.7,24.5,21.7,21.2,15.3,8.8,20.1,16.3,26.3,11.3,-6.1,23,158,169,37,-374,-136,176,169,179,158,97,190,139,172,60,-66,983,861,944,1055,1141,995,719,780,843,1032,1099,945,855,652,537,1074
Arkansas,Marion County,05089,2.5,15.5,4.7,2.2,-38.3,-32.8,2.3,20.3,22.9,13.4,25.4,34.2,38.6,47,14.4,-27.1,19,100,39,21,-430,-329,14,137,175,143,287,354,425,451,131,-551,764,650,836,919,1122,1003,595,677,767,1068,1129,1036,1100,959,909,2029
Arkansas,Miller County,05091,-1.2,0.3,-8.5,-5.4,-2.3,7.8,5.8,2,0.4,3.6,6.2,8.9,13.6,11.9,5.8,-7.7,-40,9,-267,-161,-68,229,159,56,13,105,177,232,295,210,78,-216,3274,2896,3119,2958,2913,2909,2719,2740,2828,2908,2837,2592,2161,1758,1334,2772
Arkansas,Mississippi County,05093,-1.3,-8.9,-16,-20.6,-29.2,-25.8,-14.5,-14.6,-15.8,-9.2,-7.9,-6.8,-6.7,-7.4,-10.6,-20.4,-49,-358,-706,-888,-1230,-1061,-512,-483,-526,-333,-286,-212,-175,-140,-168,-640,3728,4024,4402,4308,4208,4105,3526,3313,3321,3603,3595,3094,2599,1876,1590,3127
Arkansas,Monroe County,05095,-10.9,-26,-27.1,-23.1,-49.2,-50.2,-21.6,-14.2,-9.8,-11.7,-1.3,1.3,0.9,-1.4,-6.8,-23.8,-62,-153,-199,-183,-395,-407,-109,-71,-50,-78,-8,9,5,-6,-26,-223,569,590,735,793,802,809,503,503,519,668,670,652,525,458,395,935
Arkansas,Montgomery County,05097,6.2,12.4,6.5,-0.2,-34,-29.7,10.3,10.7,4.1,16,12,20.1,31.6,30.5,11.2,-2.7,30,56,37,-1,-215,-166,38,46,22,103,74,116,170,153,56,-25,490,451,580,581,632,559,371,430,548,646,618,581,536,502,500,918
Arkansas,Nevada County,05099,0.5,-11.6,-12.7,-12.6,-33.2,-29.8,-13.3,-15.6,-6.3,-13.2,4.7,-0.5,-3.3,9.9,-4.8,-10,3,-78,-83,-86,-235,-223,-74,-91,-38,-97,29,-3,-19,45,-18,-79,615,671,659,688,708,748,556,584,605,733,617,654,591,453,388,789
Arkansas,Newton County,05101,13.2,14.2,-3.8,-12.1,-39.3,-34.2,-4.2,1.2,1.9,3.9,0.8,10.2,11.8,16.2,6,-3.7,51,62,-19,-67,-242,-222,-18,5,8,23,5,62,68,83,23,-26,391,442,518,551,617,648,446,413,463,578,623,615,580,513,387,702
Arkansas,Ouachita County,05103,0.7,-4.4,-12.6,-16.7,-33.8,-30.1,-9.3,-5.6,-6.5,0.2,-0.7,-1.7,5,4.5,1.9,-10.1,13,-75,-232,-344,-743,-633,-142,-85,-104,4,-15,-34,81,57,19,-241,1859,1712,1837,2061,2196,2097,1516,1513,1601,1954,2107,2010,1617,1251,970,2366
Arkansas,Perry County,05105,9.3,2.8,8.6,-0.7,-26,-20.2,11.4,9.7,5.5,7.9,4.8,12.8,10.1,15.2,-0.1,-3.5,53,16,57,-5,-194,-135,56,59,37,60,36,80,61,77,0,-27,569,592,666,733,748,671,492,605,675,753,748,628,606,505,406,769
Arkansas,Phillips County,05107,-12.5,-25.5,-25.9,-24.1,-44.9,-45.3,-26,-20.6,-12.5,-2.1,-3.9,-2.9,-3,-3.4,-8.1,-22,-246,-540,-609,-579,-1052,-1047,-426,-284,-167,-34,-65,-44,-38,-36,-71,-401,1965,2116,2348,2400,2339,2310,1633,1374,1336,1556,1655,1477,1283,1057,876,1817
Arkansas,Pike County,05109,29.6,19.1,9.4,5.9,-24.6,-21.7,17.6,6.5,5.7,4.2,0.5,2.2,1.3,7.3,0.2,-12.8,172,112,70,44,-203,-160,97,44,38,33,4,15,8,42,1,-120,583,586,746,754,827,738,549,685,662,777,795,681,658,581,505,933
Arkansas,Poinsett County,05111,-7.7,-6.4,-4.2,-9.8,-24,-26.1,-6.1,-4.2,3.2,-1.4,2.9,5.9,7.2,8.2,2.5,-8.4,-138,-112,-76,-183,-447,-477,-93,-67,50,-25,49,92,100,98,23,-148,1785,1739,1805,1863,1865,1827,1522,1610,1549,1792,1681,1561,1386,1197,939,1754
Arkansas,Polk County,05113,3.1,5.2,2.3,-5.3,-36.5,-26.2,1.7,1,0.5,9.6,13.9,18.4,28.2,29.8,13,-1.9,40,69,32,-75,-533,-372,18,11,7,124,176,229,317,308,112,-34,1267,1317,1400,1400,1461,1419,1044,1108,1226,1297,1264,1242,1122,1034,861,1705
Arkansas,Pope County,05115,2.8,4.5,5.4,38.3,53,-10.5,-13,5.2,7.1,3.7,4.9,5.9,7.8,11,10.4,0.1,116,165,200,1491,2099,-475,-532,180,255,155,189,204,237,255,185,4,4135,3654,3675,3889,3957,4485,4083,3456,3572,4122,3847,3450,3022,2304,1776,3517
Arkansas,Prairie County,05117,-3.2,1.7,-8,-3.6,-41.3,-30.8,-15.6,-3.6,5.9,4.1,-8.7,1.7,6.4,9.1,9.5,-13,-15,8,-47,-21,-283,-194,-77,-18,33,26,-62,10,35,47,36,-109,484,502,590,595,684,629,495,507,558,646,711,631,556,514,381,834
Arkansas,Pulaski County,05119,-4.4,-8.9,-6.9,-8.1,9.9,30.9,11.2,-8.3,-7,-3.8,-0.5,-2.1,-3.3,-4.2,-3.4,-1.6,-1287,-2536,-1885,-2089,2420,7383,2804,-2359,-1841,-1070,-163,-553,-722,-623,-377,-348,29031,28378,26977,25603,24266,23823,25032,28349,26194,27919,27811,25924,21538,14776,10844,21331
Arkansas,Randolph County,05121,1.7,7.9,5.8,-0.6,-24.5,-24.5,-3.7,5.5,6.4,-1.2,3.6,1.3,6,14.8,3.9,-5.1,19,82,65,-7,-324,-309,-38,54,68,-16,44,15,64,128,29,-86,1100,1040,1128,1220,1323,1264,1015,973,1064,1282,1207,1159,1071,868,732,1658
Arkansas,St. Francis County,05123,-3,-18.6,-20.4,-19.8,-23.9,-7.4,10.6,1.7,-7.2,-5.6,-0.6,-0.8,3.9,-1.7,-0.5,-12.4,-61,-407,-481,-455,-533,-162,220,34,-145,-124,-15,-15,60,-21,-4,-207,2033,2186,2350,2295,2225,2194,2063,2018,2014,2216,2201,1860,1537,1178,817,1666
Arkansas,Saline County,05125,23.1,54.5,33.7,10.1,-11.3,23.1,64.9,38.5,23.5,15.4,13.4,17.8,29,34.2,23.6,15.5,1361,2638,1878,608,-683,1292,2845,2087,1374,1063,861,1002,1449,1381,780,839,5875,4833,5569,5962,6044,5587,4379,5419,5832,6888,6406,5622,4993,4034,3295,5404
Arkansas,Scott County,05127,8.2,16,-2.5,4,-22.8,-17.5,-10.8,3.7,2.3,3,9.2,9.8,11.3,10.7,5.5,-4.6,58,113,-21,31,-188,-132,-64,24,15,24,63,62,68,64,25,-37,700,710,834,782,824,755,597,642,660,822,690,638,602,600,451,793
Arkansas,Searcy County,05129,-3.9,15.1,8.3,-4.4,-33.4,-26,5.8,8.8,4.1,10.4,9.6,19.9,21.8,19.8,2.7,-13.5,-17,61,39,-20,-185,-141,22,34,18,57,53,106,118,87,11,-125,437,408,469,467,555,542,374,391,447,551,554,535,543,440,395,921
Arkansas,Sebastian County,05131,0.9,-1.2,-1.7,5.7,7.9,6.1,7.2,1.4,3.5,3.9,6,1.9,4,4.2,5,-2.6,87,-112,-155,478,636,492,533,115,283,346,512,151,259,212,182,-200,9368,9086,8791,8261,7984,7998,7374,7865,7965,8803,8427,7682,6350,4965,3640,7579
Arkansas,Sevier County,05133,1.1,0.9,4.9,0.8,-7.2,-5.5,5.5,2.7,-0.4,2.3,2,-0.9,1.9,-1.5,0.5,-8.7,18,13,63,11,-81,-66,57,31,-5,25,20,-9,16,-10,2,-91,1577,1384,1284,1306,1125,1186,1038,1115,1098,1103,966,935,826,663,529,1036
Arkansas,Sharp County,05135,-0.2,12.9,13.4,4.3,-30.8,-27.5,11.4,7.4,9.5,9.5,15.5,28.5,33.2,43.4,17.3,-19.2,-2,113,131,45,-327,-282,80,58,85,99,160,274,328,391,142,-439,952,880,971,1026,1059,1024,698,783,898,1041,1033,961,988,900,825,2277
Arkansas,Stone County,05137,9.3,20.5,13.5,-2.1,-34.7,-17.8,13.4,20.6,13.2,25.6,12.7,23.7,34.9,30,14.5,-2.6,61,119,88,-14,-270,-122,72,100,74,191,106,179,255,213,92,-31,650,583,649,686,778,685,543,485,562,746,833,756,732,712,635,1178
Arkansas,Union County,05139,-6.9,-5.7,-8.1,-16.1,-32.9,-24.4,-0.1,-1.5,-3.8,-3.9,-6.1,-1.1,0.3,-1.7,-1.7,-15.5,-215,-165,-249,-523,-1118,-824,-3,-39,-104,-128,-203,-35,9,-33,-27,-564,3074,2886,3058,3250,3398,3372,2492,2586,2686,3283,3327,3024,2486,1895,1537,3630
Arkansas,Van Buren County,05141,4.2,16.8,15.4,3.4,-21.4,-15.9,19.5,24,19.1,30.2,26.3,27.5,35.3,31.7,13.7,-17.6,36,147,132,33,-214,-157,133,183,150,294,281,255,336,281,108,-391,863,879,860,970,1003,990,682,764,786,974,1068,926,950,885,794,2212
Arkansas,Washington County,05143,-1.2,5.9,13.7,47.8,113.3,34.7,-12.2,3.9,7.3,8,8.4,8.1,6.6,8.7,11.4,11.4,-206,829,1664,5222,11674,4492,-2122,507,838,932,911,782,533,511,458,892,16037,14013,12076,10904,10303,12939,17296,12925,11422,11622,10845,9619,8045,5834,4005,7769
Arkansas,White County,05145,3.1,14,16.7,31.1,47.3,-12.3,-19.8,14.5,12,10.9,12.3,6.4,11,19.1,19,6.8,160,631,732,1451,2190,-686,-1112,607,509,542,549,259,409,548,415,305,5114,4507,4363,4652,4623,5558,5607,4176,4214,4938,4462,4004,3716,2862,2179,4441
Arkansas,Woodruff County,05147,3.2,-8.5,-24.6,-24.4,-43.7,-40.7,-22.4,-8.5,-8,-4.1,-5.8,-2.6,1.5,5.4,-1.3,-1,14,-42,-156,-149,-275,-257,-109,-40,-35,-23,-34,-15,8,20,-3,-6,432,495,636,612,631,631,489,475,440,558,580,571,542,379,299,593
Arkansas,Yell County,05149,-5.4,1.9,12.3,-0.6,-14.3,-13,2.2,-3.1,-0.2,3.7,2,4.9,13.6,15.9,10,-6,-96,32,176,-10,-218,-195,28,-45,-2,57,30,61,149,141,77,-98,1759,1625,1431,1569,1523,1500,1284,1451,1387,1528,1459,1257,1094,884,769,1614
California,State Total,06000,-2.6,-4.4,-0.1,1.6,10.2,16.5,9.2,2.3,-2.5,-3.3,-2.2,-2.5,-1.8,-1.2,0,-3.3,-73545,-118570,-5034,45851,258249,397347,221811,59883,-69115,-92810,-58823,-57325,-33462,-15793,947,-67136,2731430,2659904,2595964,2759907,2529480,2404717,2392006,2549685,2702616,2805000,2626425,2254630,1846971,1308758,967387,2030463
California,Alameda County,06001,-2.3,-11.2,-11.1,-5.8,13.2,27.4,15,-0.3,-9.3,-10.2,-8.1,-8.4,-10.1,-11,-7.1,-9.5,-2465,-12113,-11464,-6204,12628,24845,15138,-446,-11697,-13151,-9665,-8745,-8852,-6490,-2921,-8174,103758,107615,102534,105935,95133,90674,100828,116870,124629,127974,118303,103106,86978,58797,40615,85259
California,Alpine County,06003,7,30.3,8.8,-13.7,-39.6,-47.9,-46.2,-9.9,42.8,13,-0.8,8.6,4,28.2,-27.9,-18.8,4,18,5,-8,-33,-47,-41,-6,24,11,0,9,4,14,-17,-13,69,62,63,62,85,98,89,60,57,90,113,114,104,50,60,69
California,Amador County,06005,1.2,27.2,23,21.2,-22.4,-31.4,29.9,31,29.8,14.9,12.8,24.3,31.1,30.4,12,-3.7,18,358,352,395,-479,-829,435,490,570,405,368,661,792,584,204,-133,1464,1313,1528,1862,2138,2637,1454,1579,1912,2716,2873,2711,2546,1918,1705,3524
California,Butte County,06007,2.6,9.5,6.9,29.9,59,-11,-38.1,-2.8,8.5,9.5,10,13.8,18.3,19.4,16.3,1.8,327,1095,836,4060,8503,-1843,-7427,-341,928,1207,1364,1837,2078,1579,1033,296,12555,11475,12074,13555,14391,16711,19493,11887,10922,12624,13574,13277,11329,8105,6303,16244
California,Calaveras County,06009,7.6,39.6,49.3,11.7,-38.1,-29.1,30.6,50.1,51.6,33.2,29.3,28.4,34.3,24.7,4,-18.6,145,642,915,299,-1163,-757,420,675,880,851,934,928,1063,648,97,-857,1915,1619,1854,2553,3052,2602,1370,1347,1703,2559,3180,3260,3097,2619,2391,4591
California,Colusa County,06011,5.4,6,6.6,7.3,-21.7,-15.9,7.6,18.6,10.7,5.2,3,5.4,17.3,10.8,4.1,-6.4,100,100,106,120,-360,-280,96,212,132,68,41,67,157,78,21,-77,1857,1663,1585,1643,1661,1763,1271,1139,1239,1302,1375,1225,908,726,530,1198
California,Contra Costa County,06013,6.5,11,8.1,-1,-14.7,6.6,29.8,24.9,13.4,3.6,-0.5,-3.9,-6.9,-7.3,-3.8,-0.3,4280,7245,5599,-781,-10408,4098,15117,14200,9308,2981,-421,-2836,-4384,-3242,-1171,-213,65555,65857,68844,73909,70794,61835,50617,57028,69221,81376,80385,71859,63050,44137,30498,59673
California,Del Norte County,06015,11.1,9.4,8.5,-1.3,-12.2,6.7,34.3,2.2,-6.7,-10.3,-2.3,2,14.2,14.3,8.6,-6.3,177,137,135,-25,-253,135,523,43,-137,-257,-53,38,213,154,72,-115,1595,1447,1582,1872,2072,2001,1521,1931,2051,2478,2294,1920,1503,1076,831,1824
California,El Dorado County,06017,5.6,28.3,34.8,6.2,-29.1,-20.9,29,47.7,40.2,22.7,14.2,8,12.5,16,10.8,0,528,2479,3230,729,-3704,-2320,1942,3241,3500,2871,2082,1116,1422,1250,611,-1,9337,8757,9275,11619,12692,11082,6683,6787,8688,12599,14625,13878,11357,7781,5649,11025
California,Fresno County,06019,1.7,2.6,6.4,7.2,7.5,5.9,3,3.9,2.9,1.1,2,1.4,3,4.9,4.4,3.8,1406,1958,4565,5480,5352,4054,1900,2247,1633,691,1151,712,1169,1327,885,1611,82020,74290,70843,75421,70627,68254,61543,56513,55779,59076,55146,48133,38398,26984,20009,42134
California,Glenn County,06021,-0.8,5.6,7.4,-5.8,-25.2,-14.4,10.6,7.9,3.3,-1.1,3,9.7,6.1,4.5,5.4,-7.8,-19,114,154,-133,-602,-315,165,122,55,-22,57,160,81,50,45,-144,2311,2032,2072,2271,2386,2173,1553,1536,1667,1942,1866,1646,1333,1102,831,1824
California,Humboldt County,06023,0.7,2,-1.8,17.8,38.5,11,-15.5,-6,-1.4,3,5.2,4.2,6,3.3,3.8,3.3,57,150,-139,1421,3317,1079,-1715,-513,-103,259,497,415,509,183,145,262,7976,7247,7381,7978,8612,9770,11052,8553,7183,8506,9418,9822,8390,5441,3813,7742
California,Imperial County,06025,-7.7,2.8,27.1,16.1,2.4,7,22.2,13.1,8.1,0,4,5.1,12.6,18,15.8,-5,-1213,396,3102,2091,314,860,2187,1360,890,-7,436,459,826,820,604,-448,15681,13727,11433,12930,13057,12140,9837,10338,10950,11691,10821,8842,6510,4532,3809,8793
California,Inyo County,06027,-0.4,5.5,13.7,-10.3,-34.8,-11.9,49.3,56.4,19,15.7,11.6,3.6,11.1,10.2,5,-9.9,-5,52,137,-124,-466,-144,329,357,159,187,166,55,132,95,37,-189,1129,945,996,1198,1339,1207,667,633,838,1186,1423,1513,1188,929,742,1896
California,Kern County,06029,3.7,12.5,17.7,15.5,12.8,20.9,26.7,21.1,14.8,7.9,6.8,7.1,9.9,11.4,11.4,1.9,2819,7811,10313,9677,7543,11304,12596,9697,7079,4182,3380,2876,3056,2549,1894,617,74245,62010,58159,62365,58492,54080,47025,45888,47588,52359,49425,40259,30636,22275,16495,31166
California,Kings County,06031,2.7,1.6,3.8,2.1,32.3,41,9.2,-1.6,-8.2,-7.3,-7.2,-4.7,0.6,2.5,4.7,-0.3,363,195,418,233,3249,4023,1051,-191,-978,-886,-743,-367,35,94,134,-18,13254,11561,10905,11057,10053,9807,11401,11635,11865,11991,10205,7700,5518,3735,2842,5179
California,Lake County,06033,5.3,13.1,21.9,3.5,-22.6,-7.4,45.3,40.7,32.9,27.7,28.6,32.1,33.1,27.7,13.5,-22.8,194,419,699,140,-990,-274,1027,949,954,1025,1224,1316,1264,812,327,-1443,3599,3198,3188,3996,4370,3667,2267,2331,2891,3700,4273,4099,3819,2934,2420,6302
California,Lassen County,06035,10.5,9.4,6.5,-0.5,28.1,57.4,8.9,-4.5,-15,-15.5,-11,-11.6,-10.2,-1,-5.3,-12.1,161,138,114,-11,631,1261,252,-137,-483,-529,-323,-298,-207,-12,-44,-206,1523,1472,1738,2089,2241,2195,2819,3004,3218,3406,2915,2563,2014,1189,834,1690
California,Los Angeles County,06037,-7.2,-15.1,-12,-7.6,6.5,15.9,2.9,-7.2,-10.8,-9.6,-7.4,-7.6,-7.6,-7.9,-6.5,-8.2,-53130,-115134,-93263,-62407,46667,106860,20848,-56790,-88460,-76561,-53281,-46460,-37066,-27877,-17103,-44507,734805,758898,772108,812673,713129,671419,708347,784862,812657,792397,719657,607595,485876,349283,261744,540205
California,Madera County,06039,1.8,8.2,19.1,14.2,11.9,8.9,21.6,18.5,11.5,5.9,2,5.6,14.2,19,18.1,-6.3,228,908,1887,1516,1189,886,1820,1538,998,563,193,448,905,894,645,-497,12507,11056,9867,10641,9956,9942,8394,8291,8623,9432,9231,7992,6375,4696,3563,7856
California,Marin County,06041,7.1,11.3,2.4,-12.9,-26.4,2.7,34.9,19.7,9.6,-3.1,-7,-8.8,-10.5,-9.7,-8.8,-3.8,967,1594,335,-1878,-3737,323,3374,2720,1774,-681,-1577,-2013,-2233,-1491,-889,-752,13486,14042,13905,14521,14121,11866,9662,13767,18334,21639,22531,22632,21198,15358,10009,19636
California,Mariposa County,06043,11.1,22.6,26.2,-1,-29,-26.5,8.3,18.6,13.1,23.3,27.6,20,35.9,23,10.7,-14.7,80,153,205,-10,-339,-302,63,132,114,275,381,279,414,241,91,-269,722,676,781,1021,1170,1138,766,711,871,1178,1382,1396,1153,1047,852,1828
California,Mendocino County,06045,-0.3,-0.6,0.8,-8,-25.3,-12.5,14.2,10.9,5,2.6,4.1,3.7,6.1,3.8,-3.8,-8.1,-21,-36,47,-485,-1666,-801,657,507,251,146,264,257,408,167,-116,-523,5628,5365,5342,6036,6576,6380,4631,4643,4946,5627,6418,6958,6620,4410,3026,6427
California,Merced County,06047,5.5,10.3,12.9,12.9,0.2,-1.1,17.3,18.4,9.7,5.2,2.8,2.4,7.3,6.9,1.9,-4.8,1236,2118,2542,2783,43,-223,2546,2583,1422,808,418,294,697,492,106,-551,22294,20426,19572,21552,20339,18909,14669,13968,14527,15546,14525,12058,9488,7056,5473,11261
California,Modoc County,06049,15.2,40.1,9.9,-7.2,-41.2,-34.2,30.9,27.9,20.5,15.2,11.3,17.2,14.8,21.3,7.9,-17.2,75,163,54,-46,-298,-236,109,111,94,93,74,117,105,110,34,-165,491,407,547,642,722,689,352,399,461,614,655,681,709,516,436,957
California,Mono County,06051,9.6,8.2,1.7,-3.5,27.2,60.1,-0.3,-1.8,0.4,2.3,-2.8,-3.8,-7.7,-15.2,-24.4,-39.2,82,64,12,-29,240,486,-3,-18,4,26,-35,-43,-67,-95,-125,-293,856,776,757,841,883,808,993,996,942,1103,1241,1112,869,623,510,746
California,Monterey County,06053,-5.3,-12,-11.2,-4.1,7,8.6,-2.3,-12.6,-15.4,-14.8,-11.8,-9.2,-8.8,-9.9,-11.9,-11.9,-1971,-4260,-3665,-1396,2150,2624,-727,-4121,-5032,-4710,-3585,-2399,-1885,-1467,-1292,-2907,36552,35385,32702,33875,30669,30394,31421,32482,32517,31757,30309,25913,21342,14746,10788,24320
California,Napa County,06055,2.4,9.9,14.6,9,-1.4,2.7,16.2,17.6,13.4,8.6,4.9,0.8,2,-1,2.6,4.6,205,789,1156,776,-119,234,1167,1294,1111,795,469,82,165,-67,113,449,8335,7908,7883,8619,8473,8459,7195,7340,8270,9187,9505,9273,8141,6161,4225,9572
California,Nevada County,06057,6.7,24.8,29.9,2.6,-34.2,-21.5,38.3,41.2,25.9,18.4,11,10.7,18.1,18.1,9,-6.6,287,994,1335,152,-2318,-1339,1342,1415,1160,1124,844,876,1334,945,358,-607,4231,4003,4462,5848,6770,6215,3503,3429,4479,6102,7647,8175,7357,5218,3970,9137
California,Orange County,06059,-5.3,-10.7,-6.6,-3.7,6.9,14.6,5.1,-3.5,-7.3,-6.8,-5.6,-7.1,-8.3,-8.8,-4.8,0.8,-11261,-24155,-15073,-8756,13912,28087,9891,-7979,-18031,-16973,-12747,-13356,-13182,-10341,-4051,1331,211829,225510,225268,234914,201065,191172,191012,224050,244977,248772,226234,187655,158323,116812,83739,160185
California,Placer County,06061,8.9,38.1,51.2,25.4,-6.3,15.8,79.1,75.2,49.9,31.6,21,17.3,28.6,43.4,50,54.8,1764,6578,8471,4868,-1220,2707,8727,9422,8208,6529,4511,3362,4634,4921,4154,8652,19811,17254,16514,19108,19218,17027,11026,12523,16444,20646,21417,19387,16192,11335,8302,15783
California,Plumas County,06063,-1.9,11.6,6.5,1,-38.9,-39.2,9.5,14.7,16.8,9.8,9.6,12.4,19.3,9.8,-4.8,-29.5,-18,102,62,13,-595,-550,74,111,150,128,156,219,308,130,-54,-676,932,875,959,1260,1529,1404,781,756,891,1301,1622,1754,1592,1319,1115,2287
California,Riverside County,06065,5.9,25.7,39.8,31.7,18.5,25.8,45.8,52.9,38.7,25.1,21.9,24,36.5,46.3,43.7,11.1,9677,34800,50631,44842,24364,30298,44301,50684,42210,31063,25291,22223,26215,24620,18829,11769,161824,134931,127012,141153,131612,117345,96697,95679,108993,123311,115215,92234,71675,53159,43016,105659
California,Sacramento County,06067,-0.8,1.6,7.8,4.5,9.6,27.4,22,10,4.7,2.7,3.3,3.4,2.4,3,3.3,1.8,-847,1581,7269,4565,8987,23581,18033,8799,4395,2778,3184,2793,1661,1390,1147,1346,105953,97599,92550,100185,93567,86006,81854,87304,91730,99765,95140,82061,67805,45572,34599,73563
California,San Benito County,06069,3.4,-2.4,-4.2,-11.3,-24.7,-13.8,10.3,0.4,-3.5,-8.6,-6.3,-4.8,-8.9,-9.6,-9.6,-10.4,145,-110,-211,-576,-1163,-565,335,16,-148,-409,-272,-172,-250,-191,-123,-276,4200,4512,4920,5084,4704,4072,3258,3634,4233,4732,4257,3534,2798,1987,1287,2649
California,San Bernardino County,06071,0.5,6.7,12.9,7.6,3.7,8.6,13.1,17.1,10.5,4.5,3.3,2.3,3.6,6.1,7,1.6,882,10068,19301,12762,5835,11917,16030,20194,13233,6224,4337,2588,3038,3460,2860,1264,166911,149860,149490,165834,155600,138373,122185,117988,125865,138253,130917,107899,82580,56196,40415,76263
California,San Diego County,06073,-7.5,-11.4,-4,3.6,38.7,30,-3.7,-3.5,-5.3,-5.5,-3.3,-3,-1.3,0,1,-3.8,-17325,-25368,-8415,7845,76080,58949,-8612,-7847,-12018,-12994,-7322,-5568,-1982,18,799,-6823,230230,221986,207131,215551,196451,196137,231740,221360,223084,234150,218291,185004,149601,102292,76197,176957
California,San Francisco County,06075,-18,-32,-20,7.7,101.1,172.9,44.4,-21.5,-29.1,-19.2,-9.2,-4.6,-5.4,-5.6,-5.9,-14.1,-7992,-13540,-6611,2475,30609,56366,24804,-19581,-25933,-13755,-5551,-2489,-2575,-1763,-1557,-9145,44258,42233,32910,31943,30268,32599,55773,90839,89005,71592,59847,54084,47137,31379,26054,64552
California,San Joaquin County,06077,2,8.6,19.7,13.5,-0.2,0.7,20,26.2,17.6,10.2,7.2,6.4,7.8,8.8,9.8,5.2,1124,4436,9270,6916,-115,368,7569,9469,6955,4450,3007,2284,2244,1804,1441,1626,55820,51141,46894,51105,48966,46914,37751,36098,39334,43451,41465,35259,28499,20410,14643,30890
California,San Luis Obispo County,06079,2.1,11,10.6,42.3,72.9,-14,-33.9,3.4,9,3.9,3.3,5.2,9.3,15.6,8.2,-3.3,298,1385,1362,6390,11580,-2886,-7682,477,1299,716,671,992,1432,1650,669,-675,13639,12559,12838,15079,15873,20516,22616,13812,14384,17915,19902,18877,15392,10566,8102,20403
California,San Mateo County,06081,-1.5,-10.4,-10,-13.7,-7.2,22.6,25.6,2.4,-8.3,-10,-8,-9,-11,-13.5,-12.5,-14.6,-776,-5298,-4759,-6535,-3133,9055,10539,1270,-5011,-6346,-4750,-4768,-5085,-4433,-3082,-7882,48854,50498,47222,47514,43495,40061,41048,52557,59988,62978,58949,52420,46008,32686,24503,53982
California,Santa Barbara County,06083,-5.3,-7.9,-1.9,26.6,56.8,1,-27.3,-8,-9.2,-8.3,-6.8,-4.6,-3.9,-3.8,-4,-6.2,-1646,-2308,-532,7938,15709,317,-10194,-2238,-2630,-2538,-2018,-1197,-845,-590,-496,-1832,30577,29044,27158,29792,27614,31514,37276,27760,28291,30346,29455,25494,21190,15451,12201,29324
California,Santa Clara County,06085,-2.3,-8.5,-8.6,-6.8,3.6,27.6,21.4,-2,-10.8,-11,-9.8,-11.3,-13.3,-14.8,-11.3,-9.2,-3054,-11471,-10724,-8361,4054,29407,24314,-3036,-16774,-17268,-13760,-13011,-12720,-10508,-5839,-9171,131988,134642,124294,122243,109760,106182,113220,145043,155089,155977,139233,115071,95114,70633,51624,99273
California,Santa Cruz County,06087,-8.9,-13.2,-5.3,25.1,41.5,-8.5,-21.9,-8.8,-9.8,-7.9,-5.6,-7.5,-9,-10.2,-9.6,-7.2,-1547,-2327,-862,4345,7194,-1667,-4599,-1569,-1881,-1617,-1191,-1598,-1587,-1092,-656,-1037,17375,17619,16209,17292,17331,19592,20982,17673,19127,20393,21196,21233,17527,10686,6798,14255
California,Shasta County,06089,-1.7,7.8,14,4.6,-15.1,-15.4,11.8,21.5,16.3,14.4,11.2,12.7,17.1,16.8,16.5,12,-187,771,1399,545,-1977,-1943,1003,1637,1452,1627,1376,1490,1753,1366,984,1429,10811,9865,9994,11712,13012,12547,8492,7585,8894,11229,12211,11738,10197,8091,5949,11906
California,Sierra County,06091,14.4,11,4.2,-24.9,-57.9,-46.6,18.3,21.4,0,7.4,7.7,12.4,26.6,8,-9.8,-24.8,19,13,6,-55,-162,-110,18,26,0,18,22,37,71,17,-17,-92,132,119,149,222,281,237,99,124,183,240,287,305,268,210,182,370
California,Siskiyou County,06093,5.4,11.5,16.1,-0.7,-34.5,-30.6,12,30.9,21.5,13.7,11.7,9.9,14.1,18.8,5.4,-13.5,132,251,379,-19,-1156,-1017,216,507,425,373,398,359,467,458,103,-601,2434,2183,2346,2737,3345,3317,1804,1642,1972,2713,3396,3629,3298,2438,1897,4421
California,Solano County,06095,0,-4.3,-4.6,-7,-8.9,1.3,4.6,1.7,-4.8,-3.3,-4,-2.6,-2.1,-2.5,3.4,-0.2,24,-1255,-1402,-2275,-2835,387,1180,453,-1445,-1102,-1359,-772,-495,-383,364,-52,27997,28887,29977,32510,31826,28772,25523,26232,29743,33299,33405,28686,23481,15303,10575,20816
California,Sonoma County,06097,4,3.4,3.4,2.2,-0.5,1.6,7.6,7.3,2.3,-1.1,-1.9,-3.6,-2.8,-0.8,0.3,4.4,1146,986,1000,729,-192,524,2117,1995,737,-408,-736,-1355,-917,-174,49,1349,28404,28666,28723,32214,32445,31731,27839,27262,31012,36542,37967,37375,32624,21324,14006,30303
California,Stanislaus County,06099,-1.5,4.7,11.2,4.4,-5.5,2.6,14.1,13.9,8.5,4.4,2.5,1.5,3.4,5.5,8,6.5,-640,1824,4178,1802,-2208,971,4258,4102,2679,1526,856,438,775,881,941,1534,42564,38809,37097,40690,39611,36282,30011,29497,31219,34525,32944,27979,22547,15882,11707,23532
California,Sutter County,06101,0.3,15.2,19.8,9,-1.8,10.5,24.4,20.1,13.3,10.8,9.5,7.9,11.2,11.4,7.6,6.2,29,977,1185,609,-120,635,1223,996,722,645,540,395,467,367,204,324,7442,6405,5960,6706,6445,6004,4992,4942,5408,5928,5642,4988,4170,3210,2660,5146
California,Tehama County,06103,17,23.9,20.5,4.4,-19,-13.5,24.9,29.9,16.2,14.8,14.3,15.7,27.4,27.3,11.1,-7.9,671,847,756,195,-866,-581,693,824,528,602,576,566,863,683,249,-376,3937,3532,3674,4404,4542,4286,2781,2756,3245,4042,4014,3592,3138,2501,2232,4701
California,Trinity County,06105,2,24.2,29.9,-6.4,-41.7,-26,64.8,43.4,36.1,28.9,22.4,20.6,26.3,20.8,-2.4,-20.3,12,125,171,-53,-392,-227,249,201,191,240,228,237,266,171,-17,-278,627,520,572,830,938,875,385,464,531,830,1016,1150,1011,821,685,1366
California,Tulare County,06107,4.8,8.5,13.4,7,-3.7,1,13.3,13.6,8.1,4.1,4.1,1.9,5.1,5.1,5.4,-4.1,2039,3219,4607,2545,-1285,349,3561,3406,2069,1081,1016,423,898,631,510,-820,41620,37458,34318,36318,34082,32848,26678,24927,25248,26326,24445,21214,17318,12362,9293,19569
California,Tuolumne County,06109,2.1,12.6,14.2,5.1,-14.4,-8.4,3.2,8.6,7.6,7.1,8.7,9.3,18.5,19.1,7,-13.2,49,283,363,155,-499,-296,91,224,229,260,375,413,704,552,177,-776,2359,2241,2556,3007,3467,3532,2840,2581,3018,3652,4279,4426,3808,2891,2507,5855
California,Ventura County,06111,-2.5,-0.9,2.9,-0.3,-4.2,1.5,11.6,11.4,3.5,-0.3,-2.8,-5,-6.2,-6.9,-3.9,4.5,-1527,-558,1748,-211,-2541,848,5450,5568,1976,-229,-1789,-2721,-2780,-2219,-883,1942,59809,58373,58641,64129,59184,54654,46617,48631,56123,63334,62738,53634,44597,31768,22346,42770
California,Yolo County,06113,1.6,5.5,11.1,54.4,127.9,-9.2,-36.4,-1.1,4.8,4.3,7.3,4,5.2,3.8,6.1,12.8,215,652,1269,6759,15320,-1559,-7576,-139,564,529,846,431,445,225,253,1041,12951,11745,11423,12406,11973,16938,20767,12100,11597,12055,11444,10696,8412,5877,4133,8116
California,Yuba County,06115,1.9,6.4,7.5,1,3.4,12.7,13,13.9,14.5,5.8,14.7,16.5,19.9,9.4,12.5,-9.9,126,361,388,56,179,618,587,543,571,266,611,582,566,200,203,-339,6359,5582,5158,5356,5244,4839,4506,3887,3934,4518,4153,3510,2834,2123,1619,3397
Colorado,State Total,08000,3.3,4.5,7.5,7.5,14.6,25.4,17.2,8.1,4.5,2.8,1.8,0.7,2.5,3.4,4,6.5,11784,15322,23398,23553,44720,76629,52599,26694,15231,10369,6705,2281,6478,6071,4882,14724,346673,337391,309255,311879,305562,300520,304861,329507,331389,361564,362585,323328,258995,174349,121902,223636
Colorado,Adams County,08001,13.3,18.6,9.6,3.6,16.2,47.6,38,16.9,6.8,2.3,3,3.8,3,0.2,-1,2.6,4656,5879,2909,1059,4200,11787,10041,5012,2007,712,819,846,544,28,-93,401,34907,31461,30232,28637,25863,24722,26379,29611,29245,29769,27282,22271,17924,12276,8973,15019
Colorado,Alamosa County,08003,-3.7,-10.7,-12.6,16.3,34,-28.1,-40.8,-10.9,-8.9,2.4,1.3,-0.6,0.4,2.7,4,-2.8,-49,-129,-136,189,396,-430,-615,-103,-78,24,14,-6,3,14,16,-22,1318,1202,1079,1158,1166,1525,1508,943,879,1007,1107,1021,842,548,416,765
Colorado,Arapahoe County,08005,9.1,9.8,13.9,2.7,-4.9,29.9,39.7,12.3,6.7,2.9,-1.7,-6.5,-7.5,-7.2,-3.7,12.9,3541,3734,4925,1010,-1857,10016,11941,4638,2545,1223,-765,-2577,-2404,-1465,-501,2904,38858,38024,35219,36951,37337,33410,30044,37554,37810,41704,43073,39228,31888,20336,13487,22391
Colorado,Archuleta County,08007,1.8,9.5,32.3,-1.3,-41.3,-23.2,46.7,29.8,33.8,31.2,27.5,31.7,52.4,27.7,10.3,3.5,11,55,178,-8,-323,-166,183,133,162,230,237,290,426,175,46,27,611,584,551,666,781,718,392,448,480,735,863,913,813,633,455,762
Colorado,Baca County,08009,5.2,10.8,-11.4,-11.8,-58.4,-39.1,0.4,-7.5,-3.3,-2,-12.7,-5.7,2.6,1.3,-0.8,-5.5,10,20,-31,-31,-188,-128,0,-14,-6,-5,-42,-17,6,2,-1,-29,209,185,275,269,321,328,162,192,205,262,332,310,248,220,186,526
Colorado,Bent County,08011,-9.6,-3.8,-12.6,-23.3,14.4,43.4,26,34.7,24.1,13.6,6.6,9.2,13.1,11.8,8.4,-12.7,-32,-11,-46,-83,60,183,105,140,99,66,30,35,44,27,15,-61,332,310,367,359,419,423,407,402,411,485,457,383,339,234,187,479
Colorado,Boulder County,08013,3.9,2.7,4.6,30.5,70.5,0.2,-26.3,-9.4,-2.9,-3.2,-6.2,-9.5,-9.6,-7.3,-1.7,19,653,492,792,5301,12167,44,-6900,-2123,-637,-733,-1483,-2086,-1647,-783,-116,2034,16461,17795,16889,17332,17253,20324,26208,22370,21402,22756,23829,21749,17032,10664,6800,10682
Colorado,Broomfield County,08014,9.3,43.8,26.3,5.3,-3.3,34.7,101.8,59,31.7,13.3,8.3,11.3,16.1,36.5,48.3,173.2,349,1347,837,174,-108,949,2099,1668,1078,524,318,338,366,482,415,1511,3720,3074,3178,3271,3246,2733,2060,2823,3394,3946,3803,2966,2269,1320,858,872
Colorado,Chaffee County,08015,16.8,13.8,8.7,4,-15.8,11.1,9.8,3.1,15.6,12,13.7,22.5,28.6,31.6,14.1,-10.7,113,101,65,33,-151,108,90,31,150,146,178,293,332,284,100,-180,675,731,742,846,958,978,915,1001,964,1218,1298,1301,1160,899,713,1677
Colorado,Cheyenne County,08017,8.7,8.3,-24.1,-15.9,-63.5,-43,1.5,-3.7,-10.4,-21.5,-23.8,-9.3,-11,-7.4,16.1,-9.5,10,9,-35,-23,-134,-81,1,-3,-11,-40,-42,-15,-13,-5,10,-19,123,109,147,150,212,188,97,97,108,188,179,165,121,77,62,199
Colorado,Clear Creek County,08019,21.1,-16.4,-25.2,-24,-50.6,-26.4,54.2,41,9.4,-4.9,1.5,-7.5,-8.9,-6,-20.3,-21.2,80,-82,-139,-140,-289,-148,186,186,60,-43,15,-81,-77,-32,-71,-91,380,501,551,583,572,562,343,453,641,877,1005,1070,862,538,351,428
Colorado,Conejos County,08021,12.4,7.8,-2.2,-9.8,-45.2,-40.9,-10.1,2.5,6.2,5.8,5,4.5,13.8,12.9,0,-21.2,75,45,-15,-69,-365,-309,-46,10,28,31,29,26,59,40,0,-158,608,579,687,707,808,754,455,418,449,533,581,576,427,315,309,742
Colorado,Costilla County,08023,6.4,5.1,-5.2,-1.5,-51.6,-43.4,-3.3,1,1.6,13.9,8.6,2.1,26.1,31,17.5,-25.9,11,9,-11,-3,-149,-110,-5,1,3,30,23,6,62,70,31,-105,175,190,216,245,288,255,152,150,183,217,277,291,239,225,179,404
Colorado,Crowley County,08025,17.7,-5.4,-4.4,-14.5,63.3,97.5,35.4,16.3,-9.1,-11.4,-18.4,-5.3,-14.5,15.7,10.6,-10.6,28,-12,-11,-41,185,315,151,73,-49,-73,-103,-21,-47,29,12,-31,161,225,251,289,293,323,426,449,548,646,561,402,325,184,121,292
Colorado,Custer County,08027,24.5,37.7,21.8,-0.5,-61.7,-33.8,67.9,93.6,46.3,11.7,41.8,46.9,66.1,56.6,9.1,-11.7,27,53,43,-1,-140,-67,66,91,68,29,125,161,201,139,20,-42,112,142,198,208,228,198,98,97,148,247,299,343,304,245,224,358
Colorado,Delta County,08029,2.8,14,17.7,5.5,-29.3,-13.8,37,27.8,22.8,20,20.3,20.6,27,34.3,17.4,-8,50,228,295,100,-581,-252,417,345,318,356,411,417,501,490,225,-240,1768,1634,1665,1800,1982,1827,1129,1240,1393,1782,2021,2025,1853,1429,1296,2987
Colorado,Denver County,08031,-17.9,-33.2,-22.7,-7.7,56.2,112.2,26.6,-17.7,-22.8,-17.5,-9.7,-7.7,-7.2,-6.3,-5.8,-13.7,-10012,-18899,-8933,-2679,17279,35324,12155,-10712,-12101,-7885,-3881,-2806,-2188,-1252,-829,-4772,55710,56828,39298,34717,30725,31467,45544,60473,53002,44857,39779,36168,30093,19756,14260,34610
Colorado,Dolores County,08033,-2.6,21.2,32.7,-9.6,-37.4,-11.9,40.2,53.1,17,15.5,7.9,3.6,31.2,38.5,14.3,-16.5,-3,22,31,-10,-46,-13,32,43,19,18,12,5,38,37,12,-31,144,104,94,109,123,117,79,81,117,116,162,150,123,96,83,187
Colorado,Douglas County,08035,13.9,40.1,42,10.6,-29.2,41.6,251.5,118.4,57,29.1,20,18.1,19.8,22.5,30.9,86.8,2761,7705,7371,1790,-4161,4189,13601,13520,9665,5757,3618,2572,2215,1535,1147,3240,19794,19183,17546,16831,14219,10060,5407,11413,16935,19722,18008,14188,11175,6803,3707,3732
Colorado,Eagle County,08037,-7.3,-2.9,7.6,-2.1,36.5,123.6,24.2,-4.9,-5.8,-2.8,-3.7,-7.1,1.7,0.5,-17,-25.2,-325,-117,234,-60,930,2839,932,-246,-271,-116,-142,-232,43,8,-148,-239,4416,3938,3080,2810,2546,2296,3848,4972,4664,4037,3852,3261,2421,1476,869,948
Colorado,Elbert County,08039,21.6,47.5,40.2,1.7,-58.5,-52.4,47.6,73,55.7,23.4,6,12,10,7.2,5.6,4.7,212,523,543,28,-1098,-805,299,555,687,477,145,225,145,63,28,31,980,1101,1349,1681,1874,1536,628,760,1232,2037,2384,1869,1450,887,507,655
Colorado,El Paso County,08041,9.1,8.9,11.5,12.3,24.5,24.7,7,6.9,6.8,4.5,2.7,1.2,2.7,5.1,7.2,10.8,3927,3746,4690,5010,9702,9352,2708,2639,2623,2062,1204,463,783,1009,980,2603,43030,41808,40544,40557,39517,37838,38492,38121,38479,45485,43814,36602,28945,19450,13614,23917
Colorado,Fremont County,08043,0.7,7,2.7,-9.4,-14.6,29.2,26.4,-3.7,-9.7,-10.2,-9.1,0.6,15.8,27.8,20,7.8,17,144,63,-246,-422,753,664,-125,-357,-434,-372,23,436,569,322,265,2176,2064,2311,2616,2880,2574,2511,3347,3660,4223,4065,3454,2751,2044,1605,3370
Colorado,Garfield County,08045,-2.5,7.1,17.8,13.5,4.4,42,56.1,30.4,18.5,14,4.4,6.6,1.3,-3.2,-4.6,-5.6,-124,292,605,437,146,1303,1574,986,627,513,178,234,37,-54,-54,-117,4827,4118,3391,3226,3281,3100,2803,3243,3388,3668,3988,3507,2651,1649,1172,2084
Colorado,Gilpin County,08047,7.8,5.6,-14.5,-14.8,-42.8,-9.1,77.2,26.7,3.7,15.5,23.7,9.4,18.7,2.4,7,-19.6,21,15,-40,-38,-123,-22,153,95,15,76,118,52,71,6,7,-31,268,275,278,259,289,245,198,357,417,489,497,561,383,259,109,158
Colorado,Grand County,08049,12.3,14.5,13.8,10.3,-3.1,35.7,23.4,6.1,7.8,18,20.8,8.4,13.5,8.8,-12.3,-23.6,95,108,102,72,-24,268,194,59,77,192,253,102,124,53,-51,-152,770,742,740,701,778,750,832,968,995,1063,1216,1208,916,596,416,644
Colorado,Gunnison County,08051,-8.8,-0.1,9.9,67.2,164.7,5.7,-47.4,-21.4,-8.6,1,3,-1.1,7.7,8.7,-13.7,-20.9,-78,-1,65,451,1206,70,-1005,-299,-98,10,31,-12,61,46,-48,-119,883,853,661,671,732,1218,2120,1399,1133,976,1026,1093,795,534,356,569
Colorado,Hinsdale County,08053,38,28.7,0.5,-56.3,30.7,30.5,59.7,14.7,-8,19,-21.7,9.4,-0.9,0.6,-22.6,-30.9,17,10,0,-22,12,9,14,5,-4,10,-20,6,0,0,-9,-22,44,36,49,40,41,30,25,33,52,55,92,71,83,62,43,71
Colorado,Huerfano County,08055,13.8,-9.5,-6.9,-9.2,-56.1,-51,-38.1,-40.2,-26,-15.3,-11.7,9.6,22.8,24.7,14.4,16.8,35,-35,-24,-40,-283,-244,-164,-178,-117,-89,-77,56,121,107,51,105,253,367,357,440,505,478,429,444,451,584,659,584,531,432,357,623
Colorado,Jackson County,08057,36.1,14.5,-10.1,-35.8,-44.1,-44.1,36.6,23.7,-5.9,-7.7,7.5,-8.4,-8.6,-6.3,-19.1,-25.1,17,9,-9,-38,-50,-52,18,14,-5,-10,9,-11,-8,-6,-12,-35,47,67,92,106,115,119,51,61,91,130,131,135,103,104,66,139
Colorado,Jefferson County,08059,4,3.2,-1.1,-6.4,-18.7,-5.9,12,3.5,0.3,-3.2,-6.3,-8.5,-10,-11.7,-6.3,8.7,1242,1059,-397,-2390,-7250,-2122,3498,1193,129,-1518,-3107,-3795,-3627,-2897,-1044,2391,30312,32125,34379,37223,38768,35826,29146,33283,37443,46283,49072,44468,36254,24691,16464,27258
Colorado,Kiowa County,08061,-18.6,16,-8.7,-15.6,-56.8,-46.3,-18.6,-15.9,-7.2,-14.8,7.1,-3.1,-3.3,-6,10.1,25.6,-16,11,-8,-17,-63,-60,-14,-13,-4,-18,8,-3,-3,-4,7,29,88,73,97,114,111,130,77,86,62,127,113,124,92,76,73,113
Colorado,Kit Carson County,08063,19.7,4.1,-3.5,-14.9,-28.9,4.9,37.1,16.3,10,-3.5,-2,2,0.7,-0.3,7.8,-3.1,94,18,-18,-88,-183,29,152,76,49,-24,-13,10,3,-1,22,-20,478,451,510,591,634,590,409,466,488,680,657,512,415,386,288,635
Colorado,Lake County,08065,4.9,-20.8,-22.6,-21.4,-1.7,-1.1,-23.6,-18.4,-26.9,-15.6,-14.5,-6,-2.3,-5.3,-31.8,-26.5,27,-127,-144,-130,-9,-6,-174,-133,-176,-93,-87,-35,-9,-13,-81,-83,566,611,638,609,537,575,735,726,653,597,598,585,391,250,256,313
Colorado,La Plata County,08067,5.1,23.3,21.3,33.5,44.2,-2.7,-21.8,15.3,17.6,14.3,12.2,5.8,11.5,6.3,2.9,-4.7,146,560,493,926,1295,-105,-920,439,468,463,462,230,337,129,40,-116,2864,2400,2313,2763,2930,3788,4211,2869,2652,3237,3760,3914,2926,2039,1390,2451
Colorado,Larimer County,08069,4.3,9.5,11,34.5,72.8,11.7,-20.9,-0.6,4.5,5.6,3.7,3.9,11,14.6,16.1,21,753,1587,1743,5756,12657,2356,-5286,-124,769,1091,799,758,1632,1488,1109,2719,17422,16607,15806,16668,17379,20117,25204,19016,16898,19340,21070,19322,14778,10145,6869,12914
Colorado,Las Animas County,08071,-2.1,6,0.5,1.4,-15.7,-20.1,4.2,17.1,9.5,13.5,15,15,15.4,13.7,3.6,-20.5,-20,50,5,14,-174,-219,31,123,76,133,164,166,154,102,23,-317,935,845,885,1046,1102,1090,744,721,801,988,1094,1107,999,745,636,1540
Colorado,Lincoln County,08073,14.4,3.1,-7.3,-15.5,-27.1,0.7,38,-24.6,-16.6,-19.3,-21.5,-23.2,-6.5,-13.4,-5.1,0.6,39,8,-23,-60,-125,3,111,-102,-76,-104,-126,-100,-19,-38,-10,3,274,279,315,390,460,417,291,414,459,541,587,430,291,290,203,462
Colorado,Logan County,08075,1.5,-2.6,-1.4,20.4,16.4,1.9,12.2,18.8,12.5,5.1,6.2,2.8,6.9,8,3.8,13.1,18,-33,-19,283,237,33,168,237,159,82,102,41,77,65,27,196,1203,1270,1345,1388,1444,1752,1371,1260,1265,1610,1639,1438,1107,816,694,1494
Colorado,Mesa County,08077,5.2,21.8,21.9,25.5,20.4,14.7,27.1,28.7,26.1,20.9,18.9,16.9,21.4,24.7,22.8,17.1,515,1726,1664,2060,1718,1306,1951,1880,1714,1723,1739,1484,1493,1266,921,1516,9813,7906,7577,8055,8399,8864,7193,6542,6556,8234,9192,8733,6968,5123,4029,8840
Colorado,Mineral County,08079,-9.9,26.9,-29.1,-35.8,-60.4,2,-1.5,11.5,-39.8,-9.7,0,23.2,33.1,6.6,-32.7,-46.2,-2,7,-10,-18,-32,0,0,3,-13,-6,0,15,21,4,-18,-49,22,27,36,50,53,36,24,29,33,67,65,67,65,63,56,106
Colorado,Moffat County,08081,5,15.9,5.6,-5.4,-30.4,-8.7,22.7,5.8,2.2,4,-12,-7.9,-10.2,-14,-8.6,-5.5,54,153,52,-52,-352,-91,172,45,18,41,-150,-89,-80,-84,-31,-35,1066,960,927,956,1158,1045,756,784,825,1017,1248,1119,780,603,358,631
Colorado,Montezuma County,08083,6.3,8,-4.1,-12.1,-32.9,-20.4,22.4,19.4,9.9,7.7,12.7,15.8,25.1,16.9,9.3,17.6,99,126,-71,-215,-625,-348,249,228,141,126,233,290,378,194,85,284,1580,1567,1707,1777,1895,1699,1110,1174,1423,1632,1831,1827,1502,1150,912,1609
Colorado,Montrose County,08085,1.5,21.4,25,2,-25.2,-4.4,41.8,41.9,25.9,24.7,22.8,22.9,32.4,30.4,32.2,25.6,42,507,589,50,-621,-108,638,699,503,571,582,558,669,510,443,671,2712,2361,2353,2511,2461,2472,1524,1665,1936,2305,2543,2430,2061,1674,1375,2614
Colorado,Morgan County,08087,3.8,-3.6,-8.7,-13.1,-19.8,-13,6.3,-1.6,-4.7,-1.2,-2.1,-5.2,1.6,10.4,9.1,7,84,-84,-208,-308,-432,-273,99,-28,-88,-25,-44,-91,20,101,77,127,2190,2305,2392,2350,2183,2100,1569,1707,1876,2020,2034,1738,1302,971,848,1808
Colorado,Otero County,08089,-1.2,-8.6,-8.7,-3.8,-32.8,-39.7,-15,-8.5,-4.1,-3.2,-4.2,-5,0.2,6,10,-0.8,-15,-130,-120,-58,-512,-670,-175,-90,-44,-42,-59,-72,2,53,74,-14,1258,1511,1374,1496,1559,1687,1162,1057,1070,1328,1410,1419,1150,886,746,1690
Colorado,Ouray County,08091,19.3,34.8,32.1,-6.6,-70,-26.8,135,68.3,42.2,34.9,22.7,39.4,35.6,20.7,2.6,-30.7,30,55,59,-16,-187,-57,103,116,82,94,82,140,125,60,5,-97,157,160,186,242,267,214,77,169,194,269,362,357,352,290,195,315
Colorado,Park County,08093,2.8,3.1,5.6,-14.7,-50.7,-24.7,65.9,71.3,21.1,10.4,13.7,12.2,16.2,12.4,-11.6,-37.8,22,25,48,-145,-490,-211,300,443,207,153,234,189,200,104,-59,-290,797,807,862,992,965,858,454,621,980,1462,1705,1555,1238,834,511,766
Colorado,Phillips County,08095,0.6,5.4,-0.8,-13.3,-42.4,-25.2,22.3,6.7,11.8,0.2,-7,-6.2,6.7,16.6,4.5,9.3,1,16,-2,-45,-144,-74,41,14,28,0,-25,-19,15,30,7,44,289,307,317,338,338,293,186,215,237,302,361,307,229,181,173,473
Colorado,Pitkin County,08097,1.4,8.8,33.7,11.3,4.6,142,25.6,-3.3,-4.8,1.8,11,-1.3,-3.3,-5.4,-9.9,-30.7,11,69,215,77,34,871,235,-46,-71,24,156,-20,-44,-51,-52,-257,771,780,637,682,753,613,917,1407,1481,1350,1414,1504,1342,951,521,836
Colorado,Prowers County,08099,0.4,-18.1,-21.7,-21.6,-36.7,-39.3,-29.1,-23,-25.4,-15.5,-12.1,-8.1,-4.4,-0.3,-2.6,-4.8,4,-215,-257,-263,-436,-486,-310,-212,-228,-152,-123,-76,-33,-1,-11,-45,1012,1185,1183,1220,1188,1235,1062,919,898,981,1014,927,758,511,440,927
Colorado,Pueblo County,08101,7.7,11.4,8.7,10.6,1,-7.1,4.8,11.5,8.1,9.5,11.1,12.5,20.3,20.8,17,3,799,1136,865,1110,100,-753,439,982,723,963,1146,1218,1625,1189,814,344,10316,9903,9942,10385,10007,10527,9068,8497,8889,10043,10298,9704,7978,5696,4772,11384
Colorado,Rio Blanco County,08103,4.2,20.7,26.6,20.9,-18.2,-19.3,38.1,30.5,7.5,17.1,15.8,-13.3,-3.2,-8.3,-9.9,3.8,20,75,93,79,-93,-114,107,91,26,74,82,-67,-13,-23,-22,13,487,362,351,380,515,591,280,300,356,435,518,504,397,282,229,340
Colorado,Rio Grande County,08105,2,2.8,-8.9,-15.4,-35.7,-37.7,0.1,6.4,-0.6,-0.6,2.6,2.7,4.8,6.5,-0.2,-4.9,16,24,-81,-144,-361,-370,0,41,-4,-5,24,26,34,39,0,-46,818,862,906,938,1010,981,655,637,694,843,931,931,713,597,421,921
Colorado,Routt County,08107,10.1,23.4,23.7,11.5,5.9,41.2,19.9,5.8,5.9,10.5,7.6,-2,1.2,8.9,-5.1,7,124,263,264,140,77,540,292,99,97,175,155,-42,18,68,-25,39,1222,1126,1111,1210,1303,1310,1466,1703,1649,1669,2037,2065,1492,764,493,552
Colorado,Saguache County,08109,24.1,-7.5,-16.1,-13.3,-34.4,-34,11.7,8,4.8,-0.9,6.7,14.5,21.7,14.5,12.5,-25.9,86,-33,-67,-63,-165,-171,33,23,15,-4,30,73,91,46,25,-104,356,444,417,473,480,505,282,290,327,452,452,505,421,320,200,401
Colorado,San Juan County,08111,-4.3,47.4,52,-18.8,-17.4,62.1,196.7,94.1,14.4,67.5,11.3,1.5,-20.2,28.1,-37,-25.9,-1,11,14,-4,-5,23,27,27,5,23,6,1,-16,10,-9,-7,38,24,26,24,31,38,13,28,35,35,55,66,81,37,25,27
Colorado,San Miguel County,08113,-10.6,10.8,24.8,-22.6,20.6,106.9,13.9,-23.6,-6.3,-3.6,2.9,1.5,-11.2,-12.1,-34.5,-26.4,-56,40,77,-77,62,345,73,-199,-44,-23,18,9,-60,-40,-52,-42,528,375,309,341,301,323,529,845,700,649,634,599,540,335,153,159
Colorado,Sedgwick County,08115,17.7,-18.7,-14.7,-25.9,-41.5,-34.5,-3,-11.6,-20,5.4,2.7,2.1,21.5,-1.3,1.9,-10.1,19,-27,-23,-45,-70,-59,-3,-14,-30,7,5,4,31,-1,2,-34,107,148,159,176,169,173,117,125,153,145,201,193,145,132,129,335
Colorado,Summit County,08117,-12.9,-18.7,-7.5,3.3,127.5,153.1,-14.8,-27.7,-15.5,-5.6,2.9,13,20.3,32.1,10.8,-28,-240,-322,-98,38,1313,1842,-455,-945,-408,-125,62,226,267,267,56,-180,1853,1721,1297,1150,1030,1202,3078,3411,2618,2229,2097,1736,1315,830,523,642
Colorado,Teller County,08119,9.7,12.6,20.7,1.8,-48.6,-39.6,47.4,52,34.1,15,9.1,17.8,25.6,24.1,-4.1,-13.9,100,139,252,25,-810,-585,310,429,405,296,210,374,438,270,-32,-140,1028,1107,1218,1421,1667,1476,654,825,1186,1971,2298,2100,1712,1122,772,1003
Colorado,Washington County,08121,10.9,26.5,4,-4.5,-45.1,-31.6,24,4.2,16.9,9.3,8.2,1.6,0.7,5.5,5.6,-14.7,28,60,12,-15,-175,-116,46,9,44,31,31,5,2,13,10,-79,255,229,316,334,389,366,192,221,260,333,384,351,284,251,188,534
Colorado,Weld County,08123,8.2,18.3,28.5,35,36.5,11,11.2,37.6,32.9,24.5,24.1,21.5,26.6,23.8,21.7,20,1585,3233,4173,5109,5071,1730,1814,4888,4219,3400,3259,2614,2476,1564,1051,1684,19332,17624,14621,14557,13878,15729,16093,12990,12811,13849,13524,12119,9287,6553,4822,8379
Colorado,Yuma County,08125,9.3,8.7,0.4,-10,-38.3,-16.5,31.9,11.6,6.2,-3.7,-0.2,-5.1,4.6,5.5,6.6,3.2,68,60,3,-77,-314,-127,141,64,36,-25,-1,-34,24,23,21,25,733,691,676,763,820,773,442,554,572,693,716,669,529,433,327,776
Connecticut,State Total,09000,3.7,6.7,3.5,0.2,-3.4,2.2,11.5,11.8,5.1,1.3,-0.4,-2.5,-5.3,-7.2,-6.1,-0.7,7657,14229,8173,526,-8291,4745,21490,23766,12843,3855,-1305,-6216,-11295,-11488,-6833,-1825,202114,210566,232091,247073,237391,212286,186796,199995,249327,287378,284058,244212,211583,159020,111906,252054
Connecticut,Fairfield County,09001,4.8,5.7,0.1,-9.7,-17,6.1,26.7,18.2,6.8,-0.6,-4.3,-8.1,-13.3,-15.5,-15.1,-6.8,2721,3444,101,-6621,-10427,3060,11479,9337,4553,-468,-3256,-5159,-7332,-6618,-4619,-4485,56346,60093,66504,68046,61282,50091,42966,51236,66698,77917,74870,63304,55072,42518,30518,65890
Connecticut,Hartford County,09003,2.8,7.2,4.7,-0.9,-6.7,7.4,15.8,9.6,3.8,1.6,-0.2,-2.4,-5.4,-8.3,-6.2,-2,1449,3801,2723,-579,-4055,3965,7319,4931,2337,1176,-201,-1497,-2885,-3309,-1783,-1412,51260,52234,57010,61525,60107,53558,46247,50869,61206,70173,69912,60797,53257,39727,28561,67416
Connecticut,Litchfield County,09005,6.2,16.2,13.6,-7.6,-34.9,-18,30.3,29.4,16,7.3,4.3,3.3,1.2,-1.8,0.9,6.6,549,1554,1508,-996,-4736,-1924,2070,2476,2006,1161,723,488,156,-173,61,897,8807,9593,11072,12997,13556,10648,6825,8419,12475,15720,16672,14593,12697,9463,6426,13415
Connecticut,Middlesex County,09007,3.5,8.7,5.2,0,-10.3,-5.4,12.1,19,7.8,3.4,4,5.1,1.8,1.6,2.8,11.6,288,781,526,-9,-1028,-495,938,1624,928,480,550,611,196,128,147,1266,8172,8959,9980,10548,9895,9170,7692,8506,11762,13760,13544,11880,10521,7770,5211,10887
Connecticut,New Haven County,09009,2.1,3.3,2,4.8,4.7,6.7,6.1,4,1.1,0.4,0.1,-1.6,-2.8,-3.7,-2.5,0.5,1054,1672,1126,2837,2741,3564,3060,2094,717,320,78,-918,-1433,-1369,-665,331,49592,50640,55230,58655,57231,53188,49395,51156,60533,66286,65702,56863,49589,36575,25642,62561
Connecticut,New London County,09011,4.4,5.6,1.1,-0.7,8.2,4.8,1.9,5,2.7,0,-0.4,0.9,2.6,1.4,0.4,4.6,667,869,202,-130,1484,796,294,788,530,-12,-99,176,400,169,35,820,14862,15435,16984,18547,17995,16395,15466,15760,19175,22419,22241,18712,15284,11782,8179,17700
Connecticut,Tolland County,09013,8.4,18.5,14.6,52.8,79.3,-27.8,-32.9,15.4,10.7,5.9,3.2,-0.7,-4.7,-4.9,-1.4,5.5,561,1328,1233,4726,7350,-3106,-3733,1178,1047,703,386,-72,-410,-317,-60,413,6643,7174,8393,8940,9264,11148,11314,7649,9759,11844,12072,10197,8634,6455,4068,7507
Connecticut,Windham County,09015,5.6,12,10.8,16.6,4.7,-13.7,0.8,20.8,9.3,5.3,5.6,1.9,0.2,0,1.5,5.1,365,776,751,1299,381,-1114,61,1334,722,493,513,155,13,2,50,343,6429,6434,6914,7812,8058,8086,6888,6397,7717,9254,9041,7863,6525,4725,3298,6667
Delaware,State Total,10000,-2.1,3.6,6.1,12.8,16.6,7.5,5.9,9.9,6.3,6.6,8,10,17,21.4,16.8,4.6,-1265,1987,3273,7273,9053,4085,3045,5034,3646,4250,4915,5249,7623,7303,4402,2500,59235,55026,53574,56452,54222,54401,51328,50706,57252,63469,60833,52096,44710,34035,26100,54004
Delaware,Kent County,10001,2.3,17.6,17,24.3,24.9,10.4,12.1,23.8,19.8,17.1,15.9,20.1,31.7,42.9,38.5,25.5,261,1704,1622,2387,2462,1004,1043,1904,1778,1766,1524,1571,2129,2151,1510,1880,11283,9680,9496,9815,9865,9635,8558,7976,8981,10289,9584,7785,6717,5015,3923,7348
Delaware,New Castle County,10003,-4.1,-1.4,0.9,10.5,18.6,3.8,-1.3,2.2,-1.2,-0.2,0.9,-1,-2.2,-1.9,0.2,0.1,-1484,-523,327,3847,6388,1356,-466,788,-496,-115,367,-361,-651,-397,30,59,35968,34965,34712,36585,34323,35518,35280,34605,38810,41813,39940,34099,28655,20822,14758,30497
Delaware,Sussex County,10005,-0.3,7.7,14.1,10.3,2,18.6,32.9,28.8,24.9,22.8,26.7,39.5,65.8,67.6,38.5,3.4,-42,806,1323,1038,202,1724,2467,2341,2364,2600,3023,4039,6145,5549,2861,562,11983,10381,9365,10051,10033,9247,7489,8124,9460,11366,11309,10211,9337,8197,7418,16154
District of Columbia,State Total,11000,,,,,,,,,,,,,,,,,,,,,,,,,,,,,,,,,,,,,,,,,,,,,,,,
District of Columbia,District of Columbia,11001,-20.9,-30.3,-26.5,10.3,119.7,92.3,7.8,-17.3,-21.7,-13.2,-6,-6.5,-7.8,-10.2,-12.9,-19.5,-9013,-11485,-9047,3706,35225,33991,4068,-9143,-10590,-5993,-2418,-2422,-2522,-2439,-2312,-7707,42977,37882,34088,35774,29419,36822,51718,52634,48762,45200,39951,36747,31935,23824,17820,39503
Florida,State Total,12000,-1.8,5,14.8,16.4,19.4,21.4,21.7,20.6,16.3,13.6,13,15.9,26.1,33.5,26.3,-6.5,-20539,52081,146213,171699,202076,212095,201472,204183,177620,168972,154267,164387,232347,238444,159722,-106966,1140349,1040499,984634,1043259,1036404,990360,924774,988301,1083527,1241328,1185449,1031275,887873,710814,605515,1631037
Florida,Alachua County,12001,-4.8,-5.3,0.4,90.7,228.2,0.1,-57.1,-25.1,-8.5,1.6,6.7,7.8,8.2,11.9,9.5,12.2,-688,-673,57,11083,28998,36,-20517,-4406,-1171,235,963,1072,934,906,519,1310,14211,12513,11611,12211,12706,21951,35926,17534,13656,14065,14191,13613,11261,7596,5440,10672
Florida,Baker County,12003,0.4,13.8,21.3,13.7,-0.3,8,22.5,25.7,19.9,13.7,10.5,7.9,15.2,16.3,13.7,17.4,8,244,344,222,-5,144,331,381,321,253,183,123,190,147,91,166,1981,1762,1617,1623,1782,1778,1469,1482,1609,1837,1737,1553,1247,903,670,951
Florida,Bay County,12005,-5.7,-0.9,7.3,5.1,15.5,20.4,18.8,9.1,13.3,10.4,8.5,8.8,13.6,12.7,7.8,0.7,-666,-96,683,521,1567,2015,1663,865,1323,1284,1014,880,1180,860,432,84,11646,10194,9309,10205,10101,9854,8808,9492,9917,12269,11827,9941,8646,6776,5481,10731
Florida,Bradford County,12007,-0.9,3.1,0.2,-0.3,16.9,38.7,15.8,3.3,-3.5,3,2.1,2.1,10.2,18.3,7.5,0.1,-16,48,3,-5,274,668,282,63,-71,67,46,39,149,208,67,2,1739,1535,1493,1552,1620,1725,1773,1881,1989,2247,2189,1821,1463,1137,889,1776
Florida,Brevard County,12009,2.7,16.9,22,13.8,-5.9,1.6,24.3,28.5,22.1,18.7,19,21.9,31.9,33.8,27.1,-4.5,743,4178,5655,4133,-1875,467,5163,6351,6096,7073,7285,6896,8584,7799,5617,-2516,27008,24646,25613,29870,31353,28440,21212,22284,27493,37740,38149,31416,26858,23064,20687,55239
Florida,Broward County,12011,-3,-5.5,4.4,1.4,-1.2,24.9,36.2,15.7,6.1,2.2,1.2,1.1,2.4,5.1,5.4,-17.8,-3424,-6160,4766,1604,-1337,23278,30008,16614,7716,3186,1644,1307,2254,3492,2756,-26764,111323,111429,107440,111515,107255,93129,82742,105328,124867,142073,132087,111060,91166,67574,50757,150266
Florida,Calhoun County,12013,16.5,13.1,11.1,9.5,0.4,18.6,17,-0.7,-3.2,11.7,11.2,14.8,25,27.6,27,7.2,133,95,89,74,4,160,146,-7,-34,114,111,122,162,156,124,63,805,725,796,780,897,861,861,1023,1064,980,991,823,649,566,460,868
Florida,Charlotte County,12015,-2.7,18,24.3,16.8,-12,-4.2,33.6,33.8,33.2,36.9,41.6,58.1,94.6,84.7,45,-20,-159,930,1328,1044,-797,-256,1391,1604,1937,2701,3260,4432,7258,7043,4135,-6378,5893,5156,5444,6183,6629,6019,4137,4735,5824,7321,7827,7617,7672,8307,9180,31890
Florida,Citrus County,12017,5.5,31.8,42.8,26.9,-15.1,-8.8,42,49.3,45.6,48.9,51.8,69,99.5,95.4,54.8,-6.7,297,1393,1981,1503,-961,-491,1446,1967,2224,3003,3433,4304,6295,6396,3990,-1463,5412,4379,4620,5578,6329,5527,3436,3984,4878,6142,6620,6235,6322,6698,7276,21791
Florida,Clay County,12019,9,39.8,56.8,33.6,-8.1,2,52.6,64.4,48.1,29,19.6,17.1,20.4,23.9,23,41.4,1018,3914,5439,3740,-961,218,3804,5160,4628,3591,2304,1756,1821,1513,1034,2560,11244,9830,9562,11105,11839,10609,7224,8004,9608,12342,11742,10247,8921,6332,4497,6174
Florida,Collier County,12021,-8.3,-2.1,24.5,19.3,16.8,29.5,38.7,28.4,26,22.7,26,38.5,67.7,74.9,48.4,-8.5,-1605,-376,3442,2829,2260,3854,4559,3795,3880,3866,4138,5478,9173,10446,6959,-3625,19296,17890,14008,14613,13396,13034,11764,13331,14917,17006,15870,14208,13540,13939,14368,42206
Florida,Columbia County,12023,1.7,8.6,11.8,12.1,17.2,5.3,14.8,17.1,20.3,22,23.8,21.6,31.5,33.1,27.5,8,76,334,445,481,700,220,514,565,717,891,1011,804,1011,856,551,320,4295,3856,3759,3966,4067,4112,3460,3295,3533,4052,4241,3706,3201,2583,1998,4000
Florida,DeSoto County,12027,-1.1,-4.1,3.9,24.1,30.8,4.4,-13.2,-14.2,0.5,5.8,15.1,21.7,33.6,37.6,20.7,-37.9,-26,-92,76,473,640,105,-344,-360,11,121,286,356,486,522,278,-1615,2423,2224,1950,1958,2077,2383,2596,2521,2068,2073,1889,1636,1447,1388,1345,4261
Florida,Dixie County,12029,-1.7,11.2,7.6,4.9,4.4,6,22.8,9.2,30,29,32.6,49.4,60.4,61.1,27.6,-15.5,-15,90,60,41,37,53,173,73,244,282,323,407,484,424,186,-215,906,802,798,824,839,889,760,790,814,971,990,822,802,693,673,1379
Florida,Duval County,12031,-6.4,-8.3,-5.9,-1.9,17.3,32,14.7,-0.2,-2.9,-0.1,2.3,3.8,4,3.9,5.4,4.5,-4242,-5073,-3470,-1130,9848,16985,7815,-167,-1806,-128,1440,2001,1751,1176,1144,1856,65916,60914,58542,58587,56694,52961,52842,58993,60682,65764,61557,52189,42884,29591,20957,40827
Florida,Escambia County,12033,-7.3,-10.6,-8.2,15.9,35.5,-10.1,-25.6,-17,-11.1,-3.4,2.1,3.7,5.4,6.2,1.9,-6.6,-1549,-2079,-1531,3154,6958,-2392,-5972,-3443,-2190,-766,466,695,877,774,198,-1384,20989,19432,18623,19740,19588,23659,23285,20191,19606,22025,21471,18541,16156,12355,9968,20719
Florida,Flagler County,12035,12.4,104.8,161.2,129.1,45,78.7,213.3,204.2,155.9,121.1,114.1,125.9,171.8,156.7,87.6,13.7,547,2662,3438,3097,1235,1913,3230,3466,3420,3360,3457,3786,4954,4545,2820,1180,4384,2538,2132,2398,2742,2428,1514,1697,2193,2773,3027,3006,2883,2898,3218,8577
Florida,Franklin County,12037,-0.6,-0.7,3,-2.2,16.9,77.9,84,45.3,34.3,23.2,21.3,28.4,28.1,16.4,-1.4,-29.3,-4,-3,16,-11,101,429,394,237,189,166,146,185,178,101,-8,-303,615,533,522,517,598,551,469,523,550,716,685,650,635,618,558,1033
Florida,Gadsden County,12039,-7.3,-9,-6,-6.7,-19.1,-11,-0.1,0,-1.2,-1.5,6.2,7.7,11.2,10.3,6.9,-8.1,-265,-313,-190,-226,-647,-384,-4,1,-37,-53,215,251,278,195,104,-230,3624,3454,3159,3360,3377,3473,2868,2954,3024,3422,3450,3246,2482,1882,1501,2838
Florida,Gilchrist County,12041,-8.3,7.8,26.9,38.6,43,-25.7,-49.9,21.2,31.1,25,24.6,32,42.4,50.6,26.6,20.2,-85,70,230,379,449,-290,-782,157,246,235,246,277,328,330,140,198,1022,893,854,980,1044,1126,1567,742,792,941,999,866,772,652,529,979
Florida,Glades County,12043,65.8,70.9,3.1,3.6,15.6,49.9,40,19.5,21.8,26.4,11.9,43.1,50.6,60.1,48.2,-27,298,271,20,23,98,308,228,135,155,181,86,256,274,337,265,-382,453,382,640,656,628,616,569,690,712,687,726,593,542,560,551,1414
Florida,Gulf County,12045,-0.3,10.4,15.9,-9,10.9,53.4,54.9,6.2,14.7,2.5,-1.8,7.4,20.3,20.1,6.2,-8.1,-2,62,110,-73,92,433,418,67,160,34,-22,78,175,141,38,-95,671,592,697,813,843,811,762,1079,1091,1333,1237,1052,863,703,610,1169
Florida,Hamilton County,12047,-12.4,-7.7,-6.2,16.6,78.4,22.6,-16.3,-3.4,-10.9,-2.4,9.7,4.8,23.9,34.3,9.7,0.9,-114,-66,-54,136,680,201,-182,-34,-120,-26,100,46,175,178,42,7,922,855,876,822,867,889,1116,1003,1093,1088,1032,958,732,520,432,753
Florida,Hardee County,12049,-5.2,-6.2,-5.2,6.3,9.1,0.2,-18.6,-13.4,-8.8,-9.1,-5.6,-0.6,1.9,10.3,5,-39.7,-130,-147,-114,128,186,5,-389,-279,-166,-178,-95,-9,24,107,43,-986,2484,2355,2155,2033,2040,2162,2085,2087,1873,1950,1697,1466,1246,1032,870,2482
Florida,Hendry County,12051,-4.1,-9.4,-3,3.4,0.6,-7.6,-20.8,1.2,-2.5,3.7,9,1.6,5.3,15,7.5,-10.5,-144,-314,-90,104,18,-249,-719,35,-68,96,199,30,86,189,80,-222,3461,3327,2953,3063,3026,3267,3450,2720,2682,2556,2215,1869,1640,1258,1065,2097
Florida,Hernando County,12053,14.2,47.6,65.2,43,6.6,15.7,67.4,85.1,74,62.6,55.3,64.2,87.2,90.8,60.9,-9,1095,3012,3986,2953,488,1038,3153,4110,4321,4526,4224,4460,5938,5959,3972,-2095,7712,6316,6108,6864,7361,6605,4675,4827,5838,7225,7629,6938,6807,6562,6518,23261
Florida,Highlands County,12055,2.3,10.3,13.1,10.7,-4.9,-5.8,15.4,16.7,24.2,24.6,32.9,43.5,83.8,105.1,73,-17.3,117,460,577,500,-232,-279,569,608,911,1118,1500,1829,3249,4296,3307,-3228,5093,4455,4379,4654,4718,4779,3683,3643,3757,4541,4550,4203,3874,4084,4529,18596
Florida,Hillsborough County,12057,-0.8,6.7,16.2,18.4,32.3,39,29.2,19.4,15.1,12,8.8,7.7,9.8,12.4,12.7,2.5,-700,5125,11580,13575,22617,25769,19215,14198,11660,10096,6926,5156,5523,5011,3832,1592,84754,75559,71254,73674,69920,65937,65774,72826,77118,83595,78030,66763,56084,40355,30003,63556
Florida,Holmes County,12059,8.6,4.4,11.7,7.1,3.6,1.9,-3.3,-3.1,-0.8,2,17.8,21.7,17.7,27.3,25,3.2,92,48,124,85,45,24,-37,-39,-11,28,220,237,190,233,182,44,1075,1090,1061,1202,1243,1248,1138,1265,1376,1399,1234,1091,1076,853,730,1350
Florida,Indian River County,12061,0,23.7,36.6,30,-3.1,5.3,38.4,39.4,37.7,33.7,31.9,43.2,67.4,80,56.6,-2.7,-3,1362,2002,1828,-196,332,1693,1865,2101,2313,2361,2863,4061,4236,3014,-543,6772,5734,5460,6078,6270,6179,4403,4729,5565,6851,7385,6621,6020,5289,5319,19899
Florida,Jackson County,12063,-5.5,3,1.6,8.4,14.8,-6.4,4,16.1,5.9,3.4,8.5,5.5,11.3,12.8,11.4,1.5,-157,83,44,243,421,-222,125,514,196,127,295,181,304,279,191,52,2855,2708,2652,2880,2847,3446,3129,3180,3285,3687,3460,3260,2687,2172,1677,3374
Florida,Jefferson County,12065,-3.2,3.3,6.9,-6.8,-4.2,-2.7,31.3,22.7,21.4,19.7,15.3,27,22.1,34.8,33,13.1,-26,24,49,-55,-36,-24,229,170,180,191,169,260,197,217,139,118,831,748,706,810,854,874,730,748,842,970,1106,964,894,623,422,894
Florida,Lafayette County,12067,0.8,20.6,15.2,22.5,100.5,59.7,27.9,14.6,2.6,11.5,10.4,27.4,19.6,22.5,8.5,0,4,93,61,98,414,282,155,95,16,69,52,106,69,64,22,0,501,453,404,435,412,473,553,650,621,602,506,386,353,287,260,438
Florida,Lake County,12069,1.6,29,54,37.1,11.1,37.4,82,75.9,60.8,45.9,42.7,60.4,97.7,106.9,65.8,0.2,269,3891,6165,4602,1365,3938,6665,7312,6993,6405,5787,6959,10200,10778,7101,71,16592,13400,11409,12399,12209,10520,8125,9633,11494,13931,13542,11505,10437,10077,10788,32454
Florida,Lee County,12071,-1.8,22.3,42.4,42,35.9,56.3,76,61,49.6,42.4,44.2,57,87.3,92.5,53.1,-10.6,-645,6169,10124,10294,8774,12298,14141,13106,12061,12160,12514,14626,21349,21377,12388,-7579,34985,27561,23870,24463,24432,21835,18583,21464,24309,28660,28312,25656,24440,23095,23293,71415
Florida,Leon County,12073,-0.5,0.6,2.8,87.5,211.5,-1.7,-52.6,-19.8,-5.6,0,1.5,-1.1,-0.1,-0.1,2.3,12.2,-84,91,401,12540,29896,-433,-18729,-3840,-908,-7,262,-177,-13,-14,135,1229,15976,14908,14288,14330,14132,24119,35579,19299,15959,16496,16846,16149,13459,8708,5686,10057
Florida,Levy County,12075,0.6,15.2,18.5,13.2,-10.3,-8.4,33.2,30.1,21.4,33.6,32.3,44.7,54.6,42.7,24.2,-6.7,15,306,378,299,-242,-192,510,516,417,767,760,964,1096,804,406,-225,2363,2014,2047,2253,2337,2279,1534,1713,1948,2280,2352,2155,2006,1881,1676,3311
Florida,Liberty County,12077,-8.4,15.6,30.2,15.9,30.1,66,38.8,1.2,-2.1,8.2,2.1,16,7.6,11.8,-0.6,-12.6,-44,67,120,66,128,292,192,8,-14,55,13,69,27,31,-1,-50,520,430,396,418,426,443,494,679,654,673,633,430,362,267,236,395
Florida,Madison County,12079,-1.7,-1.8,-1.6,7.9,-10.1,-9.9,-7.4,-10.9,-0.6,3.9,5.8,13.4,26.7,28.8,7.2,-6.6,-22,-20,-18,97,-145,-145,-90,-143,-8,55,75,160,265,216,51,-92,1282,1104,1118,1230,1439,1464,1219,1305,1227,1388,1286,1187,994,749,706,1393
Florida,Manatee County,12081,-2.1,10.4,19.4,14.7,5.4,24,38.7,30.8,26.4,24.7,27.3,37.4,62.5,72.4,45.9,-11.9,-421,1728,3022,2304,837,3275,4552,4155,4028,4307,4773,5851,8842,8961,5443,-4880,19548,16614,15504,15573,15297,13617,11763,13454,15235,17416,17427,15641,14147,12364,11835,40796
Florida,Marion County,12083,-0.4,18.3,28.6,21.3,0.3,11.3,43.5,40.3,36.9,30.6,31.3,44,82.7,106,77,5.2,-87,2727,4014,3310,54,1696,4696,4896,5115,5138,5351,6449,11015,12943,9358,1884,17857,14862,14014,15473,16381,14993,10784,12125,13835,16764,17047,14635,13314,12209,12151,36127
Florida,Martin County,12085,-0.6,14.7,33.2,11.9,-8.2,8.9,33.3,38.4,39.7,29.1,27.9,30.7,42.5,55.6,40.8,-9.8,-45,894,1934,822,-578,537,1531,1891,2471,2427,2477,2429,3163,3712,2583,-2223,6511,6076,5816,6879,7042,5975,4590,4918,6209,8334,8850,7901,7442,6665,6319,22603
Florida,Miami-Dade County,12086,-3.3,-7.8,0,4.8,13,16.8,17.6,14.3,8.8,4.8,1.1,0.7,1.1,3,3.1,-7.3,-5549,-12615,-130,7790,20644,25658,25916,23795,15577,9465,1934,1052,1402,3022,2590,-13161,164134,160231,152671,159901,158431,152339,146563,165607,176150,193443,168958,147625,122283,97719,83380,177961
Florida,Monroe County,12087,-8.1,-20.8,-18.3,-16.1,-3.6,32,16.8,0.4,-3.8,-7.9,-8.3,-5,-4.5,-8.3,-18.5,-38.4,-295,-764,-661,-620,-145,1154,613,21,-215,-539,-604,-357,-291,-415,-696,-2973,3624,3657,3598,3844,3926,3606,3638,4601,5541,6763,7241,7050,6440,4987,3762,7724
Florida,Nassau County,12089,1.5,22.9,30.5,15.5,-9.7,3.3,36.6,43.5,30.6,23.6,27.2,30.7,44.2,39.7,28.2,16.4,64,812,1127,613,-420,124,1026,1390,1147,1086,1243,1305,1653,1222,666,633,4037,3546,3688,3940,4325,3699,2799,3194,3743,4599,4562,4247,3737,3078,2357,3849
Florida,Okaloosa County,12091,-9.6,-11.8,-5.1,0.3,14.9,18,-3.8,-10.1,-5.1,0,0.2,0.7,3.1,4.4,2.9,-4.5,-1279,-1469,-575,42,1782,2131,-447,-1171,-610,-5,28,86,298,326,185,-521,13281,12445,11249,11724,11954,11788,11767,11595,11882,14771,13854,11156,9613,7267,6186,11576
Florida,Okeechobee County,12093,0,-7.1,10.4,15.7,1.4,-3.9,9,8.5,10.5,7.9,11.1,19.1,23.6,37.4,25.5,-16.2,-1,-196,244,389,35,-107,209,195,242,199,270,371,417,566,364,-559,2787,2773,2346,2477,2524,2739,2324,2277,2305,2523,2416,1943,1767,1510,1425,3431
Florida,Orange County,12095,-5.1,2.7,17.2,32.6,70.7,54.3,20.2,13.6,10,8.3,7.6,6.9,8.1,8.3,7.2,-2.3,-4246,1998,11009,21538,44171,33612,14255,10059,7551,6616,5451,4075,3810,2735,1759,-1180,81763,72638,63965,65980,62466,61839,70565,73587,75049,79417,71478,58744,46897,32792,24373,49866
Florida,Osceola County,12097,-3.8,28.9,68.6,59.4,37.8,46.9,61.2,62.4,56.9,45.5,38.2,38.5,39.8,41.8,37.3,11.8,-752,4284,8372,7938,4994,5718,6900,7574,7382,6513,5078,4271,3768,2990,2005,1274,19487,14812,12199,13352,13181,12180,11261,12130,12952,14311,13288,11094,9447,7152,5368,10718
Florida,Palm Beach County,12099,-2.3,4.6,17.4,13.3,8.8,26.7,43.4,33.1,21.2,13,10.9,14.4,27.2,39,37.9,-2.3,-1758,3259,11404,9270,6064,16119,22122,19838,15281,11091,9087,10259,16546,19549,16395,-3670,75723,70405,65512,69435,68718,60200,50947,59901,72014,85185,83202,71038,60785,50094,43246,157566
Florida,Pasco County,12101,3.6,36.4,51.2,37.1,12.2,35.8,97.2,90.2,61.1,47.9,46,52.1,71.4,77.8,55.1,-14.3,925,7363,9621,7382,2434,6233,12807,14089,11808,11108,10109,10040,12782,12071,8099,-7588,25664,20188,18785,19879,19838,17397,13169,15603,19308,23162,21944,19259,17880,15509,14698,52702
Florida,Pinellas County,12103,-2.9,-4.8,-0.7,-3.1,-6.5,11.9,18.7,4.8,3.8,5.1,6.7,8.3,15.4,18.2,13.6,-17,-1322,-2214,-329,-1624,-3303,5524,7667,2424,2223,3521,4729,5236,8642,8063,5064,-20153,45193,45691,47098,51351,50620,46168,40961,49812,57091,68996,69760,62798,56035,44267,36989,118402
Florida,Polk County,12105,3.2,15.2,21.1,20.3,10.9,15.9,30.7,29.9,22.5,20,21,28,43.7,55,41.4,-9.3,1287,5257,6866,6819,3634,5068,8340,8511,6804,6766,6875,8020,11189,11753,7947,-4880,39234,34511,32415,33548,33124,31807,27115,28432,30201,33795,32685,28627,25574,21365,19166,52146
Florida,Putnam County,12107,-3.3,-0.4,3.9,-1.3,-18.6,-13.6,7.8,12.8,9.9,19,17.7,24.8,26.9,30.5,12.7,-18.4,-167,-22,179,-67,-934,-638,276,442,374,849,859,1072,1098,1032,392,-1377,5036,4572,4495,4930,5005,4681,3526,3442,3754,4453,4828,4323,4079,3382,3086,7448
Florida,St. Johns County,12109,18.4,75.8,93.2,56.9,15,19.1,70.3,103.3,91.9,60.4,43.7,39.3,53.2,52.3,42.4,20.9,1620,5381,6372,4623,1293,1487,3908,6085,6557,5894,4548,3795,4466,3352,2024,2251,8790,7090,6834,8123,8601,7750,5553,5887,7133,9753,10397,9657,8395,6400,4767,10757
Florida,St. Lucie County,12111,3.6,41.5,58.9,38.9,15.1,34.7,84.5,85,63.9,48.9,43.4,50,72.6,85.6,60.6,-2.7,607,5035,6587,4888,1950,3892,7100,7781,7007,6565,5862,5756,7289,7238,5086,-718,16521,12121,11169,12565,12850,11192,8403,9143,10956,13413,13482,11495,10033,8451,8381,26555
Florida,Santa Rosa County,12113,4.7,26.5,33.3,22.6,-4.9,16.9,65,44.9,33.3,22.5,15.5,15.1,24.6,25.4,19.8,5.5,430,2066,2654,1918,-460,1389,3605,3064,2749,2386,1573,1284,1697,1375,852,387,9045,7783,7965,8466,9370,8209,5542,6823,8248,10598,10150,8485,6878,5396,4303,6980
Florida,Sarasota County,12115,-0.5,12.8,34.1,20.4,-2.1,14.6,40.7,36.6,29.8,28.5,28.3,36.4,62.9,71.4,49.6,-6,-81,1833,4537,3069,-337,2043,4486,4748,4693,5503,5855,7238,11750,12889,8891,-3821,15234,14221,13276,15032,15651,13927,11003,12966,15733,19304,20688,19834,18674,18049,17899,63389
Florida,Seminole County,12117,4.2,14,21.1,15.1,14.7,18.2,24.8,15.9,13.3,8.7,1.9,-1.9,-2.4,-1.7,0.8,11.1,982,3204,5055,4003,3993,4435,5327,3834,3684,2789,630,-552,-596,-282,89,2305,23294,22782,23942,26495,27060,24288,21427,24018,27569,32012,31801,27912,23907,16498,11099,20619
Florida,Sumter County,12119,-10.7,1.6,7.8,2.5,2.3,25.3,58.8,40.1,25.5,21.6,41.2,134.5,352,392,207.6,55.3,-280,39,171,61,57,610,1337,1121,751,743,1290,3675,9152,11626,8015,4887,2606,2331,2188,2444,2417,2406,2272,2789,2937,3428,3130,2732,2600,2965,3859,8827
Florida,Suwannee County,12121,5.4,11.2,19.9,12.2,-0.4,-3.2,18.9,26,28.1,26.7,26.1,24.7,33.6,42.1,25.6,19.5,137,264,433,285,-9,-82,362,486,546,606,619,542,707,731,396,553,2529,2355,2178,2330,2292,2549,1914,1868,1944,2265,2364,2191,2102,1734,1544,2826
Florida,Taylor County,12123,-4.9,4.1,1.5,-4.7,4.8,28,27.7,21.7,27.1,22.7,22.3,22.3,27.8,24.4,40.1,-0.8,-69,47,17,-61,68,377,295,275,327,328,312,296,319,233,270,-12,1399,1154,1180,1298,1403,1346,1065,1268,1205,1440,1400,1323,1147,956,673,1378
Florida,Union County,12125,-0.6,9.6,15.1,16.5,26.6,46.7,43.5,4.7,-15.7,-14.9,8,43,64.6,60.1,47.2,27.8,-5,68,115,125,228,417,353,51,-198,-224,98,398,404,238,126,112,858,707,764,756,858,893,811,1090,1256,1502,1225,927,625,395,267,402
Florida,Volusia County,12127,-1.8,8,19.7,21.1,17,-2.2,2.6,20.3,18.7,20.2,20.5,23.8,36.6,42.1,25.5,-7.5,-466,1873,4448,5352,4514,-605,658,4570,4704,6122,6397,6758,9310,8723,4859,-4108,25730,23198,22474,25331,26458,26879,24469,22429,25080,30271,31170,28337,25412,20678,19011,54347
Florida,Wakulla County,12129,12,39.5,39,19.5,-1.8,29.1,97.4,76.1,43.1,35.3,19.9,21.8,24.7,21.9,7.5,2.6,192,571,547,306,-33,482,1090,1040,724,703,411,368,347,223,60,31,1600,1445,1403,1568,1815,1656,1119,1365,1679,1987,2065,1686,1405,1018,802,1175
Florida,Walton County,12131,0.3,30,30.6,20.7,18.9,50.3,74.1,50.7,42.7,35.3,40.3,37.1,52.4,40.7,21.7,-2.6,11,735,683,529,471,1204,1452,1207,1059,1118,1261,1064,1309,901,409,-95,3451,2450,2232,2545,2486,2391,1958,2380,2475,3165,3126,2862,2495,2213,1880,3560
Florida,Washington County,12133,10.6,26.9,11.4,16.5,14.5,15.6,50.9,38,20.3,24.4,20.6,24.9,24.3,29.9,14.2,-13.1,143,300,150,222,196,212,571,470,302,379,322,317,294,311,119,-226,1345,1115,1314,1348,1345,1360,1119,1237,1484,1553,1563,1272,1207,1040,835,1717
Georgia,State Total,13000,-1.3,4.8,11.3,12.6,15,17.8,13.3,10.4,7.2,5.5,5.1,4.8,7.1,9.7,9.9,8.2,-9454,32683,70234,78689,89596,104075,79141,66539,47383,38068,32860,26165,32783,31364,22478,32266,722556,668970,619449,622346,596270,582843,590905,638143,655472,688599,635152,543940,456470,321076,226976,391032
Georgia,Appling County,13001,3.9,2,1.1,-1.4,-17.8,-18.2,3.3,3.9,5,2.3,6.4,2.4,11.1,11.8,6.9,-0.2,51,26,14,-18,-222,-253,35,45,56,29,82,27,115,91,39,-2,1304,1271,1316,1255,1247,1387,1056,1160,1119,1290,1281,1125,1037,769,575,962
Georgia,Atkinson County,13003,-15.6,-21.6,-9,1.9,-5.4,-4.6,4.2,-3.2,2,0.7,4,10.8,18.1,5.2,27.5,-3,-137,-180,-67,12,-31,-28,24,-18,12,4,20,45,61,15,54,-10,879,837,749,631,581,607,562,580,572,573,502,415,341,300,196,327
Georgia,Bacon County,13005,7.8,11,-1.2,-4.1,-0.2,-5.7,16.4,13.8,1.9,4.8,12.5,15.4,15.2,20.5,20.6,4.8,62,80,-9,-28,-1,-41,114,94,13,33,81,103,82,81,68,27,792,723,788,699,695,730,697,681,719,677,647,670,541,395,331,560
Georgia,Baker County,13007,42.6,16,-26.9,-31.4,-34.5,-36.4,-35.6,-18.9,-12.8,-10.3,-6.2,11.1,-1.2,3.8,-15.4,-25.8,68,30,-82,-100,-111,-104,-102,-47,-33,-30,-17,27,-3,6,-22,-81,160,193,305,319,323,286,285,248,257,293,277,250,244,168,144,313
Georgia,Baldwin County,13009,2,1.8,0.9,52.2,113.8,-23.4,-42.3,-25.2,-19.7,-13.2,-8.2,-6.2,3.5,5.1,-2.8,-3.6,56,49,22,1409,3087,-940,-1886,-846,-668,-493,-284,-187,87,92,-39,-86,2818,2619,2384,2699,2711,4010,4452,3353,3376,3725,3463,3000,2454,1792,1379,2338
Georgia,Banks County,13011,10.5,37,22.3,26.2,2.9,3.6,25.9,36.2,21.9,29.7,20.8,22.4,29,30.8,14.1,-4.5,111,358,250,274,30,35,228,362,234,343,224,214,246,216,68,-38,1057,968,1123,1047,1019,963,882,999,1067,1155,1075,955,849,701,487,843
Georgia,Barrow County,13013,1.2,25.8,30.7,19.8,16,81.4,99.7,40.3,19.9,22.2,29.4,34.2,42.2,39.1,42.4,35.8,75,1167,1216,765,560,2378,2767,1556,838,909,998,915,969,635,476,675,5953,4518,3948,3863,3485,2920,2775,3857,4195,4096,3388,2675,2294,1621,1122,1884
Georgia,Bartow County,13015,1,6,24.6,14.7,4.3,29.9,52.4,28.6,21.6,19.2,20.4,21.6,22.2,27,28.3,26,77,435,1516,918,253,1464,2277,1665,1365,1245,1209,1043,939,804,578,852,7145,7206,6153,6235,5800,4883,4340,5807,6292,6469,5907,4827,4218,2977,2041,3267
Georgia,Ben Hill County,13017,-10.4,-12.8,-7.4,-8.1,-21.7,-14.3,-8,-8,-2,2.8,5,1.5,12.2,9.3,6.3,2.1,-168,-191,-99,-105,-297,-193,-93,-93,-22,33,60,17,109,67,35,22,1620,1482,1336,1296,1368,1353,1158,1160,1114,1142,1201,1166,897,720,560,1044
Georgia,Berrien County,13019,-2.6,8.7,12.5,9.5,-6.4,0.4,19.6,16.9,16.7,17.8,20.1,21.2,27.9,20.7,23.4,11.3,-37,115,149,118,-80,4,190,185,188,212,229,202,247,154,130,108,1405,1307,1195,1238,1244,1157,968,1093,1126,1191,1135,954,887,743,554,950
Georgia,Bibb County,13021,-8.7,-12.2,-9.2,-1.5,4.1,-1.8,-7.6,-10.1,-7.8,-4.8,-1.8,-1.7,-1,-1.9,3,-4.4,-1143,-1539,-1098,-178,463,-201,-807,-1105,-806,-542,-210,-178,-87,-117,132,-425,13049,12560,11931,11810,11189,10999,10574,10887,10264,11292,11244,10107,8474,5991,4396,9605
Georgia,Bleckley County,13023,-6.9,3.2,6,89.1,27.9,-41.4,-12.4,9.2,5.6,8.5,12.6,0.9,9.7,17.6,11.5,16.6,-58,24,46,777,241,-473,-94,58,42,74,95,6,60,88,47,129,837,748,773,872,863,1142,755,627,743,865,751,700,623,502,411,775
Georgia,Brantley County,13025,47.5,112.9,29.2,12.8,-6.6,-6.6,33.7,26.5,32,18.7,26.4,27.7,26.5,35.7,29.5,11.3,439,686,324,144,-78,-71,282,258,318,217,278,262,224,218,129,86,924,607,1109,1127,1178,1084,836,972,995,1157,1052,945,843,610,437,757
Georgia,Brooks County,13027,12.4,18.9,-10.5,-9.8,-22.9,-24.1,-9.7,-0.7,-2.5,8.8,2.8,14.5,12.5,22.1,6.7,-5.8,125,167,-118,-124,-289,-306,-95,-8,-26,95,34,137,120,151,39,-67,1009,883,1122,1256,1260,1265,970,1020,1045,1081,1219,944,962,683,586,1148
Georgia,Bryan County,13029,-2,24.4,36.3,18.6,-27.4,-8.8,58.2,54.3,37,19.9,6.2,7,13.1,10.2,20.4,47.8,-48,495,678,368,-593,-169,708,774,621,424,131,121,172,90,112,342,2320,2024,1866,1981,2162,1916,1216,1425,1680,2126,2099,1729,1310,882,549,715
Georgia,Bulloch County,13031,4,16.7,10.9,144.9,273.5,-30.1,-59.2,4.3,12.4,10.4,9.5,12.3,16.5,19.8,12.6,3.1,168,584,372,4999,9870,-2163,-5615,155,393,370,322,367,398,358,175,81,4175,3493,3388,3449,3607,7183,9472,3563,3152,3535,3397,2975,2415,1808,1380,2551
Georgia,Burke County,13033,6.9,0,-4.6,-10,-22.5,-23.2,-4.9,10.4,3.2,6.6,6.9,2.7,18.2,12.4,10.6,9,119,0,-86,-200,-437,-434,-66,135,44,107,111,41,204,108,64,91,1721,1909,1860,1993,1935,1871,1346,1297,1361,1613,1604,1514,1121,872,608,1007
Georgia,Butts County,13035,-17.4,-5.6,16.4,14.9,20.1,32.2,28,19,13,5.6,5.8,10.9,22.8,18.3,18.7,51.3,-310,-90,212,198,272,423,347,271,195,101,95,151,245,165,109,408,1782,1588,1286,1325,1350,1311,1241,1426,1492,1787,1632,1381,1073,900,585,794
Georgia,Calhoun County,13037,-15.4,-12.7,-12,-3.8,15.5,36,-0.2,14.6,0.8,-2.3,-3.3,-4,13.3,4.2,3.1,15.4,-69,-58,-47,-14,61,147,-1,68,4,-13,-17,-18,42,8,5,54,452,460,396,377,394,409,543,467,532,592,515,460,319,207,166,349
Georgia,Camden County,13039,-4.2,-5,-6.8,-3,27,23.1,-25.3,-13.2,-10.3,-8.5,3.5,11,23.6,50,45.4,42.6,-182,-197,-271,-121,1057,779,-1086,-496,-384,-333,116,260,440,610,367,452,4298,3909,3946,3995,3911,3369,4285,3743,3717,3881,3244,2363,1864,1220,808,1060
Georgia,Candler County,13043,-4,-8.4,8,8.3,0.3,-3.4,3,8.4,12.3,18.5,25.2,32.7,27.6,36.7,33.7,-7.8,-34,-74,57,56,2,-23,19,53,72,116,145,180,152,147,98,-54,854,888,713,678,757,693,629,631,587,629,575,550,550,401,291,687
Georgia,Carroll County,13045,-7.4,3.5,21.1,40.5,61,4.6,-2.7,16.3,15.9,16.5,13.6,17.3,17.1,16,15.5,24.5,-648,271,1353,2653,3751,338,-207,1043,1009,1083,843,909,794,567,413,956,8725,7676,6390,6544,6143,7290,7472,6377,6331,6528,6163,5246,4623,3526,2656,3889
Georgia,Catoosa County,13047,12.9,20,24,7.3,-7.5,10.5,38.6,24.8,16.9,9.3,9.8,12.9,16.1,18.2,19.6,9.5,481,744,905,295,-290,355,1162,921,678,406,393,457,507,440,355,309,3720,3716,3761,4038,3861,3356,3010,3699,3993,4339,3984,3520,3152,2412,1807,3250
Georgia,Charlton County,13049,4,8.4,2.8,8.9,-4.1,9.7,14.6,29.5,26.9,5.3,18.6,15.1,28.4,33.9,24.8,20.9,29,54,19,68,-36,79,110,209,203,49,152,87,140,131,85,101,722,642,699,757,865,824,753,708,752,935,818,575,493,386,345,481
Georgia,Chatham County,13051,-3.7,-7.8,-6.5,11.2,59.3,42.6,-1.3,-7.2,-2.3,1.4,5.1,7.7,9.2,10.4,4.4,-4,-748,-1413,-1073,1897,9560,6883,-255,-1265,-382,247,862,1132,1182,984,318,-620,19981,18031,16381,16940,16113,16133,18821,17554,16130,17073,16777,14541,12823,9409,7198,15387
Georgia,Chattahoochee County,13053,35.6,-27.1,-42.4,-21.7,92.9,-0.6,-68.9,-62,-66.5,-67.1,-53.6,-25.9,18.8,6.3,37.1,6.3,291,-335,-551,-296,1078,-9,-2166,-1213,-1066,-841,-346,-75,36,7,37,9,817,1236,1298,1366,1159,1466,3144,1956,1602,1252,645,292,194,121,99,141
Georgia,Chattooga County,13055,-1,0.4,-0.2,-1.7,1.5,5.4,-7.3,-3.5,-0.7,1.4,6,5.8,11,6.8,1.1,-8,-16,6,-4,-27,24,89,-134,-66,-14,25,113,91,157,76,9,-148,1646,1617,1718,1587,1578,1648,1829,1873,1839,1832,1884,1561,1418,1121,870,1840
Georgia,Cherokee County,13057,-0.7,28.6,36.4,20.7,3.7,45,102.6,83.8,38.7,21.9,14.9,18.7,26.7,40,40.1,72.8,-124,3902,4414,2429,410,4006,7546,8107,4922,3132,1989,1928,2293,2164,1412,2958,16469,13610,12095,11713,10936,8885,7354,9674,12718,14299,13324,10311,8584,5411,3516,4060
Georgia,Clarke County,13059,-10.1,-18.2,-11.2,128.1,467.2,3.5,-64.1,-34,-20.9,-9.8,1.1,1,1,6.7,9.3,6.2,-819,-1284,-619,6620,21797,396,-14941,-3337,-1427,-567,60,51,45,194,195,264,8068,7024,5513,5166,4664,11091,23298,9815,6802,5783,5189,4861,4144,2885,2098,4249
Georgia,Clay County,13061,-15.6,-32.6,-14.9,-19.2,-26.8,-39.8,-8.2,19.3,-21.1,35.5,11.5,15.1,25.9,29.4,10,-20.1,-39,-97,-34,-46,-64,-104,-13,23,-37,53,25,34,59,43,14,-68,252,298,230,242,239,263,163,121,178,151,222,229,228,148,144,337
Georgia,Clayton County,13063,-1.4,-4.6,-2.9,-4.7,4.1,22.1,12.3,-5,-9.6,-10.1,-6.4,-8.2,-11.9,-14.2,-15.1,-17,-331,-1034,-617,-991,792,3788,2218,-1102,-2112,-2178,-1168,-1213,-1397,-1100,-753,-1302,23297,22029,20643,21037,19281,17071,17939,21952,21918,21434,18159,14757,11692,7705,4984,7629
Georgia,Clinch County,13065,5.6,-10.4,-10.6,-8.6,-15.3,-20.9,-5.8,0.1,-15.2,-12,-0.9,-1,14.9,19.8,0,-16.9,28,-62,-55,-45,-82,-104,-24,0,-72,-64,-4,-4,52,53,0,-69,515,596,519,527,538,499,415,458,476,537,480,470,354,267,201,407
Georgia,Cobb County,13067,-5.2,-4.5,6.4,4.5,4,31.3,26.6,0.5,-2,-3.8,-6.7,-9.6,-11,-10.3,-4.6,11.4,-2767,-2387,2930,2046,1779,12143,10856,297,-1128,-2195,-3581,-4307,-4124,-2471,-687,2449,53004,52344,45710,45353,43532,38700,40694,54801,55594,57589,52988,44674,37401,23872,14922,21435
Georgia,Coffee County,13069,-2.2,-1.2,2.1,5.3,5.8,0.8,4.5,9.7,3.7,5.3,2.6,7.8,14.6,19.2,10.5,5.6,-75,-39,64,161,167,25,129,268,106,152,70,180,273,262,112,99,3312,3105,3051,3002,2878,2941,2815,2745,2849,2868,2701,2306,1871,1362,1067,1751
Georgia,Colquitt County,13071,1.6,2.4,-1.5,5.8,-2.3,-5.6,-1.8,2.3,1.9,3.5,3,3,3.5,10.8,3.8,-5.5,64,82,-52,183,-75,-186,-53,69,59,103,82,78,77,188,51,-147,3888,3413,3321,3136,3167,3278,2992,2920,2986,2937,2723,2535,2209,1738,1330,2656
Georgia,Columbia County,13073,15.6,47,55.3,22.9,-13.4,7.4,92.7,84.5,47.4,23.5,13.5,8.5,13.1,17.2,25.2,50.7,1158,3039,3554,1742,-1053,517,3795,4072,2935,1916,1098,641,774,667,614,1686,7411,6462,6424,7577,7827,6926,4092,4816,6181,8143,8090,7485,5879,3879,2436,3319
Georgia,Cook County,13075,-1.2,11.5,5.2,-3.5,-14.5,-0.8,5.4,1.9,9.5,3,7,16.3,15.5,19.4,8.1,-2.3,-16,134,66,-43,-188,-8,55,20,101,35,73,142,130,119,47,-23,1369,1165,1269,1215,1296,1076,1023,1064,1062,1158,1043,873,838,614,584,959
Georgia,Coweta County,13077,8.4,26.4,30.8,16.9,-3.9,39.1,79.6,50.6,30.5,28,27.3,27,27.6,28.9,34.9,52.8,748,2056,2328,1277,-276,2229,3756,3282,2386,2220,1922,1576,1458,1092,850,1726,8846,7775,7557,7540,6953,5692,4714,6483,7821,7902,7018,5836,5269,3771,2431,3267
Georgia,Crawford County,13079,21.4,22.1,-4.1,-14.3,-28.5,-24,-0.6,-3.9,4.6,2,7.1,7.8,14,8.4,6.9,-5.5,132,140,-35,-143,-290,-212,-4,-33,41,22,72,65,104,47,30,-34,618,636,866,1000,1019,885,672,840,903,1080,1013,840,745,563,430,611
Georgia,Crisp County,13081,-2.4,2.1,-6.2,-8.4,-19.4,-13.4,-3.2,0.8,6.8,6.5,11.2,17.8,22.6,19.7,9,10.7,-43,36,-112,-155,-335,-226,-44,12,92,100,169,250,274,165,61,146,1805,1657,1788,1842,1727,1681,1377,1390,1359,1527,1503,1400,1211,838,681,1355
Georgia,Dade County,13083,7.6,4.8,11,36.8,31.9,-28.3,-16.5,1.5,11.4,17.1,10.5,6,14,9.3,19.1,7.3,66,44,102,384,325,-356,-185,14,108,174,122,65,124,67,96,67,870,912,921,1044,1019,1258,1123,957,944,1016,1162,1079,889,727,502,911
Georgia,Dawson County,13085,-9.1,3.4,30.1,9.2,27.7,39.5,54.7,38.7,22.8,23.7,25.4,41.3,54,55.5,32.5,48,-132,47,349,111,297,364,459,412,286,347,321,449,583,469,197,320,1447,1409,1159,1202,1073,922,839,1063,1253,1461,1260,1086,1079,844,604,666
Georgia,Decatur County,13087,-6.5,-4,-8.7,-8.6,-22,-18.5,-3.5,-3.3,-2.4,0.5,0.4,-1,5.8,9.1,7,-3.6,-136,-82,-197,-193,-496,-396,-62,-61,-44,10,8,-19,81,100,61,-66,2075,2031,2254,2247,2254,2129,1741,1820,1860,2076,1987,1848,1392,1101,867,1788
Georgia,DeKalb County,13089,-6.8,-14.1,-13.6,-6.9,20.2,42.9,8,-14.3,-19.7,-16.7,-12.1,-10.9,-10,-11.1,-12.8,-14.4,-3852,-7563,-6780,-3296,8836,18790,4360,-9416,-12872,-10289,-6397,-4913,-3594,-2635,-2111,-4513,56340,53282,49577,47484,43538,43773,54309,65849,65017,61252,52710,45009,35910,23608,16459,31149
Georgia,Dodge County,13091,1.1,6.1,8.4,35.8,7.2,-14.7,20.4,17.3,12.6,11,11.7,13.1,19.3,22.1,20.2,3.4,16,76,104,485,98,-230,228,217,180,158,167,159,197,172,135,41,1384,1242,1234,1351,1358,1559,1118,1254,1420,1429,1430,1215,1022,775,669,1198
Georgia,Dooly County,13093,8.6,1.4,8.5,11,8.2,24.6,25.9,27.9,30.3,26.4,28.4,32.8,52.9,52.3,48.6,22.1,71,13,69,88,68,211,222,217,254,237,257,265,333,242,172,147,820,877,814,798,827,856,857,779,838,895,904,810,629,462,353,664
Georgia,Dougherty County,13095,-10.9,-11.6,-14.3,3.6,18.4,-16.2,-25.2,-20.3,-13.8,-5.8,-4.4,-2.4,-2.8,-6.6,-3.7,-13.9,-917,-894,-1098,275,1327,-1324,-2019,-1427,-862,-378,-285,-145,-145,-244,-105,-851,8356,7661,7678,7486,7207,8151,7994,6997,6236,6492,6426,6044,5157,3689,2808,6107
Georgia,Douglas County,13097,4.8,39.2,55.2,38.5,5.4,28.9,65,69,44.5,24.4,18.8,13.4,8.3,11.9,17.7,23.3,466,2949,3866,2817,392,1884,3708,4577,3395,2070,1430,872,462,462,428,752,9660,7506,6997,7305,7144,6513,5699,6626,7614,8451,7589,6506,5555,3870,2421,3224
Georgia,Early County,13099,-15.8,-10.6,-9.3,-11.9,-43,-38.9,-4,-8.6,-4.6,-8.5,-8.1,-1.5,6.8,7.5,-6,-18.4,-139,-97,-84,-116,-449,-361,-25,-59,-33,-70,-70,-11,40,39,-28,-178,883,913,908,975,1045,927,645,692,731,828,871,737,595,518,462,967
Georgia,Echols County,13101,123.6,254.1,-10.6,12.5,1.3,-2.8,-9,-5.4,-15.7,-10.6,0,-7.6,-2.2,-9.1,-1.3,-16.9,208,241,-33,35,3,-9,-30,-17,-47,-30,0,-16,-3,-11,-1,-34,168,95,312,283,293,349,335,320,298,290,231,221,168,130,108,201
Georgia,Effingham County,13103,12.1,51.3,49.1,31.2,-11.2,12.9,72.8,62.9,42.8,25.1,17.6,12.4,22,23.7,13.2,19.3,409,1419,1452,982,-361,374,1496,1521,1188,854,563,329,444,348,142,274,3372,2767,2953,3147,3222,2888,2053,2418,2775,3404,3196,2642,2014,1469,1073,1413
Georgia,Elbert County,13105,-7.7,-5.7,-1.9,-4.9,-22.8,-24.3,-4.9,-8,-0.1,6.1,-1.6,3.8,10.3,9.6,17.9,2.1,-114,-76,-27,-72,-348,-358,-59,-101,-2,85,-25,50,122,86,129,32,1475,1313,1357,1459,1527,1472,1201,1257,1332,1382,1493,1312,1183,893,724,1499
Georgia,Emanuel County,13107,1.2,-3.5,2.1,0,-16.9,-19.4,-6.2,5.9,5,4.3,10,7,10,13.2,12.5,1.3,21,-57,33,1,-302,-377,-96,76,65,66,143,93,121,118,88,18,1694,1641,1530,1553,1786,1940,1546,1285,1292,1529,1420,1328,1208,896,703,1315
Georgia,Evans County,13109,-13.4,-7.6,-6.5,-8.6,-8.3,-2.8,-6.3,-0.4,-0.4,-6.9,-2.1,-4.9,17.3,30.8,22.6,9.3,-136,-71,-49,-68,-69,-23,-48,-3,-3,-56,-15,-32,83,110,68,56,1020,938,749,789,832,828,759,725,712,808,757,660,483,356,301,599
Georgia,Fannin County,13111,-2.9,3.5,21,11.8,-13.9,-10.3,15.1,19.2,22.8,37.1,44.2,46.3,51.1,54.4,33.8,7.2,-35,43,231,129,-170,-114,142,198,251,471,584,626,699,616,325,143,1198,1238,1101,1095,1226,1113,939,1028,1102,1271,1320,1351,1365,1132,960,1971
Georgia,Fayette County,13113,19,62.4,69.8,20.4,-45.9,-45.5,12.7,77,68.7,34.1,7.4,-3.9,-6.2,-1.8,8.9,34.8,813,2889,3854,1514,-3953,-3290,469,2676,3406,2586,675,-333,-468,-90,264,1413,4267,4630,5516,7391,8607,7218,3682,3473,4958,7565,9016,8373,7554,4868,2937,4054
Georgia,Floyd County,13115,0.7,-1.2,4.3,13.9,4.2,-6,-14.3,5.2,1.7,2.5,2.9,5.5,9.5,5.8,8.3,1.4,51,-86,269,883,265,-387,-970,313,109,164,192,317,463,226,249,88,6721,6709,6197,6349,6272,6442,6757,5999,6171,6577,6458,5769,4851,3884,3008,6135
Georgia,Forsyth County,13117,25.9,63.2,59.5,34.4,0.1,59.7,173.6,140.1,73.8,42.8,33.2,33.3,38.4,37.7,45.4,90.2,2890,6501,5774,2776,11,3043,7152,9129,7273,4666,2927,2230,2210,1615,1233,2685,11125,10278,9690,8048,6592,5093,4118,6514,9854,10898,8795,6691,5750,4275,2715,2976
Georgia,Franklin County,13119,-11.6,0.9,6.5,8.6,6.8,-12.2,-7.6,11,10.6,9.4,15,23.2,20.1,23.8,19.7,-0.9,-176,13,86,122,91,-173,-97,131,138,133,213,280,233,235,148,-15,1507,1377,1329,1418,1328,1414,1280,1193,1305,1412,1416,1204,1159,983,752,1591
Georgia,Fulton County,13121,-8.7,-7.7,0.8,6.2,34.4,51.8,15.5,-5.7,-4.3,-3.8,-3.7,-7.1,-8.5,-8.4,-4.5,3.3,-6248,-5208,521,3651,18345,27861,10054,-4484,-3147,-2738,-2428,-3971,-3955,-2561,-913,1166,71276,67268,59355,58805,53182,53686,64821,78316,73030,70986,64001,55384,46240,30465,19910,35001
Georgia,Gilmer County,13123,-10.5,-4.3,2.3,7.9,-8.7,1,10.4,11.8,10.4,19,29.1,47.7,46.6,47.2,31.5,8.5,-204,-77,41,126,-129,15,147,183,166,324,476,687,694,602,315,139,1937,1775,1742,1586,1477,1465,1411,1549,1598,1709,1632,1437,1489,1274,1001,1633
Georgia,Glascock County,13125,10.7,38.5,39,25.6,3.1,-5.8,43.8,37.8,32.4,33.7,24.7,23.3,24.4,16,11.3,9.4,19,61,69,42,4,-10,58,53,50,57,46,37,32,20,9,19,185,160,178,166,146,173,133,140,154,169,188,160,133,128,79,202
Georgia,Glynn County,13127,-0.5,10.5,15.4,8.9,0.4,3.6,26.4,21.9,21.3,18.1,16,14.1,19.2,24.2,16.6,0.1,-33,517,706,423,21,172,981,886,891,894,804,663,815,776,407,8,5586,4879,4575,4740,4842,4763,3705,4035,4173,4932,5002,4703,4228,3204,2451,5041
Georgia,Gordon County,13129,-0.2,4.7,23.6,23.9,6.1,17.6,23,17.3,15.6,18.5,14.5,15.7,16.7,19.3,13.7,12.7,-10,191,776,779,191,530,682,593,543,647,456,438,414,369,196,279,4280,3995,3283,3258,3134,3002,2962,3415,3464,3482,3129,2777,2472,1906,1421,2190
Georgia,Grady County,13131,-4.4,-4,-1.3,-6.5,-16.2,-6,5.8,3.1,5.4,4.4,4.7,6.7,5.6,10.2,11.5,-4.5,-91,-76,-23,-114,-296,-109,83,47,83,76,80,99,76,108,90,-70,2059,1878,1727,1751,1826,1802,1433,1515,1528,1703,1701,1479,1369,1059,789,1532
Georgia,Greene County,13133,-3.3,-0.8,-10,-12.4,-26,-12.4,0.2,1.5,7,9.8,23.2,34.2,63.6,48.1,26.2,5.2,-32,-8,-101,-118,-269,-131,2,12,57,89,213,326,574,428,188,56,968,976,1004,952,1034,1052,847,759,817,906,920,954,902,888,715,1057
Georgia,Gwinnett County,13135,-0.7,15.5,35.5,24.3,8.2,42.7,66.5,38.4,20.3,9.5,3.6,-0.6,-4.4,-2.7,6.7,33.2,-514,9097,17406,11619,3686,16856,24327,18843,11331,5769,1964,-301,-1526,-581,839,5224,65434,58319,48923,47735,44769,39468,36570,49061,55628,60698,53921,43503,34044,21197,12352,15701
Georgia,Habersham County,13137,-0.4,5.2,21.1,18.1,17.1,-1,1,19.5,18.5,12.8,10.9,15.5,26,25.2,20.9,4.7,-13,148,494,421,394,-28,28,465,440,338,287,357,531,422,279,129,3009,2836,2342,2328,2292,2735,2707,2378,2378,2629,2637,2296,2044,1673,1331,2705
Georgia,Hall County,13139,-3.1,1.8,13.8,21.7,21.9,24.5,12.4,9.3,11.9,13.7,15,14.1,17.6,21.1,17.9,33.6,-478,271,1642,2282,2129,2437,1346,1100,1381,1546,1481,1207,1328,1176,718,2109,15280,14496,11893,10496,9688,9925,10827,11779,11580,11275,9868,8503,7539,5560,4003,6275
Georgia,Hancock County,13141,-14,-26.9,-20.9,-8.8,-14.3,-7.2,-10.7,-24.1,-13.7,-10.5,4.8,2.2,21.3,18.5,20.9,-8.5,-73,-154,-128,-59,-105,-50,-79,-174,-106,-90,36,16,119,81,61,-55,523,573,612,670,731,693,737,724,770,862,759,726,557,438,292,645
Georgia,Haralson County,13143,-2.5,11.3,14.7,3.1,-8.4,0.6,15.4,17.2,11.1,10.7,15.6,11.4,15.3,17.3,9,3,-50,214,267,60,-161,10,215,284,210,206,271,180,220,203,83,48,1950,1887,1812,1918,1898,1695,1398,1646,1888,1926,1739,1576,1434,1172,917,1573
Georgia,Harris County,13145,19.2,44.5,54.7,27.5,-13.3,-17.6,74.8,81.5,48.2,39.4,33.8,34.2,33.9,27.4,23.5,5.7,292,653,793,499,-231,-284,701,979,776,790,667,655,573,347,195,85,1523,1467,1447,1813,1733,1612,937,1200,1610,2002,1973,1912,1687,1264,827,1486
Georgia,Hart County,13147,20.8,21.8,6.5,3.5,-14.8,-1,8.8,15.2,11.8,10.1,15.8,15.1,26.3,22.7,15.5,2.3,275,275,97,53,-232,-14,107,204,174,169,254,229,371,267,146,44,1318,1260,1492,1521,1572,1349,1216,1338,1482,1680,1605,1512,1410,1174,948,1908
Georgia,Heard County,13149,26.6,25.1,-2.1,-4.6,-24.2,-14.5,15.8,3.8,5.3,9.8,11.3,19,16.9,19.6,13,-5.5,161,166,-19,-44,-205,-105,87,30,44,82,89,122,101,93,43,-36,606,662,906,958,847,724,553,788,830,842,791,641,597,474,330,647
Georgia,Henry County,13151,1.4,36.6,81.5,63.5,14.4,46.9,126.7,101.9,64.7,48.1,38.8,37.3,38.5,39.1,44.1,63.4,208,4463,8188,6478,1384,3639,7669,8603,6938,5620,3889,2994,2508,1795,1321,2422,14127,12192,10042,10197,9611,7757,6053,8442,10708,11677,10008,8019,6510,4579,2991,3818
Georgia,Houston County,13153,4.1,24.3,28.1,14.5,5.3,27.8,33,28.3,19.4,12.8,7.1,7.2,3.8,8.7,15.1,13.7,418,2040,2258,1325,482,2370,2333,2105,1544,1289,658,528,237,372,498,734,10160,8395,8020,9094,9013,8498,7063,7434,7925,10020,9262,7269,6216,4242,3282,5334
Georgia,Irwin County,13155,1.4,18,-4.5,-11.1,-28.2,-36.6,-1.8,9.4,1.7,2.4,-2.2,-0.2,6.3,3.8,13.5,-9.3,8,101,-32,-78,-225,-347,-11,53,11,16,-14,-1,31,17,46,-65,613,562,700,708,797,948,610,570,659,683,621,596,500,441,341,694
Georgia,Jackson County,13157,-8.1,20.2,43,23.8,7.2,34.4,65.6,54.5,40.9,32.1,33.4,33.8,41,43.2,45,45.6,-392,793,1343,778,219,946,1627,1581,1365,1111,1045,854,970,783,581,835,4840,3922,3122,3261,3006,2749,2480,2898,3332,3458,3121,2526,2365,1813,1290,1829
Georgia,Jasper County,13159,8.4,30.5,17.2,3.2,-12.6,7.7,33.2,29.6,26.7,17.1,23.4,32.1,18.7,25.9,6.2,-0.5,76,230,142,28,-113,61,199,202,208,149,203,248,140,128,25,-4,901,754,825,894,895,793,597,682,778,872,868,772,749,495,406,698
Georgia,Jeff Davis County,13161,8.3,5.8,13.8,11.6,-4,0.5,21.1,17,14.5,16.7,16.1,16.9,19.9,31.1,15.1,2,94,66,139,105,-39,5,168,141,124,149,142,133,146,156,65,14,1134,1136,1011,912,959,932,795,827,852,891,885,789,735,501,428,693
Georgia,Jefferson County,13163,-5.8,-5.7,-12.3,-14.5,-27.4,-21.8,-8.7,-4.5,1.9,-2.2,-0.2,9.3,16.8,18.5,11.5,-2.5,-75,-74,-159,-198,-395,-288,-93,-49,21,-28,-2,104,147,127,59,-29,1292,1306,1298,1360,1440,1318,1068,1084,1087,1251,1159,1113,872,688,513,1123
Georgia,Jenkins County,13165,-4.8,-3.5,0.7,-11.1,-29.7,-35.5,-7.7,-1.5,-5.3,-7.2,-0.3,-1.4,14.1,16,3.1,-0.8,-32,-22,5,-78,-206,-240,-39,-7,-27,-45,-1,-8,66,52,8,-5,669,635,636,705,693,678,508,492,506,626,575,562,470,328,270,593
Georgia,Johnson County,13167,9.5,-3.1,0.6,-10,-12,-30.8,50.8,52.8,53.2,58.4,51.2,43.9,40.9,30.3,11.7,-9.6,49,-19,3,-59,-80,-303,247,237,258,302,286,204,172,105,33,-65,519,609,610,591,666,981,486,449,485,517,560,465,420,346,284,676
Georgia,Jones County,13169,45.9,67.8,36.8,12.9,-20.2,-13.8,48.1,40.1,22.4,15.8,9.8,10.1,19.3,17.9,15.8,6.9,613,825,592,236,-376,-249,561,560,377,318,195,172,279,187,129,90,1334,1217,1604,1834,1860,1801,1165,1396,1681,2001,1981,1701,1441,1048,819,1286
Georgia,Lamar County,13171,5.5,7.1,5,59.1,27.4,-20.5,-4.5,10.5,10,12.7,18.7,11.9,21.4,25.4,14.3,5.8,59,70,50,695,313,-272,-48,103,108,147,203,131,200,175,75,55,1063,993,1012,1176,1142,1322,1065,984,1080,1152,1084,1095,934,689,529,940
Georgia,Lanier County,13173,61.5,66.6,30.9,17.1,40.2,51.1,24.3,35.7,19.8,19.9,16.5,22.3,43,33.2,66.6,12.6,353,294,166,99,205,292,138,175,106,114,95,96,145,93,120,47,574,441,539,577,511,572,567,492,536,575,578,430,339,279,181,373
Georgia,Laurens County,13175,-3.5,5.2,2.5,1.3,-16.8,-10.6,9.1,11.1,9.5,5,4.4,6.6,7.6,17,11.6,3.8,-132,176,82,46,-565,-352,253,306,284,162,147,196,195,316,170,113,3715,3341,3232,3439,3361,3310,2761,2737,2982,3249,3279,2960,2570,1859,1460,2921
Georgia,Lee County,13177,6.1,52.3,28.4,3.6,-33.8,-19.6,39.1,38.9,12,3.6,-7.5,-7.8,1.8,5.5,5.7,7.6,111,782,531,74,-760,-412,539,630,239,79,-174,-152,26,44,32,63,1809,1495,1870,2073,2246,2097,1377,1618,1986,2178,2317,1951,1451,796,575,823
Georgia,Liberty County,13179,-1.3,-24.2,-32.1,-14.6,39.2,22.3,-47.4,-38.6,-28.8,-18.2,-3.4,10.5,26.3,29.8,23.9,11.3,-94,-1698,-2152,-844,1904,1122,-4081,-2495,-1562,-932,-137,290,468,371,197,133,6902,6992,6692,5782,4853,5018,8599,6463,5418,5104,3944,2761,1776,1245,825,1176
Georgia,Lincoln County,13181,2.2,0,3.2,-9.2,-28.6,-32.8,-14.6,3.1,2.9,-1.1,8.8,8.5,22.9,10.6,2.9,-18.9,9,0,15,-54,-174,-187,-59,14,15,-7,56,52,112,45,11,-123,424,418,466,585,609,569,402,467,507,629,637,618,489,430,374,648
Georgia,Long County,13183,84.9,54.5,1,11.8,39.1,37,1.9,12.9,20.9,23.8,45.1,44.8,32.3,37.7,23.1,57.7,646,427,12,114,308,323,21,120,162,196,281,230,136,91,55,152,761,783,1175,968,786,874,1085,930,778,824,624,514,422,242,240,263
Georgia,Lowndes County,13185,-3.7,-3.7,3.6,42.1,98.1,22.9,-31.8,-11.9,-6.1,-5.4,-0.4,2.7,10.7,15.2,17.1,9.8,-336,-284,250,2902,6667,1671,-3273,-914,-425,-399,-31,150,455,456,390,402,8904,7676,6869,6889,6790,7289,10291,7633,6917,7365,6498,5390,4224,3001,2284,4086
Georgia,Lumpkin County,13187,18,24.1,25.6,85.4,122.6,-6.1,-17.1,27.8,26.4,25.6,45.7,55.6,61.1,64.6,49.2,45.4,278,331,355,1206,1762,-119,-358,387,367,413,683,689,684,568,314,423,1540,1371,1387,1412,1436,1954,2095,1388,1391,1610,1494,1238,1120,880,638,931
Georgia,McDuffie County,13189,-3.3,-0.6,1.6,-6.4,-22.4,-17.2,-1.2,-2.9,0.6,7.4,3.1,4.2,8.9,16,11.3,1.8,-56,-10,25,-105,-388,-270,-15,-39,9,116,48,56,115,141,75,22,1671,1600,1576,1626,1732,1571,1226,1329,1429,1568,1545,1344,1292,882,666,1163
Georgia,McIntosh County,13191,16.8,10.9,15,9.7,-13.2,-12.4,27.3,38.1,31.4,51.6,51.3,45.7,65.9,78.7,43.2,24.6,116,79,112,89,-109,-99,143,227,228,379,402,362,434,406,202,172,695,726,744,914,828,799,524,594,726,735,784,792,659,515,468,697
Georgia,Macon County,13193,4.8,-12.8,-11.7,-3.6,-4.5,3.7,2.5,15.8,7.1,10.3,11.2,14.6,14.4,19.5,11,-22.4,41,-124,-122,-39,-49,41,25,133,64,104,117,141,110,108,45,-203,848,969,1046,1084,1090,1085,978,841,907,1014,1050,965,767,555,408,905
Georgia,Madison County,13195,3.3,7.5,9.3,4.2,-20.3,-5.1,14.9,8.9,6.1,8.1,6.7,9.9,11.4,11.6,8.5,4.6,57,133,169,83,-390,-87,217,152,115,173,133,176,174,139,76,63,1724,1771,1820,1947,1918,1684,1458,1705,1860,2112,1959,1761,1519,1196,888,1358
Georgia,Marion County,13197,21.1,10.7,18.3,6.9,-6.8,-4.9,-8.5,13.5,27.8,32.8,29.1,32.1,30.6,55.3,61.6,20.6,103,55,88,42,-39,-25,-37,58,127,184,159,152,137,167,133,66,487,518,480,617,580,509,443,433,456,561,545,473,449,302,215,319
Georgia,Meriwether County,13199,6.1,-4.5,-6.1,-13.6,-28.9,-21.1,-9.7,-12,1.5,2.4,3.5,7.5,15.2,12.2,7.2,-6.6,85,-68,-96,-232,-512,-353,-130,-162,21,39,56,108,201,130,59,-99,1393,1502,1571,1698,1766,1665,1331,1350,1380,1633,1588,1442,1326,1059,814,1481
Georgia,Miller County,13201,-3.9,-1.3,-6.1,-18.8,-33.7,-19.3,13.2,-4.8,1.8,0,-1.9,2.9,10.4,13.2,3.8,1.3,-18,-5,-24,-88,-171,-87,36,-17,7,0,-7,11,36,38,9,7,455,415,396,471,509,455,277,358,394,457,414,397,345,289,253,516
Georgia,Mitchell County,13205,2.1,-1.7,-10.2,-10.2,-18.6,-10.9,-8.9,-6.3,-4.1,-4.9,0.5,-5.4,1.7,9.9,-0.2,-6.6,38,-27,-183,-178,-356,-199,-149,-110,-68,-92,8,-85,21,89,-1,-94,1760,1602,1797,1753,1911,1826,1665,1746,1628,1874,1669,1571,1202,903,768,1404
Georgia,Monroe County,13207,21.3,33.4,20.2,10.3,-7.2,-3.6,17.9,23.8,23.1,19.8,19.5,21.7,26.8,27.9,17.9,50.4,265,415,290,167,-122,-57,218,321,345,352,366,362,362,275,135,501,1241,1242,1432,1625,1689,1550,1222,1343,1492,1776,1877,1670,1348,984,751,994
Georgia,Montgomery County,13209,8.2,-3.7,6.4,23.3,38.1,-13.1,-28.7,0.2,1.9,1.3,4.3,24.6,25.4,25.5,13.8,1.9,43,-22,37,136,211,-88,-209,1,11,8,27,115,112,79,42,8,527,587,585,585,555,670,729,594,591,640,627,468,439,309,305,419
Georgia,Morgan County,13211,-0.3,14.9,29.9,-4.1,-29,-16.7,17.6,21.2,19.5,16.2,19.4,18.3,19.5,33.6,29.6,6.7,-3,160,319,-52,-330,-171,143,197,208,196,226,199,185,238,161,70,1062,1068,1064,1273,1137,1024,813,927,1064,1209,1164,1086,945,708,543,1032
Georgia,Murray County,13213,-4,4.5,-1.9,0.1,-10.2,-2.4,4.4,-0.7,1.6,-2.9,1,1.9,1.8,7.9,12,1.8,-122,133,-58,5,-280,-61,108,-22,49,-92,28,43,39,121,117,28,3049,2918,3057,2909,2732,2496,2433,2936,2942,3162,2684,2225,2063,1519,977,1480
Georgia,Muscogee County,13215,-8.9,-9.4,-9.1,-1,16.5,3.6,-14.4,-14.3,-10.6,-6.8,-5.8,-4,-2.7,0.6,1.5,-2.3,-1449,-1385,-1307,-146,2210,540,-2224,-2035,-1372,-944,-803,-479,-253,42,77,-249,16131,14729,14287,14457,13375,15021,15409,14190,12891,13789,13828,11690,9105,6400,4879,10805
Georgia,Newton County,13217,3.2,25.6,61.3,60.8,22.9,41.3,88.4,66.9,51.1,47.6,42.5,45.7,45.2,36.7,35.3,35,246,1666,3120,3021,1076,1741,3235,3160,2677,2405,1887,1692,1532,930,644,994,7597,6509,5089,4963,4680,4216,3658,4717,5229,5049,4431,3699,3389,2532,1821,2839
Georgia,Oconee County,13219,18.3,69.4,54.4,8.6,-39.5,-29.7,42.9,55.1,48.9,25.7,12.9,1.8,11.8,11.6,11.7,31.5,306,1112,1026,202,-947,-581,509,814,857,576,303,41,196,136,86,340,1674,1602,1885,2350,2391,1954,1187,1478,1750,2242,2338,2250,1658,1169,733,1079
Georgia,Oglethorpe County,13221,34.8,42.3,15.5,9.4,-14.8,8.1,25.1,26.9,25.9,14.4,12,24.4,17.8,21.6,13.4,-5.8,234,296,140,89,-135,65,171,210,227,151,120,191,141,135,62,-50,671,698,898,946,907,803,684,779,875,1050,1001,784,793,625,467,858
Georgia,Paulding County,13223,20.3,56.7,54.3,40.8,18.1,81.3,145,77.3,45.7,37.1,37.6,48.5,55,59.2,52.4,75.4,1952,4568,4329,3088,1176,4014,6267,5540,4004,3058,2474,2182,2020,1474,876,1555,9596,8047,7964,7557,6463,4935,4321,7161,8745,8240,6564,4495,3667,2490,1671,2061
Georgia,Peach County,13225,-12,-15.3,8.2,69.5,64.7,-16.2,-40.9,-2.6,9.2,18.6,21.2,11.7,19,16.3,5.5,8.8,-260,-309,131,1223,1148,-336,-1041,-41,140,308,337,175,236,151,43,101,2163,2020,1599,1758,1773,2072,2541,1566,1522,1652,1591,1491,1241,921,781,1144
Georgia,Pickens County,13227,7.3,16.1,24.9,13,-4.8,10,38.3,31.9,21.1,17.9,27.1,47.3,56.2,42.1,26.6,4.9,122,270,376,196,-76,138,451,463,359,322,453,671,822,523,271,80,1669,1680,1506,1501,1569,1377,1175,1448,1704,1800,1671,1420,1462,1240,1017,1626
Georgia,Pierce County,13229,-2.4,17,26.7,10.4,-20.2,-6.7,32.5,29.3,22.9,19,18.2,12.9,23.2,26.7,18.8,14.9,-33,205,289,120,-244,-76,290,286,240,219,194,132,224,201,100,133,1385,1206,1081,1151,1203,1129,890,973,1050,1154,1065,1023,963,750,532,889
Georgia,Pike County,13231,-0.9,46.1,56.2,28.8,-26,-4.8,31.7,69.5,36.1,25.1,19,23.2,29.4,32.9,24.3,20.2,-10,445,559,297,-299,-46,236,548,360,296,207,211,225,197,108,139,1050,965,994,1031,1150,956,745,788,995,1178,1088,909,767,597,447,687
Georgia,Polk County,13233,-9.5,-7.7,5.1,-0.2,-0.9,-2.8,2,1.5,-0.1,6.7,9.5,8,9.7,14.8,9.9,-2,-364,-266,145,-6,-25,-79,51,39,-3,186,246,181,202,234,123,-49,3804,3441,2830,2667,2743,2794,2567,2610,2673,2756,2576,2241,2069,1578,1238,2365
Georgia,Pulaski County,13235,9.1,14.2,13.1,14,5,15.5,26.8,20,13.4,23,23.4,30.4,48.8,43,67.6,35.5,61,92,83,85,30,101,162,135,99,174,175,192,255,185,211,190,671,648,634,608,598,653,604,677,739,758,747,632,523,431,312,534
Georgia,Putnam County,13237,5.1,6,3.4,-0.6,-7.6,7.3,13.1,2.6,6.6,16,13.4,24,33,29.6,6.7,-11.9,68,74,41,-7,-96,88,129,29,82,210,178,315,415,323,66,-183,1329,1214,1197,1160,1259,1212,987,1100,1238,1312,1330,1311,1256,1091,989,1531
Georgia,Quitman County,13239,-17.9,-10.7,-6.8,-20,-25,-34.2,-9.5,23.1,14.7,-6.2,-7.4,24.7,37.8,40.2,40.4,-32,-29,-17,-11,-36,-43,-58,-11,24,20,-9,-13,38,64,56,36,-108,167,166,165,181,173,169,122,107,138,157,184,154,169,139,90,337
Georgia,Rabun County,13241,-0.6,-4,15.6,19.3,-10.9,-20.2,8.9,10.1,7.6,10.8,21.8,20.2,27,26.2,15,-9,-5,-36,138,173,-98,-186,64,89,64,105,218,193,286,241,112,-140,852,913,884,899,900,921,714,884,842,969,999,954,1056,921,747,1545
Georgia,Randolph County,13243,-6.8,-11.2,-16.5,-3.9,-24.3,-40.4,-19.2,6,-0.8,4.4,20.1,17.8,31,34.4,25.4,21.1,-38,-55,-95,-23,-142,-304,-93,22,-3,22,108,85,128,101,63,114,556,496,576,589,586,753,487,370,428,515,537,477,411,295,251,540
Georgia,Richmond County,13245,-4,-14.4,-15,0.3,20.1,9,-17.6,-24.3,-15.5,-7.9,-2.2,-2.4,-1,1.2,-0.5,-9.6,-652,-2276,-2232,59,3024,1435,-2917,-3814,-2154,-1160,-329,-313,-106,89,-29,-1071,16082,15791,14869,15436,14975,15877,16527,15638,13867,14678,14511,12682,10044,7190,5356,11069
Georgia,Rockdale County,13247,2,17,43.9,26.8,-10.5,-9.8,25.4,43.3,31.5,16,4.8,2.3,-0.3,0.7,2.2,17.1,121,889,2046,1450,-616,-536,1049,1818,1539,969,292,127,-17,24,48,534,5894,5218,4656,5398,5825,5435,4128,4193,4875,6028,5997,5392,4610,3179,2101,3120
Georgia,Schley County,13249,15.6,75.9,42.2,39.3,-20.9,-7.5,18.7,58,45.8,31,37.6,20.5,31,35,38.1,7.9,44,196,138,112,-65,-19,38,124,130,90,83,46,62,73,48,14,284,259,328,285,313,263,206,214,284,290,221,225,201,210,127,177
Georgia,Screven County,13251,-2.4,-2.5,-7.4,-0.3,-35.6,-28.8,-8,-0.5,-0.8,-5.1,-6.6,2.2,7.7,9.6,9.4,-13.2,-25,-23,-78,-4,-470,-323,-74,-4,-7,-57,-76,23,65,62,43,-146,1053,929,1054,1249,1320,1118,918,816,929,1102,1145,1057,845,642,456,1104
Georgia,Seminole County,13253,-18.6,-11,-12.2,-17.2,-37.3,-39,-14.5,-13.1,-0.7,-0.3,1.6,11.9,25,20.2,5.7,-7.9,-119,-67,-85,-117,-246,-266,-79,-71,-4,-2,11,62,127,90,22,-60,637,609,702,680,660,682,543,542,539,633,680,526,509,448,389,754
Georgia,Spalding County,13255,2.2,2.5,-3.1,-6.3,-8.2,4.5,13.9,4.6,4.7,2.8,5.8,5.7,14.7,17,14.3,8.4,105,116,-145,-295,-361,186,504,188,191,124,249,214,481,425,259,273,4686,4477,4553,4618,4381,4131,3624,4086,4045,4387,4258,3747,3263,2486,1805,3228
Georgia,Stephens County,13257,-4.2,-6.6,4.6,3.6,3.7,-15.3,-23.8,-1.8,2.4,8.6,13.4,11.3,14.6,26.2,12,-1.3,-75,-114,74,64,63,-267,-423,-29,39,144,229,185,220,292,115,-25,1744,1714,1609,1758,1692,1749,1771,1566,1584,1669,1708,1633,1498,1115,959,1852
Georgia,Stewart County,13259,-11.8,-27.3,-22.9,-11.7,53.3,74.6,103.8,80.9,32.9,24.1,6.8,11.6,4.5,15.9,5.1,-14.7,-37,-76,-80,-45,191,272,288,224,110,85,23,41,12,37,8,-70,321,279,351,387,358,365,278,277,335,352,343,355,279,235,170,473
Georgia,Sumter County,13261,-4.6,-11.7,-16.3,7.9,19.6,-12.8,-28.7,-17.6,-12.4,-4.4,-1.6,-2.6,0.8,2.3,2.1,-0.9,-120,-291,-447,207,496,-337,-790,-406,-286,-100,-34,-53,15,29,19,-17,2583,2469,2737,2626,2520,2631,2747,2304,2297,2240,2118,2015,1788,1283,921,1880
Georgia,Talbot County,13263,1.8,-7.7,11.9,-2.3,-24.5,-28.1,1,5.9,2.5,31.6,28,23.8,20.9,23.5,35,-12.6,6,-31,47,-10,-111,-114,3,21,9,143,139,122,89,73,82,-59,369,401,397,472,454,408,332,355,388,452,497,514,429,313,234,467
Georgia,Taliaferro County,13265,-16.5,-33.7,-28.3,2.7,-34.4,-43.2,-29.5,-10,-13.6,-10.8,7.6,3.1,24.4,10.1,-18.9,-25.1,-19,-35,-38,3,-57,-61,-32,-9,-17,-16,10,4,23,10,-18,-54,119,105,136,107,165,141,110,98,126,148,131,136,97,100,97,215
Georgia,Tattnall County,13267,-6.9,-7.8,8.7,11.6,36,48.9,10.5,-4.2,-2.4,2.9,3.8,6.9,20.5,24.4,26.1,5.9,-115,-125,123,157,527,713,206,-87,-48,60,66,91,219,196,163,65,1670,1599,1409,1348,1463,1456,1944,2074,1940,2017,1731,1318,1067,803,623,1097
Georgia,Taylor County,13269,3.2,3.1,-4.8,3.2,-18.8,-26.2,-9.9,2.9,0.8,4.9,9.7,11.2,13.8,24.2,3.5,-3.1,17,17,-31,22,-117,-168,-55,17,4,32,61,60,65,92,11,-17,544,552,651,686,623,642,558,576,564,651,627,539,472,379,322,532
Georgia,Telfair County,13271,23.3,15.9,17.6,32.6,39.8,60.2,46.2,54.1,47.7,34,49.7,30.3,42.6,66.2,50.4,41.3,185,128,129,229,284,482,422,457,415,317,427,246,277,266,180,301,794,807,732,701,715,801,912,845,868,932,857,810,651,401,357,728
Georgia,Terrell County,13273,-12.9,-24.3,-29.1,-26.3,-25.1,-36.7,-26.2,-14.3,-18.9,-9.7,-5.8,-1.7,-1,-9.6,-11.7,-17.2,-103,-195,-259,-233,-217,-316,-179,-80,-131,-77,-43,-12,-5,-48,-46,-120,798,804,888,884,865,860,683,560,692,789,752,702,578,506,393,696
Georgia,Thomas County,13275,-10.3,-3.6,4.9,-5.4,-24.1,-17.8,12.8,4.3,5.9,6.8,3.7,3.9,10.8,14.8,17.7,1.1,-362,-113,148,-175,-811,-568,296,111,166,219,119,116,257,270,243,34,3505,3147,3000,3237,3352,3176,2307,2559,2811,3212,3170,2910,2373,1825,1373,2950
Georgia,Tift County,13277,-10.1,-7.4,-8.1,14.3,8.7,-17.7,-10.1,-6.2,-7.3,0,-1.8,-2.1,1,1.8,6.4,0.8,-348,-234,-250,419,252,-547,-297,-169,-192,-1,-51,-53,21,29,75,18,3429,3167,3084,2927,2869,3088,2936,2695,2629,2642,2739,2438,2005,1556,1159,2247
Georgia,Toombs County,13279,-2.6,-1.2,-1.7,-4.8,-21.1,-15.2,2.7,0.9,0.2,-2,-0.1,5.3,1.7,7.8,7.7,6,-63,-25,-37,-97,-443,-303,45,16,4,-37,-2,83,26,87,67,90,2373,2129,2096,2020,2096,1987,1656,1705,1691,1883,1797,1558,1450,1106,869,1490
Georgia,Towns County,13281,-15.9,4.7,21.8,96.6,24.6,-46.1,-10.4,25.4,12.3,33.4,25.2,34.9,60.9,49.9,34,-3.4,-74,20,91,399,106,-305,-44,100,59,150,130,177,363,292,208,-48,468,435,418,413,434,662,423,392,478,449,516,507,595,586,612,1382
Georgia,Treutlen County,13283,7.8,6.6,-7.6,-9,-5.5,-17.9,-12.8,-13.9,-4.2,6.6,13,3.4,10.5,3.7,2.1,2.6,37,30,-40,-43,-26,-105,-69,-70,-17,28,59,14,37,10,4,11,475,461,526,481,468,590,538,503,418,434,455,424,359,268,225,411
Georgia,Troup County,13285,-0.6,4.2,13.8,6.6,-3.7,0,8.7,15,10.6,13.4,13.9,7.3,9.3,19,12.8,8.4,-30,198,613,319,-172,2,332,583,429,562,589,289,307,412,217,293,4948,4705,4429,4783,4574,4205,3789,3877,4023,4196,4218,3944,3294,2165,1689,3469
Georgia,Turner County,13287,-12.8,-18.4,-19.8,-16.3,-27,-31.2,-13.7,-10.9,-7.8,-6.5,0,-0.1,5,19.8,17.7,12.4,-90,-136,-151,-125,-217,-242,-88,-64,-49,-41,0,0,25,72,49,69,710,740,764,770,802,776,644,585,627,634,616,577,512,363,281,554
Georgia,Twiggs County,13289,-6.4,-16.4,-33.2,-25,-34.4,-46.1,-36.2,-29.1,-18.1,-4.7,4.9,5.9,13.4,11,1.8,-9.5,-37,-93,-246,-204,-282,-376,-239,-190,-127,-39,40,41,77,52,6,-58,577,568,742,814,820,815,661,652,701,822,821,700,576,472,367,609
Georgia,Union County,13291,5.5,18.8,36.7,10.4,-14.7,-15,20.6,24,32.1,30.3,39.8,48.3,87.5,74.4,44.6,19.1,50,164,317,102,-150,-146,150,201,284,330,441,546,903,782,452,374,903,872,864,974,1021,974,726,840,885,1086,1108,1132,1032,1051,1013,1950
Georgia,Upson County,13293,1.5,3,-2.2,-2.8,-21.8,-18.7,-0.8,4.2,0.1,-0.3,2.7,0.8,12.7,11.1,8.4,-0.9,26,50,-41,-58,-444,-337,-13,68,2,-7,53,14,194,134,83,-17,1721,1648,1853,2030,2036,1802,1601,1636,1795,2093,1917,1792,1530,1209,987,1823
Georgia,Walker County,13295,7.5,14.4,16.3,4.3,-13.7,-0.5,21,19.8,15.9,12.1,9.7,13.8,16.3,17.5,22.8,9.7,303,563,676,185,-579,-20,783,767,639,557,447,547,595,490,474,389,4017,3884,4139,4239,4227,3987,3718,3875,4015,4580,4595,3960,3647,2794,2078,3980
Georgia,Walton County,13297,-2.1,22,27.7,19.6,-2,14.5,59.4,44,29,20.9,28.7,27.4,37,41.1,41.1,64.3,-132,1156,1412,966,-98,597,1949,1829,1471,1125,1289,1070,1255,1040,686,1599,6119,5246,5085,4915,4739,4113,3276,4155,5071,5368,4484,3895,3388,2531,1669,2483
Georgia,Ware County,13299,-5.7,-4.4,-2.8,-1.6,-1.1,3.3,0.6,-6.4,-3,1.3,4.1,2.5,2.8,12.6,11.2,2.2,-158,-107,-67,-40,-28,79,15,-154,-71,33,103,56,58,180,123,59,2746,2424,2363,2459,2527,2398,2270,2409,2376,2469,2509,2248,2032,1425,1102,2601
Georgia,Warren County,13301,-0.9,-7.6,-26.5,-14.1,-33.5,-33.3,-23.6,-13.5,1.6,4.1,2.4,0.5,7.4,29.9,2.1,-2,-3,-31,-120,-65,-157,-152,-89,-47,6,17,11,2,25,84,4,-10,422,420,453,462,470,457,378,348,359,427,456,437,340,281,204,477
Georgia,Washington County,13303,7,3.2,-2.1,-6.2,-20.9,-12.9,7.3,-0.1,-3.5,0.1,-3.7,2,11.5,15.1,5.9,6.3,95,41,-29,-102,-347,-211,91,-1,-51,2,-63,27,122,120,36,77,1363,1266,1394,1629,1663,1633,1244,1319,1464,1785,1715,1379,1057,796,623,1211
Georgia,Wayne County,13305,-3.1,11.3,8.8,1.1,-9.5,8.5,28.1,16.2,11.4,3.6,3.3,4.1,3.9,19.7,8.5,13.2,-74,212,160,22,-189,158,442,311,222,77,68,75,63,214,74,186,2331,1878,1822,1927,1977,1854,1571,1912,1943,2152,2025,1821,1605,1086,868,1399
Georgia,Webster County,13307,59.8,64.7,23.7,4.1,-3.3,-17.2,8.9,25.2,21.3,34.8,21.6,10.6,33.6,49.5,4.6,-12.9,63,82,41,7,-5,-28,11,37,34,58,35,19,46,47,4,-27,106,128,176,170,153,167,124,149,162,169,164,178,136,94,91,208
Georgia,Wheeler County,13309,13.9,15.2,-1.3,1.8,50.6,57.3,37.9,16.4,16.6,21.5,10.2,4.4,8.7,22.7,7.7,-5.5,51,56,-5,6,200,231,181,76,81,113,46,20,32,57,12,-23,371,372,381,355,395,403,478,468,490,529,453,459,376,251,163,413
Georgia,White County,13311,14.4,22.2,41.4,37.8,14.5,-2.8,21.2,34.7,41.1,33,37.9,49,57.8,58.5,43.8,22.8,206,309,534,496,191,-37,253,420,514,490,540,625,695,606,370,344,1429,1389,1288,1311,1317,1316,1193,1209,1249,1483,1423,1276,1201,1037,843,1506
Georgia,Whitfield County,13313,-3.5,-5.9,14.3,19.6,14.7,15.9,14.9,11.8,10.9,11.3,9.9,6.4,5.5,9,7.7,12.9,-313,-535,1017,1261,876,947,889,764,727,734,582,333,253,316,200,545,8866,8946,7099,6417,5934,5931,5968,6447,6642,6444,5872,5211,4566,3486,2601,4197
Georgia,Wilcox County,13315,-3.2,-8.8,-7.9,-5.6,22.1,34.2,17.5,5.4,11.9,5.7,-6.8,-1.6,18.2,20.4,21.5,10.7,-16,-45,-44,-29,120,188,105,34,77,39,-49,-10,84,67,53,59,513,521,556,532,541,551,601,623,647,683,721,621,460,330,248,551
Georgia,Wilkes County,13317,-0.1,-3.6,5.7,-5.6,-26.4,-23.9,1.9,-2.4,2.5,0,8.3,19.4,19.8,15,9.4,-5.9,0,-22,37,-40,-190,-191,10,-14,16,0,62,124,123,83,39,-55,656,625,648,714,720,797,546,601,651,791,752,639,619,553,414,923
Georgia,Wilkinson County,13319,-10.8,-17.7,-17.5,-16,-32.1,-27.8,-22.4,-7.6,-13.8,-1.6,4.3,6.3,7.2,9.5,1.4,-10.5,-83,-138,-135,-115,-256,-217,-141,-44,-95,-12,32,41,38,43,5,-73,764,780,771,720,798,781,628,577,686,780,757,652,530,452,373,691
Georgia,Worth County,13321,19.2,16.5,-3.5,-8.6,-27.3,-27.4,-5.1,2.8,1,1.8,1.3,-1.6,3.3,7.5,-1,-11.5,239,201,-55,-147,-509,-480,-59,35,14,29,22,-24,45,78,-8,-160,1241,1217,1592,1713,1863,1752,1145,1255,1408,1625,1623,1494,1342,1038,777,1386
Hawaii,State Total,15000,-6.1,-4.6,0.5,-0.3,17.7,23.4,6.9,4.8,3.6,1.5,5.5,7.4,10,8.9,4.6,-3.4,-5864,-4046,458,-333,14467,18626,5779,4024,3191,1429,5177,6436,7499,4838,1839,-3326,95106,87858,81080,85946,81630,79328,82726,83069,86541,94457,92674,86611,74273,54096,39446,97817
Hawaii,Hawaii County,15001,-2.9,6.2,21.7,7.7,-4.2,4.9,35.4,37.8,33.9,24.5,24.3,26.1,31.5,27.9,15.9,0.3,-368,683,2056,869,-483,536,2877,2891,2762,2497,2907,3262,3219,1993,798,36,12503,10871,9464,11154,11346,10832,8122,7636,8145,10166,11917,12459,10208,7126,5015,11762
Hawaii,Honolulu County,15003,-7.7,-9.2,-4.8,-1.6,29.7,28.7,-2.8,-2.9,-3.2,-4.5,0.2,2.1,4.1,3.9,2.1,-3.8,-5267,-5902,-2835,-1029,16835,16109,-1826,-1901,-2105,-3179,174,1277,2166,1500,620,-2782,67766,64012,58982,61125,56580,56045,64945,64101,65541,69648,65136,58989,51707,38308,28343,72272
Hawaii,Kalawao County,15005,,-100,,,52.1,,200.1,,-0.7,14.1,-19.2,24.8,-79.5,-89.4,-68.1,-32.1,0,-21,0,0,1,4,4,5,0,0,-2,3,-11,-16,-10,-9,0,21,0,0,1,0,2,0,8,7,11,13,14,18,15,28
Hawaii,Kauai County,15007,-2.3,9.2,8.4,-7.9,-23.2,4.7,43.1,31.7,20.7,13.8,15.7,11.6,17.1,18,4.5,-4.2,-106,357,315,-358,-1056,189,1205,970,747,590,730,568,687,490,92,-207,4479,3846,3739,4483,4536,3995,2793,3059,3607,4258,4645,4887,4012,2724,2015,4837
Hawaii,Maui County,15009,-1.1,9.1,10.3,2,-9,21.1,51.2,24.8,19.3,14.6,12.4,12.9,17.2,14.6,8.3,-4,-121,836,921,184,-828,1785,3519,2058,1786,1520,1365,1325,1437,869,338,-359,10356,9107,8894,9183,9165,8455,6863,8272,9238,10377,10963,10261,8330,5919,4056,8910
Idaho,State Total,16000,3.5,15.3,15.6,11.8,5.9,-0.8,10.6,15.6,13.1,10.6,9.2,8.6,14.3,18.7,17.2,13.6,4334,16251,15844,12008,6052,-867,9925,13140,10960,9902,8816,7606,10269,9906,6727,10156,121754,106134,101110,101685,102464,108404,92973,83998,83581,93336,95325,88363,71758,52727,39100,74485
Idaho,Ada County,16001,3.8,22.2,20.8,12.9,16.4,35,29.5,20.3,15.4,13.2,9.3,7.7,12,18,22.4,40.3,1093,5514,4983,2986,3647,7626,6514,4774,3670,3287,2282,1682,2089,2042,1687,5216,28155,24809,23862,23116,22118,21758,22020,23506,23806,24785,24368,21669,17302,11300,7522,12934
Idaho,Adams County,16003,-1.1,45.4,58.9,1.8,-54.3,-33.3,117.7,76.6,36.2,31.4,32.4,33.3,37.3,28.3,9.9,-19.4,-2,60,84,3,-161,-79,97,80,48,74,92,100,99,67,21,-67,196,133,144,216,296,239,82,105,133,236,285,300,267,239,215,345
Idaho,Bannock County,16005,-2.4,-7.4,-5.9,6.7,29.2,2.5,-24.9,-17,-1.9,-1.3,-0.8,-0.2,1.1,3.5,5.5,10.8,-182,-527,-378,380,1647,172,-1944,-967,-87,-65,-45,-10,47,96,112,413,7377,7057,6327,5664,5636,6737,7785,5681,4505,4726,5185,4928,4043,2713,2026,3807
Idaho,Bear Lake County,16007,11.7,8.3,8,-23.2,-62.3,-56.7,23.4,17.2,-4.6,1.4,-4.3,-0.4,14,29,6,-7.7,44,35,37,-119,-407,-370,67,46,-13,5,-19,-1,46,77,14,-42,377,429,457,513,653,653,287,268,298,375,452,421,334,267,237,540
Idaho,Benewah County,16009,11.1,3.4,0.2,-9.4,-43.1,-41.8,11.9,5.3,8.5,6.8,10.5,12.9,18,18.2,16.1,-4.8,62,19,1,-63,-312,-287,46,23,44,43,71,87,106,91,59,-34,560,562,614,668,722,688,387,445,516,632,683,672,589,500,371,697
Idaho,Bingham County,16011,12.2,11.8,5.4,-6.9,-37.9,-30.2,14.1,14.4,4.6,2.2,1.7,2,0.4,3,1.7,-5.8,499,456,207,-266,-1592,-1256,367,337,110,62,50,54,9,47,22,-144,4079,3839,3790,3852,4197,4157,2590,2332,2376,2773,2904,2618,2060,1563,1232,2453
Idaho,Blaine County,16013,-2.1,16,20.7,-5,-33.6,9.5,36.2,15,3.4,10.2,1.5,-5.9,-1,-0.8,-9.2,-21.6,-32,215,240,-63,-460,110,381,187,51,162,27,-108,-15,-8,-62,-223,1509,1340,1156,1261,1367,1152,1049,1251,1483,1574,1812,1815,1484,1036,681,1032
Idaho,Boise County,16015,36.1,26.4,12.8,-3.3,-62.6,-56.1,42.3,38.4,26,5,19,21.2,24.6,23.3,-2.2,-40.9,84,86,58,-14,-333,-260,85,107,87,26,116,137,127,98,-6,-216,234,327,452,437,532,463,200,279,335,531,613,648,517,420,285,527
Idaho,Bonner County,16017,0.1,27.4,24.6,0.2,-43.6,-29.9,38.2,41.2,25.1,22.4,13.3,14.5,15.9,24.6,12.5,1.4,4,523,537,6,-1299,-809,585,659,470,555,420,478,462,501,197,38,2197,1907,2175,2400,2974,2703,1529,1597,1869,2478,3144,3281,2895,2035,1573,2605
Idaho,Bonneville County,16019,5.2,21.5,18.6,2.8,-16.2,8,43.1,25.4,14.9,13.2,5.1,4.3,5.6,6.9,12.4,29.2,517,1702,1313,206,-1217,583,2279,1266,743,780,315,247,250,224,286,1174,9803,7896,7038,7200,7513,7244,5289,4981,4978,5897,6140,5678,4464,3244,2308,4007
Idaho,Boundary County,16021,-2.7,16.8,20.4,-1.7,-51,-32.7,39.7,23.2,23.4,24.6,9.6,12.6,17.1,46.1,20.1,12.6,-20,107,144,-13,-432,-266,166,110,115,149,74,104,118,206,70,83,727,640,710,745,848,814,418,473,494,608,767,825,688,448,350,657
Idaho,Butte County,16023,3.5,12.2,18,-16.3,-54.2,-46.4,57.3,5.1,-9,8.4,1.2,9.2,21.8,8.5,-0.2,-17.5,7,23,34,-40,-129,-104,59,6,-13,15,2,19,35,12,0,-45,212,193,194,249,238,224,104,128,151,178,222,207,160,145,131,257
Idaho,Camas County,16025,-12.7,21.2,61.9,-5.4,-57.8,-16.2,94.7,38,25.4,8.6,12.8,38.7,29.8,20.8,-26.8,-31.7,-9,12,26,-3,-50,-12,40,18,12,7,11,22,20,13,-15,-26,74,60,42,56,87,74,42,47,48,91,86,59,69,64,58,82
Idaho,Canyon County,16027,4.5,21.1,29.8,24.9,14.9,25.7,37.4,30.6,27.8,25.3,25.4,22.8,36.7,40.1,35.9,25.7,772,3029,3714,2921,1559,2656,3693,2984,2553,2347,2179,1800,2269,1937,1242,1794,17121,14320,12452,11687,10454,10328,9858,9747,9157,9249,8553,7890,6184,4829,3454,6974
Idaho,Caribou County,16029,10.4,16.2,-2.8,-21.7,-54.3,-43.9,16.6,7.2,-3,-7.8,-5.2,-8.1,-1.7,2.1,17.3,-6.3,53,81,-16,-129,-364,-293,65,25,-11,-37,-29,-42,-6,7,37,-33,509,503,567,596,669,668,395,346,377,479,549,516,382,344,216,522
Idaho,Cassia County,16031,10.3,13.6,4,-6.4,-38.1,-29.2,11.3,12.7,6,0.9,-1.3,-6.1,2.2,1.2,7.2,-2.3,210,267,78,-130,-771,-585,142,154,70,13,-19,-79,22,10,45,-33,2025,1965,1937,2018,2024,2000,1256,1211,1160,1357,1463,1305,1022,862,624,1419
Idaho,Clark County,16033,-4.7,6.1,-15.3,-34,-26.9,-26,4,4.6,-20.2,-13.1,-18.3,-8.5,2,-19.2,-2.5,-13.4,-4,5,-14,-36,-24,-24,2,2,-14,-10,-14,-4,0,-9,-1,-7,91,89,93,108,89,95,53,54,70,77,78,52,46,51,39,52
Idaho,Clearwater County,16035,-0.5,19.4,4.3,-11.4,-45.6,-31,21.8,6.4,2.5,0.8,1.7,9.8,17,23,9.3,1.9,-2,66,19,-63,-279,-188,75,26,13,5,12,68,109,119,44,15,387,341,446,552,611,606,343,407,513,682,694,697,638,518,479,767
Idaho,Custer County,16037,5.7,28,11.3,-18.1,-57.7,-31.4,85.2,33.6,6,3.7,9.1,12.2,19.5,10.1,-0.8,-22.5,12,44,27,-52,-207,-92,104,63,13,12,33,46,60,28,-1,-90,213,159,240,289,359,294,123,188,226,329,361,380,307,281,195,399
Idaho,Elmore County,16039,-1.5,-18.3,-25.4,-17.9,29,17.8,-42.2,-43,-40.3,-40.9,-20.3,-7,2.9,9.3,8.1,-1.7,-40,-475,-645,-413,616,367,-1353,-1206,-1060,-1225,-403,-103,29,74,52,-20,2641,2588,2533,2296,2124,2055,3204,2802,2631,2992,1987,1465,1016,796,644,1145
Idaho,Franklin County,16041,8.5,18.4,10.1,-12.1,-46.9,-36.1,24.4,10.1,9.2,8,7.5,5.2,15.5,14.2,17.3,18.4,99,203,118,-138,-550,-395,171,69,58,53,53,32,69,58,57,120,1157,1100,1170,1142,1173,1093,702,683,629,670,714,621,449,408,332,650
Idaho,Fremont County,16043,10.8,8.2,6.2,5.3,-32.7,-29.8,18.7,14.6,8.7,4.7,5.4,2.2,22.6,18.7,5.1,-4.7,118,88,64,54,-335,-368,130,88,60,36,44,16,121,95,20,-40,1088,1072,1031,1007,1024,1236,694,607,687,762,819,738,535,509,403,838
Idaho,Gem County,16045,-1,12.8,9.1,-3.6,-36.2,-30.2,11,8.5,20.8,16.3,21.8,16.4,24.8,36.3,24.5,26.3,-11,122,99,-42,-434,-353,81,67,178,169,232,164,218,256,146,287,1150,954,1095,1174,1198,1167,738,788,857,1037,1065,997,879,705,594,1090
Idaho,Gooding County,16047,15.8,11.7,8.2,3.7,-19.8,-18.8,21.8,8.2,9.3,3.4,2,-3.2,6,13.5,2.8,-9.2,184,139,94,42,-225,-222,180,66,76,32,19,-27,43,84,14,-110,1165,1189,1132,1125,1138,1183,828,815,812,937,939,849,709,624,502,1191
Idaho,Idaho County,16049,7,14.5,18.4,0.1,-45.7,-39.9,24,32.3,29.3,10.1,10.9,15.1,26.3,35,16.5,-8.1,58,111,156,1,-547,-493,133,191,200,103,133,194,275,304,124,-121,834,766,847,983,1196,1236,553,592,683,1024,1219,1285,1048,868,751,1489
Idaho,Jefferson County,16051,11.1,40.2,38.3,6.6,-31.6,-7.7,61.3,60.3,31.1,21.6,13.2,6.4,18.3,19.8,16.4,5.4,292,760,679,126,-637,-147,716,611,337,282,186,77,172,134,92,53,2617,1891,1770,1912,2014,1901,1168,1014,1082,1306,1411,1202,937,676,559,966
Idaho,Jerome County,16053,6.9,19.1,13,8.9,-7.1,4.3,36.7,20.3,17.3,5.9,3.8,5.2,7.6,22.5,2.2,-16.4,146,315,202,144,-112,68,400,222,197,78,51,62,70,152,11,-216,2089,1650,1557,1618,1572,1567,1091,1092,1138,1332,1349,1204,918,678,542,1317
Idaho,Kootenai County,16055,7.9,25.5,26.2,17.1,-3.1,5.3,32.1,29.2,26.6,21.1,19.5,17.2,28,30.7,32,29.4,677,1944,2024,1425,-262,435,2014,1887,1864,1696,1636,1391,1880,1527,1179,1949,8551,7600,7718,8328,8439,8092,6257,6448,7002,8023,8354,8074,6707,4961,3682,6610
Idaho,Latah County,16057,0.5,-9.4,-5.1,98.5,245.8,-20,-63.5,-36.4,-17.6,-3.5,0,-2.7,-2.5,-4,2.9,-5,11,-192,-101,1944,4717,-787,-3669,-1062,-377,-74,-1,-61,-44,-53,24,-90,2176,2042,1949,1972,1919,3924,5776,2914,2141,2099,2158,2195,1762,1333,822,1789
Idaho,Lemhi County,16059,8.8,13.1,8.9,-19.1,-54,-42.4,36.5,30.9,18.7,10.7,15.8,19,23.4,33.1,8.4,6,35,46,36,-104,-338,-240,93,80,65,54,94,113,142,159,31,40,401,352,408,545,625,566,254,260,350,510,598,593,606,479,369,663
Idaho,Lewis County,16061,9.9,19.2,16,-23.7,-46.2,-21.5,23.3,11.7,2.1,14.6,13.3,26.3,19.5,31.4,11.3,-13.1,22,40,29,-66,-137,-53,28,16,3,35,40,64,46,62,22,-52,223,208,183,279,296,249,122,144,179,242,302,244,237,199,197,396
Idaho,Lincoln County,16063,-2.8,39.7,43.2,23.7,-18.3,4.2,64.9,32.4,29.4,17.3,12.3,22.9,11.8,7.1,-1.2,-7.2,-13,145,134,81,-66,13,148,79,63,49,32,61,25,11,-1,-21,484,366,311,342,361,325,228,244,217,283,261,266,218,161,129,288
Idaho,Madison County,16065,-28.5,-20.5,15.5,159,411.6,-43.2,-71.2,14.6,16.9,12.3,6.5,-5.3,1.7,-3.4,-3.6,18.5,-1476,-646,314,2924,8182,-2857,-3978,167,159,134,74,-57,13,-22,-18,147,5176,3142,2025,1838,1987,6606,5585,1138,939,1090,1142,1074,774,650,522,793
Idaho,Minidoka County,16067,6.6,-5.1,-3.9,-7.4,-35.8,-35.3,5.1,-3.3,-2.7,-5.2,-1.5,-0.2,0.4,5.3,6,-8.1,110,-84,-65,-131,-626,-660,59,-36,-31,-71,-22,-3,4,45,40,-120,1658,1637,1672,1758,1745,1867,1158,1084,1118,1359,1443,1254,1029,840,675,1466
Idaho,Nez Perce County,16069,2.6,5.2,3.3,9.1,9.3,-8.9,-14.7,-0.2,4.9,4.4,2.5,2,8.1,16.2,21.2,16.3,59,118,78,225,235,-243,-377,-6,109,111,70,53,179,267,266,502,2230,2234,2343,2452,2518,2719,2564,2163,2242,2524,2805,2572,2199,1639,1254,3078
Idaho,Oneida County,16071,7.4,32.4,13.2,-0.1,-62.4,-50.8,30.1,11.8,15.4,4.1,11,17.2,4.7,17.2,17.8,-1.7,23,93,41,0,-244,-211,56,22,29,10,32,43,11,27,26,-6,312,290,311,315,391,415,188,188,188,265,292,254,242,160,147,351
Idaho,Owyhee County,16073,19.8,7.2,11.5,-12.1,-34,-31.1,23.6,12.7,-1.6,-0.9,8.7,13,13.1,19.9,17.6,-13.2,153,64,100,-119,-328,-275,142,81,-10,-7,62,82,74,89,61,-100,774,888,866,982,963,886,605,634,650,796,713,632,566,448,346,752
Idaho,Payette County,16075,6.7,16.6,9.7,-3.9,-35.7,-23.6,25.1,10.2,8.4,10.6,1.6,10.4,10.1,21.5,24,-2.8,113,259,157,-71,-637,-390,261,125,106,149,24,125,114,193,176,-42,1691,1559,1614,1826,1783,1654,1042,1226,1265,1396,1477,1198,1129,894,732,1479
Idaho,Power County,16077,8.7,14,-1.8,-9.6,-35.1,-30,19.8,-5.7,-2.9,2.3,-0.1,-6.7,-6.6,0.6,0.9,-7.6,60,82,-11,-66,-265,-198,81,-25,-12,11,0,-37,-28,2,2,-32,692,590,656,687,756,660,412,449,438,498,512,554,421,306,241,418
Idaho,Shoshone County,16079,6.1,16.3,-1.6,-8.5,-42.7,-33.7,6,3.9,7.4,-4.9,-2.1,3.1,6.8,9.8,-0.3,-11.3,36,104,-13,-75,-381,-293,36,26,54,-49,-22,33,61,71,-2,-139,601,638,799,888,892,867,606,663,726,996,1040,1047,909,722,643,1220
Idaho,Teton County,16081,14.6,25.6,44.1,13.9,-9.6,67.2,193,108.7,63.2,29.2,25,21.6,33.2,30.8,28.3,-2.1,130,178,232,72,-52,314,641,492,316,159,124,98,105,55,33,-6,889,697,527,517,539,467,332,453,499,543,497,453,316,179,119,275
Idaho,Twin Falls County,16083,9.8,17.5,14.3,15.2,5,0.4,15,22.1,10.7,12.4,11.5,8.5,11.9,15.6,26,12.5,592,891,696,732,255,27,661,837,403,544,520,354,421,414,525,559,6007,5089,4846,4804,5040,5456,4385,3776,3750,4382,4501,4167,3533,2642,2015,4462
Idaho,Valley County,16085,-17.2,46.9,70.3,4.8,-37.6,-21.4,198.6,133.3,57.4,33,29.3,34.5,46.7,34.7,-1.4,-29.2,-110,170,237,22,-222,-116,391,346,219,177,200,265,267,176,-6,-217,637,362,336,458,592,543,196,259,382,537,681,769,572,509,440,742
Idaho,Washington County,16087,-7.5,6.8,11.4,-8.5,-46.7,-39.8,8.9,18,18.2,0.4,10,8.4,23.6,33.2,21.9,6.7,-49,44,79,-67,-357,-299,40,89,84,2,67,57,136,153,93,59,647,656,696,785,764,752,453,496,463,655,666,677,575,462,423,880
Illinois,State Total,17000,-1.1,-3.7,-3.6,-3.1,-0.5,5.4,3.1,-2.8,-5,-4.4,-3.7,-4.4,-4.8,-5.3,-4.8,-4.2,-10279,-34066,-32894,-29579,-4625,47890,26360,-24866,-46195,-43500,-35828,-37103,-33595,-27163,-18475,-33298,879175,902669,912342,940604,888950,875459,848736,887715,918722,985694,963473,838969,689921,507016,381224,788910
Illinois,Adams County,17001,2.2,6.1,-2,-4.8,-16.5,-19.2,-4.5,1.3,-0.3,-0.7,0,-0.5,1.2,5.7,3.4,10.5,94,246,-88,-229,-813,-967,-178,50,-16,-35,3,-25,48,169,81,579,4255,4026,4352,4772,4927,5014,3891,3754,4100,4895,4882,4470,3807,2966,2372,5479
Illinois,Alexander County,17003,-2,-18.9,-25.4,-20.3,-29.7,-27.6,-7.6,-20,-22.5,-4.5,-15.1,0.2,-0.9,5.7,2.7,-23.6,-12,-124,-158,-137,-213,-186,-39,-115,-136,-29,-106,1,-4,22,9,-195,618,658,624,676,718,675,513,575,605,641,703,631,506,394,329,826
Illinois,Bond County,17005,9.8,2.9,0.9,7.6,23.4,-15.9,-13.7,2.1,-4.5,-0.2,-0.6,-4.6,4.3,1.2,-0.4,1.2,88,28,9,83,248,-207,-195,24,-57,-2,-8,-57,42,8,-2,16,893,981,1022,1080,1060,1303,1423,1161,1267,1357,1335,1256,975,708,616,1300
Illinois,Boone County,17007,11.1,41.3,43.1,17.3,-22,-10.4,51.7,60.4,34.3,18.9,14.8,15.6,14.3,14,26.1,14.4,388,1304,1414,638,-786,-313,1101,1493,1051,674,480,429,338,269,323,322,3486,3157,3279,3688,3571,3015,2128,2470,3059,3560,3240,2738,2350,1921,1236,2235
Illinois,Brown County,17009,-7.3,4.6,0,12,79.6,62.2,-6.4,-13,-22.6,-20.5,-11.1,-13,-9.4,0.1,9.3,-10.9,-24,14,0,42,266,274,-44,-91,-151,-146,-63,-60,-30,0,18,-49,328,311,287,350,334,440,692,700,671,714,565,458,318,234,198,449
Illinois,Bureau County,17011,3.8,10.3,5.6,-5.8,-34.9,-27.4,16,9.5,4.5,0.6,1.1,1.9,1.1,3,6.4,-1.9,78,219,122,-142,-876,-717,265,172,98,16,30,49,24,49,87,-62,2025,2131,2166,2431,2509,2617,1648,1807,2156,2505,2672,2482,2122,1616,1347,3233
Illinois,Calhoun County,17013,-8.6,13.2,18.7,-2.3,-28,-30.6,0.7,16.2,8.7,4.1,7.3,16.1,13.1,7.9,16.9,-1,-26,34,52,-7,-95,-109,1,38,26,15,26,48,39,22,36,-5,309,259,278,318,340,357,247,238,308,380,362,301,302,278,217,463
Illinois,Carroll County,17015,8,9.2,-1.4,-11,-42.1,-35.5,4,-1.3,-4.2,-3.9,-6.1,7.2,16.7,18.3,4.6,-11.4,55,74,-13,-118,-510,-412,28,-11,-36,-46,-76,84,165,153,31,-200,696,797,955,1080,1211,1160,706,850,877,1191,1238,1153,986,836,672,1741
Illinois,Cass County,17017,0.1,-4.3,-1.6,-1.4,-17.1,-9.8,2.6,5.3,-5.6,-1.1,-1.5,-6.7,-2.8,-3.9,4.6,7.5,1,-41,-16,-14,-161,-91,21,45,-51,-11,-14,-63,-20,-23,22,73,968,954,966,960,936,927,821,849,907,1021,959,947,737,593,488,966
Illinois,Champaign County,17019,-1,-6.2,-5.5,89.4,226.9,-10.2,-52.9,-22.2,-14.9,-4.2,-1.4,-0.2,-0.2,0,-1.7,3.2,-125,-719,-600,9556,23565,-1989,-14726,-3217,-1761,-491,-180,-30,-22,0,-76,304,12157,11443,10811,10679,10381,19357,27820,14467,11805,11654,12072,10940,8365,5747,4512,9423
Illinois,Christian County,17021,8.8,4.2,-2.1,-3.8,-21.6,-11,8.2,3.6,0.2,-1,-4,-1.3,3.5,4.9,1.5,0,174,84,-48,-93,-531,-252,149,76,5,-29,-110,-32,66,78,19,3,1976,1992,2213,2410,2457,2284,1820,2068,2184,2714,2763,2408,1895,1601,1316,3023
Illinois,Clark County,17023,-1.5,9,1.4,-13.9,-27.4,-22.1,3.1,8.8,5.9,3.4,-1.5,-0.5,3.7,1.4,11.4,-6.5,-14,85,15,-173,-327,-257,26,77,60,43,-19,-6,33,12,69,-98,968,947,1053,1239,1193,1160,823,880,1024,1257,1237,1125,889,834,608,1494
Illinois,Clay County,17025,5.2,1.8,-3.6,-9,-28.5,-18.8,-0.9,-2,-5.6,0.6,4.4,4,6.7,8.7,-4.9,-7.1,43,16,-31,-90,-282,-184,-7,-16,-49,6,45,37,54,54,-27,-95,831,893,884,1000,991,975,771,788,871,991,1022,939,808,624,559,1330
Illinois,Clinton County,17027,5.5,17.4,8.9,1.4,-10.4,0.7,9.3,13.8,6.6,3,-1.1,0.8,6.7,5.3,2.6,-0.8,119,348,199,36,-265,18,213,296,165,93,-33,20,120,75,30,-22,2138,1996,2240,2484,2537,2565,2278,2137,2475,3038,2913,2378,1788,1416,1174,2737
Illinois,Coles County,17029,0,-4.1,-5.9,83.1,218.3,-37.7,-68.4,-17.2,-4.5,-0.3,2.1,-2.4,1.1,3.6,8.1,7.9,0,-118,-174,2331,6269,-2057,-6027,-544,-122,-10,73,-78,29,70,124,271,2904,2850,2918,2804,2872,5447,8808,3158,2678,3112,3422,3251,2550,1940,1531,3428
Illinois,Cook County,17031,-6.9,-17.5,-16.2,-13.2,0.3,22.9,3.9,-17.3,-18.4,-14,-10,-9.8,-11.3,-13.5,-14.8,-16.5,-26658,-71442,-66068,-54551,1246,82886,15289,-77313,-79482,-58841,-40078,-33964,-32423,-28706,-24422,-58559,384978,407424,405644,411461,374501,360729,386332,444482,429824,419628,400396,345288,286484,211121,164657,353011
Illinois,Crawford County,17033,13.2,7.9,4.8,3.2,-14.6,-13.3,5.7,-6.7,-2.3,-0.7,-4.6,-0.7,2.1,0.1,4.2,-2.1,121,79,56,40,-203,-188,69,-86,-32,-11,-75,-10,24,1,32,-36,913,996,1155,1248,1391,1419,1200,1289,1367,1578,1613,1362,1165,885,757,1663
Illinois,Cumberland County,17035,15.6,13.2,-2.1,-11.1,-30.8,-29,14.9,0.4,-7.1,-1.6,1.4,8.9,8.3,5.9,3.8,3.5,101,82,-15,-90,-268,-252,85,3,-54,-13,12,63,51,29,15,30,648,620,734,814,870,869,567,623,765,786,844,714,620,493,402,848
Illinois,DeKalb County,17037,8.9,16.6,10.1,64.6,177.4,-8,-52.2,-4.6,5.4,7.1,2.9,4.8,5.9,4.6,6.7,17.8,565,959,585,3777,10203,-726,-7163,-291,311,443,181,250,238,135,143,742,6324,5761,5765,5840,5748,9068,13707,6255,5684,6231,6115,5119,4008,2943,2116,4168
Illinois,De Witt County,17039,0.2,8.6,-1.1,-8.1,-32.2,-19.7,16.4,2.3,6.5,-0.4,-1.3,0.8,6.1,5.5,4.3,-0.9,2,87,-12,-95,-368,-224,141,22,68,-5,-18,9,54,43,27,-12,985,1020,1074,1176,1144,1137,859,992,1036,1269,1351,1158,889,789,634,1259
Illinois,Douglas County,17041,-0.4,2,0.3,-10.5,-27.7,-20,11.7,6.6,0.7,-3.4,-1.8,-0.5,-0.4,1.1,-2,-5.5,-6,31,5,-147,-435,-298,127,70,9,-48,-29,-6,-5,9,-15,-92,1457,1495,1423,1395,1570,1486,1089,1070,1177,1419,1560,1304,1098,790,776,1658
Illinois,DuPage County,17043,2.4,-2.2,-3.5,-7.7,-17.7,1.6,9.7,-2.7,-5.4,-6.7,-7,-9.7,-13,-15.6,-12.3,2.6,1413,-1430,-2458,-5396,-11769,965,5120,-1699,-3854,-5420,-5556,-6764,-7436,-6327,-3257,1261,57533,64456,68333,69893,66484,59938,52299,61663,70103,80069,79366,69058,56966,40330,26361,47224
Illinois,Edgar County,17045,8.9,5.9,2.5,-11.6,-34.5,-22.6,-8,-1.5,-4.7,-6.3,-3.8,4.6,6.3,14.9,6.7,-0.2,90,62,29,-150,-481,-304,-87,-17,-52,-88,-60,60,71,131,49,-4,1006,1049,1166,1294,1393,1344,1087,1147,1114,1398,1550,1301,1129,879,725,1656
Illinois,Edwards County,17047,20,24.3,10.2,-5.7,-32.3,-26.9,-5.4,7.9,4.1,8.3,3.3,3.2,4.7,1.9,-7.2,-15.9,62,90,41,-26,-146,-119,-21,31,16,36,17,15,20,5,-21,-112,313,372,407,459,452,442,387,391,400,435,532,473,423,309,295,702
Illinois,Effingham County,17049,4.1,0,-5.4,-12.3,-29,-16.4,8.3,-3.7,-1.3,-1.6,-1.1,0.3,1.1,3.9,8.3,5,92,0,-139,-342,-811,-428,154,-76,-28,-44,-30,7,20,53,91,122,2220,2266,2537,2769,2798,2602,1843,2007,2094,2691,2686,2240,1841,1363,1105,2412
Illinois,Fayette County,17051,3,10.2,5,5,-5.8,-5.4,-0.6,-4,0,-1.7,-4,-0.6,8.8,7.1,7.6,-1.1,38,126,68,69,-88,-83,-9,-58,1,-30,-68,-9,97,66,59,-20,1290,1227,1371,1382,1513,1520,1355,1432,1448,1738,1692,1431,1112,932,770,1739
Illinois,Ford County,17053,7.4,13.5,3.6,-6,-40.5,-25.7,18.6,15,8,-2.4,7.6,1.4,3.7,6.8,13.4,31.5,58,114,33,-59,-445,-247,121,109,63,-25,85,12,28,41,63,342,780,844,938,979,1100,961,650,725,784,1049,1115,885,754,603,472,1085
Illinois,Franklin County,17055,2.8,3.4,10.2,2.6,-19.4,-14.3,11.3,10.8,6.6,6.4,4.3,7.1,11.5,16.6,13.1,-2,66,81,233,67,-510,-353,236,235,155,165,117,176,261,308,200,-71,2354,2405,2276,2498,2630,2461,2087,2164,2326,2590,2721,2464,2269,1854,1523,3399
Illinois,Fulton County,17057,3.7,7,2.7,-4.9,-13,-9.3,4.3,-0.5,-5.6,-4,-2.7,-0.8,5.3,9.4,5.9,-2.6,71,143,60,-113,-318,-226,101,-13,-145,-113,-77,-23,113,160,82,-91,1921,2028,2202,2316,2431,2434,2311,2378,2559,2825,2782,2593,2128,1689,1393,3400
Illinois,Gallatin County,17059,12.7,-2.2,-10.3,-17.6,-29.8,-33,-13.7,-8.7,-11.5,-9,-6.6,1.9,3.3,-8.7,1.5,-13.8,38,-7,-36,-75,-118,-149,-45,-33,-38,-40,-28,7,13,-35,4,-77,302,331,349,425,396,451,328,379,336,444,426,370,399,407,279,557
Illinois,Greene County,17061,1.9,0.7,-1.4,-10.1,-33,-29,-4.8,-1.8,4.2,4.5,0.8,2.5,4.9,3.5,5.3,-10.7,16,6,-13,-104,-361,-320,-42,-14,36,46,9,24,36,23,28,-138,818,849,947,1033,1091,1103,870,813,845,1033,1089,927,727,649,524,1280
Illinois,Grundy County,17063,9.3,48.8,48.7,25.3,-10.1,17.3,71.1,59.3,45.3,24.9,9.1,11.8,9.3,10.3,11.2,9,321,1287,1258,705,-290,481,1487,1347,1163,767,293,319,205,166,132,201,3433,2637,2580,2781,2863,2776,2090,2271,2568,3075,3199,2690,2205,1611,1174,2210
Illinois,Hamilton County,17065,7.1,28.4,0.7,-7.2,-30,-19,6.4,6,2,4.1,3.8,5.1,4,17.4,7.7,-10.4,34,122,4,-41,-170,-118,28,25,9,23,22,28,21,67,28,-94,481,429,529,572,566,619,439,423,464,568,602,553,524,384,367,902
Illinois,Hancock County,17067,2.4,7.5,1.4,-12.7,-38.8,-30.7,9.4,0.1,-2.3,0.1,-1.2,0.7,3.6,9.7,14.8,-12,27,79,16,-179,-554,-442,86,1,-27,2,-18,10,46,93,115,-246,1121,1047,1162,1406,1426,1438,915,983,1162,1364,1513,1415,1259,967,776,2045
Illinois,Hardin County,17069,0.6,6.8,-3.4,-4.7,-31.1,-38.1,-4.1,-8.1,-2.6,-4,-10.4,3.2,14.2,8,22.9,-21.2,1,14,-9,-11,-78,-126,-9,-20,-7,-13,-37,10,44,21,44,-94,245,216,272,252,252,330,232,250,282,335,355,334,312,262,193,443
Illinois,Henderson County,17071,4,14.2,-3.4,-11.5,-44.1,-35.4,-20.1,-7.8,0.1,-1.8,-3.3,-0.7,3.7,-0.2,0,-12.2,13,47,-16,-58,-238,-197,-81,-30,0,-10,-22,-4,19,0,0,-94,340,337,484,507,539,558,402,396,433,599,667,581,505,475,368,769
Illinois,Henry County,17073,8.5,21.3,8.5,-0.2,-37.7,-29.7,15.3,15.4,3.3,-0.5,0.2,-1.1,-1.9,0.1,2.8,-3.9,245,587,270,-9,-1436,-1118,384,396,99,-20,10,-41,-62,4,52,-171,2855,2757,3159,3546,3806,3760,2498,2561,2975,3737,3927,3667,3226,2487,1862,4313
Illinois,Iroquois County,17075,2.9,9.1,6.6,-5.1,-42.3,-33.9,5.5,3.7,4.7,-1,2.1,-0.6,3.8,4.2,7.1,-0.3,48,160,131,-109,-993,-756,79,59,81,-23,50,-13,68,63,85,-11,1628,1747,1989,2150,2345,2232,1438,1562,1714,2267,2322,2049,1806,1487,1199,2754
Illinois,Jackson County,17077,-8.9,-10.9,-9.1,73.5,270.2,-18.5,-68.5,-39.3,-15.4,-4,1,-0.4,4.2,-0.3,3.6,2.2,-315,-364,-286,2285,8329,-1192,-7623,-1944,-530,-137,34,-14,117,-6,54,75,3537,3319,3118,3106,3081,6424,11113,4940,3438,3396,3370,3309,2765,2010,1467,3346
Illinois,Jasper County,17079,-3,8.9,5,-11.3,-37.3,-34.7,-0.7,-0.7,7,4.3,-0.2,-1.7,3,6.4,6.1,-6.3,-17,52,29,-78,-299,-281,-4,-3,39,34,-1,-12,17,26,23,-57,587,588,596,686,803,810,562,504,557,785,760,699,566,412,373,897
Illinois,Jefferson County,17081,-2.2,-1.6,-2.2,-8.5,-21.4,-9.8,-0.7,-2.6,-5.5,-5.1,-6.4,-2.7,3.4,7.5,4.1,-6.3,-58,-39,-54,-235,-618,-269,-17,-65,-151,-151,-195,-76,80,132,56,-199,2564,2363,2423,2745,2876,2729,2398,2478,2721,2952,3018,2826,2309,1767,1365,3114
Illinois,Jersey County,17083,2.2,24.6,17.3,11,-4.9,-29.5,-6.9,16.1,15.2,6.5,5,5.9,8,5.7,12.7,14.6,29,286,230,163,-79,-539,-93,180,196,111,87,86,96,56,97,213,1299,1163,1332,1476,1614,1826,1343,1121,1290,1697,1736,1454,1204,988,766,1451
Illinois,Jo Daviess County,17085,12.3,11.8,8.8,-11.8,-34.7,-28.4,4.3,10.4,2.3,7.1,4.5,15.7,24,20.3,7.1,-8.3,134,136,114,-168,-513,-414,42,115,29,111,75,250,356,252,78,-193,1094,1151,1285,1424,1477,1460,977,1105,1238,1553,1670,1590,1485,1238,1108,2305
Illinois,Johnson County,17087,-0.5,14.4,14.1,21.3,17.2,-2.7,-25.7,-29.4,-22.7,-14.4,-4.9,11.5,22.8,18.1,14.3,-9.3,-3,88,88,141,113,-22,-280,-338,-255,-159,-50,88,155,111,69,-89,585,612,621,660,657,810,1089,1146,1125,1106,1022,765,678,615,486,956
Illinois,Kane County,17089,2.2,6.1,13.5,6.5,-6.5,13.9,40.5,32.3,19.8,12.5,7.3,5.1,5.9,8,12.4,28,914,2512,4966,2328,-2095,4155,10401,9334,6375,4344,2410,1460,1345,1229,1261,4695,40885,40965,36734,35565,31957,29878,25663,28826,32170,34671,32800,28119,22449,15206,10160,16764
Illinois,Kankakee County,17091,3.3,7.2,6.8,6.2,0.2,-7.3,4.2,7,7,5.7,3.3,2.8,4.9,4,7.4,18.5,259,542,514,512,21,-572,287,463,472,443,261,202,284,173,235,1133,7688,7532,7541,8183,7824,7794,6779,6584,6721,7659,7770,7010,5702,4328,3145,6107
Illinois,Kendall County,17093,20.1,97.6,118.8,67.7,21.7,98.9,270.6,203.8,119.4,66.5,44,37.8,34.8,31.6,25.2,39.5,1751,5366,5375,3149,952,3897,7164,7070,5205,3291,2036,1473,1135,747,394,920,8701,5496,4523,4649,4388,3938,2647,3468,4358,4948,4626,3890,3256,2359,1564,2325
Illinois,Knox County,17095,9.3,2.7,-8.4,2.8,5.9,-18.4,-18.5,-10.2,-6.7,-6.1,-3.6,-3.5,-0.2,3.4,1.9,7.2,245,83,-283,97,204,-692,-708,-341,-224,-239,-145,-144,-8,91,39,330,2619,3060,3340,3427,3451,3746,3817,3323,3344,3877,3992,4027,3312,2622,2060,4538
Illinois,Lake County,17097,2.7,4.4,2.9,-1.7,-16.6,-15,10.3,20.3,8.5,0.9,-2.2,-7,-8.9,-9.8,-5.4,13.5,1311,2289,1623,-1011,-8487,-7153,3903,8006,4146,546,-1255,-3368,-3372,-2594,-953,3868,47760,51921,55095,56489,50984,47630,37816,39372,48680,58004,56413,48026,37599,26227,17396,28604
Illinois,LaSalle County,17099,1.9,6.3,4.3,-3.3,-20,-11.2,8.5,6.4,4.7,0,3.4,4.5,5,8.2,6.6,6.4,131,444,313,-263,-1621,-882,510,395,334,6,301,344,305,383,254,570,6714,6969,7280,7758,8097,7819,5994,6148,7010,8754,8782,7503,6082,4644,3824,8848
Illinois,Lawrence County,17101,8.2,15.2,3.4,-0.8,16.4,32.1,61.5,42.2,37.4,17.2,9.9,2.4,2.2,6.9,4.4,-9.9,68,116,30,-8,165,326,463,357,318,182,114,26,19,44,26,-149,829,765,883,988,1005,1015,752,846,850,1054,1146,1048,853,640,601,1495
Illinois,Lee County,17103,10.5,11.2,3.1,-2.7,-25.3,-14.3,16.9,3.1,1.5,-3.1,-3.4,-2.5,6.7,10.4,6.3,-0.4,200,209,64,-67,-680,-351,316,67,40,-98,-105,-67,139,149,78,-12,1910,1869,2061,2442,2687,2446,1867,2098,2502,3093,3070,2626,2064,1439,1236,2706
Illinois,Livingston County,17105,-9.5,-7,2.6,-4.4,-22.6,-11.9,5.7,-8,-2.8,-2.8,-0.5,-3.4,-1.8,4.5,5.1,0.4,-239,-181,65,-119,-656,-332,129,-199,-74,-90,-16,-95,-40,72,66,15,2516,2583,2456,2711,2904,2778,2268,2490,2670,3170,3199,2746,2157,1609,1301,3023
Illinois,Logan County,17107,2.5,2.1,-3.6,13,14,-13.8,-13,-6,-8.3,-8.8,-7.9,-5.4,-4.8,-0.7,-2.4,9.1,40,35,-64,244,279,-343,-303,-124,-179,-214,-198,-114,-81,-9,-25,200,1605,1644,1747,1871,1982,2478,2331,2057,2160,2431,2484,2109,1686,1325,1033,2194
Illinois,McDonough County,17109,3.3,6.6,-10.8,107.6,312.3,-44.3,-76.6,-25.1,-6.5,-3.7,-0.8,-2.8,0.6,1.2,2.7,3.2,49,94,-162,1723,5218,-1646,-4866,-472,-96,-64,-15,-53,9,15,25,75,1498,1428,1496,1601,1670,3713,6348,1882,1478,1750,1867,1850,1614,1222,929,2339
Illinois,McHenry County,17111,4.3,13.3,15.4,-0.1,-28.7,-5.8,48.7,42.5,20.2,8.4,2.3,1.7,2.3,7.6,13.5,35,852,2780,3371,-44,-6257,-1046,6007,6464,4319,2159,573,332,344,795,862,3289,19750,20855,21881,23306,21772,17747,12315,15176,21347,25431,24131,19029,14931,10364,6343,9391
Illinois,McLean County,17113,1.9,5.7,3.1,43.2,119.2,-9.7,-42.3,-1.7,-0.2,1.3,1.3,0.1,-1.2,-1.6,5.4,15.2,208,597,314,4428,11394,-1329,-8306,-183,-28,156,144,18,-94,-82,198,1097,10760,10405,10106,10249,9553,13606,19630,10778,10362,11329,10845,9653,7610,5171,3635,7175
Illinois,Macon County,17115,3.7,-0.8,-8,-4.5,-10.9,-20.4,-13,-1.9,-3.5,-1.7,-1.9,-3.9,-5.5,-2.7,-2.2,-0.4,258,-57,-610,-368,-872,-1671,-990,-125,-234,-134,-166,-327,-398,-143,-91,-42,6899,6988,7580,8024,7985,8168,7578,6509,6653,7869,8660,8326,7126,5239,3990,9051
Illinois,Macoupin County,17117,8.9,7.2,5.7,-4,-23.4,-26.1,-0.6,8.8,1.3,0.2,-0.9,0.9,4,5.8,2.1,-1.3,238,200,166,-133,-838,-962,-15,227,39,8,-34,32,113,124,37,-55,2656,2778,2883,3295,3573,3682,2641,2570,2882,3577,3735,3366,2784,2124,1725,4144
Illinois,Madison County,17119,-0.9,3.2,1.8,-0.1,8.2,-2.6,-1.5,4.2,2,1.9,1.5,-0.4,-0.7,0.1,0.6,0.6,-160,538,309,-31,1521,-480,-264,681,351,381,317,-87,-116,17,56,118,16964,16664,16857,18100,18466,18412,16625,16047,16916,19887,20419,17711,14626,11018,8469,18433
Illinois,Marion County,17121,4,-4,-7,-8.6,-27.6,-23.8,-3.5,-3.5,-5.2,-2.1,-2.8,2,2.5,4.3,3.8,-2,102,-101,-193,-259,-831,-698,-77,-81,-125,-63,-88,53,61,81,58,-68,2527,2495,2754,3006,3006,2934,2210,2304,2411,2978,3066,2654,2395,1875,1540,3380
Illinois,Marshall County,17123,10.1,2,6.5,-11,-33.8,-24.8,1.5,2.2,2.7,8.8,-0.7,2.8,4.3,11.9,1.1,9.9,64,14,48,-104,-294,-211,9,15,21,77,-7,27,36,76,5,109,636,714,744,948,868,849,613,676,757,869,988,938,837,636,517,1100
Illinois,Mason County,17125,-0.5,-3.8,2.2,-15.2,-40.5,-32.4,-7.9,-2.9,0.6,-0.5,-8.8,0.4,2.9,5.8,-1.6,2.2,-3,-36,20,-171,-466,-355,-64,-25,5,-5,-106,4,28,43,-10,31,781,944,945,1123,1151,1096,810,856,934,1132,1201,1054,962,747,619,1349
Illinois,Massac County,17127,-1,-2.3,-0.1,-0.3,-18.2,-16.5,6.7,3.5,10,2.9,8.1,1.9,15.8,10.2,11.5,6.8,-10,-24,-1,-3,-168,-164,52,32,90,32,91,19,125,74,66,88,988,1014,967,994,920,992,788,910,899,1104,1125,998,793,728,575,1277
Illinois,Menard County,17129,9.5,17.3,19.5,-8.4,-40.7,-34.9,30.1,33.1,5.5,-6.6,-1.4,2.1,9.8,5,2.2,19.3,65,118,145,-80,-406,-322,156,186,44,-73,-15,19,81,29,11,138,693,681,744,954,998,920,518,562,812,1105,1063,888,823,578,490,712
Illinois,Mercer County,17131,17.4,10.7,13,-12.4,-40.5,-37.1,11.7,11.5,6.4,1.9,-1.6,-0.2,-1.9,2.4,-2.8,-5.6,147,99,128,-141,-515,-460,89,97,63,24,-21,-2,-21,21,-19,-83,843,922,988,1140,1269,1238,765,843,986,1293,1294,1222,1096,906,681,1468
Illinois,Monroe County,17133,11.8,30.1,30.6,5.5,-24.6,-16.2,49.9,42,30.1,18.5,11.9,12.8,12.3,10.3,15,32.9,212,523,572,110,-537,-325,631,610,547,444,314,260,184,118,138,567,1792,1734,1871,1990,2177,2005,1263,1451,1817,2402,2627,2032,1494,1146,923,1722
Illinois,Montgomery County,17135,2.4,3.5,-2,-6.2,-18.2,-6.7,0,-5.6,-3.3,-0.3,-1.8,-0.1,6.9,8.6,13.5,6.1,41,59,-38,-125,-383,-141,-1,-110,-70,-8,-43,-4,111,103,137,156,1707,1659,1820,2012,2098,2111,1730,1948,2112,2384,2368,2050,1600,1206,1014,2536
Illinois,Morgan County,17137,1.7,2.1,1.4,11.8,5.5,-27.9,-21.5,-4.5,-4,-4.2,-0.2,-2.3,0,3.6,4.2,5.6,35,44,30,264,133,-858,-559,-95,-90,-117,-7,-57,0,59,54,152,1972,2090,2064,2239,2405,3071,2597,2080,2209,2753,2738,2486,2162,1632,1271,2714
Illinois,Moultrie County,17139,13.3,18,6.5,-3.6,-28.3,-13.9,19.1,3.6,11.8,2.9,-2.1,-1.3,12.1,9.4,10.2,36.2,120,163,62,-37,-295,-141,142,28,91,30,-22,-13,94,59,52,358,896,904,952,1011,1042,1014,745,780,774,1031,1055,990,772,628,509,988
Illinois,Ogle County,17141,8.7,24.7,16.6,-3,-34.4,-27.6,23.1,18.9,13.7,5.6,-0.2,-0.3,0.8,5.2,10.1,4.8,264,719,557,-123,-1437,-1039,550,524,449,233,-11,-12,23,123,178,167,3025,2906,3351,4018,4171,3752,2372,2761,3275,4155,4257,3625,2968,2362,1756,3464
Illinois,Peoria County,17143,-2.4,-4.5,-6.1,-0.1,7.7,1.3,-9.1,-6.7,-3.2,-0.1,-1.5,-2.1,-4.8,-5,-4.3,-7.6,-331,-591,-802,-22,969,181,-1201,-828,-388,-20,-199,-276,-525,-403,-255,-1030,13462,12901,13108,13318,12454,13181,13090,12230,11788,12395,13302,12713,10882,8011,5935,13510
Illinois,Perry County,17145,12.1,7.6,2.4,2.7,8.5,-7.6,-10.4,-0.3,-8.3,-4.9,-10.9,-6,0.1,2.3,-1.4,-5.7,131,95,31,38,126,-122,-178,-6,-127,-88,-188,-95,2,23,-11,-101,1083,1249,1260,1422,1475,1596,1700,1583,1528,1807,1724,1578,1256,1005,803,1765
Illinois,Piatt County,17147,2.2,27.9,13.4,-4.7,-38.1,-27.8,31.5,24.3,12.5,5.6,2.8,-0.3,2.1,-2.6,-0.4,-10.4,21,246,140,-55,-444,-319,223,194,116,72,40,-4,21,-21,-3,-143,949,881,1040,1151,1164,1150,707,796,929,1295,1410,1216,1019,809,677,1369
Illinois,Pike County,17149,8,9.6,-1,-12.1,-26.6,-23.6,-5.4,-3,2.7,-2.8,-1.1,-3.1,4.2,5,8.1,-5.4,78,88,-11,-140,-324,-281,-49,-30,27,-33,-14,-38,40,39,53,-90,972,918,1041,1159,1219,1191,901,980,1007,1155,1240,1215,953,779,661,1665
Illinois,Pope County,17151,13.3,26.6,8.2,52.4,10,-46.8,-27.5,4.8,0.5,6.6,16.6,18.1,20.3,26.9,9.6,-3.8,24,44,17,124,26,-188,-73,9,1,19,49,51,57,67,21,-16,185,167,218,236,264,403,267,201,220,299,297,284,283,249,221,413
Illinois,Pulaski County,17153,-3.6,-8.1,-19.5,-23.4,-43.1,-44.5,-20.3,-16.3,-16.5,-12.9,-3.4,-6.4,12.5,18.8,0.1,-16,-13,-37,-91,-129,-263,-256,-79,-63,-63,-64,-18,-31,46,48,0,-103,384,461,468,553,610,575,388,389,385,499,550,479,372,256,274,640
Illinois,Putnam County,17155,6.6,18.1,3.7,-10.9,-40.2,-29.7,14.2,15.4,0.7,2.1,10.3,14.6,13.9,3.8,2.1,-20.6,19,53,13,-44,-186,-125,39,42,2,10,48,64,51,12,5,-123,301,298,370,404,463,422,274,277,359,471,475,441,370,333,237,595
Illinois,Randolph County,17157,-0.6,0.8,-2.1,-6,-10.3,8.7,-0.2,-5.8,-4.4,-3.1,-2,-2.5,3.1,6.1,5.5,6.8,-11,15,-40,-123,-226,198,-6,-142,-105,-85,-53,-60,56,90,60,166,1777,1850,1911,2023,2192,2261,2350,2429,2378,2754,2660,2431,1808,1460,1091,2422
Illinois,Richland County,17159,6.2,10.4,-4.6,-0.4,-22.5,-19.7,1.4,7.2,1.8,1.1,1.7,6.3,7.3,4.3,11.3,7.6,58,100,-47,-5,-257,-230,13,63,17,13,21,65,61,32,75,111,942,953,1018,1049,1140,1169,887,868,934,1161,1213,1034,838,752,664,1445
Illinois,Rock Island County,17161,-1.2,-5.3,-7.4,-1.2,-4.7,-11.6,-9.6,-4.6,-3.6,-4.4,-1,-2.6,-1.6,-2.3,-0.1,-1.9,-128,-513,-737,-125,-470,-1257,-977,-422,-339,-471,-113,-284,-154,-161,-10,-227,9960,9590,9869,9717,9979,10778,10104,9081,9199,10596,11337,10681,9066,6919,5342,11835
Illinois,St. Clair County,17163,1.9,2.7,3.7,-3.5,-14.1,-3.3,10.8,10.3,6.3,2.7,0.9,-1,0.4,2.4,2.4,-3.7,359,510,690,-720,-2900,-630,1680,1636,1061,557,201,-185,59,235,175,-649,18678,18315,18491,20202,20456,18998,15546,15842,16838,20266,20279,17586,13348,9447,7266,17113
Illinois,Saline County,17165,-3.4,3.5,-1.4,9,-21.5,-37.5,-0.4,2.8,5.1,-2.3,-4.1,3.4,3.9,11,6.7,-5.3,-53,54,-23,149,-375,-840,-5,39,74,-42,-77,57,58,131,67,-120,1545,1523,1594,1648,1743,2240,1350,1366,1466,1794,1847,1659,1483,1192,1013,2261
Illinois,Sangamon County,17167,5.7,5,3,-4.3,-11.2,6.4,16,0.5,-0.7,0,0,-1.4,-2.2,0.3,-1.7,-0.1,699,636,379,-582,-1489,804,1716,63,-90,13,7,-211,-270,24,-106,-14,12095,12691,12556,13444,13225,12436,10686,11955,12801,15121,15193,14225,11918,7982,6261,12987
Illinois,Schuyler County,17169,3,6.9,9.9,-0.7,-26.7,-17.2,21,25.4,28.5,19.9,6.6,16.9,10,10.5,6.5,-7,13,26,42,-3,-123,-80,73,96,121,96,36,87,40,37,18,-52,422,376,428,453,462,466,350,378,424,484,547,512,405,355,285,740
Illinois,Scott County,17171,6.8,10.3,2.4,-6.6,-37.2,-38.8,16.3,3.4,1.4,6.1,-0.4,-11.3,0.2,13.4,3.9,-9.8,21,32,9,-25,-144,-158,45,10,4,26,-1,-42,0,31,9,-48,309,312,361,377,387,408,278,293,318,431,437,371,307,238,240,485
Illinois,Shelby County,17173,16.9,12.4,7.3,-10.5,-33.3,-28.6,1.5,8.1,2.3,0.7,-0.2,8.1,8.9,11.2,1.5,-6.4,189,149,102,-174,-555,-461,17,95,30,13,-3,121,117,124,14,-140,1115,1196,1383,1661,1663,1609,1112,1181,1303,1680,1707,1499,1309,1107,917,2173
Illinois,Stark County,17175,16.9,6.6,4.5,-10.2,-39.8,-39.5,12.9,7.9,-2.8,-3.5,4.9,-3.2,6.7,9.2,10.2,-1.8,47,23,18,-46,-174,-170,35,25,-10,-15,20,-14,24,29,23,-11,281,358,412,451,439,431,276,318,375,432,424,450,366,318,231,590
Illinois,Stephenson County,17177,7,2.3,-1.1,-7.4,-31.3,-27.3,-0.5,-2.3,-2.9,-2.8,-2.3,2.1,1.9,5,11.3,11.1,192,68,-36,-261,-1135,-953,-13,-61,-91,-105,-90,71,54,114,206,449,2731,2867,3085,3493,3625,3491,2364,2647,3091,3691,3801,3370,2825,2283,1821,4009
Illinois,Tazewell County,17179,4.9,13.3,6.6,-3.5,-20.4,-2.3,26.8,11.7,2.5,0.2,-0.5,-1.1,-1.2,-0.5,3.3,9.5,417,1050,548,-312,-1802,-208,1891,916,212,22,-51,-111,-99,-33,157,906,8493,7887,8301,8801,8821,8685,7055,7819,8410,9840,10053,9347,8024,5849,4629,9449
Illinois,Union County,17181,-1.3,1.3,2.5,-5.4,-19.3,-18.9,1.7,7.8,1.6,0.8,-0.1,1.9,12.6,4.2,7.6,-5.2,-14,14,25,-65,-248,-231,15,77,18,11,-2,23,130,40,57,-78,1075,1081,990,1207,1283,1222,880,993,1060,1326,1383,1250,1037,961,740,1484
Illinois,Vermilion County,17183,1.7,-1.3,-5.7,-6,-21,-11.9,-0.5,-4.9,-6.8,-3.6,-0.1,-0.7,1.8,1.9,-0.1,-8.5,99,-72,-335,-365,-1202,-677,-25,-252,-350,-219,-6,-42,88,72,-5,-591,5568,5484,5788,5993,5725,5645,4859,5129,5134,5996,6018,5600,4846,3772,3045,6902
Illinois,Wabash County,17185,1.2,-1.5,-1.9,-4.1,-30.9,-31.4,-9,0.1,-6,-8.1,-8.1,-4.5,-6.6,4.3,-4,-8,9,-11,-14,-35,-280,-323,-65,1,-42,-76,-83,-41,-52,23,-19,-96,732,740,759,858,908,1029,728,667,707,945,1022,910,793,534,481,1189
Illinois,Warren County,17187,0.7,8.6,3.2,23.1,6.3,-44.6,-30.7,5,-4,-4.8,-3.2,-6.7,-0.5,-0.5,2.6,-6.7,7,85,36,265,82,-734,-448,47,-41,-59,-42,-90,-5,-4,18,-103,1060,995,1094,1146,1288,1646,1458,939,1036,1223,1308,1339,1043,852,709,1518
Illinois,Washington County,17189,-8.2,4.9,2,-6.7,-33.9,-27.5,18.7,14.7,0.4,0.6,2.5,-1.2,1.3,5.8,-0.4,-5.2,-77,42,18,-70,-402,-309,134,111,4,7,31,-13,10,36,-2,-68,933,870,885,1034,1186,1125,719,754,915,1160,1211,1066,826,627,602,1284
Illinois,Wayne County,17191,0.2,7.5,-1.3,-4.2,-29.9,-21.1,5.3,3.1,0,-1.1,2.6,4.2,5.8,10.5,5.9,-5.3,2,73,-13,-46,-355,-246,47,28,0,-13,31,46,57,87,43,-87,1069,984,1058,1087,1187,1166,893,908,1016,1187,1200,1107,979,831,733,1621
Illinois,White County,17193,6.3,2.3,2.6,-2.6,-26.4,-18.1,-2.2,0.1,0.2,1.9,3.7,-2.7,7.1,5.6,6.8,8.4,54,19,21,-22,-257,-189,-17,1,1,21,42,-28,62,42,44,122,850,822,805,870,974,1040,783,711,842,1080,1141,1039,883,746,652,1437
Illinois,Whiteside County,17195,2.1,0.7,0,-8.6,-28.1,-27.6,-3.9,1.1,-0.6,-3.2,-0.8,-3.4,0,1.1,5.2,-1,77,27,0,-367,-1212,-1183,-128,40,-21,-144,-39,-148,-2,31,116,-52,3558,3718,4058,4230,4313,4279,3235,3431,3628,4433,4586,4359,3519,2763,2203,5101
Illinois,Will County,17197,4.8,26.2,31.6,16.2,-9.7,9.9,62.7,61.6,35,17.8,11.2,8.6,8.9,9.8,19.7,33.7,2371,11775,13815,7256,-3962,3516,17320,20124,14491,8326,4847,3006,2507,1909,2450,6624,48550,44855,43630,44677,40595,35517,27600,32624,41298,46681,43117,34799,27923,19333,12410,19618
Illinois,Williamson County,17199,14.5,14.7,5.5,4.4,-0.6,9.6,17.5,10.8,6.3,8.8,8.9,7.5,11,13.6,12.4,-0.1,530,540,211,175,-24,375,637,416,246,395,394,306,406,395,289,-8,3641,3664,3784,3909,3983,3880,3621,3845,3891,4446,4435,4040,3696,2900,2324,4840
Illinois,Winnebago County,17201,0,3.4,2.1,-3.1,-15,0.9,13.1,3.6,0.9,0.6,1.1,-0.2,0.3,0.9,2.2,4.3,-7,678,444,-658,-3117,168,2098,674,188,151,251,-48,60,120,196,805,20416,19634,20528,20961,20654,18718,15997,18573,19431,22046,21548,19530,16315,12213,8765,18298
Illinois,Woodford County,17203,17.4,30.7,22,6.1,-25.7,-30.1,16.8,33.2,20.5,13,4.5,1.4,-1.8,-2.8,2.2,16.4,386,654,533,164,-712,-840,319,551,421,338,131,40,-39,-46,25,406,2210,2125,2418,2662,2767,2790,1890,1659,2049,2591,2856,2713,2169,1658,1168,2462
Indiana,State Total,18000,2.7,4.7,3,4.5,4.3,-4.4,-2.4,3.6,1.1,0.8,0.4,-0.4,0.1,0.6,1.6,2,11871,20342,13568,20536,18985,-19919,-10484,14763,4948,3870,1962,-1861,633,1617,3057,7737,436667,428405,438602,447807,434505,442929,421055,403483,417847,468798,467419,416107,344476,254183,189068,378695
Indiana,Adams County,18001,0.4,-0.7,1.4,-14.1,-32.3,-25.9,-5.1,-4.4,-3.3,-7.2,-4.2,-4.6,-3.2,-2,-2,7.8,15,-23,40,-427,-939,-715,-103,-91,-69,-170,-96,-96,-56,-26,-22,177,3263,3078,2794,3029,2902,2755,2012,2045,2045,2358,2268,2084,1720,1267,1058,2254
Indiana,Allen County,18003,3,3.5,0.3,-2.3,-6.2,0.9,7.5,-1.2,-2,-2.5,-2.8,-4.5,-5.3,-4.5,-1.1,0.9,814,938,86,-609,-1562,215,1645,-294,-488,-639,-741,-1075,-1012,-601,-108,180,26601,26102,26397,26488,25030,23607,21711,23316,23317,25552,25837,23507,18999,13213,9185,19937
Indiana,Bartholomew County,18005,-1,6.4,-0.9,-5.5,-19.2,13.1,25.6,10,3.2,1.5,-1.8,-1.8,-1.8,-3,3.3,11.5,-55,329,-51,-305,-1000,568,1011,481,163,85,-101,-93,-80,-106,84,486,5452,5068,5444,5493,5185,4319,3940,4775,5025,5417,5519,5068,4369,3456,2488,4226
Indiana,Benton County,18007,12.9,-9.2,1.1,-17.6,-46.5,-26.9,14,-3.2,-3.5,-3.1,-7,-3,6,-4.3,1.1,-19.1,72,-63,7,-131,-355,-185,59,-17,-21,-21,-50,-18,28,-19,3,-153,563,681,645,745,763,689,421,532,621,685,718,613,463,449,301,799
Indiana,Blackford County,18009,8.5,-6.3,-7.7,-11.4,-33.4,-26.4,-10.1,-8.4,-9.1,-2.8,-3.5,-2.6,-11.6,-0.5,-4.3,-9.1,61,-50,-73,-110,-334,-233,-72,-73,-81,-28,-35,-24,-106,-3,-23,-104,718,793,940,967,1000,882,711,866,886,997,1014,928,920,699,537,1140
Indiana,Boone County,18011,14.8,35.6,37.7,6.4,-36.2,-3.5,61.6,59.4,40.2,25.2,12.3,1.5,-1.7,-0.3,3.2,31.1,521,1161,1309,244,-1340,-109,1187,1454,1234,1010,509,53,-51,-8,47,716,3512,3262,3470,3799,3697,3061,1927,2444,3065,4000,4122,3456,2876,2060,1468,2298
Indiana,Brown County,18013,36.1,45.8,14.9,0.5,-44.8,-35.3,9.4,14.6,9,0.1,9.6,14.6,16.1,2.5,-4,-9,212,257,121,4,-477,-342,58,108,79,2,123,181,191,24,-27,-97,586,561,814,939,1064,968,621,743,882,1168,1279,1234,1181,944,682,1072
Indiana,Carroll County,18015,18.1,16.6,5.2,-4.9,-36.9,-27.2,16.4,3.7,-4.6,-1.4,0.5,1.8,6,5.6,2.3,-12,193,189,73,-73,-561,-374,160,45,-61,-22,9,25,71,53,17,-191,1064,1141,1412,1501,1517,1375,975,1230,1316,1523,1609,1409,1179,947,736,1589
Indiana,Cass County,18017,1.5,-1.6,-4,1.3,-28.1,-24.7,-3.3,-8.7,-2.5,-7.3,-8.5,-8.7,-7.7,-6.6,-5.1,-8.3,41,-46,-120,38,-815,-754,-82,-231,-66,-224,-271,-237,-179,-123,-71,-253,2722,2797,2945,2797,2892,3041,2451,2644,2572,3034,3162,2710,2313,1853,1388,3031
Indiana,Clark County,18019,1.9,10.2,8.2,5.5,0.2,26.7,28.4,15.9,6.5,6.4,8.3,6,7.6,6.3,4.7,7.9,142,672,555,362,18,1655,1742,1081,448,492,629,418,447,272,149,447,7362,6548,6742,6567,6363,6194,6119,6778,6879,7647,7551,6935,5842,4263,3151,5645
Indiana,Clay County,18021,-0.9,3.4,4.8,-4.4,-21.1,-23,6.1,13,6.2,3.1,1.4,2.6,9.1,7.6,12.1,-3.1,-15,59,87,-84,-412,-456,93,197,104,61,29,47,130,85,103,-60,1626,1744,1802,1931,1949,1978,1508,1516,1684,1933,2044,1787,1420,1116,852,1916
Indiana,Clinton County,18023,3.8,-0.7,-3.4,-13.4,-25.8,-19,-2.1,-3.7,-5.2,-7,-5.5,-6.2,-0.3,0.5,0.2,3.1,97,-18,-85,-352,-674,-466,-44,-81,-114,-179,-141,-141,-5,6,2,73,2506,2543,2474,2614,2614,2451,2063,2157,2189,2532,2547,2271,1740,1274,1076,2301
Indiana,Crawford County,18025,17.4,8.5,2.2,-8.5,-30.5,-28.2,-2.7,4.3,2.5,2.9,4,6.7,15.7,10.9,1.8,-12.4,99,54,16,-66,-252,-203,-16,28,16,24,33,51,100,54,7,-90,570,637,702,772,826,720,601,651,640,838,826,763,639,493,405,723
Indiana,Daviess County,18027,6,6.3,3.5,-7.3,-18.2,-14,6.5,2.5,3.6,1.9,2,-1,5.7,4,7.4,-2.2,158,154,82,-179,-438,-320,109,44,62,41,42,-19,90,50,72,-48,2596,2431,2349,2439,2406,2273,1675,1740,1719,2128,2066,1932,1588,1240,974,2134
Indiana,Dearborn County,18029,-1.5,13.1,11.6,-4.4,-31.5,-22.5,22,28.2,11.6,2.8,3.1,3.1,10.9,4.8,9.7,4.7,-48,418,380,-155,-1197,-766,506,716,373,114,121,110,296,98,144,126,3229,3182,3260,3506,3791,3398,2299,2539,3200,4013,3890,3466,2705,2028,1483,2626
Indiana,Decatur County,18031,-2.8,1.3,0.7,-5.9,-20.9,-7.2,6.1,1.8,-1.9,3.4,5.7,0.6,5.7,4.4,1.4,6,-50,24,14,-105,-364,-118,93,29,-33,65,105,11,75,45,13,98,1772,1857,1900,1787,1740,1634,1516,1637,1674,1887,1834,1669,1309,1017,880,1627
Indiana,DeKalb County,18033,9.3,8.5,2.7,-7.2,-25.7,-17,8.2,2.2,0.8,0.8,-1.5,-1.4,2.9,4,7.3,9.4,249,245,86,-235,-803,-478,198,59,25,27,-48,-41,65,68,84,216,2669,2868,3167,3246,3121,2811,2412,2667,2794,3270,3215,2791,2217,1685,1157,2277
Indiana,Delaware County,18035,5.2,-4,-8.9,49.4,117.9,-33.1,-57.4,-14.8,-6.9,-2.8,-0.5,-4.5,-2.2,-1.1,-0.1,-1.2,327,-268,-652,3613,8584,-3469,-7977,-1103,-495,-217,-38,-330,-148,-57,-6,-103,6227,6631,7259,7313,7278,10461,13880,7415,7114,7584,7549,7202,6483,5250,3942,8109
Indiana,Dubois County,18037,3.6,10.6,7,-9.9,-33.8,-12.4,17,9.7,4.6,1.4,2.3,-0.1,2.6,6.9,10,16.1,101,282,206,-303,-1034,-350,358,223,128,47,75,-2,57,109,134,399,2733,2649,2931,3037,3059,2807,2104,2290,2768,3331,3239,2811,2216,1569,1336,2473
Indiana,Elkhart County,18039,-1.3,0.6,0.2,-5.3,-15.6,-1.4,3.6,-0.9,-2.3,-3.7,-2.4,-2.5,-0.8,-2.3,2.1,11.4,-232,98,32,-801,-2287,-188,443,-124,-310,-531,-330,-306,-80,-176,113,1149,16907,15764,15358,14957,14638,13080,12227,13100,13349,14152,13260,12181,9825,7371,5241,10064
Indiana,Fayette County,18041,10.5,-0.1,-3.4,-12.7,-27.1,-25.9,-3.8,-3.8,-3.1,-2.4,-3.8,-2.3,-3.1,5.9,0.7,-4.1,147,-2,-58,-232,-447,-440,-58,-63,-49,-41,-69,-44,-48,68,6,-80,1393,1665,1703,1824,1649,1700,1514,1632,1565,1708,1784,1871,1571,1150,916,1945
Indiana,Floyd County,18043,5,15.6,9.4,-1,-12.9,-6.8,9.9,10.2,10.5,1.5,0.5,-1.9,-1,-1.6,0.4,9.5,225,672,452,-57,-674,-337,398,446,483,92,31,-103,-45,-50,9,383,4473,4298,4765,5265,5198,4903,3995,4368,4583,5866,5907,5210,4392,3068,2163,4000
Indiana,Fountain County,18045,-2.1,1.7,3.8,-11.2,-39.4,-27.5,8.8,-0.7,-4,-1,-2.5,-2.3,7.8,5.3,4,-1.5,-23,18,47,-151,-526,-335,74,-7,-48,-14,-33,-26,74,44,29,-21,1069,1089,1230,1341,1334,1214,847,1027,1191,1327,1336,1141,955,843,724,1395
Indiana,Franklin County,18047,7.6,14.1,12.6,-7.7,-41,-31.5,14.3,17.3,9.3,3.9,4.1,4.5,2.8,5.5,4.1,-0.3,105,209,200,-141,-728,-505,158,225,137,70,72,71,35,52,31,-5,1378,1480,1589,1818,1774,1601,1104,1301,1476,1776,1743,1560,1247,948,758,1445
Indiana,Fulton County,18049,4.9,11,9.2,-6.1,-32.3,-18.7,10.8,9.6,-2.3,-1.3,0.7,8.8,10.6,8,8.2,-4.5,66,136,128,-95,-480,-267,114,114,-29,-21,12,120,118,77,63,-74,1336,1236,1390,1539,1483,1430,1054,1182,1246,1529,1565,1358,1109,955,762,1614
Indiana,Gibson County,18051,13.2,12,2.9,1.3,-14.3,-15.9,5.6,9.3,4.9,4.9,-0.4,2.5,-0.1,3.5,-4.2,-2.3,263,240,64,30,-313,-371,102,176,101,119,-12,57,-2,50,-50,-60,1990,2002,2160,2281,2182,2336,1799,1879,2051,2429,2628,2248,1872,1400,1197,2542
Indiana,Grant County,18053,2.4,-2.2,-4.2,13.6,26.8,-37.8,-36.4,-3.8,-4.5,0,-2.1,-3.1,-3.8,-3.8,-2.5,-7,99,-92,-193,697,1321,-2176,-2047,-156,-195,-3,-114,-151,-169,-131,-71,-401,4069,4143,4505,5124,4916,5742,5617,4061,4282,4869,5257,4811,4406,3405,2817,5660
Indiana,Greene County,18055,8.4,11.7,5.9,-5.1,-27.8,-17.2,7.4,7.4,2.4,0.1,-1.2,2.3,3.9,6.7,2.2,-10.6,158,234,127,-115,-668,-377,128,142,52,3,-31,53,77,106,27,-283,1876,2002,2135,2262,2397,2190,1729,1924,2188,2535,2492,2255,1986,1565,1206,2649
Indiana,Hamilton County,18057,16.9,45.5,38.5,7.4,-30.8,51.6,182.2,93.2,47.5,23.9,13.4,11.2,13.4,14.3,23.2,49.5,3221,7749,6621,1261,-4536,5710,12445,11010,7492,4426,2288,1533,1438,1027,1039,3238,18990,17032,17155,16893,14720,11059,6830,11811,15761,18503,17021,13636,10663,7176,4464,6534
Indiana,Hancock County,18059,5.2,30.6,45,13.8,-21.5,0.3,70.2,61.6,35.9,21.5,12.7,9.4,6.4,6,11.4,22.1,226,1217,1750,573,-901,14,1724,1823,1372,1032,598,383,249,171,220,668,4292,3966,3882,4128,4185,3749,2456,2959,3823,4779,4692,4036,3900,2840,1931,3022
Indiana,Harrison County,18061,6.8,18.8,15.7,6.8,-17.4,-10.7,21.5,26.4,16.4,11.2,7.4,9.9,10.7,14.1,14.8,18.9,157,416,361,166,-449,-280,414,526,369,333,218,250,229,230,156,370,2307,2203,2292,2414,2570,2610,1926,1991,2240,2973,2933,2507,2133,1634,1058,1951
Indiana,Hendricks County,18063,18.2,56.4,47.7,16.9,-13.3,23.7,108.2,76.8,41.2,20.8,14.1,15.3,11.6,12.4,13.7,35.1,1622,4119,3743,1440,-1075,1712,5252,4859,3239,2030,1294,1164,744,581,431,1717,8891,7298,7837,8506,8042,7204,4851,6327,7861,9739,9159,7570,6384,4672,3146,4882
Indiana,Henry County,18065,5.3,9.1,5.7,-1.7,-21.8,-9.9,16.3,14.5,10.6,8.7,4.5,2.1,0.6,1,-0.4,-1.2,138,256,179,-56,-719,-307,404,408,334,316,158,70,20,25,-7,-46,2612,2788,3125,3317,3289,3077,2482,2811,3143,3619,3525,3349,3034,2356,1906,3695
Indiana,Howard County,18067,-3.3,-7.1,-10.3,-9.5,-24.6,-16.1,0,-9.1,-5.7,0,-0.6,-2.4,-4.5,-1.9,-0.1,10.7,-184,-413,-642,-575,-1475,-905,-4,-505,-311,-4,-39,-145,-246,-82,-3,590,5511,5781,6197,6051,5972,5624,4882,5491,5456,6186,6268,5871,5388,4267,3050,5503
Indiana,Huntington County,18069,2.2,-2.1,-0.4,-0.7,-9.3,-27.6,-13.7,0.9,-4.7,-2.9,-2.9,-4.1,-4.6,-0.7,4.8,6.8,50,-51,-12,-21,-267,-807,-344,21,-116,-85,-89,-109,-96,-11,61,164,2241,2369,2622,2762,2852,2922,2498,2204,2427,2856,3048,2603,2091,1565,1254,2381
Indiana,Jackson County,18071,-1.1,0,-3.1,-8.9,-18.7,-1.1,8.3,-1.1,-5,0.3,-3.1,1.8,2.9,3.8,7.9,3.7,-33,1,-94,-270,-524,-32,215,-33,-151,12,-99,48,66,67,106,98,2855,2988,3006,3020,2801,2749,2574,2866,3024,3169,3208,2614,2296,1751,1353,2636
Indiana,Jasper County,18073,11.3,17.4,17,12.3,-12.2,-27,3,18.6,9.7,14,8.8,6.7,10.9,19.2,16.6,1.4,227,348,366,284,-284,-665,60,328,184,311,198,132,187,242,166,29,2011,2002,2147,2310,2321,2462,1988,1766,1902,2217,2249,1961,1709,1259,997,1965
Indiana,Jay County,18075,4.6,3.7,-2.6,-11.5,-29.2,-20.8,0.5,-0.8,-2.4,-0.2,-1.7,-2.8,-2.7,-0.2,-6.9,-8.1,68,56,-43,-203,-460,-297,6,-11,-34,-3,-25,-40,-34,-2,-57,-131,1463,1512,1640,1765,1575,1432,1127,1332,1430,1534,1496,1416,1243,982,836,1613
Indiana,Jefferson County,18077,3.8,9,2.2,10.6,-0.3,-22.8,-13.7,8.3,3.6,0.8,1.2,2.5,5.9,4.5,-0.3,-0.4,71,163,46,238,-8,-562,-302,156,74,21,29,53,111,66,-3,-10,1852,1807,2028,2228,2140,2461,2195,1871,2040,2465,2464,2081,1880,1475,1091,2078
Indiana,Jennings County,18079,2.9,0.9,5.8,-3.2,-24.8,-17.6,3.8,4.4,0.5,0,6.3,-0.5,4.7,4.4,3.4,-11.5,55,19,125,-75,-502,-321,60,83,12,-1,128,-9,74,55,31,-175,1868,1956,2137,2304,2026,1823,1555,1882,2088,2146,2024,1819,1579,1242,894,1521
Indiana,Johnson County,18081,7.8,26.3,20.4,7.7,-6.1,9.5,32.1,31.3,14.1,10.5,7.1,4.5,6.7,9.9,17.6,41.6,720,2178,1812,691,-523,765,2210,2369,1217,1017,644,369,457,488,603,2234,9180,8274,8876,8970,8505,8019,6879,7546,8609,9646,9016,8068,6773,4899,3424,5370
Indiana,Knox County,18083,-2.1,-1.5,-3.1,43.3,35.1,-39.5,-36.9,-2.8,-2.7,0.6,1.3,1,-0.4,4.3,4.5,1.6,-50,-33,-75,1036,874,-1504,-1179,-60,-59,18,35,26,-9,70,63,45,2386,2191,2377,2390,2489,3804,3196,2084,2167,2726,2735,2522,2201,1627,1391,2808
Indiana,Kosciusko County,18085,-3.4,1.4,-1.3,-4.5,-17.4,-8.6,4.2,-1.9,0.2,1.7,0.5,-1.8,2.7,2.5,0.6,-6.1,-196,78,-75,-261,-995,-466,187,-92,9,98,29,-92,114,82,16,-299,5683,5454,5711,5755,5713,5363,4447,4861,4942,5567,5706,5084,4221,3231,2523,4828
Indiana,LaGrange County,18087,4,3.3,-2.2,-3.5,-29.1,-27.8,-10.3,-7.4,-5.9,-6.6,-5.5,2,-0.3,4,-6,-8.8,148,116,-79,-113,-934,-853,-244,-167,-129,-155,-121,39,-6,55,-69,-173,3695,3498,3538,3195,3208,3062,2369,2259,2173,2343,2208,1987,1790,1352,1144,1944
Indiana,Lake County,18089,4.9,3.5,0.7,-3.1,-16.1,-9.1,2.8,3.7,3.1,1.2,-0.5,-2.6,-2.7,-4.3,-5.3,-5.1,1626,1201,256,-1166,-5697,-3264,885,1145,973,446,-196,-917,-753,-884,-839,-1700,33078,34306,36099,37147,35278,35488,30687,30247,30721,35521,38210,34087,27435,20243,15673,32980
Indiana,LaPorte County,18091,-1,2.9,-1.2,-4.9,-11.1,0.6,9.3,0.8,-2.2,-2,-2.3,-2.7,-0.3,2.2,0,-5.7,-76,198,-88,-376,-830,47,620,64,-172,-177,-209,-225,-25,110,-2,-443,6927,6728,7377,7635,7421,7260,6658,7190,7631,8593,8746,8182,6691,4860,3559,7653
Indiana,Lawrence County,18093,7.7,7,4.8,-8.6,-26,-16.8,11.3,2.4,-0.6,3.7,3.1,0.9,3.4,4.8,4.3,-2,200,194,149,-280,-797,-486,274,67,-19,128,105,32,98,108,74,-71,2597,2783,3081,3223,3055,2896,2419,2788,3014,3381,3381,3287,2876,2242,1718,3422
Indiana,Madison County,18095,3.8,3.2,-2.5,-1.2,-5.8,-7.2,0.2,0.9,-2.7,-3.1,-3.2,-5.1,-4.3,-4.1,-2.8,-5.1,307,258,-226,-111,-517,-626,22,81,-250,-306,-308,-456,-355,-261,-131,-511,8072,8059,8814,9078,8774,8696,8417,8508,8993,9796,9570,8928,8205,6327,4681,9963
Indiana,Marion County,18097,-5.7,-13.4,-10,-3.1,16.5,39.5,9.3,-14.6,-14.9,-9.4,-5.5,-5.6,-7.1,-5.8,-7.1,-8.7,-4349,-9758,-6674,-2037,9801,22172,5823,-10594,-10236,-6687,-3699,-3182,-3162,-1794,-1654,-4318,75181,72656,66164,63803,59238,56121,62262,72121,68438,70831,67063,56315,44390,30471,23155,49605
Indiana,Marshall County,18099,9.5,6,6.8,-2.8,-28.8,-24.9,2.7,8.9,2.3,-0.8,0,-0.4,1.6,5.2,4.7,10.2,293,202,232,-99,-1025,-846,73,235,68,-29,3,-12,40,98,68,313,3066,3359,3405,3526,3557,3393,2651,2640,2939,3444,3380,3139,2497,1883,1434,3045
Indiana,Martin County,18101,2.6,4.2,5.1,-3.8,-33.3,-23.7,7.6,6.5,1.4,6.9,3.4,-1.4,-0.6,-0.9,3.8,-11.2,17,26,34,-26,-253,-172,38,40,9,52,27,-11,-4,-4,15,-87,674,635,673,704,759,724,499,614,636,752,782,786,662,523,392,771
Indiana,Miami County,18103,0.3,4,1.3,-10.6,-19.1,-9,24.4,11,7.6,-0.7,-5.3,-2.4,1.7,1.1,1.5,-8.1,7,91,32,-284,-514,-222,487,260,185,-22,-151,-64,38,18,17,-207,2161,2260,2390,2679,2688,2467,1996,2358,2432,2914,2854,2582,2149,1571,1176,2529
Indiana,Monroe County,18105,3.9,1.4,-3.7,144.7,391.6,-17.7,-62,-27.6,-14.1,-3.6,2,0.5,3.4,2.7,6,14.6,255,87,-234,8660,22820,-2489,-14020,-2647,-1125,-272,144,34,198,112,173,851,6434,6218,6337,5984,5827,14025,22591,9567,7973,7553,7239,6875,5700,4108,2882,5798
Indiana,Montgomery County,18107,13.2,3.3,-0.8,-1.2,-9.4,-19.7,-7.6,3.2,2.3,-1.9,-0.3,-0.2,1.3,2,3.8,-1.2,298,78,-21,-36,-259,-521,-173,73,55,-57,-8,-7,28,36,52,-33,2254,2369,2590,2881,2729,2635,2271,2268,2379,2972,2862,2416,2065,1742,1365,2712
Indiana,Morgan County,18109,4,10,4,-3.8,-31,-22.5,14.6,13.8,3.1,0.8,-0.1,0,-0.7,-2.2,0.7,3,170,432,202,-197,-1578,-1060,491,538,153,46,-6,0,-29,-71,16,105,4228,4309,4963,5084,5076,4693,3358,3891,4946,5621,5487,4837,4128,3134,2193,3459
Indiana,Newton County,18111,14.4,14.3,7.1,-9.2,-39.9,-37.3,9.2,5.6,-3.6,0.5,2.2,4.9,-3.4,11,11.1,8.7,105,108,66,-98,-442,-423,67,46,-34,6,25,50,-29,77,58,80,732,755,933,1064,1108,1134,728,824,932,1165,1126,1027,866,694,526,911
Indiana,Noble County,18113,3.8,0.6,-3,-10,-25.8,-20.6,1.7,-4.3,-6.2,-2.6,0.7,0,5.1,6.1,3.3,8.6,132,24,-117,-377,-950,-721,51,-140,-207,-94,27,3,128,109,42,217,3441,3504,3826,3750,3671,3497,2931,3230,3327,3551,3529,3079,2510,1777,1240,2500
Indiana,Ohio County,18115,16.7,17.9,15.5,-0.8,-28.7,-27.2,13.3,30.4,13.1,20,12.3,13.9,12,25,9.9,3,44,60,52,-3,-128,-104,39,92,46,90,57,57,41,71,22,12,266,334,336,359,446,383,293,303,352,451,463,412,340,284,229,388
Indiana,Orange County,18117,6.6,5,8.5,-0.6,-29.7,-17,7.9,3.5,8.6,0.2,4.2,6,10.3,12.1,9.4,-4.1,77,62,114,-8,-424,-214,83,39,105,2,63,75,117,105,66,-59,1177,1248,1345,1388,1425,1261,1053,1127,1224,1433,1498,1248,1132,866,698,1425
Indiana,Owen County,18119,-0.9,11.3,5.1,-7.5,-36.9,-30.7,7.6,13.3,4.2,2.1,2.2,2.3,10.2,7.5,8,-9,-11,138,73,-120,-644,-481,77,149,60,38,39,37,133,78,59,-125,1261,1217,1425,1588,1746,1565,1013,1120,1422,1795,1789,1583,1297,1029,741,1379
Indiana,Parke County,18121,13,10.2,9.9,-1,-18.4,-3.6,16.1,12.5,6.4,-3.6,0.8,1.7,1.4,0,-3.3,-24.1,116,91,95,-11,-231,-42,135,122,70,-52,10,21,15,0,-23,-359,899,887,963,1133,1250,1155,837,971,1087,1439,1323,1209,1076,877,704,1488
Indiana,Perry County,18123,7.5,7,6.2,-2.9,-10.1,-6.1,5.3,9.9,2.5,-1.6,1.4,-3.7,7.8,1.4,4.5,-1.1,83,76,65,-34,-127,-86,66,113,30,-25,21,-51,87,11,27,-17,1099,1089,1054,1177,1256,1399,1241,1137,1184,1533,1510,1375,1110,812,601,1472
Indiana,Pike County,18125,8.3,7.3,1.9,-7.9,-27,-18.2,7.1,8,0,4.6,5.1,10.1,6.2,3.4,-3,-4.6,60,52,15,-69,-231,-152,46,58,0,46,51,86,48,21,-17,-46,727,722,809,876,856,833,648,730,808,987,996,857,766,635,564,996
Indiana,Porter County,18127,10.3,24.6,19.4,12.9,-2.3,-12.7,6.4,25.6,16.4,10.5,4,0.1,-1.3,-4.2,2.9,10.6,953,2231,1913,1342,-251,-1459,618,2213,1561,1160,504,20,-128,-292,133,849,9175,9068,9821,10389,10791,11463,9566,8637,9510,10958,12461,11758,9630,6945,4547,8005
Indiana,Posey County,18129,18.8,25.6,3.6,-10.6,-37.1,-33.6,3.4,13.6,0,-5.6,-5.3,-1.5,-5.9,-9,-2.4,-9.5,240,331,64,-219,-847,-649,45,184,0,-128,-127,-31,-99,-115,-22,-174,1276,1294,1778,2055,2282,1926,1308,1352,1677,2266,2381,2074,1665,1277,919,1813
Indiana,Pulaski County,18131,-1.3,7,11.6,-12.7,-42.8,-28.7,9.2,9.6,2.3,4.5,0.3,0.1,3.6,14,8.9,-2.2,-11,57,101,-136,-466,-291,59,72,19,45,4,1,26,86,41,-23,822,803,870,1070,1089,1016,645,748,816,1007,1086,939,731,617,463,1038
Indiana,Putnam County,18133,0.7,6.4,3.8,36.8,43,-24.4,-27.4,8.5,1.7,-2.1,4.2,5.8,4.9,1.2,3.2,-4.9,15,130,87,868,1033,-725,-874,181,44,-64,117,129,94,18,40,-116,1982,2026,2290,2355,2404,2975,3188,2136,2503,3018,2750,2226,1913,1538,1263,2341
Indiana,Randolph County,18135,0.2,4.9,3.1,-5.8,-30.6,-30.8,5.4,1.2,-2.2,-4,-4.8,-4,-4.1,-3,-0.8,-6.4,4,80,59,-111,-597,-560,80,20,-38,-80,-97,-72,-68,-40,-8,-146,1583,1634,1898,1918,1950,1817,1462,1594,1722,1980,2015,1813,1635,1334,1036,2262
Indiana,Ripley County,18137,2.9,5.5,9.6,-4,-31,-13.8,20.2,12.4,8,3.4,6,7,11.5,10,12.4,13.6,56,111,195,-88,-635,-254,277,195,148,72,119,122,163,121,104,237,1897,2001,2020,2168,2048,1838,1369,1569,1850,2088,1980,1733,1422,1206,838,1734
Indiana,Rush County,18139,2.5,3.3,-0.5,-14.9,-34.8,-26.6,2.4,-1.2,-3.7,-5.2,-5.1,-3.2,-0.5,4.8,4.5,-5.2,26,39,-7,-216,-482,-315,22,-14,-44,-75,-72,-38,-6,35,28,-72,1032,1171,1288,1447,1387,1184,907,1106,1210,1432,1423,1182,1017,731,629,1362
Indiana,St. Joseph County,18141,-3.2,-3,-5.1,6.1,11.2,-16.8,-21.5,-5.2,-6.7,-3.6,-2.8,-3.1,-3.5,-3.7,-2,-1.2,-623,-584,-1005,1192,2100,-3560,-4507,-899,-1192,-697,-553,-571,-509,-382,-150,-236,19004,18893,19393,19513,18714,21100,20953,17134,17571,19025,19353,18186,14331,10179,7320,18561
Indiana,Scott County,18143,-4.7,-0.7,-0.4,1,-14,-10,-1.1,6.9,2.4,5.7,7.1,7.1,11.8,13.6,7.5,16.2,-76,-11,-8,16,-237,-156,-16,106,42,103,119,107,154,133,56,180,1602,1538,1749,1622,1686,1547,1462,1536,1708,1802,1673,1495,1302,978,753,1110
Indiana,Shelby County,18145,7.8,7.3,2.7,-6.7,-25.2,-21,9.6,4.5,3.7,-1.3,0.2,1.3,0.3,2.9,1.8,8.1,203,210,82,-218,-840,-641,229,123,109,-51,10,41,9,54,27,209,2597,2841,3045,3228,3323,3050,2365,2740,2901,3701,3638,2986,2483,1829,1446,2565
Indiana,Spencer County,18147,10.3,15.2,9.9,-4.7,-41.5,-23.8,18.8,4.4,4,4.1,3.3,8.3,6.7,1.1,4.9,-3.6,118,185,130,-72,-656,-342,188,52,53,69,56,118,86,10,36,-51,1145,1213,1320,1537,1579,1434,998,1184,1302,1670,1668,1429,1279,978,731,1410
Indiana,Starke County,18149,1.1,5.7,3.8,-8,-29.1,-28.6,6.4,3.1,2.7,1.6,3,7,12.4,12.2,9.7,-14.1,17,83,60,-149,-518,-494,79,43,39,28,54,115,148,128,85,-233,1508,1454,1564,1844,1779,1724,1223,1377,1443,1719,1773,1625,1190,1042,873,1645
Indiana,Steuben County,18151,0.5,2.9,-0.8,10.5,-0.4,-32.5,-21.8,1.3,-1.1,-1.1,3.2,8.5,8.9,7.3,5.4,4.3,11,62,-19,259,-10,-827,-499,27,-25,-28,79,196,180,117,64,86,1932,2124,2275,2462,2368,2539,2292,2048,2254,2524,2482,2293,2006,1606,1172,1996
Indiana,Sullivan County,18153,5.3,1.8,3,5.8,-3.5,-3.2,1.3,-5.7,-3.5,-2.3,-7.1,-2.6,-0.6,4.3,7.6,-1,59,23,38,79,-48,-48,20,-88,-54,-40,-121,-39,-8,41,51,-15,1126,1238,1263,1361,1359,1490,1444,1545,1538,1712,1687,1475,1280,951,674,1452
Indiana,Switzerland County,18155,29,39.4,24.8,4.8,-21,-1.4,11.5,21.2,28.5,18.5,12.2,12.3,14.7,21.4,15.3,-0.1,182,216,147,32,-146,-9,61,112,160,134,80,72,82,95,55,-1,627,547,593,675,693,623,536,529,560,728,658,583,555,446,359,580
Indiana,Tippecanoe County,18157,1.8,1.4,-0.5,85.5,279.5,-14.3,-58.1,-19,-8.3,2.1,3.7,3.5,2.5,1.5,5.4,18.7,210,146,-49,7675,23227,-2351,-15206,-2245,-814,196,337,300,172,72,193,1205,11189,9802,9089,8969,8307,16420,26142,11771,9780,9159,9091,8385,6785,4796,3535,6437
Indiana,Tipton County,18159,7,1.7,10.3,-3.9,-39.6,-38.7,6.9,6.9,0,-0.8,-0.9,-4.8,-4.2,1.1,4.4,-2.6,55,17,108,-44,-484,-447,52,66,0,-9,-12,-58,-45,9,27,-33,789,998,1047,1137,1221,1156,749,959,1114,1229,1259,1217,1072,851,611,1247
Indiana,Union County,18161,1,9.4,7.7,5.2,-36.1,-27,11.5,11.5,3.9,0.5,0.1,9.8,14,1.5,-9,-8.5,4,43,40,29,-200,-147,41,47,20,3,0,47,60,5,-26,-43,448,464,529,558,556,545,359,408,509,576,549,481,428,348,289,501
Indiana,Vanderburgh County,18163,0.7,-3,-3.7,12.3,35,0.8,-17.8,-4.6,-1.6,1.9,2.6,2,2.6,1.8,3.3,-0.1,85,-357,-411,1371,3897,109,-2407,-498,-175,238,342,237,248,128,183,-25,11907,11571,11081,11104,11110,12628,13507,10821,10624,12448,13174,11750,9337,6805,5490,13103
Indiana,Vermillion County,18165,16.5,4.8,6.1,-6.7,-31.3,-28.3,3.5,6.4,-5.4,-1.4,-0.5,5.2,1.3,2.6,17.7,6.4,130,48,66,-74,-357,-314,31,63,-58,-17,-6,60,14,21,96,75,786,998,1085,1100,1139,1109,883,994,1082,1186,1219,1165,1085,810,543,1164
Indiana,Vigo County,18167,-1.3,-1,-5.4,23.4,62.9,-13.5,-34.3,-2.7,-0.6,0.3,-0.1,-1.6,0.6,1.5,2.8,-0.6,-90,-65,-365,1601,4184,-1186,-3531,-191,-41,26,-10,-117,36,63,88,-47,6579,6461,6693,6844,6643,8741,10292,6892,6639,7128,7543,6988,5648,4169,3076,7036
Indiana,Wabash County,18169,1.2,0.1,1.3,9.7,-13.6,-41.4,-27.3,-4.6,-4.2,-4.4,-5.1,-7,-3.7,-2.4,3.1,16.8,24,3,28,222,-343,-1162,-642,-91,-86,-108,-128,-169,-76,-40,39,433,1955,1948,2140,2291,2513,2803,2353,1956,2051,2422,2520,2395,2039,1638,1258,2571
Indiana,Warren County,18171,12,16.1,5.8,-8.3,-38.1,-21.3,18.3,14.6,0.7,7.4,9.5,2.6,0.6,-1.4,1.1,-1.5,54,77,30,-53,-252,-113,67,64,4,47,60,16,3,-6,3,-9,451,477,524,644,663,533,368,438,586,637,632,598,511,465,343,600
Indiana,Warrick County,18173,12.1,33,28,0.3,-34.9,-16.8,43.2,38.7,18.5,6.1,4.8,0.8,3.1,6.8,4.1,42.2,425,1092,1000,15,-1418,-616,1073,1117,638,271,222,33,113,174,73,987,3500,3306,3561,4004,4058,3671,2482,2886,3438,4405,4548,4099,3658,2565,1752,2335
Indiana,Washington County,18175,6.6,15.4,13.8,-3.5,-26.9,-21.6,7.2,6.9,4.1,6.1,1.3,2.5,2.4,3.5,5.8,-0.7,109,272,260,-73,-559,-414,116,120,77,128,27,46,38,42,51,-13,1632,1770,1880,2044,2071,1910,1610,1737,1860,2098,2148,1833,1609,1193,886,1634
Indiana,Wayne County,18177,1.8,-1.8,-3.8,-0.1,-11.3,-21.1,-9.3,-3.1,-4.5,-1.9,-0.5,-2.7,-2.5,-0.5,0.8,-1.8,81,-79,-177,-9,-570,-1045,-410,-135,-208,-102,-28,-128,-108,-17,21,-103,4423,4414,4587,4737,5007,4929,4393,4304,4580,5133,5032,4709,4184,3283,2548,5502
Indiana,Wells County,18179,4.3,8.3,2.2,-8,-30.7,-24.2,2.4,4.1,1.2,-2.4,-4.5,-3.1,2.8,3.9,4.6,8.5,77,143,42,-170,-664,-506,36,61,21,-53,-105,-61,42,47,42,168,1782,1722,1894,2129,2163,2087,1503,1498,1641,2168,2330,1940,1509,1192,897,1954
Indiana,White County,18181,3.1,-1.7,3.6,-10.9,-37.2,-33.8,0.9,-4.6,0,0,-1.5,-1.2,5.9,2.9,10.6,0.9,47,-29,61,-200,-679,-607,12,-73,0,-1,-30,-22,89,34,99,18,1482,1717,1669,1832,1825,1792,1346,1572,1526,1867,1913,1781,1495,1160,931,1949
Indiana,Whitley County,18183,6.1,8.2,8.9,-0.8,-25.1,-17.1,15.4,18,9.4,6.6,7.4,6.3,6.6,7.5,7.6,13.7,124,172,193,-19,-603,-372,257,327,183,157,190,146,127,96,73,267,2017,2087,2174,2252,2393,2167,1662,1811,1955,2376,2567,2299,1909,1271,962,1935
Iowa,State Total,19000,4.4,7.2,3,4.3,3.5,-10.2,-7.8,1.3,1.2,0.5,0,-1,-0.1,0,1.5,0.6,8935,13655,5889,8822,7395,-22789,-15903,2439,2377,1109,-180,-2101,-208,36,1531,1536,199560,188713,195014,204637,206403,221628,201545,174897,184228,214300,221367,204167,165861,122682,98091,225337
Iowa,Adair County,19001,16.4,38.8,0.4,-14.9,-42.4,-32.2,12.1,5.8,6.7,3.9,-3.5,-5,6.3,11.5,4.1,0.7,65,137,2,-78,-250,-187,43,20,27,22,-23,-28,26,38,14,7,396,355,460,524,590,582,357,352,410,576,646,568,420,334,349,886
Iowa,Adams County,19003,4.5,3.2,-5,-15.7,-43.3,-25.8,-5.7,-10.6,2.9,4.9,13.6,-2.6,0.4,9.1,-5.5,-21.6,10,6,-12,-47,-138,-71,-11,-22,6,15,43,-7,1,18,-11,-120,229,204,254,298,319,276,196,213,205,312,316,277,280,205,206,555
Iowa,Allamakee County,19005,0.3,-0.1,-0.7,-9.7,-38.3,-28,2.9,-2,2.4,-3.4,1.9,5,12.4,8.8,1.1,-2.5,3,0,-6,-97,-435,-286,20,-15,19,-37,21,50,103,63,7,-35,972,903,888,1002,1136,1022,693,733,810,1076,1094,1014,826,719,625,1398
Iowa,Appanoose County,19007,-5.6,5.4,-2.3,-11.8,-33.2,-26.8,-8.8,-3.6,-1.7,2,1.7,5.6,7.2,6.8,7.3,-1.8,-49,42,-18,-108,-322,-245,-62,-25,-12,18,16,47,57,43,38,-25,883,769,785,916,969,915,700,714,726,926,974,850,795,637,527,1348
Iowa,Audubon County,19009,-3.1,15.1,-1.5,-15,-60.6,-41.3,26.7,6.8,3.3,11,9.4,-3.4,3.7,-3.5,5.8,-2,-11,41,-6,-73,-325,-185,59,18,12,48,44,-15,13,-12,17,-16,355,273,409,489,536,448,220,264,358,435,468,439,362,338,301,778
Iowa,Benton County,19011,7.1,20.1,11,-9.3,-46.6,-25.4,37.2,25.8,7.7,-1.5,1.4,1,5.6,4.9,3.4,-6.9,112,313,187,-189,-947,-449,409,323,135,-35,30,16,73,52,27,-149,1577,1552,1694,2021,2033,1765,1098,1248,1746,2245,2078,1660,1297,1075,815,2159
Iowa,Black Hawk County,19013,-0.6,-0.9,-6.9,21.7,83.4,-13.1,-43.2,-9.9,-3.4,-0.7,-0.6,-3.9,-4.8,-4.2,-2.2,-4.8,-52,-74,-565,1780,6814,-1433,-6159,-762,-253,-63,-55,-355,-352,-217,-94,-461,8783,7963,8115,8202,8168,10890,14230,7673,7381,7954,8755,9066,7312,5106,4110,9543
Iowa,Boone County,19015,7.3,11.8,11,5.2,-28.3,-17.2,7.5,4.3,1.8,1.7,2,-1,-0.3,-0.9,2.1,0,109,175,180,92,-538,-326,111,61,28,34,42,-20,-5,-10,19,0,1496,1481,1636,1772,1900,1898,1466,1421,1531,1919,2077,1972,1528,1119,906,2122
Iowa,Bremer County,19017,5.7,19.9,15.3,33.8,21.7,-43.9,-25.7,31.4,13.9,4,-0.6,-4.1,-0.1,-2.9,2.6,6.6,78,244,204,523,357,-941,-445,318,177,61,-10,-67,-2,-35,24,126,1374,1226,1334,1545,1644,2139,1732,1015,1266,1528,1684,1613,1415,1210,931,1898
Iowa,Buchanan County,19019,6.8,8.4,4.7,-13.9,-40.7,-30.4,5,4.3,5.1,-1.2,1.6,-3.2,-2.3,4.5,-4,-4.7,103,124,71,-223,-735,-518,57,48,62,-19,25,-45,-29,38,-32,-76,1504,1476,1499,1602,1806,1700,1124,1117,1211,1566,1557,1390,1235,848,798,1600
Iowa,Buena Vista County,19021,6.9,9.1,5.1,18.4,2.4,-32.1,-33.3,6,-3.1,-1.4,-0.2,-5.3,-5.8,-3.8,-7.6,-5.6,98,114,63,266,37,-580,-530,61,-36,-20,-3,-77,-59,-26,-47,-106,1415,1247,1253,1447,1547,1805,1592,1008,1173,1400,1581,1461,1022,699,625,1888
Iowa,Butler County,19023,13,21.1,13.4,-18,-45.2,-25.2,30.1,8.4,4.2,-4.5,1.3,-0.3,2,7.5,6.3,4,116,167,117,-184,-496,-270,187,62,35,-46,15,-3,20,53,36,60,891,790,870,1023,1097,1071,619,735,842,1011,1127,1102,982,713,564,1489
Iowa,Calhoun County,19025,10,18.4,-6.2,-16.2,-47.4,-44.4,2,-8.5,-14.5,-13.7,-8.1,-6.3,3.3,5.3,4.7,-1.4,51,91,-36,-109,-361,-345,9,-41,-87,-103,-70,-54,18,26,21,-19,513,496,587,673,763,776,443,486,602,750,872,853,572,504,466,1272
Iowa,Carroll County,19027,10.3,9.6,3.3,-12.1,-45.8,-34,11.2,8.7,4.1,2.6,-3,-1.2,-0.7,3.2,4.7,3.5,141,120,45,-189,-798,-576,115,88,49,40,-53,-18,-7,27,35,75,1363,1245,1330,1559,1740,1691,1026,1008,1186,1536,1723,1491,1044,849,746,2107
Iowa,Cass County,19029,10.7,14.1,2.9,-13.3,-38.5,-29.7,12.7,5.6,0.4,1.5,-1.8,-1.6,5,4.6,12.4,-4.9,92,106,23,-127,-390,-310,80,38,3,16,-20,-17,40,31,76,-78,857,752,823,954,1014,1042,626,678,710,1030,1129,1036,813,688,615,1565
Iowa,Cedar County,19031,15.9,27.5,12.3,-4.6,-42.3,-29.3,27.3,16.4,8.8,6.2,-0.6,-3.9,-0.1,0.5,-2.8,0,162,273,140,-58,-548,-394,219,146,99,88,-9,-53,-2,4,-18,0,1016,995,1138,1278,1295,1341,801,892,1124,1411,1514,1361,1124,831,659,1591
Iowa,Cerro Gordo County,19033,0.9,2.4,-3.4,-3.5,-22.4,-24.1,-12.1,-6.6,-3.1,0,0.6,0.2,1.5,1,1.6,-0.6,24,59,-97,-109,-699,-831,-325,-162,-83,1,23,8,41,20,28,-26,2596,2445,2851,3081,3113,3442,2678,2430,2606,3354,3592,3432,2668,1946,1693,4190
Iowa,Cherokee County,19035,25.6,12.6,-3.3,-14.7,-44.7,-38,6.4,3,3.9,6,-1.8,-0.5,1,-1.5,4.9,5.2,142,76,-24,-122,-435,-373,35,16,24,53,-19,-6,7,-9,24,73,557,605,739,832,973,980,549,536,613,876,1043,1018,739,606,499,1385
Iowa,Chickasaw County,19037,7.7,14.2,0.9,-12.8,-45.6,-34.7,7.3,13.7,-3.7,-5.4,-1.6,-0.1,6.4,-1.9,0.2,-6.4,60,104,7,-121,-466,-341,41,76,-27,-52,-17,-1,44,-12,1,-82,784,734,776,944,1021,984,562,556,730,956,1062,922,693,626,547,1275
Iowa,Clarke County,19039,0.2,9.5,4.7,-6.2,-29,-20.8,13.2,9.2,5,-0.7,-4,5.3,4.1,13.2,9.6,-4,1,56,28,-39,-209,-139,59,43,26,-4,-29,33,21,48,30,-32,712,590,600,635,720,671,451,467,526,662,716,630,509,369,318,798
Iowa,Clay County,19041,2,2.1,-3.6,-13.3,-34.9,-16.7,2.7,-3.7,-4.3,-5.6,-7.3,-5.6,4.6,2.1,5,3.2,22,21,-39,-157,-430,-200,26,-35,-42,-70,-104,-75,43,15,30,54,1087,1029,1086,1179,1232,1192,962,932,968,1251,1434,1321,936,705,598,1637
Iowa,Clayton County,19043,19.4,12.7,5.7,-11,-45.2,-35,16,6.2,-4.3,3.2,7,1.8,9.1,7.4,3,-1.8,187,128,64,-140,-650,-478,116,56,-45,43,104,24,97,62,22,-35,966,1010,1110,1275,1435,1366,723,904,1041,1319,1484,1363,1071,833,740,1851
Iowa,Clinton County,19045,3.7,9.2,-1,-6.4,-27.2,-26.5,0.8,4,2.2,-0.1,0.7,-2,0.2,-0.8,0.7,3,114,267,-34,-224,-1022,-968,24,107,66,-5,27,-70,6,-19,15,119,3072,2900,3339,3491,3749,3641,2713,2631,2964,3786,3870,3412,2909,2264,1907,3909
Iowa,Crawford County,19047,11.8,10.9,11.4,11.3,-24.4,-34.1,9.3,7.4,3.4,0,-1.5,-4.6,-1,-5.1,-3.9,-8.2,141,120,128,135,-313,-476,82,68,31,-1,-19,-52,-9,-41,-23,-128,1190,1108,1118,1184,1280,1395,882,911,921,1209,1265,1118,958,808,607,1548
Iowa,Dallas County,19049,25.9,92.6,49.8,10.6,-0.6,88.8,182.6,95.2,55.9,27.5,23.2,26.1,23.9,26.4,24.2,32,1224,2757,1742,344,-18,2451,3451,2550,1833,987,793,747,573,414,294,711,4721,2976,3496,3222,2978,2757,1889,2676,3275,3587,3413,2862,2393,1565,1216,2217
Iowa,Davis County,19051,3.7,9.8,16,1.7,-36.6,-31.8,5.1,14.6,-5.2,-0.7,-1.1,-5.6,6.8,2.6,9,-7.3,27,61,99,10,-248,-199,21,60,-26,-4,-7,-33,30,10,30,-57,738,622,624,601,677,624,406,409,491,581,638,587,450,388,332,776
Iowa,Decatur County,19053,-2.5,13.2,4.9,36.8,49.2,-52.7,-58.5,5.3,3.7,3.7,4.5,2,5.2,8.6,6.2,-1.5,-14,60,24,202,284,-459,-532,21,14,19,23,11,22,31,20,-12,560,454,497,549,577,870,909,397,394,512,529,543,434,359,327,793
Iowa,Delaware County,19055,16.1,19.6,3.8,-16.6,-53,-39.3,17.3,14,-2.7,1.7,-0.9,2.1,1.7,-3,1.5,-4.1,162,199,46,-248,-835,-588,140,119,-31,25,-13,26,16,-23,10,-64,1008,1016,1213,1491,1577,1497,811,845,1132,1473,1533,1219,937,767,696,1533
Iowa,Des Moines County,19057,2.2,2.1,-6.7,-14.1,-27.7,-18.6,-0.8,-4,-3,-3.3,-2.2,-5.6,-6.8,-4.3,-0.2,-5.6,59,54,-185,-412,-786,-570,-19,-96,-76,-101,-68,-173,-185,-89,-4,-214,2658,2522,2755,2918,2832,3055,2330,2371,2463,3023,3031,3066,2721,2044,1542,3758
Iowa,Dickinson County,19059,-2,12.6,0.7,-12.1,-39.7,-16.3,20.3,9.7,10.9,10.6,13.4,10.7,12.6,11,17.6,-3.8,-17,105,6,-115,-421,-163,151,74,92,114,156,139,144,96,126,-75,857,831,907,950,1061,999,744,763,845,1079,1163,1300,1134,870,721,1940
Iowa,Dubuque County,19061,5.1,5,2.8,6.5,7.2,-14.4,-13.4,4.1,2.6,2.9,0.3,1.2,-1.3,0,3.1,10.9,302,299,174,417,458,-1004,-813,201,147,192,26,79,-68,-1,97,708,5823,5944,6124,6380,6339,6931,6044,4860,5663,6591,6762,6142,5120,3825,3124,6478
Iowa,Emmet County,19063,-0.1,-2.1,-2.8,27,-20.7,-43.3,-17.4,-4.5,-3.2,-2.4,-5.2,-1.6,-7.2,3.2,-3.7,-3.5,0,-13,-17,183,-160,-442,-117,-24,-17,-17,-42,-12,-45,14,-15,-39,683,662,619,678,773,1018,675,548,534,690,817,757,624,434,428,1101
Iowa,Fayette County,19065,16.2,8.5,-0.7,-0.5,-15.1,-37.8,-18.5,-3.2,1.1,-0.4,0,-0.3,6.7,4.5,7.3,-5.3,181,93,-9,-7,-230,-627,-234,-33,13,-7,0,-4,76,44,63,-118,1117,1095,1356,1563,1523,1659,1262,1010,1208,1526,1640,1480,1125,984,857,2190
Iowa,Floyd County,19067,2.9,11,-1.5,-5.5,-36.8,-31.3,10.3,6.5,-3.1,4.4,-0.6,-1.4,0.5,3.1,0.4,4.6,31,104,-16,-66,-445,-368,77,54,-30,49,-7,-17,5,26,3,74,1044,938,1080,1186,1208,1173,747,828,960,1125,1148,1175,1018,838,694,1597
Iowa,Franklin County,19069,6.3,15.9,11.1,-2.2,-32,-26.6,19.4,11.1,13.3,3.9,5.1,4.4,-2.4,4.7,0.9,-5.5,41,99,68,-16,-234,-222,93,55,73,27,40,33,-15,23,4,-65,657,624,621,705,732,833,482,502,550,689,792,759,653,484,413,1161
Iowa,Fremont County,19071,9.3,4.5,2.3,-11.8,-49.2,-37.5,25.5,8.4,-3.4,-2.9,9,-0.3,1.3,-0.7,-5.8,-10.7,41,18,10,-66,-304,-204,76,32,-14,-16,50,-2,6,-3,-18,-91,442,407,460,560,619,545,301,384,405,555,556,593,506,393,313,848
Iowa,Greene County,19073,-4.5,17.3,3.3,-17.9,-51.1,-38.2,15.5,-0.3,-3.1,-3.6,-0.4,2.7,1.1,9.5,3,-14.8,-25,86,20,-130,-400,-292,58,-1,-16,-26,-3,19,6,38,12,-185,560,501,617,728,782,764,374,430,534,729,772,691,578,405,417,1245
Iowa,Grundy County,19075,31.4,26.9,19.5,-3.2,-44.6,-28.1,29.9,33.1,13.5,3.1,0.1,0,7.5,1.1,-0.5,-4.3,193,169,133,-27,-430,-246,151,179,88,27,1,0,54,6,-3,-55,614,628,685,855,963,876,506,539,653,881,977,882,720,559,541,1273
Iowa,Guthrie County,19077,-0.3,10.3,23.3,-7.6,-54.9,-35.3,23.5,20.8,16,3,0.8,3.8,1.1,9.8,-6.1,-12.1,-2,67,150,-57,-416,-262,110,100,95,26,6,31,7,53,-31,-149,634,653,646,753,757,742,468,480,593,858,826,806,669,546,514,1226
Iowa,Hamilton County,19079,14.6,9.7,5.6,-15.9,-42.6,-22.8,10.2,3.2,-0.8,0.6,-7.9,-2.7,1.4,-6,-3.1,-3.2,128,88,61,-182,-520,-250,79,28,-8,8,-105,-29,13,-42,-18,-52,874,908,1093,1141,1221,1098,776,881,953,1216,1333,1071,935,710,608,1605
Iowa,Hancock County,19081,9.8,19.6,-0.1,-19.5,-52.5,-34.8,23.3,0.3,-1.2,0.6,-2.4,-0.6,-2,-0.6,1.8,0.4,63,119,-1,-166,-505,-327,111,2,-7,5,-23,-5,-14,-3,8,5,641,608,761,853,963,940,476,579,597,904,963,900,715,533,477,1125
Iowa,Hardin County,19083,2.8,0.3,1.1,16.7,-31.5,-46.2,-11.6,1.9,3.3,-2.8,-3.4,-2.6,-0.8,8.3,10.7,8.4,30,3,13,192,-411,-788,-108,16,30,-34,-49,-33,-8,68,75,155,1059,1047,1110,1148,1303,1705,935,844,915,1231,1413,1259,1002,813,705,1824
Iowa,Harrison County,19085,1.1,13.3,7,-11.7,-47.7,-35.8,12,13.5,0.9,-1.3,-0.1,1.2,7.2,2.3,11,-1.2,11,110,68,-136,-583,-393,82,107,8,-16,-1,13,59,16,58,-17,942,823,971,1165,1222,1097,685,793,882,1223,1234,1031,828,708,525,1345
Iowa,Henry County,19087,-1.1,10.6,10.8,-3.2,-13.2,-18.5,-6.1,-3.2,-3.3,-11.2,-6.8,-5.3,2.3,2.3,9.9,17,-14,122,136,-45,-191,-278,-75,-40,-45,-187,-107,-73,28,20,66,232,1218,1147,1253,1399,1450,1500,1217,1254,1364,1657,1579,1380,1244,851,671,1358
Iowa,Howard County,19089,12,19,4.6,-14.8,-45.2,-26.9,23.9,3.3,-6.8,2.7,-3,0.4,-0.9,4.2,3.3,0,76,104,28,-107,-350,-194,105,14,-40,18,-23,2,-4,18,11,-1,632,550,613,726,773,722,438,432,598,690,767,642,486,442,351,1008
Iowa,Humboldt County,19091,18.4,8.8,7.9,-9.9,-39.1,-37.1,21.9,6.2,10.8,-0.1,-4.7,-2.6,-1.4,0,0.3,-6.9,100,51,46,-63,-315,-300,94,27,51,0,-41,-18,-7,0,1,-83,544,578,581,642,806,810,432,444,474,721,875,687,558,480,408,1197
Iowa,Ida County,19093,16.9,15.2,1.6,-17.4,-53.2,-32.6,15.8,-5.6,2,-5.4,-2.6,-7.9,0.1,-1.7,2.9,-7.8,72,60,7,-88,-332,-186,48,-19,7,-28,-15,-44,0,-5,8,-71,429,398,447,506,624,570,308,349,370,521,593,561,445,334,280,906
Iowa,Iowa County,19095,3.5,13.6,15.6,-8.9,-44.5,-21.8,45.8,23.6,14.7,3.1,5.7,2.9,3.4,3,0.1,10.4,35,127,157,-111,-539,-229,278,180,139,39,75,33,28,19,1,143,992,933,1004,1238,1211,1048,607,766,944,1269,1308,1136,828,622,638,1362
Iowa,Jackson County,19097,12.9,13.8,11,-10.5,-46,-32.3,6.3,10.9,8.2,4.6,1.5,2.4,5.6,4.4,6.4,-2.1,132,152,136,-157,-713,-472,58,101,98,72,25,33,64,43,48,-40,1020,1098,1231,1487,1550,1460,923,934,1194,1547,1587,1388,1143,989,757,1861
Iowa,Jasper County,19099,3.4,7.8,-0.7,-14.4,-30,-7.6,12.5,5.2,1,-0.3,0.6,-3.4,0.4,0,0.3,-8.7,74,175,-16,-379,-768,-183,243,113,25,-10,18,-88,9,1,4,-287,2146,2237,2386,2626,2559,2388,1938,2154,2421,2920,2916,2593,2190,1659,1378,3281
Iowa,Jefferson County,19101,-0.3,7.2,-1.7,-8.3,25.1,-2.7,11.6,1.7,0,6.7,2.3,-3.5,6,2.4,3.9,14.6,-2,55,-15,-84,309,-32,94,14,0,66,29,-64,87,17,19,155,786,758,907,1013,1229,1189,808,835,808,988,1254,1803,1458,743,485,1057
Iowa,Johnson County,19103,0.9,1.4,0.8,70.6,255.9,21.5,-48.5,-24.8,-10.7,-4.4,-1.1,-0.1,0.2,-1.6,5.3,13.5,79,105,55,4453,15158,2315,-9010,-2529,-876,-342,-88,-7,12,-59,128,601,8239,7241,6657,6304,5922,10739,18568,10164,8190,7759,7702,7252,5613,3631,2372,4441
Iowa,Jones County,19105,8.8,19.3,8.9,-8.7,-30.9,-14.2,13.5,3.4,0.6,3.1,-2,3.8,7.6,-0.9,3.3,4.7,101,205,104,-122,-435,-192,151,39,9,52,-33,56,87,-8,25,81,1141,1059,1166,1403,1405,1348,1116,1153,1336,1661,1614,1467,1156,936,774,1715
Iowa,Keokuk County,19107,-2.2,1.2,-0.7,-17.2,-45.3,-29.3,9,-0.8,-2.2,3.8,-3.8,-3.3,7.6,7.4,2,-17.1,-14,8,-5,-144,-375,-247,44,-4,-13,30,-35,-25,43,35,8,-222,641,667,701,840,828,843,495,553,598,780,917,763,571,478,408,1297
Iowa,Kossuth County,19109,11.2,13.9,4.1,-14.5,-56.4,-43.3,12.4,-1.1,1.6,-2.1,-2.8,-3.1,-1.7,-1,3.2,-5.3,93,115,40,-169,-754,-590,78,-7,13,-24,-40,-37,-16,-8,25,-103,833,827,961,1169,1336,1361,629,698,825,1169,1409,1200,981,752,768,1935
Iowa,Lee County,19111,7.2,5.4,-2.8,-7.5,-28.6,-20.2,1.2,0.9,3.6,-4.5,-3.3,-3.2,-3.5,-1.7,-6.8,-2.7,145,109,-66,-190,-782,-520,24,19,77,-130,-98,-92,-87,-31,-92,-83,1993,1992,2346,2522,2726,2569,2015,1989,2125,2850,2945,2830,2428,1815,1347,3071
Iowa,Linn County,19113,4,6.7,4,6.5,8.8,9.1,8.6,1.6,0.8,0.6,-0.3,-2.6,-3,-0.8,1.2,5.3,572,923,558,927,1144,1238,1134,215,119,97,-48,-350,-340,-69,76,658,14001,13716,13901,14169,12923,13600,13172,13316,13861,15072,14906,13399,11305,7990,6221,12378
Iowa,Louisa County,19115,3.7,0.9,-1.4,-14.1,-45.1,-21.9,2.6,-8.8,-10.7,-1.6,-7.1,-4.3,-0.4,-4.4,-0.6,-9.8,25,7,-12,-133,-441,-187,17,-63,-90,-15,-66,-35,-2,-22,-2,-87,672,812,910,942,978,854,651,723,842,960,922,804,623,509,414,879
Iowa,Lucas County,19117,-0.7,10.7,5.3,-10.3,-46.3,-41.4,4.4,2,-2.1,-0.9,7.3,9.5,3.9,2,-4.7,-3.9,-4,56,31,-71,-328,-274,18,8,-11,-6,47,58,19,9,-19,-38,566,524,589,687,710,663,425,440,520,654,644,609,501,457,411,959
Iowa,Lyon County,19119,10.4,20.2,4,-17.2,-47.8,-30.4,23.9,13.4,-0.8,0.9,-4.7,-4.5,1.4,-4.5,-2.8,-4.8,90,155,33,-159,-458,-273,139,74,-6,7,-40,-37,8,-19,-12,-57,863,768,812,924,958,899,584,554,678,763,851,817,604,426,429,1166
Iowa,Madison County,19121,12.3,30.3,21.8,-5.4,-45.5,-28.5,61,39.5,25.2,16.8,6.7,3.8,0.4,9.6,6.5,-0.6,124,287,223,-57,-493,-288,366,292,225,173,73,41,4,58,33,-7,1004,947,1018,1044,1083,1008,599,739,891,1031,1087,1060,836,603,515,1097
Iowa,Mahaska County,19123,6.5,10.4,-0.5,-3.3,-5.9,-23.5,-6.7,-0.9,-2.2,-4.3,0.9,-0.4,-1.7,1.6,4.3,-8.8,96,143,-7,-53,-95,-395,-96,-11,-31,-71,15,-7,-21,14,32,-181,1460,1375,1531,1580,1607,1679,1429,1258,1352,1649,1604,1564,1185,910,742,2050
Iowa,Marion County,19125,13.1,16.1,12.8,14.5,-4.2,-29.8,-14,8.4,8.1,3.3,1.1,0.3,1.3,5.7,5.6,0,265,319,268,333,-99,-755,-296,147,152,77,27,8,23,77,62,0,2016,1984,2087,2295,2325,2535,2112,1753,1859,2306,2407,2173,1717,1348,1106,2554
Iowa,Marshall County,19127,-3.3,0,6.4,3.1,-16.5,-14.6,7.8,1.8,-3.3,2.3,3.7,-1.2,1.9,-0.8,5.6,23.2,-104,-2,170,86,-457,-415,167,40,-82,62,107,-36,46,-14,75,645,3095,2838,2650,2767,2765,2825,2120,2192,2444,2679,2864,2877,2368,1809,1332,2774
Iowa,Mills County,19129,11.7,23.7,15.6,-8,-44.7,-29.5,35.5,21.3,11.5,5.9,6.1,6.8,2.2,-6.7,-3.7,-10.5,103,204,148,-90,-498,-315,217,163,100,68,73,77,22,-44,-18,-107,881,859,949,1122,1114,1066,612,768,871,1144,1205,1116,1012,656,499,1019
Iowa,Mitchell County,19131,14,14.5,15.4,-10.9,-44.8,-34.3,22.7,12.1,11.2,7.3,-0.4,0.8,5.2,8.1,11.9,7,84,92,105,-90,-389,-264,87,56,61,56,-3,6,28,40,51,86,598,636,684,821,868,769,384,467,540,761,816,690,538,496,427,1220
Iowa,Monona County,19133,-0.8,14.8,7.4,-13,-48.2,-36.4,0.8,2,2.9,5.3,3.7,1.2,13.4,9.1,13.6,11.8,-4,73,40,-86,-322,-238,3,9,13,35,26,8,65,46,53,124,519,495,545,659,667,654,407,450,444,659,724,689,490,503,392,1050
Iowa,Monroe County,19135,9.6,23.5,-0.7,-6.5,-34.2,-24.6,18.7,11.8,1,1.8,3.6,10.2,7.1,9.6,18.6,-9,47,101,-3,-37,-197,-134,69,46,5,9,20,53,32,33,56,-72,488,430,528,568,576,546,371,388,490,541,546,524,457,348,303,800
Iowa,Montgomery County,19137,-2.9,2.3,4,-15,-51.5,-35.3,8.5,-5.6,-2.5,-2.9,2.3,-0.9,-3.1,8.4,6.3,5.4,-18,15,30,-123,-431,-282,41,-36,-16,-23,19,-7,-22,40,24,62,630,657,737,821,836,798,484,639,645,799,862,802,714,477,387,1129
Iowa,Muscatine County,19139,1.2,0.3,3.8,-8.6,-24.3,-13.2,4.9,1.8,2,-1.9,-3.1,-3.6,-3.4,-3.6,-3.3,5.4,38,11,115,-281,-747,-402,121,48,57,-62,-102,-109,-84,-64,-44,142,3153,3099,3000,3254,3068,3041,2450,2601,2732,3242,3250,3004,2477,1784,1354,2622
Iowa,O'Brien County,19141,9.2,13.2,3.1,-10.1,-40.1,-31.3,6.5,0.7,3.5,2.9,-0.3,-0.1,3.4,0.4,-1.6,7.7,80,110,28,-98,-441,-367,48,5,26,28,-4,-1,25,2,-9,126,870,834,919,971,1097,1170,741,685,752,977,1160,1070,749,605,567,1620
Iowa,Osceola County,19143,13.9,5.8,-3.6,-16.3,-45.8,-36.6,7.7,3.8,9.3,-6.4,-3.5,-2.5,-5.2,1.8,4.7,1.3,50,22,-15,-80,-260,-184,25,12,33,-32,-21,-11,-18,5,12,9,363,386,424,492,568,501,329,323,352,502,613,450,353,305,261,669
Iowa,Page County,19145,9.7,3,0,8.2,-30.6,-32.3,-2.2,-3.9,-1.5,-5.7,-4.1,-3.1,7.3,8,13.1,2.4,84,24,0,83,-344,-398,-20,-38,-14,-68,-53,-37,67,58,79,40,860,814,979,1011,1121,1230,928,983,920,1197,1280,1199,927,729,603,1637
Iowa,Palo Alto County,19147,-4.7,8.9,-5.7,4.5,-24.9,-42.7,-18.9,0.4,-1.2,4.9,-5.8,-1,6.5,7.6,-5,6,-30,49,-32,28,-178,-383,-110,2,-5,31,-44,-6,34,31,-21,66,632,553,567,625,715,897,580,466,436,624,772,650,517,411,418,1086
Iowa,Plymouth County,19149,8.9,15.7,11.3,-8.7,-50.6,-36.6,24.7,11.9,10.9,4.6,1,-2.4,-0.2,5.4,9.7,5.5,140,238,192,-168,-1024,-751,275,148,153,83,20,-45,-3,57,73,114,1560,1510,1695,1917,2022,2053,1110,1240,1406,1789,2026,1860,1339,1047,752,2067
Iowa,Pocahontas County,19151,9.8,16.4,-3.9,-21.6,-59.9,-44.1,12.5,-1.3,7.9,-3.7,-4.6,-6.8,-0.9,-7.3,0.2,-15,39,58,-17,-123,-446,-272,34,-4,28,-23,-31,-42,-4,-29,0,-151,403,355,437,572,746,618,275,315,351,629,686,613,478,398,383,1001
Iowa,Polk County,19153,1.4,0.4,1.6,-0.2,13.7,44.2,28.8,3.1,-0.2,0.2,0,-1.3,-3.7,-5.3,-4,-3,479,128,464,-81,3507,10878,7257,916,-83,64,26,-337,-813,-809,-439,-682,33437,31010,28980,27488,25448,24588,25193,28794,29900,30738,29133,25893,21615,14996,10749,22345
Iowa,Pottawattamie County,19155,7,4.9,1.4,3.5,-9.9,-8.3,5.2,3.8,2.2,2.9,3.4,3.5,2.5,4.6,4.5,5.8,429,297,87,226,-646,-548,279,205,128,200,232,218,127,172,131,350,6100,6002,6014,6367,6503,6536,5335,5336,5595,6764,6768,6198,5012,3679,2865,6017
Iowa,Poweshiek County,19157,8.2,13.8,3.7,31.7,41.9,-42,-44.4,5.3,7.8,1.1,1.9,-0.8,3.1,10.5,7.4,17.3,78,134,40,376,511,-671,-702,47,76,14,27,-11,33,85,52,267,956,973,1077,1186,1219,1597,1580,874,982,1259,1383,1244,1089,810,699,1542
Iowa,Ringgold County,19159,1.3,17.7,9.9,-12.6,-37.6,-43.2,1.9,12.5,2.3,-4.1,5.7,-5.1,12.7,5.5,-3.8,8.8,4,53,32,-42,-134,-183,4,25,5,-14,20,-17,38,14,-9,55,336,303,329,333,357,423,240,202,241,350,357,345,298,266,248,622
Iowa,Sac County,19161,8.1,15.1,3.3,-16.5,-55.8,-42.2,-0.5,5.9,2.5,1.2,0,0.1,0.9,1.5,2.4,-4.5,46,83,22,-118,-472,-343,-2,27,14,8,0,1,5,7,11,-63,566,553,662,718,846,811,499,473,577,733,878,801,638,471,463,1382
Iowa,Scott County,19163,3.8,2.2,-2.4,-6.7,-11.8,1,3.8,-5.3,-0.3,-0.2,-0.9,-4.3,-3.6,-6.7,-0.9,5.5,430,250,-276,-789,-1411,122,391,-575,-33,-28,-121,-515,-356,-465,-46,531,11188,11252,11403,11670,11940,11454,10257,10692,10870,11875,12512,11781,9680,6890,4926,9594
Iowa,Shelby County,19165,20.8,22.2,8.7,-17,-55.2,-48.6,30,18.9,9.6,-1.5,-3.5,-3.7,5.4,3.8,1.8,-0.5,121,143,69,-160,-564,-467,128,102,64,-15,-36,-34,38,21,9,-8,581,644,785,945,1022,960,427,539,669,991,1016,914,709,550,513,1432
Iowa,Sioux County,19167,8.7,11.4,10.1,31.1,20.4,-38.4,-33,14,6.6,1.4,-0.3,-1.2,-1.3,-0.3,1,-3.3,220,264,220,723,507,-1313,-973,209,107,29,-7,-24,-18,-4,10,-89,2509,2314,2164,2319,2483,3412,2946,1494,1614,2022,2229,2012,1447,1154,1011,2684
Iowa,Story County,19169,0.5,-1.3,-1.9,128.8,346.9,-16.1,-66.9,-29.4,-12.7,-2.6,-1,-0.8,-4.8,-2.6,0.5,5.2,24,-60,-83,5326,14646,-1436,-10838,-1755,-601,-122,-51,-40,-176,-66,10,219,4913,4558,4280,4132,4221,8909,16185,5962,4713,4605,4831,4705,3640,2542,1977,4188
Iowa,Tama County,19171,-2.3,4.4,2,-3,-37.9,-32.7,10.4,11.4,5.1,4.5,-1.6,3.9,3.1,0.8,-1,-5.2,-27,52,26,-39,-496,-433,85,97,57,53,-21,46,31,6,-7,-94,1180,1175,1301,1315,1307,1321,812,854,1110,1190,1344,1180,985,817,730,1796
Iowa,Taylor County,19173,0.5,11.1,6.4,-17.6,-45.4,-32.2,-2.6,1.2,-2.2,6.8,-7.5,6.1,4.2,0.2,-2.6,-10.9,2,41,25,-79,-224,-166,-8,3,-7,29,-36,27,16,0,-7,-88,383,373,400,450,493,516,325,314,351,433,489,444,383,335,272,803
Iowa,Union County,19175,5.3,18.7,10.2,12.5,-14.5,-21,4.3,11.4,0.9,2.9,0.6,2.5,-2.5,6.5,7.2,5.5,43,129,76,95,-119,-196,27,72,6,25,5,21,-20,36,33,61,808,690,749,757,825,935,634,635,647,864,900,833,789,559,461,1094
Iowa,Van Buren County,19177,5.3,16.2,5.8,-8,-43.4,-23.4,7.5,6.8,6.5,1,3.1,0,5.2,9.2,7.4,-11.5,25,71,26,-43,-254,-124,26,25,27,5,17,0,23,34,26,-92,479,442,449,542,586,532,352,369,416,506,558,544,447,370,350,797
Iowa,Wapello County,19179,-0.2,-1.2,-3.9,4.5,-3.5,-15.7,-5.2,0.9,3.7,0.6,0,-2.8,-0.6,-1.4,0.2,-8,-5,-29,-87,107,-85,-408,-119,18,77,15,-1,-74,-13,-22,2,-263,2450,2290,2218,2364,2405,2594,2282,2025,2035,2424,2675,2574,2033,1584,1245,3260
Iowa,Warren County,19181,16.1,33.6,27.2,14.4,-12.5,-24.7,0.9,41.7,23,7.6,1.4,0.3,4.3,1.9,3.5,28.1,424,839,782,437,-399,-804,25,881,600,252,48,9,106,36,47,630,2632,2493,2872,3033,3172,3256,2561,2109,2604,3322,3276,2971,2448,1824,1325,2240
Iowa,Washington County,19183,-2.9,1.3,10.8,-6.9,-38.1,-16.5,24.9,14,13.6,4.4,-0.7,8.2,9,8.2,7.5,14.7,-43,20,155,-107,-574,-230,237,147,168,68,-12,115,108,71,53,258,1472,1511,1429,1538,1506,1390,953,1053,1236,1550,1616,1404,1202,875,716,1750
Iowa,Wayne County,19185,1.6,10.4,12.1,-3.7,-39.6,-26,7,13.6,0.3,13,-2.2,2.8,5,9.8,8.5,-5,6,41,42,-16,-189,-117,17,37,0,58,-11,11,17,32,22,-40,402,397,348,450,478,450,252,272,309,449,499,417,342,331,265,792
Iowa,Webster County,19187,-7.9,-4.8,-10.1,7.8,1.5,-23.5,-30.2,-12.4,-4.2,-2.3,-1.8,-1.8,3.2,0.8,0.8,-0.8,-199,-116,-267,213,44,-756,-901,-263,-94,-63,-55,-49,69,13,11,-27,2519,2402,2626,2723,2752,3207,2979,2124,2216,2742,2937,2710,2145,1586,1340,3359
Iowa,Winnebago County,19189,-8.8,13.4,0.6,1.6,-18.4,-47.8,-16.7,0.8,6,-2,-2,-5.9,-5.7,1.1,-0.1,0.9,-59,77,4,12,-160,-478,-111,4,33,-15,-18,-55,-37,5,0,11,670,576,672,740,866,999,663,566,550,773,878,939,655,491,424,1143
Iowa,Winneshiek County,19191,10,21,9.1,53.5,54.9,-57,-58.3,7,6,3.5,-2.4,2.4,4.1,0,5.8,-0.6,101,204,102,706,813,-1261,-1331,61,68,50,-41,33,44,0,44,-12,1010,969,1123,1318,1480,2209,2280,861,1119,1421,1675,1345,1084,862,760,1863
Iowa,Woodbury County,19193,0.7,-6.2,-11.6,-5.4,-1.6,-13.9,-11.2,-11.9,-11.2,-8.9,-7,-8,-7.1,-6.1,-3.6,-9,64,-504,-955,-445,-126,-1087,-815,-852,-777,-679,-524,-568,-399,-238,-112,-638,8175,8066,8236,8153,7562,7805,7278,7154,6911,7589,7394,7078,5572,3872,3056,7079
Iowa,Worth County,19195,0.7,10.2,20.2,-2.9,-44.8,-22.7,10,7.8,8.1,-1.1,1.7,-2.1,9.3,5.3,-4.5,-9,3,39,93,-16,-236,-120,34,31,34,-6,11,-12,40,18,-14,-70,422,383,460,561,526,531,342,399,419,602,621,583,437,350,318,776
Iowa,Wright County,19197,4,0.1,0.5,-16.4,-40.9,-28.9,9.7,0.7,-6.1,-4.8,-4.1,-3.7,-4,-1.3,-2.8,1.9,34,1,4,-164,-412,-282,58,5,-46,-47,-43,-38,-32,-8,-16,30,852,847,843,1000,1006,975,598,661,761,978,1055,1042,804,623,575,1540
Kansas,State Total,20000,3.9,4.7,1.6,1.6,2.7,-2.7,-3.8,1.1,-0.3,-1.3,-1.8,-2,-0.8,0,1.5,2.8,8008,9266,3193,3351,5396,-5718,-7252,1941,-608,-2671,-3836,-3807,-1211,-100,1285,5067,204945,195173,195690,197594,199862,205452,188627,171237,174754,204153,206887,184516,147699,106528,80859,179592
Kansas,Allen County,20001,-1.9,0.4,0.3,5.7,-28.8,-40,-13.2,2.6,2.4,-1.9,-3,-5,-2.8,-0.4,1.9,-3.4,-18,3,2,54,-311,-508,-108,18,16,-18,-31,-48,-22,-2,10,-44,923,849,879,946,1079,1267,821,695,694,949,1020,961,790,632,538,1290
Kansas,Anderson County,20003,3.8,19,8,-13,-43.2,-30,18.3,17.7,13.8,-3.1,-1.4,9.8,13.2,17.2,14.4,-7.4,21,96,41,-76,-269,-181,62,66,57,-18,-8,46,54,65,47,-64,557,505,519,590,622,604,338,375,414,586,578,465,407,378,329,860
Kansas,Atchison County,20005,9.1,5.6,3.3,29.2,19.8,-41.8,-28.1,2.6,7,0.1,5.5,-1.9,0.6,1,4.6,-6.5,95,61,36,341,258,-661,-334,22,64,1,65,-19,6,7,26,-89,1042,1089,1106,1169,1305,1581,1186,842,916,1088,1166,1006,866,717,560,1357
Kansas,Barber County,20007,2.4,35.9,7.1,-7.4,-47.4,-32.6,43.3,23.7,-5.4,-1.1,0.5,-3.4,6,9.8,0.4,-18.2,7,72,19,-25,-205,-131,72,42,-13,-4,2,-13,17,24,0,-112,308,201,275,341,434,401,167,177,252,356,416,390,295,251,204,613
Kansas,Barton County,20009,9.1,7.1,-1.9,0.8,-23.5,-25.1,0.9,5,0.3,0.2,-1.4,-4.8,2.8,-1.6,-0.8,-4.1,172,123,-36,15,-512,-585,14,66,4,5,-30,-94,41,-19,-8,-110,1889,1712,1862,1963,2177,2328,1515,1317,1458,1987,2200,1956,1467,1167,989,2633
Kansas,Bourbon County,20011,0.7,2.9,6.3,9.2,-16,-35.4,-5.3,-4.1,-9.5,-1.7,3.1,4.7,4.6,5.4,10.9,-0.9,8,31,61,101,-179,-467,-46,-34,-74,-17,31,47,39,37,52,-13,1143,1053,974,1103,1117,1320,876,835,775,997,997,980,850,689,478,1359
Kansas,Brown County,20013,-1.3,5.9,-7.8,-8.7,-45.9,-32.6,5.4,-2.1,0.9,0.1,1.1,1.2,1.5,7.9,-5.8,-9.1,-9,40,-55,-64,-374,-276,26,-10,5,1,8,8,9,38,-22,-93,760,669,706,741,814,845,488,483,569,686,770,729,591,481,391,1019
Kansas,Butler County,20015,11.4,33,23.7,11.2,-23,-24.1,26.8,28.8,14.5,5.1,-1.1,-2.1,1.2,3.9,8.3,13.5,462,1229,1014,523,-1178,-1155,822,893,542,249,-59,-93,40,87,142,492,4033,3721,4273,4667,5106,4782,3059,3092,3743,4872,5110,4440,3310,2198,1698,3638
Kansas,Chase County,20017,11.6,-32.8,0.5,-14.6,-39.2,-43.7,13.3,2,-0.1,-14.8,-13.9,3.4,18.4,27.3,0.9,-7.2,16,-81,1,-27,-85,-92,15,3,0,-35,-31,6,32,39,1,-22,139,247,186,185,218,211,117,164,156,242,224,200,177,144,119,304
Kansas,Chautauqua County,20019,-8.2,7.6,8.9,-15,-57.3,-39.4,11.6,17.1,-4.2,-1.8,7.9,-2,17.5,2.1,-2.1,-18.3,-16,14,17,-41,-190,-126,16,22,-8,-5,22,-4,42,4,-5,-95,200,191,200,274,332,320,141,130,203,267,281,239,244,211,254,519
Kansas,Cherokee County,20021,3.8,12.6,-1.5,-13.6,-31.1,-31.5,-5.4,1.7,0.3,2.9,1.1,3.7,3.6,6.1,2.4,-5.9,53,171,-24,-223,-524,-531,-66,21,4,47,18,52,45,62,20,-94,1386,1353,1610,1635,1684,1683,1227,1249,1425,1616,1572,1398,1252,1025,834,1568
Kansas,Cheyenne County,20023,18.3,26.3,5.2,-21.9,-68.1,-41.5,31.9,13.3,-21.9,-7.5,-0.9,-12.4,17.5,16.4,27.1,-13.8,22,33,8,-45,-156,-88,27,14,-36,-13,-2,-27,29,22,24,-70,122,127,153,209,229,213,86,112,166,179,249,222,166,139,89,505
Kansas,Clark County,20025,17.3,17.7,11.9,-18.5,-55.4,-41.8,77.2,2.3,2,5.9,-7.7,-8.5,-2.3,2,-0.2,-0.7,22,21,17,-33,-97,-77,44,2,2,8,-13,-13,-3,2,0,-2,127,120,150,177,175,184,57,102,115,149,174,155,153,99,109,272
Kansas,Clay County,20027,15.3,18.4,13.9,-12.5,-48.9,-28.7,27,18.1,3.3,-1,-2.6,-8.2,4.2,10.4,7.9,4.5,79,83,68,-74,-336,-180,102,71,15,-6,-16,-56,22,41,25,41,516,451,490,593,686,626,380,393,472,573,615,681,520,394,326,900
Kansas,Cloud County,20029,3.2,14.5,0.5,28.8,-9,-45.4,-18.9,2.7,1.1,-2.3,3.1,-2,5.2,7.5,-1.8,-4.7,19,75,2,173,-62,-426,-109,10,5,-15,20,-12,30,31,-7,-54,616,519,524,603,694,939,578,401,514,631,636,609,583,417,416,1126
Kansas,Coffey County,20031,5.1,9.6,18.1,-9.3,-49,-42,18.7,10.2,10,0.5,-0.2,-2.2,5.6,12.7,11.8,14.7,24,50,98,-59,-334,-302,68,43,47,3,-1,-15,29,52,33,88,480,527,540,634,682,720,367,429,479,680,701,671,528,413,284,596
Kansas,Comanche County,20033,23.5,20.5,33.3,-21.6,-49.4,-16.7,57.9,22,8.2,12.5,13.1,5.9,14.2,27.3,13.4,-11.9,19,19,36,-25,-63,-16,31,19,5,14,16,7,17,27,11,-30,83,97,111,118,128,101,54,88,71,119,125,129,120,102,88,251
Kansas,Cowley County,20035,8.1,5.5,3.6,5.5,-7,-29.6,-10.2,5.8,3.3,-0.5,-2.1,0.3,5.7,4,1.9,1.9,192,127,87,147,-190,-907,-226,114,70,-14,-55,8,112,63,24,52,2357,2318,2394,2627,2694,3060,2204,1943,2099,2586,2572,2357,1946,1558,1255,2727
Kansas,Crawford County,20037,-2.1,-6.2,-4.9,36.6,115.7,-16.6,-49.2,-15.5,-5,0.9,-2.2,-3.7,3.2,2.3,2.9,6.7,-55,-163,-126,846,2709,-560,-2168,-378,-108,22,-56,-85,61,34,34,174,2620,2595,2532,2308,2340,3360,4399,2430,2157,2322,2471,2269,1910,1455,1154,2564
Kansas,Decatur County,20039,60.9,19.8,-3.7,-34.4,-62.6,-53.2,29.7,-5.3,-12.6,0.6,-4.1,3.5,20.3,8.6,17.8,6.5,58,26,-6,-71,-162,-133,27,-6,-20,1,-11,8,36,14,21,29,95,132,161,208,259,250,93,125,160,210,276,244,179,167,122,444
Kansas,Dickinson County,20041,19.6,30.8,18.1,-1.4,-39.5,-23.5,39.4,24.3,12.7,1.4,-0.1,-0.6,1.4,1.6,7,4.1,217,326,206,-19,-596,-326,311,221,132,21,-2,-8,15,13,51,75,1107,1056,1139,1336,1507,1384,791,909,1036,1478,1541,1337,1040,870,729,1797
Kansas,Doniphan County,20043,12.3,17.7,-3.6,31.1,-8.6,-51.6,-23.7,7.6,8.2,-0.3,-0.7,-3.5,-2.7,4.3,10,-7.1,51,70,-20,180,-51,-419,-126,32,37,-1,-4,-20,-12,14,25,-50,415,399,543,580,592,811,534,425,453,504,620,572,474,338,252,695
Kansas,Douglas County,20045,1.3,0.2,-2.7,82.5,253.4,-2.8,-60.4,-26.5,-11.6,-5,-3.2,-0.8,-2.2,0,2,17.9,83,14,-157,4672,14468,-299,-11602,-2242,-765,-333,-203,-48,-107,0,43,709,6322,6037,5764,5660,5709,10350,19178,8443,6571,6549,6355,5896,4711,3001,2087,3944
Kansas,Edwards County,20047,-8.8,0.1,-2,-14.8,-56.7,-40.8,18,0.9,-3.1,5.9,-1.8,-3,7.3,3.3,-11.5,-24.4,-18,0,-4,-32,-147,-105,22,1,-5,13,-5,-7,12,4,-18,-93,205,202,208,217,260,258,126,175,175,223,276,231,174,143,159,381
Kansas,Elk County,20049,14.8,4.6,9.5,-8.4,-53.7,-44.4,-6.8,21.4,16.2,8.3,9.3,2.9,22.1,8.3,3.6,-23.8,22,7,13,-15,-130,-95,-8,22,22,15,18,6,43,14,6,-102,153,156,141,186,242,214,122,105,137,187,194,215,195,179,167,428
Kansas,Ellis County,20051,0,-3.2,-5.8,41.7,122.5,-13.5,-55,-18.5,-3.5,-2.3,-3.6,-5.4,-0.6,-0.7,-3.5,5.3,0,-56,-96,637,2173,-357,-1976,-312,-51,-42,-70,-102,-8,-7,-28,107,1903,1755,1639,1529,1772,2643,3591,1683,1463,1774,1911,1872,1325,935,799,1988
Kansas,Ellsworth County,20053,42.8,39.1,16.4,-1.2,-8.7,0.9,22.3,0.3,17.4,3.1,-2,-2.8,5,7.6,7.8,-0.9,105,88,46,-4,-38,4,71,1,59,15,-11,-14,18,23,19,-6,246,226,282,339,436,469,319,348,342,488,571,493,371,302,242,636
Kansas,Finney County,20055,-3.9,-20.4,-27,-21.3,-23.6,-25.4,-20.9,-30,-27.2,-19.7,-17.4,-17.2,-16.5,-15.4,-25.3,-15.4,-154,-820,-1199,-859,-832,-883,-634,-961,-904,-636,-508,-414,-285,-190,-222,-251,3882,4019,4439,4020,3527,3466,3032,3201,3321,3221,2917,2406,1729,1233,877,1622
Kansas,Ford County,20057,0.5,-8.8,-14.4,-3.3,-2.7,0.4,-6.9,-14.3,-16.7,-8.1,-5.3,-9.3,-8.6,-13.3,-10,-1.9,19,-285,-457,-95,-72,12,-177,-364,-420,-193,-114,-172,-125,-136,-83,-34,3432,3223,3168,2874,2582,2636,2575,2542,2518,2356,2147,1855,1448,1019,826,1760
Kansas,Franklin County,20059,10.1,7.8,6,-1.6,-23.9,-17,0.3,10.3,5.5,3.9,0,3.3,5.4,7,6.7,-5,176,142,105,-31,-477,-321,4,146,83,76,1,52,69,74,53,-88,1729,1816,1744,1889,1996,1887,1476,1420,1514,1933,1993,1598,1265,1052,803,1746
Kansas,Geary County,20061,13.2,8.5,-10.3,-0.5,78.4,72.9,-5.3,-6.6,1.8,-11.3,-10.7,-9.5,-3,-11.5,-13.8,-17.4,463,238,-280,-13,1620,1515,-151,-153,35,-242,-207,-154,-34,-100,-99,-257,3494,2786,2718,2310,2066,2078,2838,2317,1917,2138,1928,1624,1136,872,719,1477
Kansas,Gove County,20063,19.9,0.7,-11.2,-33.2,-54.4,-39.1,43.4,-4,-3.4,-10.5,-3.6,-9.1,13,-7.9,14.8,-4.1,30,1,-21,-73,-126,-89,37,-4,-4,-20,-8,-19,23,-11,19,-16,154,153,187,222,232,228,85,109,122,196,230,213,181,138,127,383
Kansas,Graham County,20065,25.7,20.4,5.2,-23.2,-47.2,-40.6,24.1,10.8,3.3,-9.1,-0.6,2.4,1.8,0.5,7.6,-14.4,30,21,7,-38,-92,-86,24,9,4,-21,-1,5,2,0,12,-55,117,103,135,166,195,212,99,85,125,230,222,227,139,158,162,380
Kansas,Grant County,20067,3.2,-2,-3.1,-20.9,-37.3,-25.3,28.7,-11.8,-10.9,-13.6,-12.5,-16.4,-8.5,-9.5,-4.9,-6.5,23,-14,-22,-146,-272,-178,125,-63,-55,-85,-74,-93,-36,-27,-10,-25,722,717,712,702,730,702,436,535,508,629,592,566,425,287,205,382
Kansas,Gray County,20069,11.4,4.8,5.9,-8.9,-41.9,-24.9,15.1,3.6,-0.1,-0.8,-6.5,-7.9,-5,-6.2,17.2,2.6,54,23,28,-45,-223,-125,48,12,0,-3,-27,-30,-15,-15,25,9,472,471,475,512,533,501,320,359,377,429,422,383,302,250,146,337
Kansas,Greeley County,20071,15.9,-20.9,-36.3,-33.2,-63.1,-36.9,-2.3,-12.6,-30.2,-16.5,-17.1,-9.8,-3.8,-14,10.6,11.1,11,-18,-38,-39,-80,-42,-1,-7,-20,-24,-24,-9,-2,-8,5,15,72,87,106,118,127,114,66,62,67,145,141,97,77,60,47,135
Kansas,Greenwood County,20073,3.9,-0.7,-0.9,-21.3,-49.5,-42.2,1.3,-1.2,9.7,-8.4,1.3,7.6,1.3,18.1,7.1,-14.5,15,-2,-4,-98,-270,-229,4,-4,33,-43,7,36,5,63,21,-127,394,404,432,460,546,542,310,340,341,511,533,476,449,348,294,872
Kansas,Hamilton County,20075,19.2,10.3,-8.4,-9.7,-27.5,8.8,46.4,-6,4.7,4.9,-12.1,-13.6,10.7,-5.6,-15.8,-30.3,42,21,-16,-19,-64,17,56,-9,6,9,-22,-24,12,-5,-15,-80,223,205,191,196,232,203,122,158,134,188,181,179,116,104,95,264
Kansas,Harper County,20077,12.9,15.4,4.4,-9.8,-45.2,-33.4,13.5,24.4,8.1,-8.2,-2.7,4.5,13.2,12.7,14.6,-5.8,47,49,16,-40,-224,-156,37,58,25,-32,-12,20,44,36,40,-41,371,319,378,408,494,467,277,240,308,389,453,439,338,284,273,703
Kansas,Harvey County,20079,7.9,16.7,12.2,8.2,-19.5,-19.9,6,4.7,1.5,-0.2,-0.9,1.4,0.8,7.6,12,20.2,180,354,275,189,-484,-516,116,81,30,-5,-23,31,15,101,131,547,2278,2120,2244,2285,2482,2585,1925,1728,1934,2344,2535,2257,1801,1314,1096,2705
Kansas,Haskell County,20081,1.6,3,-7.9,-1.7,-47.7,-35.7,4,-9.9,-2.1,-4.4,-6.7,5.4,3,-23,-12.1,-5.6,5,10,-32,-6,-186,-131,10,-30,-5,-13,-22,15,6,-35,-13,-14,354,350,406,381,390,367,264,301,241,309,336,279,217,154,114,247
Kansas,Hodgeman County,20083,18.4,16,26.4,-15.8,-71.8,-46.5,47.9,5.5,10.6,-2.7,10.2,-0.8,-10.6,4.2,15,1.4,18,17,27,-25,-145,-84,24,4,9,-4,17,-1,-11,3,12,3,99,107,104,159,203,180,50,86,89,165,171,146,106,84,81,207
Kansas,Jackson County,20085,4.5,17.1,15,-5.7,-42.6,-30.8,32.5,24.1,21.8,9.5,9.1,8.3,8.7,12.6,4.3,-1.5,40,147,136,-54,-454,-299,170,150,170,88,86,73,66,73,19,-15,894,860,904,944,1063,969,524,623,782,928,950,874,751,583,443,952
Kansas,Jefferson County,20087,10.4,23.9,18.8,-3.3,-46.5,-35.6,22.2,32.3,13.6,11.5,3,3.1,3.4,2.8,0.9,5,106,248,229,-45,-700,-517,171,263,156,174,47,43,39,26,6,61,1021,1037,1218,1339,1504,1451,770,814,1150,1512,1557,1381,1150,917,709,1204
Kansas,Jewell County,20089,7,39.8,-9,-31.1,-54.4,-52.7,17,-13.9,-3.1,-14.3,-7.8,-2.9,-1.2,11.5,7.7,-17.9,10,42,-16,-66,-137,-132,16,-18,-4,-34,-21,-8,-2,22,13,-99,143,106,179,214,252,250,96,132,150,242,271,302,239,192,175,551
Kansas,Johnson County,20091,4.2,13.1,14.6,-1.6,-17.5,38.1,64.6,21.3,10.6,4.6,0.3,-1,-3.1,-2.8,2.4,21.7,1636,4781,5116,-583,-5960,11165,15431,6872,3742,1887,132,-374,-898,-536,301,5008,38782,36313,34907,34486,33940,29263,23887,32126,35264,40160,39153,35065,28856,18726,12345,22991
Kansas,Kearny County,20093,3.7,-9.5,-15.7,-21.9,-54.5,-37.9,-11.6,4.7,-20.6,-20.9,-21.1,-14,-7.2,-7.7,-2.8,11,11,-33,-65,-94,-251,-143,-28,11,-60,-74,-70,-40,-16,-12,-3,26,310,352,413,431,460,378,243,231,293,355,332,286,228,158,123,236
Kansas,Kingman County,20095,0,20.9,5.6,-16.5,-51.8,-39.4,12.4,1.6,3.6,-2.1,-4.6,-0.8,1.8,1.8,-1.8,-0.1,0,89,30,-103,-386,-255,37,6,15,-12,-32,-4,8,6,-6,-1,469,426,533,625,746,648,305,362,429,606,705,551,469,369,361,826
Kansas,Kiowa County,20097,-1.6,-26.6,-17.9,9.5,-28.6,-45.7,-27.5,-1.9,-7.9,-13,-13.9,-16.1,-31.9,-29,-9.4,-40.5,-2,-50,-33,21,-65,-109,-47,-2,-11,-24,-30,-38,-69,-40,-12,-179,138,191,187,221,227,240,173,138,146,190,217,240,218,140,128,441
Kansas,Labette County,20099,4.5,3.9,-1.1,-2.7,-26.6,-31.4,-8.8,-2.6,-1.1,-0.5,2.3,0.1,1.9,2.4,6.4,-3.6,66,52,-16,-44,-466,-552,-109,-31,-14,-9,36,2,24,25,45,-66,1480,1338,1463,1603,1751,1758,1245,1190,1311,1652,1566,1428,1296,1032,702,1818
Kansas,Lane County,20101,-9.7,43.2,3.3,-25.8,-62.5,-45.6,12.2,12.6,-11.3,-22.2,-11.6,-0.5,-1,-14.9,-3,-15.4,-9,35,3,-37,-97,-74,9,9,-14,-33,-18,0,-1,-15,-2,-35,98,81,114,144,155,162,73,74,126,150,157,144,124,105,88,226
Kansas,Leavenworth County,20103,13.1,21.2,6.9,-6.8,-19.4,1.6,44.3,38.1,5.9,-13.6,-2.7,-2.2,0.5,-0.6,0.4,9.6,619,969,343,-357,-1010,78,1701,1655,302,-957,-165,-118,21,-17,9,317,4731,4568,4950,5207,5200,4797,3833,4338,5124,7007,6075,5171,3924,2797,1951,3299
Kansas,Lincoln County,20105,18.8,13,18.8,-11.8,-61.1,-33.7,20.2,14.8,4.6,4.6,3.3,-3.8,8.6,-6.9,-17,-5.8,34,23,35,-25,-156,-83,24,19,7,10,9,-10,17,-10,-26,-24,180,181,190,210,255,246,120,129,166,216,284,284,202,150,152,411
Kansas,Linn County,20107,-3.8,15.5,8.2,-7.2,-44.1,-32.5,22.7,21.6,14.3,15.4,5.9,7.2,17,23.2,8.4,-15.3,-22,87,51,-45,-307,-213,92,95,68,102,39,48,105,114,33,-148,576,559,619,621,697,656,407,439,478,662,663,667,619,493,392,966
Kansas,Logan County,20109,27.5,15.3,-7.5,-9.5,-54.6,-27.8,9.9,4.7,-2.4,-1.9,-1.5,-3.4,-7.1,3.1,11.2,-5.4,33,23,-15,-18,-125,-62,12,7,-3,-3,-3,-7,-11,3,13,-18,121,155,201,190,229,223,130,148,132,205,242,208,164,116,117,332
Kansas,Lyon County,20111,-4.1,-15.8,-19.9,6.2,61.6,-26.5,-53.3,-25.7,-16.7,-15.2,-11.2,-8.7,-7.9,-6,-3.7,-0.5,-105,-421,-514,160,1548,-889,-2181,-633,-355,-384,-290,-195,-140,-78,-35,-12,2551,2667,2574,2560,2511,3351,4087,2465,2130,2517,2580,2229,1774,1309,927,2067
Kansas,McPherson County,20113,4.5,11,8.8,-0.1,-22.8,-34.4,-19.6,6.7,2.3,1.3,-1.5,-1,-1.2,6.4,11.9,37.2,81,191,159,-1,-521,-875,-382,98,35,27,-36,-21,-20,77,114,800,1791,1725,1806,1923,2288,2541,1947,1450,1503,2064,2327,2065,1633,1201,955,2145
Kansas,Marion County,20115,12.8,19.2,10.9,1.3,-22,-45.7,-13.6,6.7,5.5,5.3,-0.6,1.5,9.1,5.7,4.6,2.8,79,127,82,12,-217,-459,-88,36,36,48,-6,13,64,36,25,39,616,661,752,931,987,1003,649,532,656,895,1003,861,709,626,543,1349
Kansas,Marshall County,20117,9.6,16.3,14.4,-15.6,-53.3,-32.6,13.1,22.1,1.5,-4.6,-1.5,-2.5,-3.5,2.9,1,-9.3,59,94,80,-103,-481,-276,61,87,7,-37,-13,-20,-20,14,4,-121,613,578,557,660,902,848,464,393,501,803,844,784,573,492,434,1292
Kansas,Meade County,20119,16.5,1.4,8.5,-10.9,-45.7,-32,22.7,-4.2,-0.3,5.2,-8.6,1.2,8.5,10.8,1,-2.6,50,4,32,-43,-169,-102,48,-11,-1,15,-30,3,16,15,1,-12,303,319,381,396,370,319,212,262,307,289,347,288,187,144,168,461
Kansas,Miami County,20121,13.8,28.3,31.8,4.5,-40.5,-22.4,47.6,42.2,25.9,15.1,6.9,4.7,9.5,2.5,5.2,18.5,268,561,640,98,-949,-484,614,612,490,368,172,98,153,32,50,302,1933,1982,2011,2148,2340,2160,1289,1450,1891,2431,2485,2071,1602,1281,954,1628
Kansas,Mitchell County,20123,15.9,14.1,9.6,4.6,-45.4,-45.5,-2,12.6,-0.9,-0.2,2.1,2.9,4.8,-0.7,5.9,11.1,53,44,35,19,-243,-305,-5,34,-2,-1,10,13,20,-2,14,78,334,317,362,422,535,670,282,272,317,455,486,459,423,300,241,697
Kansas,Montgomery County,20125,1.2,0.7,-4.2,7.1,-17,-24.2,1.2,3.7,1,4.4,2.5,-1.8,0.4,-0.9,6.1,-3.3,29,18,-95,178,-445,-686,23,67,20,106,63,-43,8,-16,78,-103,2489,2372,2268,2481,2619,2827,1935,1822,1994,2374,2486,2400,2033,1762,1267,3120
Kansas,Morris County,20127,18.9,22.3,5.9,-14.6,-47.9,-36.1,39.4,4.8,4.6,13.9,9.4,2.3,8.5,21.3,14.7,1,50,63,21,-59,-227,-153,76,12,14,58,42,10,30,64,32,7,265,286,359,405,475,424,194,245,310,420,451,455,352,302,223,679
Kansas,Morton County,20129,-8,-9.2,-12.6,-12.9,-48.3,-34.5,-8,9,-11.2,-3.7,-21.8,3.7,-15.4,3.3,-21.5,28,-19,-26,-36,-36,-137,-96,-14,17,-21,-9,-65,7,-29,4,-28,62,242,281,289,279,284,278,174,196,195,245,300,200,193,147,134,221
Kansas,Nemaha County,20131,6.6,11.9,0.4,-17.4,-58.4,-31.7,28.5,18.4,5.8,0.9,1.1,-1.9,7.9,6.8,4.5,11.4,42,76,3,-143,-509,-255,111,81,32,7,8,-12,38,26,16,126,638,639,789,818,871,806,390,441,564,775,759,648,486,391,369,1100
Kansas,Neosho County,20133,5.6,6.2,7.7,3.3,-28.3,-36,-1.6,6.2,-1.1,-3.7,0,0.2,3.2,7.5,-2.4,-1.4,62,65,81,39,-365,-500,-15,52,-11,-44,-1,2,31,52,-16,-21,1109,1044,1050,1176,1290,1390,922,841,952,1181,1249,1070,952,698,677,1450
Kansas,Ness County,20135,6.9,31.7,10.7,-22.5,-53.1,-29.4,29.6,11.5,2.5,-6.9,-0.2,-5.6,-13.1,10.1,15.2,-5.8,11,49,19,-47,-115,-72,26,15,3,-18,0,-14,-24,15,25,-25,162,155,182,209,217,244,87,134,135,271,264,254,189,151,163,425
Kansas,Norton County,20137,26.5,13.9,6,-5.6,-23.8,2.6,-1.6,3.7,-0.5,4.6,-5.8,-7.3,1.4,3,6,-11.2,60,37,17,-19,-94,10,-5,12,-2,21,-28,-27,4,8,13,-69,229,270,290,345,396,377,348,339,363,473,490,378,327,268,214,613
Kansas,Osage County,20139,8.3,16.5,10.2,-11.6,-48.3,-34.8,22.8,13.9,2.8,0.6,0.7,2,5.9,2.7,-2,0,80,151,114,-142,-657,-410,158,113,24,9,10,24,56,21,-13,0,962,914,1120,1225,1357,1177,694,812,880,1327,1380,1153,943,794,671,1274
Kansas,Osborne County,20141,2.3,10.1,14.5,-11.8,-59.6,-37.4,19.8,-2,9.8,-0.8,-1.5,-6.1,0.1,3.7,12.8,-3.8,4,17,30,-32,-214,-115,27,-3,17,-2,-5,-18,0,8,21,-22,209,171,210,277,359,307,140,154,176,307,327,307,217,221,166,568
Kansas,Ottawa County,20143,17.5,13.2,38.5,-2.3,-55.5,-42.7,68,23.8,9.7,3.1,0,-0.5,1.2,3.6,7.2,-4.2,53,47,137,-9,-259,-202,141,73,30,15,0,-2,4,10,16,-22,305,357,358,416,468,473,208,306,316,500,487,439,343,300,232,518
Kansas,Pawnee County,20145,20.3,16.1,3.7,28.9,-31.5,-31.3,20.3,0.8,2.9,3.1,6.9,0.1,5.7,-1.1,0,-17.4,67,51,15,118,-159,-186,68,3,11,16,37,0,23,-3,0,-128,330,318,421,407,506,594,336,366,381,529,533,555,412,337,268,732
Kansas,Phillips County,20147,23.8,22.8,15.5,-7.3,-54.3,-35.2,36.9,1.8,-2.9,2.9,4.8,4,7.6,2.4,3.5,-6.6,69,70,53,-27,-249,-145,78,4,-8,11,19,16,29,6,9,-42,289,311,341,371,458,411,211,263,302,397,404,420,382,273,253,631
Kansas,Pottawatomie County,20149,18.4,27.3,27.5,6.3,-28.9,-1.7,54.2,28.7,20.8,9,2.7,5,3.4,3.9,4.9,6.5,294,376,385,93,-447,-25,496,283,229,129,40,64,35,28,28,78,1597,1377,1397,1467,1546,1434,914,986,1103,1442,1440,1261,1014,729,575,1196
Kansas,Pratt County,20151,-0.2,6.5,4.5,20.1,-4.7,-34.4,-1.9,9,1.2,-1.4,-1.7,-1.6,1,9.8,10.1,7.4,-1,36,26,119,-32,-302,-9,37,5,-8,-13,-12,5,38,36,68,661,556,588,593,689,878,502,419,449,621,780,737,497,394,359,908
Kansas,Rawlins County,20153,17.8,13.9,-3.1,-22,-60.7,-42.2,64,-1,1,-12,-3.9,5.4,6.9,18.7,6.2,-8.5,20,13,-4,-39,-133,-92,36,0,1,-23,-8,12,12,27,7,-34,113,100,138,180,219,218,57,87,118,190,224,221,175,147,119,397
Kansas,Reno County,20155,4.5,3.4,-1.4,3.7,-11.9,-15,-8.3,-5.1,-3.6,-2.6,-5.5,-3.9,0,1.6,4.8,3.1,193,144,-63,159,-539,-724,-335,-191,-135,-123,-276,-183,0,46,110,172,4205,4160,4284,4219,4495,4828,4017,3724,3707,4691,5007,4602,3696,2787,2286,5504
Kansas,Republic County,20157,1.1,13.6,-4.9,-14.7,-60.1,-41,13,1.6,-4,1.8,-5.1,-2.3,-4.8,-2.3,1.4,0.6,2,30,-13,-45,-254,-161,19,3,-9,6,-22,-10,-17,-7,3,5,257,227,272,308,423,392,153,204,245,374,442,438,349,300,253,780
Kansas,Rice County,20159,9.7,7.3,4.3,16.1,2.5,-50.5,-42.3,10.2,1.5,0.3,-2.9,0.9,0.4,12.2,3.5,-2.2,57,46,28,113,19,-525,-378,47,7,2,-22,6,2,53,14,-20,590,642,650,704,767,1038,893,458,501,681,759,666,523,433,400,903
Kansas,Riley County,20161,-4.7,-16.8,-21.4,127.9,488.7,6.3,-71,-44.1,-31.5,-20.7,-11.5,-7.4,-4.1,-4.5,-7,8.8,-247,-754,-802,4095,15249,469,-11399,-2519,-1203,-700,-379,-210,-95,-69,-81,216,5240,4492,3747,3200,3119,7405,16037,5702,3815,3384,3295,2819,2281,1507,1152,2440
Kansas,Rooks County,20163,16.4,19.4,5.1,-13,-49.5,-26.7,4.9,1,-11.3,-11.8,-0.2,11.1,13.3,2.6,5.3,-18.1,47,54,16,-50,-220,-104,11,2,-34,-50,0,37,38,5,12,-121,286,281,332,383,446,392,228,268,307,422,424,335,290,222,230,666
Kansas,Rush County,20165,0,-1.2,-2.3,-9.9,-52.3,-33.1,35.8,11.6,9.8,7.7,5.3,14.5,8.5,7.3,2.5,-3.4,0,-2,-4,-20,-126,-73,42,16,16,17,13,36,17,11,3,-17,165,187,177,211,241,221,118,140,168,228,256,250,201,160,140,489
Kansas,Russell County,20167,0,20.9,5.7,-12.9,-33.1,-27.9,31.7,13.3,8.4,0.2,2.4,4.4,9,7.2,1.2,-8.4,0,72,22,-57,-156,-142,82,41,28,1,12,21,37,26,4,-80,409,344,383,442,472,510,259,310,332,518,512,489,418,362,313,947
Kansas,Saline County,20169,1.4,-2.6,0.9,-1.3,-5.5,-7.3,-0.8,-4.3,-0.3,-1.6,-1.2,-1.4,-1,2.7,6.3,5.4,58,-100,36,-51,-214,-299,-29,-141,-12,-65,-53,-55,-33,58,108,204,4090,3790,3842,3914,3886,4049,3342,3288,3527,4014,4115,3727,3033,2143,1701,3718
Kansas,Scott County,20171,7.7,6.6,6.7,-19.3,-45.4,-34.7,24.2,13.4,16.9,-11.2,-7.5,-5.2,-11.8,0.3,-0.8,6.4,27,20,21,-70,-194,-138,50,33,44,-42,-29,-20,-37,0,-1,27,362,314,315,361,427,400,209,253,263,380,384,392,313,250,197,416
Kansas,Sedgwick County,20173,1.8,0.6,-1.3,-5.3,1.8,18.1,8.8,-2.9,-3.4,-1,-0.9,-1,0,-0.8,3.5,3.6,722,250,-510,-1950,638,5820,2702,-958,-1080,-369,-331,-334,-7,-134,425,965,40099,37766,37068,36725,34374,32009,30515,32211,31707,35007,35934,31033,24127,16695,12042,26555
Kansas,Seward County,20175,-4.6,-18.4,-18.5,-2.5,1.6,-8.3,-11.5,-13.7,-16,-16.3,-16.6,-16.1,-17.8,-16.8,-11.6,-19.3,-120,-480,-416,-52,29,-162,-207,-251,-281,-282,-260,-208,-174,-115,-59,-219,2563,2606,2251,2036,1856,1953,1805,1827,1756,1726,1561,1290,979,683,513,1131
Kansas,Shawnee County,20177,1.8,3.4,-0.1,-2.5,-6.3,2.7,7.8,-3.3,-2.8,-0.3,-1.4,-0.7,-2,-0.7,1.6,5.3,236,423,-23,-307,-759,329,815,-355,-315,-44,-196,-96,-212,-54,93,623,12633,12248,11924,11877,11884,11937,10349,10572,10933,12478,13236,12630,10511,7403,5638,11710
Kansas,Sheridan County,20179,22.5,23.3,10.6,-32.5,-60.3,-56,45.5,27.1,-2.6,-2.9,-1.1,-2,-3.6,3.2,-4,-0.3,32,33,15,-62,-152,-121,41,26,-3,-6,-2,-4,-5,3,-5,-1,143,143,144,190,252,216,91,99,117,218,218,211,149,115,128,315
Kansas,Sherman County,20181,-1.3,0.4,-11,-13.3,-27.3,-41.7,-27.4,-10.9,-9.2,-0.3,-1.7,-7.5,0,-6.8,7.1,-5.8,-5,1,-46,-58,-136,-262,-123,-38,-31,-1,-8,-34,0,-21,18,-35,420,371,422,437,500,628,450,346,344,411,464,460,355,317,257,597
Kansas,Smith County,20183,14.4,34.8,8.7,-10.4,-60.2,-48.8,40.4,1.1,-5.9,3,-2.4,3.7,-4.2,-0.9,7.9,-10.7,24,54,17,-26,-189,-146,47,1,-11,9,-7,10,-11,-1,15,-72,170,157,200,254,314,299,118,143,199,311,323,295,263,200,198,669
Kansas,Stafford County,20185,5,21.6,14.1,-16.5,-47.8,-35.7,23.6,12.9,1.1,3.1,-2.4,-0.1,0.2,11,8.4,-2.9,12,49,39,-52,-194,-121,36,24,2,11,-9,0,0,22,15,-15,249,227,280,319,407,339,153,188,230,362,376,335,242,205,178,515
Kansas,Stanton County,20187,-7.2,-15.1,-3.8,-12.8,-45.3,-25.8,-7.1,-6.5,-6.2,-25.5,-24.3,-21.4,-0.7,-2.6,-3.8,7.8,-15,-30,-7,-24,-93,-48,-10,-9,-9,-49,-44,-35,0,-2,-3,13,208,201,193,194,205,188,151,148,150,194,182,167,100,84,86,166
Kansas,Stevens County,20189,15.7,15,1.7,-7.7,-33.5,-19.4,19.4,0.2,21.5,-4.4,-9,-2.2,-4.3,-8,1.4,-2.2,69,65,8,-36,-157,-88,57,0,67,-19,-38,-7,-10,-17,2,-9,439,439,460,474,468,454,294,336,312,426,423,324,247,216,156,396
Kansas,Sumner County,20191,3.2,13.1,0.1,-16.8,-46.6,-38.4,12.2,5.9,-0.6,-3.6,-3.2,-9.1,-5,0,-6.4,-3.3,52,205,2,-336,-1040,-802,146,73,-9,-67,-69,-174,-72,0,-55,-68,1604,1564,1783,1997,2230,2088,1194,1229,1392,1838,2165,1901,1423,1012,862,2003
Kansas,Thomas County,20193,4.5,0.2,-9.3,23.8,8.3,-40.6,-36.3,2.3,1.1,-7,-0.8,-6.7,-6.6,8.6,-8.1,8.5,23,1,-52,141,50,-335,-236,9,4,-39,-5,-40,-26,25,-22,49,510,482,563,593,599,825,649,414,373,564,602,605,396,301,275,575
Kansas,Trego County,20195,-13,-3.7,6.1,2,-54.8,-56.8,19.4,17.8,6.1,9.2,1.1,9.5,16.9,13.6,1.9,-5.8,-20,-5,10,3,-114,-163,20,21,8,19,3,23,27,19,2,-24,159,154,172,188,208,287,104,121,134,216,291,249,163,141,147,410
Kansas,Wabaunsee County,20197,9.5,32.1,20.1,-9.8,-51.9,-31.5,47.5,18.4,7.4,10.6,9,2.6,6.7,-0.6,0,-17.7,41,125,88,-45,-289,-167,123,58,27,55,53,13,28,-2,0,-108,437,389,442,465,557,530,259,318,366,521,586,515,426,343,261,607
Kansas,Wallace County,20199,4.7,12.7,0.8,-21.8,-61,-58,28.1,-8,-14.6,-8,-6.2,-18.4,-1.1,-11.7,-8.8,7.2,3,11,0,-32,-87,-96,16,-5,-10,-10,-8,-23,-1,-8,-5,12,80,94,100,149,143,165,58,69,74,125,138,127,94,68,66,166
Kansas,Washington County,20201,16.2,13.5,6.4,-10.9,-54,-31.9,23,12.5,2.3,-0.1,-0.9,1.1,1.2,6,2.2,-19,48,39,24,-43,-248,-133,49,32,7,0,-4,4,4,19,6,-167,300,292,378,398,460,418,214,254,307,422,460,388,367,321,274,877
Kansas,Wichita County,20203,14.2,-9.9,-17.1,-33.2,-59.5,-28.5,-2.4,-1.1,-20.5,-14.5,-6.8,-8.3,-13.4,-4.7,-9.5,-2.8,21,-17,-37,-66,-106,-51,-3,-1,-31,-23,-13,-15,-17,-5,-9,-6,151,179,218,199,179,180,134,142,152,161,192,183,131,110,101,208
Kansas,Wilson County,20205,-9.7,10.6,1.9,-18.9,-46.7,-30.1,4.1,0.1,3.3,-5.7,2.3,-2.7,9.1,10.7,5.2,-15.2,-68,59,12,-138,-375,-218,20,0,16,-38,17,-19,50,51,20,-156,696,559,618,731,804,723,492,479,489,667,752,696,548,475,385,1021
Kansas,Woodson County,20207,8.8,14.8,2.1,-14.6,-51.3,-31.9,-11.6,-4.7,7.4,0.3,11.8,2.4,25.2,4.2,1.5,-11.6,14,24,4,-24,-142,-85,-20,-6,12,0,29,6,47,7,1,-56,168,165,194,169,277,268,180,138,174,234,251,279,187,185,122,482
Kansas,Wyandotte County,20209,2.4,-9.6,-14.3,-13.9,-8.8,8.2,-0.2,-12.2,-12.8,-8,-5.8,-7.2,-7.6,-8.7,-12.2,-20.6,349,-1350,-1910,-1794,-1066,976,-30,-1449,-1409,-934,-662,-705,-598,-493,-529,-2023,14035,13940,13311,12843,12026,11795,11570,11872,11001,11656,11246,9736,7807,5634,4310,9817
Kentucky,State Total,21000,1.1,4.3,3.2,3.5,6.3,1.9,1.3,3.5,2.7,2.8,2.9,2.7,5,6.1,5.9,1.4,3203,11945,8855,10037,17416,5506,3782,9888,7775,9039,8952,7696,11811,10579,7841,3615,287810,273231,275299,282028,273403,281652,278664,275940,282378,313392,307880,277187,235119,172684,130942,247710
Kentucky,Adair County,21001,6.8,8.3,4.4,41.9,23.9,-21.5,-18.8,2.2,4.1,12,5.2,11.9,9.9,17.1,8.4,-11.5,77,87,48,467,271,-285,-227,24,45,149,63,129,102,130,58,-156,1124,1048,1083,1115,1135,1326,1209,1099,1106,1239,1204,1081,1029,761,694,1346
Kentucky,Allen County,21003,6.6,17.8,10.5,5.5,-11.7,-11.1,11,17.9,14.8,12.3,9.9,17.8,20.5,23.1,15.3,0,85,202,127,73,-151,-144,115,205,175,160,128,193,209,181,100,0,1297,1131,1203,1323,1285,1288,1048,1146,1183,1303,1286,1083,1021,784,657,1178
Kentucky,Anderson County,21005,5.2,25,7.8,-3.9,-23.4,10.3,40.2,23.5,5.1,2.8,0.3,6.2,9.1,4.1,6,5.1,72,293,116,-59,-326,115,404,309,76,49,4,85,99,34,36,52,1399,1169,1474,1503,1392,1107,1003,1315,1501,1714,1518,1359,1096,820,594,1019
Kentucky,Ballard County,21007,4.4,7,7.7,4.1,-26.6,-19.2,12.7,9.3,4.1,-1.6,4.6,3.1,6.7,6.5,9.9,1.9,19,32,40,21,-147,-96,53,45,22,-9,28,17,34,27,31,12,424,469,516,512,554,502,424,491,539,587,620,565,508,427,314,622
Kentucky,Barren County,21009,2.1,13,14.7,4.5,-10.3,3.5,17.6,17.1,10.5,9.5,8,8.4,10.4,11,10.6,8.4,59,320,370,121,-259,90,367,400,268,270,236,210,237,195,147,228,2779,2461,2518,2644,2502,2527,2073,2341,2557,2850,2925,2478,2267,1775,1387,2707
Kentucky,Bath County,21011,0.9,0.9,6.3,-2.9,-20,-11.1,6.5,14.8,3.4,6.6,3.5,9,7.1,13.8,17.9,-10,7,6,48,-22,-144,-77,42,100,26,55,29,67,47,64,70,-78,835,759,752,769,721,697,652,677,764,826,812,742,662,464,393,775
Kentucky,Bell County,21013,-13.2,-9.7,-4.9,-1.5,-17.3,-23.4,-5.6,-5.3,-0.2,-2.3,-0.5,1.9,7.6,11.7,4.8,-4.9,-248,-179,-93,-30,-371,-495,-102,-103,-3,-52,-12,36,137,160,50,-97,1881,1840,1890,1982,2136,2116,1824,1938,1958,2251,2094,1926,1788,1367,1043,1941
Kentucky,Boone County,21015,5.9,31.8,32.4,7.9,-5.6,26.4,65.4,52.4,27.8,19.3,13.7,16.9,20.6,19.3,27.3,39.5,520,2414,2299,575,-376,1572,3261,3153,1994,1498,1021,1029,1003,644,595,1269,8760,7570,7092,7223,6668,5949,4981,6008,7154,7724,7406,6061,4853,3321,2173,3205
Kentucky,Bourbon County,21017,-1.4,12.5,8.1,-4.5,-25.5,-17,6.5,17.1,9.9,2.6,1.9,-2.5,2.4,6.6,5.9,1,-19,146,105,-62,-356,-215,69,196,125,40,28,-35,30,59,41,14,1301,1166,1288,1375,1393,1269,1051,1141,1268,1537,1462,1381,1243,902,692,1313
Kentucky,Boyd County,21019,-2.1,1.8,3,-1.2,-17.7,-6.5,11,5.9,4.7,1.7,-0.8,-0.7,-1.4,0.8,1.5,1.6,-64,52,86,-37,-539,-214,308,182,154,62,-32,-25,-47,19,31,61,3051,2879,2824,2989,3031,3255,2795,3060,3243,3559,3943,3552,3163,2361,2002,3691
Kentucky,Boyle County,21021,0.8,12.9,9.4,14.5,16.8,-23.1,-26.5,1.1,2.4,-1.4,-0.6,0.4,5.8,7.6,18.7,18.8,12,196,151,274,293,-452,-563,20,45,-31,-13,8,98,95,166,344,1552,1525,1596,1882,1744,1950,2120,1736,1886,2093,2028,1935,1704,1242,891,1826
Kentucky,Bracken County,21023,-1.2,12.1,7.4,-1.1,-23.9,-20.7,4.9,7.8,2.7,7.1,-4,2.7,7.2,-2.6,6.8,-12,-7,67,41,-6,-146,-117,23,40,15,46,-26,15,31,-9,19,-67,592,556,566,579,613,568,471,513,566,647,658,558,442,366,283,555
Kentucky,Breathitt County,21025,-9.3,-7.7,-9.2,-6.3,-31.4,-39.6,-19,-7.4,-8.2,-11.4,-9.4,-9.3,-4.7,0.1,-8.9,-19,-89,-65,-89,-73,-358,-509,-206,-72,-87,-140,-110,-105,-43,1,-44,-174,958,846,967,1157,1140,1284,1085,970,1052,1228,1171,1121,934,654,498,914
Kentucky,Breckinridge County,21027,11.3,17.6,21.1,2.8,-26.3,-20.3,8,16.3,13.3,14.6,17.5,10.1,15.3,16.9,10.1,-4.3,127,200,257,35,-353,-268,81,162,150,199,235,136,181,147,75,-57,1126,1134,1213,1241,1339,1317,1012,996,1128,1360,1342,1341,1181,871,746,1319
Kentucky,Bullitt County,21029,26.8,40.5,21.4,7,-10.4,3,34.6,24.5,16.9,12.3,13.8,10.8,7.8,9.2,13.3,10.5,1009,1501,983,342,-471,130,1220,1065,806,672,698,461,311,267,253,278,3766,3701,4592,4863,4526,4331,3519,4337,4746,5451,5037,4265,3981,2888,1894,2626
Kentucky,Butler County,21031,6.2,-2.7,-2.6,-11.8,-21.6,-15.5,-8.1,-5.2,-6.1,-7.2,-0.8,1.8,10,10.5,1.5,-2.4,48,-22,-22,-102,-209,-149,-67,-43,-53,-74,-8,15,67,64,7,-21,773,837,844,867,965,963,834,834,866,1025,958,844,670,613,466,856
Kentucky,Caldwell County,21033,1.8,15.6,8,-0.9,-20.4,-16.6,13.1,9.4,4.1,9.4,4.7,8,4.7,4.8,1.9,-14.1,14,103,59,-7,-168,-136,76,74,31,80,44,70,41,32,10,-168,795,664,737,834,827,823,584,793,758,848,925,877,889,678,551,1187
Kentucky,Calloway County,21035,1.3,4.8,5.5,87.8,208.1,-16.1,-59.4,-14.5,3.8,6.9,8.1,8.1,14.1,13.8,9.2,-5.9,26,83,96,1522,3812,-482,-2872,-317,72,146,167,161,258,222,112,-153,1972,1709,1735,1732,1831,2980,4834,2184,1885,2104,2059,1985,1823,1606,1225,2557
Kentucky,Campbell County,21037,3.9,-5.2,-9.6,2.3,8.8,5,-1.9,-9.1,-8.2,-5.7,-1.2,-3.1,0.5,0.2,-1.3,-1.7,224,-313,-611,150,570,319,-115,-549,-527,-410,-89,-188,23,7,-36,-95,5722,5916,6342,6277,6413,6365,5969,5989,6404,7138,6893,6000,4706,3404,2667,5504
Kentucky,Carlisle County,21039,5.7,3,-4.6,-9.1,-27.7,-26.2,10.8,-2.5,-9.2,2.3,6.3,-3.3,4,10,12.3,-2.2,18,9,-15,-30,-97,-103,27,-7,-33,8,21,-12,12,24,24,-11,314,306,329,334,351,393,250,304,357,359,347,366,315,240,196,481
Kentucky,Carroll County,21041,-4.8,-6.4,7.1,0,-8,3.6,4.1,10.4,0,3.8,4.5,3.3,1.9,8.5,-1.6,3.2,-42,-48,50,0,-54,26,26,70,0,30,34,21,12,36,-5,19,873,752,698,729,671,740,623,678,714,798,753,644,613,428,308,593
Kentucky,Carter County,21043,-4.1,-0.6,3.7,3,-1.8,-18.2,-11.4,3.6,-1.1,3.5,4.7,7.5,9.8,9.8,8.8,-0.2,-77,-10,66,59,-32,-364,-218,63,-20,68,90,125,159,122,88,-4,1872,1738,1771,1937,1752,1994,1914,1707,1830,1941,1894,1657,1611,1240,995,1638
Kentucky,Casey County,21045,10.6,4.5,8.2,-5.2,-19.7,-7.4,9.5,4.2,4.2,2.9,8.4,11.1,13.4,13.6,13.3,-9.8,98,43,83,-55,-214,-77,79,41,41,32,87,110,130,101,75,-116,925,966,1000,1056,1082,1043,825,979,984,1090,1034,989,966,746,567,1174
Kentucky,Christian County,21047,1.1,-18.1,-31.8,-19.3,73.9,39.7,-41,-39.9,-27.3,-14.3,-3.3,7.5,5,6.2,3.6,1.8,88,-1359,-2356,-1178,3441,1990,-3642,-2873,-1513,-679,-133,253,142,132,64,63,7407,7495,7404,6073,4655,5013,8864,7195,5527,4744,4014,3361,2793,2128,1740,3407
Kentucky,Clark County,21049,4.3,8.6,5.5,-4.8,-17.6,-3.9,22.4,16.8,1.8,5.1,4.2,6.1,2.8,5,10.4,4.9,96,182,124,-113,-398,-84,422,374,42,135,110,137,62,75,115,104,2214,2109,2221,2349,2260,2135,1877,2221,2371,2613,2577,2257,2209,1495,1104,2107
Kentucky,Clay County,21051,-3.9,-14.6,-13.6,-9,-24.8,-18.8,11.5,-12.1,-14.7,-18.2,-19.3,-18.3,-9.5,-5.5,-11.7,-21.5,-54,-212,-196,-159,-450,-352,180,-235,-283,-375,-361,-308,-125,-53,-91,-276,1378,1450,1438,1764,1810,1868,1556,1938,1921,2057,1869,1680,1315,963,773,1283
Kentucky,Clinton County,21053,-6.2,6.5,8.9,12.2,-9.8,-6.2,-0.7,8.3,10.7,10.1,11,14.6,16.9,6.9,9.1,-3.3,-44,40,56,74,-56,-36,-4,47,67,69,77,85,101,35,39,-23,715,618,627,607,567,578,597,566,626,681,699,582,599,513,429,690
Kentucky,Crittenden County,21055,13.1,21.6,8.1,-9.8,-27.4,-19.5,3.7,14.6,6,5.9,0.2,8.4,11,4.4,0.8,1.1,74,102,42,-59,-180,-124,18,72,32,39,1,51,62,24,3,8,567,472,520,603,655,639,484,493,538,657,672,613,558,558,387,690
Kentucky,Cumberland County,21057,18.4,2.2,-3.4,-2.3,-30.6,-27.2,-0.5,2.2,2.9,-4,8,11.3,7.1,15.3,8,-1,70,9,-14,-10,-145,-130,-1,8,13,-21,40,48,30,52,24,-6,379,405,417,467,474,478,326,369,444,524,498,424,425,342,301,583
Kentucky,Daviess County,21059,1.6,1.6,1.1,-2.9,-12.6,-9,6,6.1,6.6,4.3,0.7,1.5,3.5,4.6,6.2,3.8,111,106,74,-193,-840,-617,335,350,379,297,51,99,187,178,196,244,6781,6535,6389,6449,6661,6790,5497,5675,5675,6907,7129,6283,5334,3836,3126,6414
Kentucky,Edmonson County,21061,15.6,10.5,4.9,18.8,-7.6,-22.8,-0.1,3.6,7.4,2.5,8.3,15.7,15.2,8.2,0,-13.9,92,68,35,140,-59,-188,0,28,51,22,69,114,111,54,0,-134,590,650,721,745,772,824,720,762,687,858,831,725,730,660,467,958
Kentucky,Elliott County,21063,24.5,6,2.5,-8.3,-7,11.9,41.3,38.9,37.1,26.9,22.8,20.7,18.7,27.5,16.3,-3.5,89,24,11,-39,-34,58,166,172,146,123,108,99,74,84,40,-16,366,398,450,473,486,493,403,442,394,460,473,478,397,306,250,456
Kentucky,Estill County,21065,-6,-0.4,-2.7,-15.9,-28.6,-22.3,-2.9,-6.6,-3.2,1,3.3,6.1,6,4.7,5.6,-17.2,-56,-4,-26,-174,-286,-233,-27,-65,-36,12,33,59,54,34,31,-181,935,983,948,1096,999,1043,947,975,1123,1190,1015,973,901,734,553,1052
Kentucky,Fayette County,21067,-0.6,-3.6,-3.4,28.5,109.2,47.9,-18,-12.5,-8.8,-3.6,-1.6,-1.7,-2.8,-2.2,1.7,5.9,-130,-674,-573,4531,16018,8634,-5093,-2965,-1834,-769,-324,-319,-413,-217,124,794,19953,18579,16768,15881,14657,18011,28153,23543,20654,21051,19867,17780,14439,9849,7029,13314
Kentucky,Fleming County,21069,-4.3,1.2,8.6,-4.5,-20.4,-20.4,12.6,4.1,5.1,8.1,2.3,6.6,8.8,12.4,9,1.7,-42,11,82,-46,-195,-192,97,37,51,80,23,61,73,77,44,15,981,917,947,1007,956,938,767,899,988,980,1015,922,830,620,485,855
Kentucky,Floyd County,21071,-9.7,-11.1,-6.2,-4.9,-19,-19.4,-5.8,-8.2,-12.3,-9,-5.1,-4.9,-1.7,-2.1,3.5,-7,-274,-303,-162,-135,-532,-578,-162,-235,-373,-291,-167,-150,-45,-38,47,-162,2805,2731,2592,2712,2801,2965,2765,2855,3031,3213,3261,3074,2586,1804,1341,2309
Kentucky,Franklin County,21073,0.1,0.6,-3,8.3,8.8,-0.4,-5,-5.5,-1.8,-0.9,0.6,-2.1,-1.8,1,5.1,6.6,3,19,-91,254,259,-15,-160,-188,-61,-34,24,-78,-58,23,80,185,3071,3021,3003,3041,2936,3182,3200,3414,3350,3751,3700,3686,3157,2176,1555,2798
Kentucky,Fulton County,21075,-13.3,-19.5,-29.5,-25.3,-18.8,-23.6,-11.2,-10.3,1.7,-8.9,3.8,-0.3,5.4,4.1,8.8,-9.6,-63,-89,-154,-128,-100,-137,-52,-44,7,-46,19,-1,23,14,21,-62,475,456,523,507,534,579,463,427,439,515,519,505,426,346,249,644
Kentucky,Gallatin County,21077,-2,-6.7,13.2,-3.7,-23.2,-2.7,24,11.6,7.6,6.5,3.7,7.2,14.1,15.6,23.5,4.4,-13,-41,80,-25,-145,-14,98,58,47,41,23,36,60,53,46,14,635,624,610,677,623,514,409,502,611,642,615,495,430,342,197,313
Kentucky,Garrard County,21079,11,26.7,14,5.6,-21.2,-8.9,30.7,24.9,8.7,12.2,15.4,18.6,19.9,15,13.6,6,107,227,131,59,-216,-86,242,231,96,153,181,187,174,108,70,58,970,850,935,1055,1018,965,790,928,1103,1246,1178,1006,873,723,515,965
Kentucky,Grant County,21081,-4.6,-0.4,5.4,-3.4,-17.6,-3.7,18,0.5,3.5,4.1,4.8,5.7,4.8,5.2,1.6,-0.4,-95,-9,101,-64,-305,-59,260,9,61,74,80,77,56,49,10,-4,2078,1907,1840,1855,1732,1604,1439,1655,1750,1788,1652,1336,1155,931,650,986
Kentucky,Graves County,21083,2.2,2.2,2.3,-2.8,-17.6,-10.5,5.1,1.8,-1.8,0.9,-1.3,1.6,2.6,4.5,8.2,-3.4,56,53,59,-71,-445,-260,107,42,-44,24,-33,39,57,80,110,-99,2490,2405,2534,2486,2522,2461,2078,2220,2333,2710,2567,2431,2146,1777,1337,2883
Kentucky,Grayson County,21085,-0.3,8.6,11.1,-1.1,-15.8,-6.2,9.8,13.8,7.2,8.3,8.4,11.1,14.1,9.3,10,-7,-5,137,173,-19,-256,-101,146,204,112,142,147,180,197,108,90,-120,1667,1580,1553,1711,1612,1617,1491,1485,1560,1699,1751,1618,1401,1170,906,1692
Kentucky,Green County,21087,7.7,7.7,11.2,-1.2,-32.3,-24.1,7.3,13.8,1.9,2.5,3,-2.2,5.4,-2.3,-2.2,-10.1,50,50,72,-8,-253,-180,47,84,13,21,25,-18,39,-14,-11,-97,649,653,639,707,783,748,637,612,700,861,840,785,722,599,495,958
Kentucky,Greenup County,21089,-0.1,11.3,6.6,-4,-28.3,-21,12.1,8.9,5.9,3.2,0.2,0.2,2,2.2,3.1,2.3,-2,237,146,-100,-703,-509,235,194,137,83,7,6,49,42,46,63,2200,2090,2210,2460,2482,2419,1938,2165,2320,2601,2893,2565,2387,1903,1481,2692
Kentucky,Hancock County,21091,-2.3,12.5,-0.4,-11.5,-35.2,-21.8,5.9,7.5,1.1,-0.2,0.6,4.5,-1.9,4.2,-3.8,1.9,-13,74,-3,-75,-222,-116,29,40,6,-1,3,25,-10,17,-11,9,585,589,615,653,630,532,506,531,580,650,610,565,563,405,298,466
Kentucky,Hardin County,21093,2,1.5,7.6,1.6,5,3.5,4.1,9.2,4.3,-3,-3.1,0,1.6,6.5,6.2,6.1,169,116,537,117,372,277,283,594,294,-255,-239,0,78,229,165,288,8099,7282,6988,7126,7331,7743,6754,6443,6773,8341,7685,6315,4900,3488,2664,4676
Kentucky,Harlan County,21095,-13.2,-10.4,-11.1,-16.3,-26.9,-29.8,-3.8,-2.3,-7.5,-9.6,-6.1,-8.2,-4.9,-8.3,-0.4,-17.4,-296,-202,-233,-379,-636,-724,-68,-44,-157,-220,-148,-204,-103,-121,-5,-380,2239,1949,2098,2319,2358,2430,1791,1890,2091,2285,2406,2468,2116,1459,1016,2173
Kentucky,Harrison County,21097,3,12.4,13.6,0.3,-28.3,-19.3,6,10.2,4,9.3,3.4,4.9,4.2,7.7,13.7,4.9,35,140,159,5,-354,-239,58,114,53,126,50,60,45,63,83,57,1152,1128,1168,1287,1251,1238,974,1117,1308,1350,1441,1225,1089,815,604,1162
Kentucky,Hart County,21099,-4.6,9.4,7.8,1.6,-20.3,-22.4,0.7,3,8.6,9.1,6.4,9.5,11.8,10.9,10.1,-3.9,-59,110,92,21,-257,-278,7,31,96,122,81,107,115,89,62,-45,1276,1166,1186,1259,1264,1238,997,1043,1119,1337,1270,1130,977,816,616,1150
Kentucky,Henderson County,21101,0.2,1.4,1.5,-9,-15.6,-1.6,10.3,-0.2,-0.5,0.9,1.2,-1.4,4.1,6.2,-0.4,-3,7,44,45,-274,-481,-52,262,-7,-17,33,46,-46,112,122,-6,-93,3200,2981,2967,3038,3081,3112,2548,2883,3044,3511,3651,3301,2668,1974,1469,3027
Kentucky,Henry County,21103,4.9,8.5,0.5,-4.9,-30.9,-16.1,9.2,5.4,4.6,1.7,2.4,7,2.8,6.8,-1.5,1,45,90,6,-53,-329,-158,73,49,47,20,30,71,28,48,-8,9,923,1052,1052,1084,1066,983,791,917,1027,1165,1226,1013,974,708,551,862
Kentucky,Hickman County,21105,21.9,4.9,2.2,-8,-34.3,-24.4,5.1,-2.6,-6.9,-4.8,1.7,2.9,3,6,-2.6,-6.4,52,13,6,-25,-117,-76,12,-7,-23,-18,5,9,10,16,-6,-33,238,266,292,317,343,314,246,285,331,390,342,333,333,275,245,511
Kentucky,Hopkins County,21107,2.3,3.3,1.8,-8,-21,-6.6,12.6,6.1,0.7,1.6,0.9,0.6,2,7.1,3.3,4.2,70,95,53,-254,-690,-202,329,171,22,53,33,21,56,149,57,131,3071,2890,2939,3169,3272,3026,2607,2789,3055,3323,3574,3363,2780,2083,1700,3058
Kentucky,Jackson County,21109,3.7,2,-3.4,-7.4,-30.5,-18.8,-2.5,4.4,2,3.1,6.2,3.7,5.6,24,4.3,-5.8,30,17,-32,-73,-305,-187,-22,41,18,31,59,35,41,127,20,-43,815,881,922,985,999,992,889,920,928,976,955,932,740,529,475,734
Kentucky,Jefferson County,21111,-1.8,-2.2,-2,-3.5,7.7,23.8,16.8,0.2,-1.8,0.5,0.9,-0.8,0.2,0.1,1.9,0.7,-926,-1107,-970,-1710,3544,10492,7334,137,-885,292,537,-429,106,48,416,367,51213,48739,48414,48460,45605,43947,43527,48645,48320,54770,54954,49940,40736,28535,21600,47383
Kentucky,Jessamine County,21113,6.1,23.4,17,21.1,19.8,10.4,2,15.9,13.1,19.8,13.2,6.9,15.8,17.3,16.5,48.4,210,653,506,628,548,301,65,461,374,601,408,191,343,254,183,794,3441,2781,2970,2971,2766,2898,3158,2901,2845,3024,3086,2734,2164,1466,1106,1640
Kentucky,Johnson County,21115,-10.4,-1.9,0.6,-1.5,-15.3,-19.4,5.2,8,3.3,3.4,-0.7,0.2,3.1,6.4,-1.4,-1.2,-163,-29,10,-23,-241,-330,70,117,52,57,-13,3,49,67,-12,-17,1563,1497,1484,1520,1571,1702,1347,1464,1582,1692,1746,1707,1543,1043,857,1330
Kentucky,Kenton County,21117,-3.8,-3.3,-6.7,-11.2,-7.8,21.4,18.5,-5.5,-5.6,-3,-1.5,-2.7,-3.9,-5.1,-2.4,-0.8,-473,-390,-779,-1280,-856,2159,1833,-614,-664,-376,-192,-287,-342,-293,-103,-67,12386,11694,11483,11352,10965,10084,9900,11079,11678,12398,12062,10364,8602,5717,4269,8171
Kentucky,Knott County,21119,3.9,9.5,-9.5,-0.1,-12.4,-37.6,-21.1,3.1,-3.5,-4.3,-3.7,-5.6,-4.6,-1.8,-2,-16.7,36,83,-103,-1,-144,-553,-258,32,-42,-57,-51,-72,-52,-14,-11,-175,941,871,1087,1212,1160,1470,1224,1011,1204,1340,1375,1269,1132,746,573,1043
Kentucky,Knox County,21121,-5.6,-10.2,-5,-2.4,-9.7,-18.8,-11.5,-1.2,1.4,2.3,2.4,0.3,6.4,14.2,13,-7,-132,-241,-116,-59,-221,-425,-239,-27,29,53,52,5,116,201,135,-138,2352,2353,2314,2395,2279,2255,2065,2114,2086,2235,2129,1967,1814,1407,1041,1959
Kentucky,Larue County,21123,10.6,17.1,11.1,4.3,-14.7,-11,27.5,15,7.2,7.8,3.6,3,6.4,0.2,8.1,3.3,87,132,97,39,-139,-105,184,110,62,81,37,27,50,1,41,33,826,775,874,900,947,951,671,734,851,1043,1029,905,783,620,507,986
Kentucky,Laurel County,21125,0.9,7,4.6,0.7,-6.8,3.1,18.6,11.1,8.8,9.8,7.9,9.2,9.5,13,13.7,1.3,35,270,179,29,-245,114,625,409,333,396,321,328,298,297,238,39,3892,3818,3861,3751,3591,3569,3361,3679,3765,4040,4029,3538,3145,2281,1727,2920
Kentucky,Lawrence County,21127,-2.3,8.1,0.7,-3.2,-24.6,-18.1,4.1,1.7,-4.2,8,10.3,9.1,7.2,8.7,9.8,-5,-26,76,7,-36,-281,-205,38,18,-46,90,112,98,68,62,51,-47,1125,945,942,1105,1144,1135,927,1007,1085,1124,1090,1079,942,715,518,922
Kentucky,Lee County,21129,2.1,2.7,8.8,-3.6,-10.6,5.9,12,4.4,2.1,8,8.2,7.9,8.7,3.4,-10.8,-20,8,11,37,-17,-58,31,59,21,13,50,46,41,40,10,-30,-113,371,402,425,478,552,530,494,495,633,630,557,519,459,322,277,565
Kentucky,Leslie County,21131,-15.5,-5.6,-12.7,-13.3,-22.7,-25.1,-9.7,-8.8,-8.9,-6.9,-3.9,-11,-3.1,5.3,1.8,-5,-122,-40,-99,-108,-198,-219,-78,-71,-77,-68,-40,-99,-21,25,7,-34,788,710,779,811,870,871,805,811,864,989,1017,898,700,476,432,680
Kentucky,Letcher County,21133,-0.5,-0.9,1.5,-8.9,-19.1,-20.1,2.5,4.3,-1.8,0,-0.6,-0.1,4,0.5,-1.1,-6.5,-8,-14,22,-149,-319,-372,40,64,-28,-1,-13,-2,65,5,-11,-96,1572,1466,1484,1660,1670,1849,1547,1492,1583,1916,1943,1901,1600,1139,942,1463
Kentucky,Lewis County,21135,0.2,6.8,1,-9,-25.3,-28.3,-1.2,-6.9,1,-0.8,4.4,0.4,8.7,11.3,7.9,-5.3,2,58,10,-93,-246,-288,-10,-67,9,-9,43,4,70,70,38,-46,877,854,925,1031,973,1015,860,975,953,1102,988,950,796,620,486,854
Kentucky,Lincoln County,21137,0.7,3.1,4.8,-3.9,-20.3,-10.1,10.5,4.8,5.8,0.9,6.2,8.9,12,11.2,14.3,-3.2,12,52,79,-67,-341,-152,145,77,96,16,103,130,153,116,122,-51,1662,1650,1633,1700,1680,1505,1382,1603,1655,1844,1649,1460,1281,1040,855,1563
Kentucky,Livingston County,21139,10.5,11.4,3,-11.6,-24.9,-30.8,9.5,-6.2,-1.2,-5,9.5,7.4,11.4,9.4,-0.6,2.5,52,54,16,-72,-161,-191,46,-35,-7,-38,68,51,74,52,-2,17,499,474,531,625,645,619,480,574,627,769,717,695,648,558,407,676
Kentucky,Logan County,21141,0.2,1.7,1.2,-8.8,-24.7,-10.6,-0.1,-3,1.3,-0.7,3.4,3.8,5.4,6.9,8.2,-2.8,4,31,24,-170,-449,-198,-2,-49,22,-16,66,66,83,89,78,-51,1758,1785,1880,1933,1818,1868,1536,1641,1712,2072,1918,1732,1537,1297,957,1793
Kentucky,Lyon County,21143,8.7,17.4,18.1,0,-0.9,26.8,7.3,-11.6,-8.6,-7,-0.1,19.3,43.3,37.9,9.4,11.5,28,49,57,0,-3,93,34,-67,-53,-51,-1,114,210,157,39,71,320,284,314,377,365,348,473,577,610,728,681,591,485,416,423,617
Kentucky,McCracken County,21145,1.6,3.1,-1,-12.2,-20.2,-5.1,11,2.9,0.9,1.4,-0.2,-0.1,2,5.2,7.8,-0.2,66,127,-43,-541,-855,-212,393,114,37,70,-11,-6,83,164,171,-15,3975,4065,4124,4426,4220,4113,3559,3904,4113,4835,5052,4878,4042,3153,2178,5253
Kentucky,McCreary County,21147,2.4,-3.1,-6.3,1.1,-16.4,-15.8,27.5,23.4,26.5,13.7,10,6.7,2.1,10.7,5.2,-3.6,26,-37,-76,15,-220,-221,309,263,313,164,112,73,21,80,29,-31,1083,1190,1190,1301,1338,1390,1125,1121,1180,1199,1122,1089,1011,744,561,844
Kentucky,McLean County,21149,4.1,-1.5,-5.5,-4.4,-28.2,-22.9,-1.5,-2.5,1.3,-4.1,4,-2.7,1.4,0,0.5,-1.8,22,-10,-37,-28,-190,-156,-8,-16,8,-29,28,-17,8,0,1,-13,545,650,675,647,673,680,535,620,634,701,702,648,605,526,378,703
Kentucky,Madison County,21151,-1.6,4,6,58.8,132.8,-5.9,-41.6,-4.2,7,10.6,11.7,12.8,13.3,12.9,14.2,18.4,-85,195,283,2617,5426,-362,-3931,-241,343,538,548,549,488,352,274,616,5302,4834,4661,4447,4083,6076,9433,5731,4887,5066,4657,4280,3670,2725,1927,3332
Kentucky,Magoffin County,21153,-4.4,0,-4.3,-4.1,-26,-29.3,-1.5,5,1.9,-0.3,3.3,2.5,7.1,21.7,3.6,2,-38,0,-42,-39,-259,-312,-13,43,18,-4,32,23,51,105,16,13,863,931,970,948,993,1064,890,862,960,1054,956,905,712,485,453,630
Kentucky,Marion County,21155,4.3,4.5,9,-1.6,-14.9,9.8,12.2,10.3,2.6,6,4.8,1.1,3.5,8.6,9.1,4.8,57,57,113,-22,-189,121,158,121,36,90,66,13,38,64,47,55,1304,1265,1260,1316,1270,1237,1293,1173,1364,1485,1366,1181,1072,741,520,1129
Kentucky,Marshall County,21157,9.4,21.9,15.3,1.2,-23.1,-14.3,13.2,17.8,13.3,4.4,9.1,11,19.3,20,7.8,-2.5,147,332,242,24,-447,-261,201,292,242,100,202,233,345,316,112,-67,1565,1517,1577,1880,1935,1828,1517,1636,1817,2242,2204,2123,1787,1578,1432,2641
Kentucky,Martin County,21159,-10.1,-9.4,-13.4,-19.8,-17.3,2.6,44.9,30.9,10.5,2.4,-1.1,-7.2,-4.7,-1.2,5.8,-4.2,-84,-78,-122,-197,-164,26,365,248,88,23,-10,-66,-35,-5,20,-27,837,830,913,990,949,1002,813,801,840,953,930,921,743,457,350,641
Kentucky,Mason County,21161,1.2,11,12.2,-0.7,-17.3,-13.2,5.7,13.5,6.9,4.2,0,-3.8,6.4,11.9,16.5,-2,15,112,135,-8,-205,-140,53,135,80,51,0,-49,64,86,86,-25,1216,1025,1101,1098,1181,1062,925,999,1153,1221,1305,1292,995,729,520,1221
Kentucky,Meade County,21163,72.6,50.1,-7.2,-11.8,-7.9,4.8,14.2,-3.7,-6.2,-3.8,-1.4,1.2,6.5,0.8,3.3,-5.1,950,723,-172,-260,-164,89,241,-74,-125,-89,-30,20,87,8,25,-62,1309,1444,2382,2209,2066,1866,1700,2000,2014,2324,2106,1656,1337,994,771,1212
Kentucky,Menifee County,21165,-11.6,2.2,8.1,13.5,-12.3,-48.5,-16.3,-5.9,-3.9,-4.6,-1.7,2.6,7.2,8.3,-0.3,0,-46,8,31,58,-54,-293,-66,-25,-15,-22,-8,10,30,27,0,0,400,392,392,428,442,604,404,434,383,474,473,414,427,330,268,369
Kentucky,Mercer County,21167,-5,-0.2,5.8,-8.8,-24.1,-8.9,9.8,2.6,3.3,0.9,9.1,7.7,11.3,8.9,8.1,-1,-69,-3,81,-136,-326,-112,104,34,46,15,141,108,142,90,62,-15,1382,1351,1380,1553,1349,1254,1064,1314,1379,1641,1542,1398,1255,1013,768,1442
Kentucky,Metcalfe County,21169,6.4,11.8,-1.3,-8.5,-15.2,-17.8,2.4,0.9,0,4.7,-0.8,9.3,11.7,9.4,7.4,0.1,40,74,-8,-62,-105,-113,13,5,0,34,-6,58,60,42,29,1,620,630,656,730,690,635,555,589,697,729,759,632,511,455,392,709
Kentucky,Monroe County,21171,-9.8,-3.6,-0.5,-9.3,-26.7,-28.4,-13.3,-9.2,0.6,-0.7,-5.7,3.6,8.4,11.1,2.8,-10.9,-72,-25,-3,-76,-193,-230,-95,-65,4,-6,-49,26,54,61,13,-94,734,698,761,816,722,809,714,705,727,852,866,737,647,549,476,855
Kentucky,Montgomery County,21173,-2.9,7.4,14.3,6.7,-1.7,19.2,33,15.7,19.3,15.3,13.2,11.2,10.7,11.9,14.4,-1.2,-56,123,234,105,-26,269,462,262,305,259,216,170,153,117,101,-19,1912,1653,1630,1569,1491,1401,1400,1671,1582,1694,1634,1509,1433,980,698,1484
Kentucky,Morgan County,21175,-2.4,3.9,1.3,-4.9,1.7,14.6,1.7,-4.6,-5.4,-13.8,-11.5,-2.5,2.3,0,8.4,-10.2,-18,29,10,-43,14,138,19,-51,-57,-165,-137,-25,17,0,36,-86,765,766,767,872,854,951,1117,1108,1056,1197,1185,1000,748,571,436,836
Kentucky,Muhlenberg County,21177,4.5,3.6,0.4,2.9,-5,-16.3,-0.6,6.7,3.5,0.8,-1,-2.2,4.2,3.4,7.5,-6.4,79,68,9,57,-101,-348,-12,131,71,20,-23,-50,81,55,84,-152,1735,1851,1966,1930,2005,2131,2018,1934,2018,2330,2314,2188,1936,1596,1123,2355
Kentucky,Nelson County,21179,2.7,16.3,13.4,0,-17.4,0.4,30.6,19.8,14.5,8.7,6.7,10.4,12.5,16.4,11.7,4.2,81,442,385,0,-498,12,668,465,395,274,209,271,269,241,131,85,2999,2707,2864,2975,2860,2700,2184,2343,2728,3121,3081,2599,2144,1466,1115,2011
Kentucky,Nicholas County,21181,-5.3,-1.1,15.6,3.2,-22.5,-12.2,12.1,12,14.6,8.9,5.6,3.7,6.7,10.3,7.2,19.7,-26,-5,68,14,-98,-52,49,48,68,44,26,16,27,30,19,79,488,472,437,440,438,427,404,401,469,504,475,446,416,296,271,399
Kentucky,Ohio County,21183,3.2,8.9,8.6,1.7,-19.7,-14.2,9.1,6,1,4.1,5.9,-1.5,10.4,4.7,3.2,0.5,55,134,129,27,-323,-231,122,85,15,66,95,-24,136,54,28,9,1700,1504,1488,1545,1643,1621,1339,1422,1467,1615,1606,1584,1301,1153,867,1536
Kentucky,Oldham County,21185,26.3,81.4,68.9,16.9,-33.4,-11.3,56.2,85.5,60.7,21.2,3.2,-1,-0.8,2.4,5,19.1,734,2209,2193,622,-1268,-359,1219,2073,2042,989,156,-42,-28,54,63,306,2786,2712,3180,3680,3788,3180,2168,2423,3358,4651,4822,4001,3421,2243,1258,1597
Kentucky,Owen County,21187,6,14.2,13.9,-7.9,-30.3,-26.6,13.2,16.6,8,4.9,3.1,6.8,3.3,15.6,-4.5,-18.6,40,94,92,-61,-235,-196,80,102,52,39,26,50,21,75,-17,-144,675,659,661,773,776,738,607,615,651,803,817,736,625,481,387,773
Kentucky,Owsley County,21189,-2.4,-1.6,9,-8.6,-24.9,-17.2,-7.4,-1.5,9.1,6.9,4.8,16.8,10.3,18.6,24.9,13.5,-6,-4,24,-29,-86,-60,-21,-3,28,21,16,55,26,43,36,39,277,297,276,335,346,353,281,258,312,309,347,329,257,232,147,287
Kentucky,Pendleton County,21191,9.5,4.7,4.5,-6.7,-29.9,-18.4,-0.8,3.8,7.6,2.5,5,11.6,11.2,1.4,2.7,1.6,82,44,45,-81,-359,-186,-7,36,77,32,58,98,89,8,12,12,864,938,1003,1215,1197,1012,830,936,1018,1249,1173,846,794,590,440,744
Kentucky,Perry County,21193,-14.1,-16.2,-4.7,-8.4,-13.2,-18,6.7,-3,0,-2.8,0.5,-0.2,-0.2,6.1,8.3,10,-287,-334,-83,-171,-265,-381,120,-59,1,-63,13,-4,-4,73,78,140,2024,2065,1774,2034,1996,2113,1778,1952,2118,2218,2310,2157,1764,1190,938,1388
Kentucky,Pike County,21195,4.2,1.5,-6,-7.8,-17.8,-17.8,-0.2,-1.5,-4,-3.1,-5.2,-3.6,-2.3,-0.2,2.1,-8.7,158,59,-260,-355,-797,-844,-8,-68,-190,-160,-288,-179,-103,-6,46,-350,3755,3800,4313,4534,4482,4717,4293,4471,4757,5047,5444,4987,4339,2976,2185,3987
Kentucky,Powell County,21197,-3.2,-13.3,-4.3,-11.3,-28.9,-23.5,-6.3,-2.3,-6.7,-8.5,-3.8,0.9,4.2,1.4,1.6,-8.6,-29,-126,-40,-107,-282,-241,-53,-21,-62,-87,-37,7,31,8,7,-59,910,950,928,949,974,1025,840,898,920,1021,965,877,731,568,421,681
Kentucky,Pulaski County,21199,-1.3,11.3,16.5,6.9,-12.7,-0.7,25.7,18.2,11.4,10.8,12.3,12.8,21.1,21.6,16.5,2.1,-52,418,568,251,-481,-25,787,621,439,458,505,497,705,577,365,89,4001,3696,3429,3647,3780,3593,3057,3406,3840,4226,4096,3886,3329,2670,2212,4234
Kentucky,Robertson County,21201,3.5,3.3,1.2,1.1,-27.1,-21.2,31.8,-6.8,2,2.6,9.5,9.6,21.7,15.3,-8.2,14.1,4,3,1,1,-43,-28,30,-7,3,4,14,14,27,18,-8,23,138,118,126,168,160,135,94,110,160,179,148,154,125,122,102,162
Kentucky,Rockcastle County,21203,4.8,8.5,9.3,-2.1,-19.7,-16.8,0,-0.5,0,7.1,12.3,4.7,14.3,17.7,10.1,-7,45,90,96,-24,-230,-182,0,-6,0,91,143,50,132,129,60,-74,943,1066,1023,1155,1165,1081,1029,1145,1235,1275,1161,1067,918,730,601,1056
Kentucky,Rowan County,21205,-3.8,-4.2,0.2,81.6,193.5,-33.9,-62.8,-9.6,4.4,2.6,1,4.5,4.2,10.3,3.6,-0.3,-56,-53,3,1088,2241,-803,-2192,-136,61,35,14,54,45,85,26,-4,1445,1266,1245,1332,1158,2365,3486,1408,1367,1360,1383,1208,1083,823,733,1168
Kentucky,Russell County,21207,1.8,10.4,14.2,3.6,-12,-9.2,22.5,16.9,8.9,12.4,11.3,10.4,14.4,13,1.9,-4.7,19,105,131,37,-126,-95,182,164,94,144,132,114,147,106,13,-68,1072,1010,924,1032,1055,1041,807,971,1062,1162,1172,1093,1022,815,733,1419
Kentucky,Scott County,21209,8.7,32.2,32.5,31.3,31.2,24,32.3,44.6,38,27.7,22.7,24.8,26.8,25.6,22.1,33.6,295,900,848,807,698,605,850,1149,996,768,590,573,452,315,188,438,3359,2793,2603,2575,2232,2518,2631,2576,2622,2766,2597,2306,1687,1227,853,1302
Kentucky,Shelby County,21211,-3.6,18.4,21.6,17.6,4,12.8,39.8,34.4,21.6,15.7,13,17.1,19.9,14.1,12.1,11.2,-108,473,513,411,89,304,784,769,546,451,348,409,425,225,129,201,2977,2563,2372,2337,2234,2367,1968,2236,2521,2858,2678,2383,2129,1600,1069,1787
Kentucky,Simpson County,21213,3,9.8,-4.4,-9.9,-14.8,-3.8,10.4,2.3,3.8,5.7,9.1,1.2,10.8,11.8,9.2,3.7,35,107,-56,-118,-175,-40,102,25,44,72,108,14,99,85,51,37,1155,1088,1273,1195,1178,1050,980,1068,1155,1269,1185,1115,917,722,552,999
Kentucky,Spencer County,21215,18.1,37.4,42.8,23.3,-12.4,15,79,76.8,39.7,45.4,36.9,29.4,43.4,44.5,19.7,20.1,174,340,377,222,-105,117,479,577,399,483,374,253,286,210,68,106,961,909,882,951,845,782,606,751,1004,1064,1013,859,658,471,346,526
Kentucky,Taylor County,21217,-0.6,6.6,7.5,21.1,26,-13.1,-15.4,11,7.6,3.6,4.5,3.1,10.2,9.2,8.6,-0.5,-10,92,108,311,397,-228,-235,132,105,62,76,47,139,96,79,-10,1613,1397,1434,1473,1524,1742,1529,1203,1371,1723,1687,1485,1369,1050,920,1750
Kentucky,Todd County,21219,11.6,8.3,0.4,-12.2,-8.3,-11.2,7.1,0.7,0.6,2.9,0.6,-4.1,1.9,2.2,6.9,-4.6,105,75,4,-110,-71,-90,51,5,5,26,5,-30,12,12,27,-37,909,896,921,904,861,807,709,770,802,885,855,741,643,559,399,793
Kentucky,Trigg County,21221,18.8,37.9,21.3,10.3,-24.4,-5.2,10.9,19.6,23.8,15.2,20.2,24.6,40.6,32.8,22.6,-6.1,133,251,162,85,-206,-36,65,141,184,138,172,212,313,233,135,-67,708,663,762,825,844,686,596,716,771,911,849,863,770,710,598,1093
Kentucky,Trimble County,21223,-6.7,11.5,15.5,-5.3,-24.3,-10,26.3,15.1,2.3,9.5,8.1,6.3,8.1,13.8,5.4,4.6,-41,61,88,-33,-152,-53,108,83,14,60,51,34,42,46,15,20,608,534,566,615,626,526,412,547,626,626,631,548,516,339,280,427
Kentucky,Union County,21225,0.6,0.2,-5.5,46.9,35.7,-52.8,-34.5,-6,-4.4,-4.2,-0.9,-2.4,-4.2,3.2,-1.8,7.6,6,2,-56,450,369,-939,-448,-53,-39,-43,-9,-25,-38,19,-8,67,940,924,1006,960,1032,1775,1297,886,869,1023,1086,1061,903,599,480,881
Kentucky,Warren County,21227,5.4,14.7,15.5,60.8,128.6,4.4,-27.3,5.4,11.7,12.4,10.6,6.4,9.6,10.2,11,16.8,384,944,957,3675,7252,362,-2818,373,718,842,700,388,488,375,291,775,7083,6381,6153,6035,5635,8155,10301,6851,6097,6766,6608,6009,5045,3649,2636,4607
Kentucky,Washington County,21229,7.6,7.2,21.8,5.8,-13.6,-30.8,5.8,15.8,12.4,13.9,9.9,4.6,9.8,11.1,7.4,10.2,51,51,143,45,-108,-255,37,97,87,119,78,34,59,56,29,80,667,714,659,778,791,829,641,613,707,854,790,748,603,503,396,781
Kentucky,Wayne County,21231,8.4,2.9,0.9,-1.1,-18.6,-17.2,1.3,0,3.9,6.2,10.8,13.8,24.5,22,16.2,-8.8,101,36,12,-15,-265,-240,16,0,53,86,154,184,275,204,122,-125,1196,1212,1378,1340,1419,1396,1238,1264,1354,1386,1417,1324,1119,927,751,1416
Kentucky,Webster County,21233,2.3,-9,-2.2,-11.4,-13.8,-20.3,-1.4,-2,1.8,-1.5,-4.4,0.1,0.3,-3.1,-1.5,-10.5,21,-86,-19,-112,-127,-202,-12,-18,17,-14,-48,1,2,-20,-8,-107,928,952,878,983,920,996,854,870,910,962,1076,1031,786,631,528,1018
Kentucky,Whitley County,21235,-12.3,-2.5,4.8,5.1,0.5,-30.4,-17,-0.4,2.8,0.6,2.9,2.2,5.1,5.7,8.6,-1.2,-313,-60,114,138,15,-849,-436,-9,66,15,71,49,103,90,103,-27,2536,2390,2346,2711,2598,2792,2557,2164,2328,2503,2405,2203,2015,1586,1195,2086
Kentucky,Wolfe County,21237,-10,-11.1,-0.2,-3.3,-36.9,-21.5,4.6,6.2,9.4,9.3,7.8,8.5,26.1,24.7,40.4,18.8,-55,-63,-1,-16,-194,-109,20,26,40,49,41,40,96,77,86,70,548,566,484,491,525,507,452,419,423,524,535,470,367,312,212,372
Kentucky,Woodford County,21239,9.4,12.4,15.8,1.4,-29.8,-17.2,15.8,16.9,8.3,5.2,1.6,0.5,5.4,3.6,-0.4,16.5,128,190,237,23,-519,-274,191,236,133,105,33,9,84,39,-3,187,1355,1533,1497,1655,1742,1586,1205,1388,1596,2010,2100,1878,1551,1074,783,1129
Louisiana,State Total,22000,2.9,-4.5,-7.1,-5.2,0.1,-5,-7.4,-4.7,-4.2,-2.6,-2.1,-2.5,-0.8,-0.2,-0.8,-8.1,9414,-14670,-23453,-17951,410,-17979,-23942,-13777,-12754,-9034,-7212,-7618,-2029,-397,-1202,-21700,315936,323572,330289,340253,340671,356770,322925,292568,301925,335677,336218,298523,241767,177013,134358,266227
Louisiana,Acadia Parish,22001,3.7,1.8,-0.1,-5.7,-19.2,-15.5,2.2,4.2,4.2,7.2,5.1,4.3,7.7,7.3,10.2,-0.8,173,86,-9,-279,-953,-751,80,140,158,308,218,157,219,166,179,-29,4640,4550,4784,4850,4958,4831,3659,3322,3781,4277,4275,3652,2827,2257,1761,3490
Louisiana,Allen Parish,22003,-0.6,-5.2,-3.3,-13.7,-6.7,21.2,17.4,-8.6,-13.1,-12.6,-11.5,-6.8,5.4,0.3,-4.5,-26.1,-11,-86,-57,-249,-118,353,300,-179,-280,-289,-235,-115,67,3,-39,-500,1732,1659,1689,1811,1757,1660,1723,2075,2139,2294,2044,1690,1235,1073,853,1912
Louisiana,Ascension Parish,22005,4.7,27,32.9,18.9,-1.1,22,57.8,54,31.3,21.9,17.2,20.5,25.1,27.9,22.9,28.9,391,1869,2137,1225,-73,1331,2834,2844,1974,1464,1068,1056,990,784,424,798,8281,6907,6490,6464,6339,6031,4896,5263,6304,6683,6207,5137,3932,2810,1845,2758
Louisiana,Assumption Parish,22007,11,4.2,-4,-5.3,-23.4,-25.5,-5.1,-3.2,0.6,-0.7,5.3,1.3,6.3,6.3,-0.9,-0.6,152,61,-68,-102,-440,-491,-78,-45,10,-12,93,21,80,63,-7,-9,1376,1443,1700,1905,1878,1926,1511,1415,1588,1807,1747,1589,1268,999,734,1343
Louisiana,Avoyelles Parish,22009,-11,-8.7,-2,-8,-16.9,-8.3,4.1,-4.8,-3.6,0.2,0.3,5.3,11.6,14.3,11.1,2.3,-365,-269,-60,-246,-527,-265,106,-130,-108,8,10,137,239,235,150,62,3298,3096,2937,3060,3112,3179,2599,2716,2925,3107,3010,2571,2050,1642,1348,2594
Louisiana,Beauregard Parish,22011,6.9,16.1,11.1,-1.2,-17.1,-3.3,29.8,14.8,7.1,0.2,0.9,0.4,7.5,7.7,-0.2,-4,166,346,268,-33,-433,-80,561,306,158,5,23,9,138,112,-3,-79,2384,2148,2397,2606,2521,2426,1884,2061,2221,2469,2474,2234,1825,1450,1174,1930
Louisiana,Bienville Parish,22013,-7.5,-1.9,-10.3,-15.4,-28.4,-34.8,-13.2,-0.4,-3.5,1.4,1.3,1.6,3.7,4.5,10.5,1.8,-71,-18,-109,-181,-346,-437,-110,-3,-32,15,13,15,31,31,59,23,947,964,1058,1174,1215,1254,832,772,908,1074,1015,941,840,695,562,1266
Louisiana,Bossier Parish,22015,4.9,10.4,5.3,-0.3,9.1,30.3,22.1,17,7.1,0.5,2.7,5.1,11.9,15.7,10.9,13.3,423,808,416,-29,708,2215,1483,1139,490,48,208,330,616,590,352,708,8541,7757,7735,7628,7743,7295,6710,6693,6889,8219,7701,6414,5164,3762,3216,5292
Louisiana,Caddo Parish,22017,-1.8,-3.5,-6.7,-5.4,-3.9,-1.3,-6.3,-7.9,-4.2,0.3,1,0.4,1.3,2.2,-0.5,-6.4,-341,-652,-1230,-1009,-763,-260,-1123,-1334,-667,53,192,75,190,228,-40,-1129,18862,18220,18154,18639,19207,19451,17741,16693,15521,17284,18306,17002,13711,9947,7880,17568
Louisiana,Calcasieu Parish,22019,2.3,0.2,-2.2,-1.1,1.9,-6.6,-2.8,-1.1,0,-0.3,1.2,1.1,2.4,5,5.6,-1.3,333,37,-307,-164,269,-978,-364,-137,-4,-55,171,147,242,360,318,-152,13929,13494,13760,13924,13741,14769,12769,11620,11807,13812,14007,12386,9789,7127,5603,10893
Louisiana,Caldwell Parish,22021,2,6,-3.5,-11.2,-22.2,-15.4,-10.1,-1.6,-9.6,-3,-3.8,0,13.9,9.3,8,-11.5,13,40,-23,-84,-168,-111,-73,-10,-70,-23,-28,0,78,38,31,-81,638,666,665,752,757,720,722,657,725,778,750,716,560,411,388,704
Louisiana,Cameron Parish,22023,-8.3,-7.6,-26.8,-35.3,-55.6,-51.2,-34.6,-34.2,-27,-27.7,-26.4,-28.2,-34.8,-27.8,-38,-50.9,-37,-37,-185,-270,-476,-410,-226,-192,-171,-236,-223,-172,-198,-117,-140,-352,449,494,690,764,855,801,653,560,634,852,844,610,569,423,370,691
Louisiana,Catahoula Parish,22025,-17.4,-2.9,-13.3,-9.7,-16.1,-9.2,-2.6,-6.5,-2.5,2.7,-4.3,1,-1.1,10.8,-2.8,-12.8,-142,-19,-98,-75,-123,-79,-20,-42,-15,20,-36,7,-7,42,-11,-98,815,680,734,770,762,865,744,644,626,764,832,742,608,395,402,761
Louisiana,Claiborne Parish,22027,-0.6,5.2,-5.3,-16.2,-12.3,13.2,35.9,10.4,11.1,8.4,10.1,10.7,15.8,11.5,5.2,-16.4,-6,42,-56,-195,-159,162,315,100,124,101,121,113,139,82,33,-251,948,821,1047,1205,1290,1230,878,968,1112,1201,1190,1053,883,713,638,1524
Louisiana,Concordia Parish,22029,-2,4.5,-5.1,-7.5,-17.2,-9.8,18.7,13.1,13.2,2.3,3.5,-0.2,15.2,7.5,4.9,-11.9,-30,63,-80,-113,-274,-154,224,133,146,34,53,-3,151,63,34,-188,1512,1386,1544,1516,1585,1563,1197,1014,1102,1430,1495,1429,994,839,686,1572
Louisiana,De Soto Parish,22031,1.5,0.2,1.2,-6.3,-28.5,-21.5,10.7,12.8,10.7,13.3,15.9,12,15.3,13.3,16.1,-8.6,28,3,23,-124,-606,-422,152,177,163,235,296,200,224,147,132,-154,1830,1767,1857,1983,2128,1963,1412,1381,1514,1760,1862,1657,1455,1103,820,1778
Louisiana,East Baton Rouge Parish,22033,-1.6,-1.6,-7,11.9,57.2,5,-27.2,-12.4,-7.2,-1.9,0,-1.9,-1.3,-2.7,0.6,5.2,-508,-476,-2153,3623,16754,1856,-11082,-3678,-2004,-563,-6,-544,-300,-440,67,1060,31117,28961,30361,30342,29267,36852,40728,29502,27590,29415,29673,27717,22560,15791,10903,20372
Louisiana,East Carroll Parish,22035,-14.2,-25.1,-29,-34.9,-27.4,-15.5,-28.9,-28.6,-20.9,-17,-10.7,-9.5,-10.8,-7.7,-3.9,-28.2,-98,-189,-217,-298,-218,-123,-220,-186,-125,-117,-63,-48,-44,-24,-9,-174,689,754,747,854,795,793,760,653,598,692,597,503,409,310,246,616
Louisiana,East Feliciana Parish,22037,-7.5,-18.9,-17.2,-10.8,-15.6,-12.5,-11.4,-10.6,-8.3,-5.1,4.5,0.3,11.3,2.1,6.8,-1.6,-92,-258,-250,-160,-240,-201,-161,-154,-122,-89,79,5,134,19,46,-16,1223,1361,1451,1478,1537,1601,1402,1444,1473,1735,1771,1636,1185,908,668,991
Louisiana,Evangeline Parish,22039,1,-3.2,-11.6,-10.9,-21.7,-23.7,-7.4,-5,-6.7,-5.8,-6.1,0,1.6,8.2,4.2,-11.5,28,-83,-338,-319,-629,-677,-168,-101,-160,-154,-153,0,27,110,45,-247,2614,2542,2915,2917,2902,2855,2277,2034,2383,2643,2492,2074,1698,1335,1075,2139
Louisiana,Franklin Parish,22041,4.5,-2.6,-9.2,-14,-28.3,-24,-6.7,-2.2,-6.8,2.6,3.8,3.1,11.6,12.9,7.4,1.3,70,-41,-147,-222,-493,-394,-86,-26,-90,38,55,42,118,112,59,21,1544,1541,1595,1578,1738,1642,1288,1167,1310,1433,1422,1349,1016,866,800,1504
Louisiana,Grant Parish,22043,6.6,9.2,1.6,-9.4,-9.1,29.9,96.5,48.5,36.4,22.3,16,9.2,15.2,6.6,6.2,-4.8,92,115,23,-143,-132,404,945,566,436,306,218,108,156,56,40,-55,1383,1250,1435,1513,1444,1350,978,1166,1198,1370,1361,1175,1025,850,652,1125
Louisiana,Iberia Parish,22045,-0.7,-4.2,-7.5,-10.8,-22.1,-16.3,-4.7,-5,-1.2,-1.2,-0.3,0,-2.6,1.6,0,-6.6,-43,-240,-461,-659,-1376,-955,-226,-222,-62,-69,-20,-1,-98,44,1,-279,5716,5667,6075,6071,6228,5841,4799,4397,4837,5546,5561,4558,3747,2720,2187,4183
Louisiana,Iberville Parish,22047,-7.2,-10.8,-10.4,-6.6,-5.4,-2,-6.5,-6.5,-6.3,-3.1,2.8,0.4,2.5,6.9,1.5,-10.3,-168,-249,-235,-167,-132,-54,-160,-149,-158,-89,74,11,44,83,15,-192,2313,2302,2250,2506,2441,2610,2440,2268,2509,2845,2600,2271,1719,1198,1018,1860
Louisiana,Jackson Parish,22049,19,0,-2.3,-0.9,-9.8,-6.6,12,13.4,8.3,11.3,0.4,13.4,16.7,19.3,17.3,3,180,0,-24,-9,-111,-78,114,114,78,119,4,128,146,139,99,35,949,1017,1036,1005,1134,1174,954,846,932,1045,1038,954,876,722,570,1133
Louisiana,Jefferson Parish,22051,2.2,-14.1,-17.3,-16.8,-7.1,4.8,-1.3,-13.9,-14.1,-9.5,-7,-7.9,-10,-11.1,-9.7,-6.2,636,-4390,-5462,-5431,-2282,1545,-391,-4376,-4589,-3390,-2507,-2580,-2787,-2283,-1414,-1801,28843,31056,31457,32151,31993,31591,29499,31450,32391,35596,35695,32506,27699,20553,14546,28990
Louisiana,Jefferson Davis Parish,22053,3.6,-0.7,-7,-10.4,-29.9,-21.7,-0.7,2.8,-2.5,5.3,0.9,6,9.3,6.8,1.6,5,83,-17,-175,-270,-762,-546,-13,50,-50,117,22,111,142,85,18,101,2296,2350,2484,2598,2546,2517,1882,1797,1970,2212,2326,1850,1521,1236,1090,2018
Louisiana,Lafayette Parish,22055,4.6,3,3,13,39.2,19.7,3,0.3,2.6,2.5,1.5,1.4,2.8,7.3,7.5,11.4,715,441,445,1883,5724,3053,463,41,357,392,242,193,281,474,381,1050,15482,14408,14384,14392,14574,15492,15413,13854,13615,15192,15590,13016,9915,6484,5044,9186
Louisiana,Lafourche Parish,22057,10.8,7.8,-0.3,3.1,0.7,-8.2,-0.8,4.7,1.9,3.8,3.5,-1.4,2.7,3.3,2.2,-1.5,687,466,-21,213,52,-608,-53,264,131,274,236,-86,129,121,63,-86,6346,5962,6426,6880,6949,7423,6155,5556,6588,7209,6729,5824,4720,3620,2831,5383
Louisiana,LaSalle Parish,22059,5.1,12.4,7,-2,-4.9,-14.3,12.2,18.2,0.9,-1.6,3.9,4.6,6.5,15.9,4.1,-2.5,48,111,63,-20,-49,-180,109,144,9,-17,40,41,51,95,21,-25,936,901,904,992,997,1256,898,792,966,1014,1027,885,788,599,504,987
Louisiana,Lincoln Parish,22061,6.4,-1.7,-4.9,98.7,216,-30.8,-63.6,-18.1,3.4,4.5,5.5,11.5,6.3,8.1,11.1,-1.7,177,-47,-131,2492,5542,-1691,-4550,-493,74,109,134,252,124,116,123,-45,2756,2686,2648,2523,2565,5483,7148,2717,2147,2431,2432,2186,1958,1418,1104,2538
Louisiana,Livingston Parish,22063,11.3,31.6,38.6,21.1,3.1,27.3,66.2,48.7,30.3,23.1,21.8,23.6,25.2,27.9,27.1,25.5,1012,2391,2767,1605,234,1996,3672,3068,2111,1742,1561,1408,1257,1013,672,967,8943,7568,7154,7586,7529,7290,5543,6296,6955,7534,7146,5946,4982,3631,2482,3786
Louisiana,Madison Parish,22065,-10.9,-25.3,-29.9,-25.4,-24.1,-32.2,-8.1,-13.7,-13.2,2.2,-0.2,-5.9,-7.2,0.7,3.8,2.1,-103,-286,-350,-290,-274,-501,-82,-120,-111,19,-2,-48,-45,3,11,14,942,1131,1170,1142,1138,1556,1008,874,837,873,850,822,633,450,295,651
Louisiana,Morehouse Parish,22067,0.3,-11.2,-16.2,-21.9,-28.8,-27.9,-15.1,-15.5,-10.1,-7.2,-1.2,-0.8,2.9,4.4,0.8,-2.8,6,-246,-367,-524,-690,-691,-299,-285,-189,-152,-28,-16,48,52,8,-62,1999,2185,2263,2387,2395,2477,1973,1833,1874,2087,2160,2009,1624,1159,979,2146
Louisiana,Natchitoches Parish,22069,-7.7,-5.1,-8.7,29.9,47.5,-41.6,-46.4,-10.3,1.2,-0.6,1.6,7.8,15,15,12.5,-0.3,-230,-151,-252,805,1330,-1867,-1992,-237,26,-16,38,178,283,220,137,-9,2988,2926,2889,2686,2799,4488,4294,2299,2185,2418,2390,2268,1886,1465,1092,2389
Louisiana,Orleans Parish,22071,19.3,-43.7,-46.2,-36.5,-8.5,-12.2,-36,-40.5,-36.6,-30.8,-28.2,-30.2,-30.5,-33,-35.7,-50.6,3719,-15280,-16242,-13743,-3063,-4549,-13995,-14682,-12459,-10702,-10032,-9967,-8046,-6002,-4860,-17121,19209,34962,35126,37551,36018,37244,38845,36216,33968,34654,35478,32935,26311,18139,13586,33791
Louisiana,Ouachita Parish,22073,-1.5,0.1,-0.2,4.9,3.5,-12,-16.1,-6.9,-0.7,0.7,-1,0.9,3,2.4,3.6,3.5,-180,22,-27,564,420,-1481,-1978,-701,-67,75,-109,85,220,134,157,301,11781,11277,11059,11480,11771,12298,12217,10086,9590,10229,10359,9170,7320,5470,4282,8438
Louisiana,Plaquemines Parish,22075,4.1,-11,-10.7,-24.9,-36.9,-28.4,-15.6,-5.5,-13.1,-16.6,-23.9,-16.8,-25.2,-22.7,-24.1,-25.4,65,-225,-219,-549,-811,-609,-259,-88,-263,-371,-519,-300,-357,-247,-200,-372,1579,2036,2047,2201,2192,2142,1653,1594,1995,2233,2169,1782,1416,1087,830,1464
Louisiana,Pointe Coupee Parish,22077,2.8,-1.4,-2.8,-12.3,-24.9,-27.4,-5.1,0.6,-0.5,5.4,4.3,8,19.2,16.2,7.2,-3.6,40,-21,-46,-214,-419,-517,-64,7,-7,91,75,128,248,152,55,-61,1418,1537,1628,1728,1684,1882,1267,1182,1402,1699,1733,1589,1288,936,765,1663
Louisiana,Rapides Parish,22079,-1.5,2.4,3,-2,-13.1,-10.6,4.2,4.6,0.5,0.8,1.6,2.7,2.7,5.5,5.5,-3.7,-150,232,286,-198,-1246,-1075,341,350,47,82,152,225,190,292,234,-309,9633,9337,9258,9532,9439,10066,7987,7560,8153,9536,9189,8324,6873,5268,4185,8220
Louisiana,Red River Parish,22081,-3.5,-9.6,-15.1,-18.2,-33.8,-30.1,-9.5,-9,3.7,-0.3,11.7,2.8,8.3,10.8,16.3,-12.7,-24,-67,-114,-141,-276,-259,-55,-47,20,-2,71,16,41,44,49,-84,711,700,755,772,814,861,578,517,539,656,607,568,498,407,301,659
Louisiana,Richland Parish,22083,7.6,-2,-7.2,-11.4,-17,-19.3,-2.7,0.8,-0.5,0.2,-0.7,4,17.1,7.5,11.7,-14.9,107,-29,-117,-183,-261,-311,-39,9,-7,4,-11,53,163,63,77,-233,1406,1474,1617,1601,1539,1611,1424,1166,1284,1444,1603,1323,955,837,662,1556
Louisiana,Sabine Parish,22085,1.5,1.3,3.5,-1.9,-25.7,-13.7,-1.2,7.9,10.4,10.1,11.7,17.5,19.1,16.5,1.8,-20.5,26,22,56,-32,-460,-234,-16,96,140,159,172,245,260,205,18,-439,1679,1620,1591,1669,1788,1711,1304,1207,1340,1570,1462,1398,1361,1243,984,2137
Louisiana,St. Bernard Parish,22087,39.7,-41.2,-46.3,-46.2,-38.3,-33.3,-40.6,-44.9,-49.3,-47.9,-49.7,-53.3,-60.3,-62.6,-62.8,-75.3,838,-1747,-2038,-2167,-1881,-1634,-1694,-1843,-2217,-2485,-2647,-2491,-2433,-1791,-1361,-4272,2109,4231,4400,4687,4900,4894,4166,4105,4497,5182,5319,4667,4033,2857,2165,5667
Louisiana,St. Charles Parish,22089,11.2,12.8,13.3,-1.8,-29.7,-12.1,31.8,28,15.3,4.1,-2,-4.7,-3.5,-3.6,5.1,-2.7,385,435,485,-75,-1271,-483,828,738,522,177,-89,-170,-92,-63,61,-65,3438,3395,3645,4030,4277,3965,2601,2632,3394,4316,4437,3589,2612,1753,1179,2334
Louisiana,St. Helena Parish,22091,46.6,35.8,-15,-3.8,-15,-15.6,-6.4,1.2,2,19.5,17.6,13.4,20.3,29.6,4.7,-7.3,275,200,-123,-32,-130,-132,-40,7,13,134,134,99,121,110,19,-52,589,558,821,834,871,845,634,557,673,689,762,739,596,373,412,708
Louisiana,St. James Parish,22093,1.3,0,0.6,-2.8,-19.1,-21.9,-6.4,1.6,6.6,2.1,4.6,6.5,11.5,11,6.4,-1.2,21,0,10,-48,-350,-413,-85,18,95,36,77,93,125,85,46,-15,1558,1545,1546,1730,1827,1879,1334,1118,1431,1648,1685,1430,1082,771,723,1215
Louisiana,St. John the Baptist Parish,22095,-3.1,-2.4,-4.5,-6.3,-18.8,-16.1,10.4,8,3,2,1.3,-1.2,4.4,2.5,7.9,18.5,-115,-83,-165,-238,-712,-601,281,214,92,72,48,-38,98,41,90,289,3615,3416,3614,3729,3781,3732,2698,2672,3088,3566,3484,3073,2233,1600,1136,1556
Louisiana,St. Landry Parish,22097,-9.7,-5.8,-11.5,-13.6,-28.1,-28.1,-8.1,-5.8,-4,-1.5,-1.1,0.1,1.8,-0.9,-1.1,-19,-711,-393,-818,-951,-2026,-2089,-427,-282,-218,-97,-73,10,82,-33,-32,-1189,7289,6709,7106,6954,7191,7411,5275,4844,5385,6205,6169,5366,4440,3514,2893,6231
Louisiana,St. Martin Parish,22099,0.3,3.4,-1.9,-4.2,-17,-11.4,5.1,6.8,6,5.4,3.2,4.7,7.3,8.6,4.4,-4,14,126,-75,-170,-684,-448,161,206,203,204,128,151,182,168,66,-101,3936,3619,3885,3976,4022,3931,3145,3026,3368,3738,3919,3214,2470,1948,1468,2496
Louisiana,St. Mary Parish,22101,-1.9,-4.2,-5.1,-11.8,-18.5,-16.5,6.4,4.6,0.7,3.6,4.6,1.3,4,2.5,5.3,-1.6,-77,-162,-211,-535,-828,-711,202,145,26,156,189,43,114,54,93,-49,4012,3853,4123,4534,4472,4304,3114,3127,3513,4251,4059,3341,2825,2169,1756,2984
Louisiana,St. Tammany Parish,22103,7.7,21.8,25,2.9,-26.5,-7.3,58.9,51.1,30.9,14.6,9.5,8.2,13.1,19,22.9,46.3,1125,3047,3514,440,-4188,-1055,5212,5128,3880,2364,1628,1269,1631,1592,1285,3977,14598,13940,14047,15160,15798,14298,8836,10033,12525,16133,17089,15354,12382,8352,5602,8580
Louisiana,Tangipahoa Parish,22105,-3.6,4.8,10.1,29,37.8,1.2,-8.3,8.5,11.9,18,16.3,17.3,20.9,23.7,22.3,19.1,-337,379,766,2267,2905,108,-718,550,774,1225,1182,1122,1108,897,615,910,9358,7880,7539,7806,7677,8845,8603,6420,6499,6790,7238,6457,5287,3776,2754,4747
Louisiana,Tensas Parish,22107,5.2,-12.2,-22.9,-24.7,-47.9,-54.2,-38,-21.6,-22.2,-22.6,-14.8,-9.4,1.9,6.2,7.8,-30.2,18,-56,-103,-106,-254,-311,-161,-74,-73,-108,-72,-46,6,16,15,-176,360,463,451,427,530,574,425,342,329,480,490,489,353,264,202,581
Louisiana,Terrebonne Parish,22109,-0.1,-2.4,-2,-4.5,-5.3,-3.9,2.8,3.3,2.4,0.9,2.4,0.4,0.7,1.1,3.4,0.7,-11,-208,-161,-383,-457,-351,203,221,179,80,190,32,43,46,104,38,8447,8420,8041,8458,8545,8859,7035,6634,7404,8440,7878,6686,5512,4093,3038,5156
Louisiana,Union Parish,22111,-4.2,-6.9,-13.5,-8.8,-15.2,-12.9,-10.3,-7,-3.8,5.5,9.5,8,14.8,20.8,4.2,-10.9,-68,-110,-224,-138,-245,-212,-147,-94,-54,85,154,122,188,215,37,-193,1596,1593,1655,1569,1613,1641,1419,1341,1432,1534,1605,1513,1272,1032,874,1758
Louisiana,Vermilion Parish,22113,10.3,12.2,7.1,-3.5,-18.7,-11.7,10.8,10.8,9.7,4.7,5.3,4,9,10.1,-0.5,-6.6,415,487,283,-147,-812,-514,361,339,338,196,219,136,241,203,-9,-246,4010,3969,3981,4126,4321,4392,3328,3116,3461,4145,4095,3369,2671,2011,1797,3695
Louisiana,Vernon Parish,22115,11.4,-16.7,-29.4,-20.7,47.2,30.7,-33.4,-26.6,-31.6,-24.1,-10.1,-4.8,0.8,-0.7,-1.5,-11.9,514,-810,-1520,-927,1762,1182,-1972,-1292,-1435,-924,-318,-124,17,-12,-19,-262,4488,4842,5168,4471,3726,3840,5893,4843,4536,3829,3143,2585,2126,1707,1284,2193
Louisiana,Washington Parish,22117,1.9,5.7,1.4,-2.9,-14.4,-7,-1.2,3.8,8.8,15.1,15,19.2,27.1,20.7,16.4,-4.4,63,179,48,-96,-456,-230,-35,102,232,449,468,526,618,382,234,-135,3240,3146,3284,3264,3152,3285,2903,2628,2634,2962,3110,2738,2281,1840,1430,3035
Louisiana,Webster Parish,22119,-0.4,-0.4,-0.5,-3.7,-21.1,-19.2,0.5,3.2,4.3,3.7,4.9,4.6,10.1,5.5,7.7,-7.5,-12,-11,-14,-105,-668,-598,13,76,104,109,144,124,227,106,123,-253,2734,2610,2818,2779,3166,3114,2371,2360,2385,2919,2909,2661,2241,1910,1596,3368
Louisiana,West Baton Rouge Parish,22121,7.2,8.4,2.5,4,-3.7,2.8,8.5,6,5.8,4.8,4,3.5,5.7,0,9,-12,116,126,40,67,-64,51,124,79,91,87,71,53,63,0,58,-144,1600,1506,1579,1656,1736,1773,1458,1329,1555,1789,1775,1511,1107,849,641,1197
Louisiana,West Carroll Parish,22123,10.4,10,5.2,-8.1,-31.9,-32.6,-8.3,1.9,-7.2,-5.7,-9.8,-0.3,3.2,4.7,2.4,-5.8,75,72,40,-71,-280,-320,-68,14,-52,-50,-88,-2,21,26,12,-53,715,720,768,877,879,982,818,704,721,885,898,741,664,553,499,901
Louisiana,West Feliciana Parish,22125,6.8,18.3,17.4,-4,-30.7,8.3,30.2,13.5,3.8,-3.4,-10.9,-7.9,1.6,9.2,1.2,-0.4,41,107,125,-34,-276,73,312,174,54,-59,-187,-110,15,51,4,-3,605,589,717,846,901,889,1033,1288,1427,1699,1711,1400,934,558,355,615
Louisiana,Winn Parish,22127,7.3,-2.2,-13.9,-15.4,-25.4,-11.9,-8.9,-12.6,-12.3,-12.2,-4.2,-3.8,-0.4,3.9,-7.4,-16.3,68,-22,-153,-173,-302,-145,-104,-138,-150,-161,-50,-43,-4,27,-42,-183,933,992,1103,1121,1190,1217,1161,1094,1213,1322,1196,1113,924,705,562,1116
Maine,State Total,23000,4.2,9.4,8,3.5,-11.7,-16.7,5.2,12.8,7.4,4.6,3.8,3.7,6.3,7.1,5.9,5.3,2938,6429,5855,2952,-10666,-14627,3603,9106,6318,4751,4028,3623,5251,4260,2638,4935,68532,68254,73157,83888,90402,87485,68539,70693,84584,102187,105790,97568,82946,59887,44682,92880
Maine,Androscoggin County,23001,3.1,5.9,4.3,2.5,-4,-11.3,3.3,10.1,3.9,0.9,1.7,1,2.1,-1.4,-1,-3.6,218,372,277,176,-294,-826,210,626,291,81,140,73,135,-64,-35,-274,6871,6265,6338,6979,7270,7302,6312,6164,7311,8571,8100,7161,6195,4466,3406,7554
Maine,Aroostook County,23003,-0.4,10.2,9,4.6,-23.4,-36.1,-5.9,8,7.2,3.1,3.4,1.3,4.6,8.2,5.6,-1,-15,352,349,211,-1173,-1925,-221,293,313,169,197,78,228,302,168,-71,3612,3455,3853,4508,5007,5326,3750,3620,4357,5437,5661,5678,4888,3671,3000,6463
Maine,Cumberland County,23005,3.2,9.4,7.4,3.3,-2.9,2.1,11.1,9.3,3.7,1.4,0.1,-0.5,0.1,1.5,3.3,10.4,478,1414,1186,601,-531,364,1669,1556,749,327,36,-114,22,179,278,1842,14692,14925,15985,17696,18164,17199,15029,16681,19780,22768,22593,20540,17021,11685,8221,17607
Maine,Franklin County,23007,8.7,19.8,14.1,24.1,10.9,-39.4,-30.7,11.2,11.3,11.5,11,10.3,12.1,11.2,14.4,5.3,124,262,221,452,235,-987,-636,161,189,248,260,224,222,167,155,112,1426,1324,1565,1876,2144,2499,2073,1428,1673,2159,2358,2165,1829,1497,1071,2111
Maine,Hancock County,23009,0.5,7.2,7.4,4.1,-17.6,-22.7,5.4,15.1,9.3,8.8,11.5,15.1,15.9,18.3,14.8,7,14,180,192,130,-639,-783,137,399,295,351,486,622,601,496,285,294,2659,2499,2599,3103,3633,3441,2510,2628,3147,3975,4218,4109,3772,2705,1918,4150
Maine,Kennebec County,23011,6.6,12.5,10.4,3.7,-15.6,-21.5,4.5,20,10.5,7.8,5.9,4.9,5.5,2.1,3.8,6.5,406,770,692,289,-1339,-1828,291,1224,805,723,585,444,425,119,156,543,6103,6129,6610,7672,8556,8500,6360,6093,7666,9208,9821,8946,7668,5604,4032,8339
Maine,Knox County,23013,-0.5,5.2,6.8,-12.6,-34.5,-17.2,25.3,10.5,4.5,6.3,3.6,4.7,9.7,16,3.6,2.5,-9,105,146,-302,-930,-410,420,227,110,179,116,152,272,312,59,88,1982,2007,2150,2401,2695,2374,1654,2145,2447,2834,3235,3213,2800,1950,1618,3499
Maine,Lincoln County,23015,8,14.7,14.3,-11.4,-39.8,-27.8,34.8,27.6,12.8,8,6.3,9.1,22.1,17.5,9.2,3.9,123,218,240,-239,-949,-576,405,414,238,194,171,244,526,358,133,126,1525,1484,1675,2103,2380,2071,1162,1498,1856,2401,2708,2676,2383,2040,1445,3222
Maine,Oxford County,23017,8.6,19.3,20.5,9.9,-34.8,-24.1,29.3,24.3,18.3,12,9.1,8.8,12.7,12.8,8,2.4,242,517,614,353,-1438,-891,681,624,595,528,425,374,443,341,168,108,2805,2674,2985,3569,4131,3688,2319,2570,3250,4372,4651,4229,3484,2656,2084,4399
Maine,Penobscot County,23019,5.7,9,4.9,28.6,42,-16.7,-23.7,5.4,5,4.2,2.5,0.9,1.1,2.8,4.4,12.8,443,691,399,2616,4155,-1896,-2563,463,476,478,298,98,102,181,217,1197,7761,7676,8034,9124,9874,11327,10810,8445,9447,11265,11917,10780,9032,6306,4870,9288
Maine,Piscataquis County,23021,3.8,13.3,17.7,1.1,-49.5,-40.4,26.2,27.1,21,10.3,9.7,14.2,19,24.6,16.3,8.5,29,106,150,11,-639,-482,157,209,199,128,139,190,234,229,117,121,759,802,851,1037,1289,1192,599,770,945,1232,1425,1334,1234,932,721,1410
Maine,Sagadahoc County,23023,3.6,0.6,-5.2,-21,-41.8,-20.7,19.4,11,2.4,-0.2,-1.8,0.1,4.8,14.7,15.7,16.8,69,12,-117,-538,-1156,-477,294,220,59,-6,-57,3,111,250,184,350,1894,2036,2231,2552,2763,2302,1513,1990,2426,3027,3132,2813,2296,1696,1174,2081
Maine,Somerset County,23025,6.5,10.1,11.7,-2.8,-35.4,-27.5,21.8,18.2,10.5,7,4.7,4.9,11.6,9.1,8.6,-1.7,171,277,348,-95,-1339,-990,497,500,359,277,198,190,378,230,159,-67,2626,2725,2981,3371,3782,3603,2279,2744,3407,3916,4211,3846,3258,2517,1842,3779
Maine,Waldo County,23027,2.7,11.9,11.3,0,-25.9,-20.8,18,14.4,9.7,8.5,11,10.6,13.3,17.4,6,5.3,57,235,238,0,-690,-500,327,286,219,230,323,312,359,312,83,135,2071,1966,2105,2452,2664,2401,1814,1987,2253,2698,2919,2946,2694,1790,1368,2535
Maine,Washington County,23029,3.1,2.6,1.3,-6.2,-31.1,-32.3,-7.2,1.3,2.4,2,4.8,5.1,20.7,17.5,14.3,4.6,52,45,23,-136,-716,-757,-129,22,49,48,127,129,446,293,192,128,1676,1731,1786,2192,2303,2339,1781,1709,2022,2364,2605,2504,2153,1668,1336,2754
Maine,York County,23031,5.2,8.2,7.7,-4.3,-23.4,-13.9,24,18.3,10.8,4.9,3.5,4.1,6,6.3,4.7,2.1,532,865,889,-576,-3217,-1656,2062,1875,1367,790,577,599,737,548,315,290,10062,10553,11403,13246,13737,11914,8569,10212,12590,15953,16227,14624,12231,8699,6569,13667
Maryland,State Total,24000,-0.3,0.9,3,1.3,3.1,15.1,19.3,11.9,3.9,1.1,0,-1.9,-3.8,-5.3,-4.5,0.8,-1148,3368,11217,5331,12017,52773,60361,40683,15952,5367,52,-7474,-12694,-12732,-7576,2542,379004,366734,367811,395803,384894,347998,312674,340358,404276,458740,440149,383280,326381,237203,166823,317131
Maryland,Allegany County,24001,0.7,2.6,-1.4,33.7,43,-12.4,-21.9,4.6,-1.7,0,2.7,0,4.2,4.3,2.9,-1.3,25,96,-57,1426,1930,-677,-1250,202,-83,1,142,1,187,152,89,-90,3567,3592,3885,4223,4485,5438,5691,4324,4892,5289,5193,4814,4391,3503,2989,6641
Maryland,Anne Arundel County,24003,5,6.1,1.6,-3.9,1.8,20.7,27.2,12.7,0.5,-0.7,-0.5,-0.5,-5.2,-7.4,-5.2,5.2,1723,1990,551,-1416,646,6438,7515,4093,224,-354,-215,-182,-1663,-1774,-806,1325,34022,32617,34319,35419,35006,31043,27576,31984,39701,44979,41571,35515,31981,23709,15397,25328
Maryland,Baltimore County,24005,-0.3,7.8,4.6,8.9,12.6,12.9,12.2,7.1,-0.6,0,0.8,-1.1,-2.3,-3.8,-2.2,9.5,-161,3462,2182,4543,6534,6279,5459,3325,-372,41,527,-609,-1094,-1281,-563,5278,49852,44376,47048,50991,51611,48371,44716,46478,53909,59695,60853,54599,47133,33257,24592,55398
Maryland,Calvert County,24009,6.4,26.7,37.6,6.1,-27.2,-18,47,47.3,36.3,19.8,10.2,3.9,0.5,-0.5,5.6,36.3,313,1343,1983,397,-1814,-971,1397,1656,1987,1462,705,229,24,-19,117,1081,4826,5026,5263,6465,6665,5392,2972,3498,5459,7371,6874,5811,4690,3372,2086,2973
Maryland,Caroline County,24011,-1.9,13.8,17.4,-0.3,-16.7,-3.1,27.8,24.5,13.9,7.3,7.6,7.4,6.8,4.3,2.8,-0.5,-48,285,333,-8,-399,-65,428,396,281,175,180,149,120,58,27,-11,2440,2059,1914,2301,2387,2065,1536,1615,2015,2403,2371,2010,1744,1363,975,1965
Maryland,Carroll County,24013,-0.9,13.1,20.4,1.2,-23.5,-25,15.5,43.9,26.7,11.5,1.8,-1.5,-3.2,-0.5,3.8,38,-86,1341,2141,148,-2892,-2631,1025,3084,2845,1622,255,-174,-318,-37,176,2715,9375,10180,10458,12334,12306,10503,6586,7020,10634,14016,13697,11586,9914,7051,4581,7135
Maryland,Cecil County,24015,3.2,18,19.7,3.7,-13.7,2.6,34.5,26.6,17.6,16.5,12.6,12.1,10.2,6.6,6.8,11.6,207,1065,1216,261,-955,151,1512,1376,1161,1198,900,733,543,252,175,517,6412,5918,6163,6941,6942,5629,4371,5158,6585,7218,7115,6038,5279,3809,2584,4435
Maryland,Charles County,24017,7.5,19.5,30.3,14.2,-13.2,0.5,45.4,46.2,28.6,16.3,6.4,0.9,-2.9,-7.2,-0.2,11.6,686,1684,2716,1422,-1334,49,2716,3357,2852,1920,681,85,-217,-401,-8,549,9098,8635,8951,10012,10100,8704,5978,7256,9970,11732,10592,8644,7256,5542,3370,4715
Maryland,Dorchester County,24019,2.9,17.3,8.1,-1.6,-14.8,-1.5,19.6,16.5,11.7,11.1,12.8,10.8,18.3,9.2,10.6,-8.1,60,284,140,-33,-315,-29,278,256,219,254,302,234,340,150,134,-227,2050,1634,1714,2040,2131,1909,1417,1550,1862,2274,2349,2150,1851,1615,1260,2798
Maryland,Frederick County,24021,6.1,14.8,18.3,4.7,-12.9,4.2,44.5,41.6,22.1,11,5.1,1.3,-0.4,0.1,3.6,27.7,883,2131,2671,745,-1982,566,4292,4738,3401,2070,897,201,-52,10,201,2562,14466,14311,14562,15767,15268,13180,9624,11384,15361,18728,17468,14731,12231,8260,5452,9220
Maryland,Garrett County,24023,15.6,14.3,4.7,3.2,-23.3,-31,3.4,7.9,6,2.6,4.1,8.4,12.1,10.8,6.3,-5.1,215,217,89,70,-488,-672,51,132,113,58,94,168,218,165,75,-122,1379,1513,1867,2172,2087,2162,1489,1659,1884,2232,2256,1992,1800,1526,1189,2349
Maryland,Harford County,24025,5.6,15.7,10,-3.3,-20.2,0.4,43.2,30.1,12.5,4.5,1.1,0.2,0.5,-0.1,3.4,16.6,831,2242,1646,-587,-3551,71,4220,3649,2032,918,218,40,80,-13,233,1872,14618,14234,16359,17667,17511,14351,9764,12112,16262,20051,19469,16210,13874,10183,6824,11213
Maryland,Howard County,24027,7.3,18.1,18.5,-4.1,-24,19.8,61.9,24.6,13,4.6,0.1,-4.8,-9.4,-8.3,-4.6,14.2,1228,3181,3517,-866,-4681,2966,6801,3919,2677,1155,28,-979,-1599,-972,-330,1414,16643,17526,18933,20963,19487,14966,10977,15900,20512,25033,23290,20001,16987,11634,7150,9954
Maryland,Kent County,24029,-12.6,-0.3,3.6,29,35.1,-28.8,-37.4,11,13,5.6,14.6,17.5,21,24.5,14.5,18.2,-148,-3,33,333,431,-399,-517,91,127,75,195,211,254,275,112,321,1178,989,919,1148,1228,1385,1380,824,979,1328,1337,1206,1210,1123,769,1762
Maryland,Montgomery County,24031,-2.9,-2.8,3.2,-7.5,-12.4,33.2,53.1,19.6,4.8,-0.2,-1.6,-6.3,-10.3,-14.2,-11.3,-2.5,-2017,-1878,2049,-4822,-7729,16829,23225,11310,3332,-190,-1277,-4423,-6068,-6053,-3297,-1472,68134,66787,62613,64080,62176,50609,43732,57553,69408,78373,76831,69856,58594,42443,29020,58450
Maryland,Prince George's County,24033,-0.6,-9.4,-7.8,2.8,21.8,18.9,5.9,2.9,-3.6,-5.9,-4.9,-5.1,-8.4,-12,-13.3,-8.8,-421,-5747,-4787,1849,12835,10650,3514,1764,-2407,-4298,-3234,-2875,-4026,-4074,-3147,-3034,61766,60813,60710,64938,58785,56240,58872,60223,66755,71845,65761,56273,47532,33732,23535,34319
Maryland,Queen Anne's County,24035,15.2,39.1,24.1,6.5,-25.9,-10.5,47.2,50.2,38.4,19,10.2,12.5,10.1,12.4,6.4,0.4,370,915,647,194,-791,-258,703,961,1060,701,373,371,277,281,102,13,2422,2336,2686,2964,3054,2437,1488,1913,2754,3679,3637,2961,2730,2258,1582,2846
Maryland,St. Mary's County,24037,4.5,12.8,18.2,10.9,5.8,11.9,25.9,24.1,16.2,11.7,9.2,4.7,3.1,1.1,5.2,14.1,341,875,1182,771,400,748,1321,1306,1124,952,669,280,151,39,130,552,7476,6814,6472,7041,6856,6289,5101,5409,6920,8081,7229,5856,4841,3584,2496,3900
Maryland,Somerset County,24039,1.3,-3,-3.7,94.5,165.3,-9.7,-41.8,-11.2,-3.2,-7.2,-0.1,4.1,8.1,9.4,1,-11.5,17,-37,-47,1235,2089,-194,-1131,-190,-53,-149,-2,66,110,101,9,-211,1307,1254,1247,1306,1263,1995,2704,1684,1664,2059,1885,1585,1359,1078,826,1834
Maryland,Talbot County,24041,2.3,16.2,13.3,-0.6,-19,0.9,30.3,28.7,17.6,12.7,12.9,14.5,26.5,40.3,31.6,10.4,43,295,242,-14,-411,16,383,429,342,313,315,353,598,785,508,381,1882,1814,1818,2106,2167,1834,1263,1497,1942,2463,2438,2433,2255,1946,1607,3658
Maryland,Washington County,24043,1,14.9,14.2,5.1,0.8,19.5,20.9,12.8,9,6.5,3.3,2.8,4.8,7.3,6.1,7.3,96,1227,1195,447,74,1566,1590,1115,921,741,354,266,373,416,275,688,9186,8215,8396,8759,8765,7994,7572,8702,10192,11262,10578,9187,7742,5683,4482,9382
Maryland,Wicomico County,24045,-3.1,7.3,8.6,47.3,57.5,-3.7,-14.7,16.8,11.1,9.8,6,6.8,8,9.2,12.8,13.9,-205,423,478,2839,3428,-250,-994,808,603,628,402,397,393,342,316,726,6565,5768,5530,6001,5960,6672,6757,4807,5431,6364,6613,5812,4891,3692,2459,5219
Maryland,Worcester County,24047,1.7,5.6,15.5,1.6,-11.1,-2.2,14.6,12.1,13.8,13.9,17.6,26.8,43.1,40.7,20.8,-3.2,40,136,365,45,-316,-54,294,275,389,486,599,838,1245,1072,519,-172,2360,2401,2358,2719,2828,2468,2012,2262,2819,3483,3397,3122,2886,2629,2489,5329
Maryland,Baltimore city,24510,-10.7,-25.3,-21.2,-7.6,24.6,27.2,-5,-16.2,-14.7,-9,-6.4,-6.9,-7.7,-9.1,-13.7,-26.2,-5142,-12165,-9276,-3651,11312,12643,-2475,-7381,-6828,-4419,-3064,-2858,-2574,-2208,-2626,-12125,47968,47913,43615,47434,45815,46350,49083,45534,46355,48770,47331,40875,33197,24198,19098,46269
Massachusetts,State Total,25000,-0.6,-2.2,-1.6,4.7,12.6,9.3,1.2,-2.3,-4.5,-3.5,-3.2,-3.7,-4.1,-5.5,-3.7,-1.9,-2480,-9035,-6610,20552,53576,37990,5148,-10131,-22078,-19147,-16653,-16660,-15665,-15473,-7447,-8730,382071,398237,412223,435980,423766,407365,401293,429688,490171,533455,510176,445174,380533,276664,198300,452446
Massachusetts,Barnstable County,25001,-1.9,0.4,0.5,-8.8,-31.1,-19.7,13.6,13.1,3.1,2.2,3.3,8.6,18.9,23,14.4,-8.2,-178,48,61,-1142,-4344,-2255,1037,1160,399,351,572,1382,2822,2777,1471,-2428,9293,9904,10969,12953,13940,11423,7628,8800,12470,15958,17210,16007,14899,12045,10193,29365
Massachusetts,Berkshire County,25003,2,7.9,4.2,9.4,-7,-28.9,-15.4,6.2,4.2,3.6,2.6,1.8,2.7,0.7,0.9,1.6,125,491,307,803,-628,-2757,-1135,407,338,366,280,177,249,49,45,204,6182,6185,7213,8470,8931,9508,7343,6509,8011,9973,10377,9839,8949,6670,4973,12242
Massachusetts,Bristol County,25005,3,0.9,-0.6,-0.6,-2.5,-6.9,4.5,8.1,2.6,-0.1,-0.3,-1.7,-2.6,-3.7,-2.4,-0.3,943,302,-225,-231,-964,-2426,1396,2705,1079,-55,-159,-638,-846,-878,-396,-141,31384,33081,35539,38327,37284,35028,31025,33366,40144,44116,41967,36156,31618,23619,16399,38631
Massachusetts,Dukes County,25007,-5.2,2.5,9.3,-10.5,-28.9,9.3,66.7,44.1,13.5,6.8,1.1,3.4,11.7,21.3,21.4,1,-50,19,79,-95,-306,80,369,315,136,90,15,49,141,158,98,13,955,771,846,900,1056,862,552,714,1007,1308,1336,1439,1205,744,460,1200
Massachusetts,Essex County,25009,2.4,0,-1.1,-4.4,-11.7,-3.7,12.8,12.6,2.8,-1.1,-2.2,-3.6,-5.4,-6.7,-4.7,0.8,1085,15,-566,-2360,-6049,-1688,4726,5200,1512,-685,-1388,-1959,-2485,-2163,-1075,432,44266,47374,50100,53605,51493,44793,36898,41093,52695,62053,60735,53138,45532,32267,22800,51993
Massachusetts,Franklin County,25011,9.5,12.5,8.4,-6.6,-18.7,-17.1,-4.4,5.9,6.3,4.5,1.4,2,1.8,0.6,1.9,-4.3,305,423,324,-303,-982,-825,-169,232,283,247,90,126,97,21,43,-234,3208,3369,3856,4572,5250,4807,3850,3902,4435,5481,6221,6180,5307,3357,2171,5427
Massachusetts,Hampden County,25013,2.4,3.9,2.4,6.7,-3.1,-13.9,-6.3,2.9,2.1,-0.9,-0.5,-1.2,-2,-4.3,-3.4,-0.2,693,1121,759,2299,-1076,-4642,-1785,793,658,-332,-192,-398,-527,-844,-478,-85,28306,28471,30953,34194,34447,33214,28047,26621,30608,35131,34871,30885,26196,19246,13810,33618
Massachusetts,Hampshire County,25015,2.6,15,12,99.2,149.8,-45.6,-58.6,-4.4,0.1,2.6,0,-2.3,-1.5,-2.5,2.3,6.8,162,955,867,8361,13157,-7298,-10899,-376,11,286,-3,-271,-152,-152,94,631,6192,6337,7193,8427,8779,16003,18575,8410,9421,10864,11529,11451,9653,6071,4055,9154
Massachusetts,Middlesex County,25017,-2.4,-4.6,-5.1,1.3,12.8,32.9,12.2,-8.2,-10.3,-7.6,-7.2,-8.1,-9.9,-12.5,-9.3,-5.7,-2213,-4293,-4916,1307,11595,28376,11442,-9198,-12830,-9888,-8771,-8444,-8894,-8063,-4370,-5900,90363,92476,95362,95720,90426,86080,93710,111484,123444,129697,120670,104098,88973,64363,46843,102596
Massachusetts,Nantucket County,25019,-17.2,-16.2,-3.6,-11.5,-3.3,83.9,52.8,1.7,-17.7,-19.9,-14.2,-0.5,-1.8,-9.2,4.5,0,-148,-116,-19,-58,-16,342,296,14,-181,-211,-129,-3,-10,-37,13,0,856,718,543,509,501,407,561,837,1023,1061,907,708,574,401,307,530
Massachusetts,Norfolk County,25021,2,4.9,2.5,-4.8,-8.1,12.4,21.4,4.9,0.5,-1.7,-3.3,-5.6,-8,-10.2,-7.8,-2.6,783,2016,1117,-2162,-3458,4496,6858,2037,281,-973,-1845,-2744,-3327,-3105,-1719,-1369,37934,41113,43232,44296,42518,36044,31962,41247,49899,56936,54909,48336,41270,30154,21824,50755
Massachusetts,Plymouth County,25023,3,6.5,4,-7,-24.6,-21,10.8,23.3,9.8,2.2,-1.3,-1.1,-0.4,-0.7,2.5,13.2,882,2055,1393,-2570,-8916,-6519,2462,5879,3443,910,-545,-406,-142,-177,370,3597,28504,31571,34301,36486,36108,30927,22607,25195,35012,41104,40184,35094,30591,22636,14623,27227
Massachusetts,Suffolk County,25025,-12.2,-29.3,-20,36.2,150.5,75,-18.2,-35.6,-31.9,-20.1,-10.4,-6.8,-4.9,-7.8,-6.8,-13.8,-5788,-13797,-8071,14824,57689,36319,-13979,-27116,-21059,-11040,-4847,-2654,-1597,-1904,-1248,-5774,47128,47030,40235,40854,38317,48396,76465,76139,65830,54878,46199,38531,32243,24192,18326,41744
Massachusetts,Worcester County,25027,1.9,3.4,4.3,3.3,-3.8,-6.4,10.7,17.2,6.8,2.7,0.4,-1.6,-2.2,-3.7,-1.3,4.8,915,1723,2277,1880,-2122,-3210,4528,7813,3849,1788,270,-872,-990,-1153,-296,2321,47494,49834,51875,56660,54709,49864,42064,45364,56165,64888,63054,53305,43517,30894,21511,47942
Michigan,State Total,26000,0.9,-1.3,-3.1,-3.2,-8.3,-15.5,-9.2,-4.9,-5.3,-3.9,-3.2,-3.4,-2.8,-2.5,-1.3,0.2,5522,-8732,-22299,-24787,-61156,-109467,-59324,-32310,-37809,-30243,-25674,-24089,-16709,-10853,-4145,1826,610311,651896,697515,753492,733174,704694,638095,647314,702488,773825,786458,700981,577043,424596,308612,631414
Michigan,Alcona County,26001,-8,11.9,-3.2,-11.1,-51.7,-48.6,1.1,9.1,6,10.3,21.6,29.6,37.6,34.4,8.6,-17.3,-29,42,-16,-70,-326,-307,3,33,32,72,162,219,294,285,73,-289,370,353,519,631,630,632,323,370,537,704,751,741,780,829,846,1667
Michigan,Alger County,26003,-12.7,18.9,6.3,-13.6,-22.4,-16.6,14.9,-7.3,-5.8,-5.1,2.1,4.3,14.6,18.6,18.3,5.4,-55,74,29,-72,-141,-105,71,-43,-37,-39,17,34,91,93,75,45,437,394,462,533,629,634,479,589,637,763,825,806,627,501,409,833
Michigan,Allegan County,26005,5.1,10.6,6.6,-7.8,-34.5,-23,10.4,14.4,4.4,1.9,0.1,1.8,5.5,8.6,3.7,7,376,777,524,-671,-3077,-1813,589,879,328,171,11,137,327,375,120,412,7371,7309,7918,8571,8904,7867,5618,6098,7352,8850,8958,7578,5927,4359,3201,5845
Michigan,Alpena County,26007,6.9,10.6,1,-1.3,-35.9,-37.3,-1.1,6.5,-1.1,1.5,0.3,2.3,5.1,-0.2,3.1,-1,101,160,17,-26,-810,-865,-17,94,-19,35,8,51,95,-3,41,-29,1448,1508,1774,1961,2255,2314,1490,1442,1700,2294,2637,2233,1854,1594,1314,2796
Michigan,Antrim County,26009,6.2,16.8,5.7,-11.6,-46.4,-31,8.8,4.3,17.1,3,10.1,18.6,31.1,25.8,6.8,-7,69,201,78,-183,-793,-452,84,46,219,49,176,300,425,350,84,-163,1118,1196,1365,1576,1709,1457,948,1070,1281,1636,1734,1611,1366,1357,1232,2311
Michigan,Arenac County,26011,2.8,0,-1.3,-6.5,-38.3,-37.2,-11.9,-7.4,-5.6,-4.8,4.2,9.6,14.4,9.4,3.8,-11.7,21,0,-12,-72,-450,-448,-107,-63,-56,-64,57,107,148,87,31,-177,753,845,941,1118,1172,1203,892,850,994,1312,1334,1118,1027,929,825,1504
Michigan,Baraga County,26013,-2.8,-2.7,11.1,-6.9,-23.6,5.4,25.2,3.6,-1.7,2.1,11.2,5.2,11.6,13.2,5.7,2.3,-12,-12,55,-39,-140,28,113,20,-11,14,67,34,60,56,21,15,445,477,503,566,592,529,448,569,624,662,600,663,518,428,365,631
Michigan,Barry County,26015,2,13.7,9.3,-3.4,-35.4,-26.7,16.9,13.4,3.1,6.2,3.4,3.4,3.8,1.9,0.7,4.8,72,483,365,-151,-1595,-1092,463,416,115,287,162,146,140,53,16,165,3563,3530,3899,4350,4505,4088,2736,3106,3703,4603,4720,4195,3600,2775,2099,3425
Michigan,Bay County,26017,6.6,3.1,-2.3,-6.8,-18.2,-17,-1.2,-1.1,-2.8,-1.3,-2.5,-2,-1.4,-0.6,1.5,1.4,399,204,-162,-521,-1409,-1288,-75,-72,-203,-112,-223,-169,-102,-33,58,115,6033,6396,6966,7624,7723,7549,6156,6276,7065,8111,8926,8115,6893,5166,3883,8171
Michigan,Benzie County,26019,6.6,8.1,7.9,-6.7,-36.9,-15.2,28.2,27.7,7,17.6,12.4,14.8,30.7,42.1,19.1,-2.5,59,79,77,-72,-396,-141,186,209,72,214,154,167,305,334,144,-40,898,975,981,1071,1073,929,661,756,1026,1214,1241,1126,993,793,756,1598
Michigan,Berrien County,26021,-2.5,-3.3,-5.1,-10.5,-25.8,-23,-5.1,-1,-1.7,-2.2,-1.8,-3.7,-2.6,0.5,-0.6,-0.9,-256,-350,-567,-1280,-3144,-2648,-463,-92,-178,-275,-221,-437,-263,43,-39,-113,10170,10435,11003,12097,12167,11492,9011,9262,10214,12103,12283,11537,9793,7486,5746,12229
Michigan,Branch County,26023,3.8,1.2,0,-8.8,-26.2,-13.2,1.9,0,-4.3,-6.4,-3.6,-2.5,-0.1,0.9,3.8,-5.5,112,37,0,-287,-898,-433,48,0,-138,-239,-134,-81,-3,20,62,-167,2945,2964,2983,3266,3417,3271,2566,2898,3153,3696,3685,3186,2589,2045,1622,3019
Michigan,Calhoun County,26025,2.4,-2,-1.5,-2.5,-16.8,-20.4,-5,-3.3,-4.8,-3.4,-0.6,-1,-2.9,-1.6,-0.8,3,212,-188,-147,-267,-1713,-2027,-423,-283,-448,-349,-66,-97,-241,-95,-37,288,8828,9318,9337,10330,10170,9930,8333,8513,9153,10281,10205,9572,8158,5871,4531,9397
Michigan,Cass County,26027,17.5,29.1,13.3,-1.4,-35,-30.1,9,17.3,7.9,4.4,4.2,4.2,8.6,8.5,-1.8,-8.3,464,757,428,-53,-1362,-1094,217,460,254,172,172,161,294,225,-37,-314,2639,2603,3213,3645,3887,3625,2411,2664,3187,3859,4028,3822,3411,2646,2001,3764
Michigan,Charlevoix County,26029,5.2,7.1,-0.1,-16.8,-43.5,-30.3,12.6,3.1,0,5,5,7.5,21.5,12.6,1.5,1.1,70,104,-3,-313,-864,-521,140,39,0,97,106,142,339,175,16,23,1331,1460,1748,1862,1985,1722,1113,1270,1674,1941,2127,1899,1571,1391,1098,2087
Michigan,Cheboygan County,26031,3.1,4.4,-1.9,-6.9,-39.4,-33.3,9.3,7,4.3,5.1,8.1,15.1,27.3,20.3,9,-12.7,39,61,-32,-120,-705,-559,101,92,70,89,161,278,432,305,115,-345,1225,1389,1609,1716,1790,1674,1083,1313,1604,1745,1986,1842,1577,1504,1281,2712
Michigan,Chippewa County,26033,10.5,10.5,5.5,11.5,33.4,-6.2,-24.9,-1.4,-9.2,-10.1,-9.3,-6.9,4.3,4.7,7.9,-7.9,198,204,119,254,785,-171,-825,-39,-270,-333,-301,-192,92,76,101,-215,1871,1931,2149,2204,2350,2771,3311,2698,2940,3294,3224,2755,2124,1625,1279,2721
Michigan,Clare County,26035,5.4,-3.1,-1.9,-7.9,-25.1,-28.9,1.6,3.4,5.8,10.4,12.8,18.4,25.2,19.6,1.7,-16.4,92,-53,-36,-172,-563,-606,22,53,103,211,276,372,452,333,28,-487,1714,1686,1879,2159,2243,2095,1418,1558,1774,2030,2152,2018,1792,1694,1587,2961
Michigan,Clinton County,26037,14.1,31,20,5.3,15.7,-17.1,36.3,37,18.2,8.5,2.7,1.7,-1.1,-0.4,3.5,12.7,566,1236,923,280,822,-825,1093,1186,805,461,156,85,-50,-14,77,472,4009,3981,4609,5237,5220,4814,3005,3206,4419,5410,5623,5025,4253,3182,2205,3699
Michigan,Crawford County,26039,-1.2,11.4,5.3,-9.9,-45.8,-36.2,-0.4,-4,4.7,14.6,12.5,16.2,25.7,26.8,15.4,-14.6,-8,76,42,-94,-487,-360,-2,-27,40,152,142,156,220,209,100,-200,691,670,804,953,1063,994,558,677,839,1041,1140,961,855,778,649,1365
Michigan,Delta County,26041,8.3,3.6,2,-3.8,-37.6,-37.6,-1,5.5,3.9,-0.3,0,2.8,8.4,6.9,3.9,0.8,159,75,43,-91,-1052,-1085,-20,101,84,-10,-1,87,207,126,61,28,1910,2046,2174,2402,2794,2886,1899,1837,2111,2745,3120,3018,2440,1818,1558,3445
Michigan,Dickinson County,26043,3.7,6.6,3.6,-12.3,-41.9,-33.3,11.7,6.3,4,-0.2,2.4,-0.4,4,11.7,9.5,2.9,49,92,57,-245,-848,-639,126,80,66,-5,57,-10,66,138,89,74,1301,1388,1569,1988,2025,1919,1084,1267,1650,2096,2309,2056,1614,1173,938,2513
Michigan,Eaton County,26045,14.3,8,10.1,3.5,-15.8,-18.9,-2.4,1,4.5,3.4,2.8,-3.2,-3.3,-0.6,2,15.3,793,498,696,266,-1263,-1493,-157,62,307,270,242,-264,-231,-33,66,889,5537,6218,6840,7437,7985,7893,6288,6151,6816,7924,8570,8157,7007,4951,3331,5775
Michigan,Emmet County,26047,1.3,10.9,10.3,-1.4,-28.1,-21.6,14.8,6.3,6,4.9,1.1,3.3,7,12.2,6.8,9.7,23,202,209,-30,-659,-463,220,113,115,116,29,85,146,172,80,225,1731,1847,2012,2184,2342,2145,1486,1772,1913,2346,2649,2569,2081,1410,1188,2314
Michigan,Genesee County,26049,-1.2,-5.3,-6.9,-11.3,-21.4,-18,-2.9,-5.3,-6.6,-4.5,-4.1,-6.3,-5.6,-5.1,0.1,5.9,-354,-1666,-2298,-4022,-7065,-5532,-790,-1524,-2008,-1512,-1445,-1911,-1435,-935,25,1528,28581,30968,32858,35583,32902,30579,26419,28544,30136,33118,34643,30101,25321,18265,13324,25556
Michigan,Gladwin County,26051,5.5,0.1,5.8,-5,-36.4,-35.7,3.4,8,3.1,4.6,9.8,24.5,31.1,21.7,4.7,-12.6,68,2,86,-83,-665,-590,38,92,47,76,175,399,491,337,70,-340,1230,1350,1475,1648,1826,1649,1109,1159,1509,1664,1785,1629,1579,1551,1499,2685
Michigan,Gogebic County,26053,3.3,6.3,-1.2,2.7,-13.5,-28.7,-10.1,13,8.5,7.1,5.8,12.3,23,14.3,7.1,-9.4,25,41,-10,24,-146,-357,-92,109,81,79,72,146,227,119,50,-185,761,650,820,916,1082,1242,905,837,959,1118,1250,1182,985,829,712,1959
Michigan,Grand Traverse County,26055,3.4,12.9,11.8,1.1,-17.8,0,27.1,16.5,10.9,9.8,4.5,4.5,11.4,16.5,11.2,22.7,168,618,577,62,-1044,-4,1099,745,563,603,311,285,560,552,283,1153,4880,4784,4884,5498,5868,5442,4057,4497,5122,6144,6891,6312,4875,3336,2529,5060
Michigan,Gratiot County,26057,0.6,4.9,0.5,13.4,12.7,-16.5,-17.7,-0.5,-5.9,-2.2,-6.5,-4.2,-1.3,-0.5,4.9,24.4,14,120,14,378,373,-548,-583,-15,-181,-74,-212,-117,-29,-10,64,597,2367,2410,2588,2811,2920,3325,3297,2731,3076,3320,3244,2801,2255,1812,1310,2444
Michigan,Hillsdale County,26059,7.4,1.9,2.2,7.7,-16.2,-39.3,-18.5,4.2,2.5,3.2,0.1,5.2,5.1,9,1.8,-1.3,199,56,69,255,-591,-1480,-560,107,71,109,5,166,140,194,32,-43,2686,2997,3109,3277,3653,3759,3027,2512,2776,3308,3646,3201,2721,2136,1751,3209
Michigan,Houghton County,26061,8.1,8.9,3.7,64.8,128.9,-40.4,-62.6,-7,2.8,2.5,-2.5,-0.5,8.5,7.7,3.2,-2.2,164,175,75,1363,2944,-1460,-2920,-129,50,52,-58,-12,153,114,39,-58,2023,1955,2020,2101,2282,3609,4661,1850,1752,2103,2277,2243,1792,1482,1225,2626
Michigan,Huron County,26063,5,4.2,0.9,-15.4,-44.5,-37.9,-1.4,-0.6,0.6,-0.3,0.7,5.3,8.9,13.8,5,-3.3,80,72,18,-362,-1169,-942,-21,-10,12,-7,20,136,188,240,80,-122,1595,1718,2059,2350,2623,2485,1521,1652,2055,2430,2697,2523,2100,1741,1593,3604
Michigan,Ingham County,26065,-5.3,-11.1,-11.2,41.5,111.4,-14.9,-50.6,-25,-17.1,-9.5,-7.2,-7.3,-9.9,-11.1,-8.7,3.4,-940,-2028,-2064,7742,20127,-3867,-18328,-5224,-3277,-1832,-1432,-1364,-1521,-1169,-587,457,17622,18260,18359,18641,18054,25804,36167,20841,19124,19198,19764,18660,15337,10456,6757,13276
Michigan,Ionia County,26067,1.6,4.2,0.9,-3.2,-11.2,-6.9,-14.3,-3.6,4.5,0.2,-1,-1.3,0.8,2.9,0.6,1.9,68,175,40,-152,-533,-333,-736,-166,201,11,-49,-56,26,68,11,60,4154,4185,4368,4622,4734,4808,5120,4572,4413,5021,4867,4173,3210,2304,1704,3038
Michigan,Iosco County,26069,1,1.5,6.2,-18.4,-44.9,-40.5,8.7,4.1,6.6,4.2,7.5,24.1,34,29.2,14.9,-5.9,10,18,83,-317,-847,-683,81,43,90,75,150,419,561,469,214,-188,1043,1192,1337,1721,1886,1684,921,1054,1357,1782,1988,1738,1650,1605,1435,3162
Michigan,Iron County,26071,5.4,13.5,3.2,-14.3,-51.7,-39.4,3.4,-7.5,-7.8,0.8,7.8,14.1,27.1,21.8,8.1,-3,26,63,18,-102,-438,-330,16,-36,-49,7,76,136,206,146,46,-51,484,467,576,716,847,837,482,480,628,857,974,962,762,670,573,1697
Michigan,Isabella County,26073,-0.1,0.6,-1.5,152.9,321,-46.2,-71.8,-20.4,-2.1,0,1,-0.8,3.1,-1.1,2.2,7.5,-4,22,-54,5430,11754,-3997,-8671,-782,-74,2,39,-29,84,-24,35,217,3755,3512,3438,3550,3660,8646,12073,3835,3383,3716,3811,3601,2715,2077,1579,2885
Michigan,Jackson County,26075,-0.3,-0.2,1.2,-3.4,-13.9,-10.1,7.8,1.3,-1.5,-4.7,-4,-4.6,-0.5,-0.5,2,5.8,-29,-23,137,-410,-1624,-1055,686,137,-177,-621,-527,-546,-51,-34,101,587,9765,10271,10769,11783,11678,10378,8761,10069,11213,13059,12980,11754,9226,6890,4846,10103
Michigan,Kalamazoo County,26077,2.8,2.1,-0.6,16.5,72.2,-9.5,-38.4,-11,-3.6,-1.5,-2.7,-4.6,-4.4,-4.9,0.6,7.3,454,338,-107,2720,11680,-1910,-9624,-1824,-570,-254,-491,-769,-588,-468,41,1006,15698,15480,16025,16443,16156,19946,25006,16482,15506,16625,17628,16513,13110,9535,6670,13751
Michigan,Kalkaska County,26079,5.2,-3.6,0.5,-10.6,-33.2,-21.9,12.1,11.7,3,2.9,5.1,15.5,24.9,21,4.1,-13.8,53,-39,5,-128,-408,-246,99,109,31,38,69,177,230,173,28,-176,1018,1087,1100,1200,1227,1123,816,931,1044,1316,1350,1142,924,820,694,1271
Michigan,Kent County,26081,0.1,-5.2,-4.9,-4.9,3,2.8,-4.9,-10.6,-8.4,-5.9,-5.2,-5.7,-5.2,-5.3,-2.3,6.8,59,-2419,-2290,-2288,1356,1217,-2077,-4472,-3660,-2741,-2386,-2255,-1556,-1102,-347,2118,45506,46314,46235,46213,44580,43401,42286,42175,43198,46394,45255,39139,29614,20560,14639,30713
Michigan,Keweenaw County,26083,11.6,11.5,5,-8.8,-41.9,-68.4,15.7,15.8,-3,11.4,30.2,17.3,32.7,52.4,-2.1,-41,10,11,5,-9,-53,-160,12,14,-2,16,42,28,57,64,-2,-131,90,103,106,109,127,234,80,91,89,144,141,163,175,123,139,319
Michigan,Lake County,26085,1,-0.2,3.2,-10.6,-34.7,-51,5.8,26.2,14.7,28.1,20.8,51.1,49.5,45.5,20.3,-20.1,5,-1,19,-66,-242,-500,26,120,82,189,167,351,338,294,125,-261,531,537,608,623,698,980,456,459,557,672,800,687,683,647,615,1295
Michigan,Lapeer County,26087,4.3,10.3,7.6,-5.2,-37.6,-37.4,1.9,12,4.7,0.1,-1.9,-2.7,-0.3,-0.2,1,12.7,195,550,468,-376,-2700,-2464,81,579,299,11,-151,-190,-19,-11,28,528,4545,5298,6098,7133,7172,6575,4293,4806,6300,7707,7953,6814,5370,4182,2806,4139
Michigan,Leelanau County,26089,11.1,16.4,12.4,-4.9,-52,-45.2,8.7,11.7,21,9.9,2.3,10,23.9,33.3,15.5,6.8,97,154,139,-72,-862,-627,63,99,203,145,41,193,360,380,158,150,874,943,1114,1460,1655,1388,732,846,968,1466,1758,1927,1501,1141,1021,2186
Michigan,Lenawee County,26091,1.8,1.5,4.5,5.1,-16.6,-27.9,-4.1,5.4,1,0.1,-2.2,-4.5,0.6,0.8,1.9,7.9,107,98,298,373,-1241,-2104,-249,321,67,10,-181,-336,38,36,60,491,5773,6186,6486,7185,7478,7538,5935,5945,6652,7431,7894,7448,6130,4507,3160,6198
Michigan,Livingston County,26093,12.1,28.1,24.4,1.2,-36.4,-23.3,35.4,47.4,25.4,12.3,6.1,3.2,0.1,4.5,7.6,42.1,1101,2819,2857,168,-4769,-2605,2330,3694,2920,1829,910,417,18,340,358,2543,9097,10025,11698,12952,13099,11158,6574,7778,11478,14844,14853,12984,10562,7505,4675,6029
Michigan,Luce County,26095,-3,5.7,-11.4,-14,-15.4,-3,0.9,-7.6,-4.6,-9.3,2.4,-0.2,2.5,3,16.5,-7,-9,17,-41,-56,-64,-14,4,-40,-23,-51,13,-1,10,10,47,-38,324,306,364,401,419,464,447,520,505,547,556,487,397,328,288,539
Michigan,Mackinac County,26097,11.7,5.9,3.9,-14.4,-47.9,-36.8,7.8,2.5,-0.2,3.9,9.6,14.7,12.5,12,-3.5,-11,51,31,22,-107,-402,-267,35,13,-1,34,83,134,97,84,-23,-132,439,519,580,746,839,724,458,558,647,853,863,912,777,700,650,1191
Michigan,Macomb County,26099,3.3,5.4,6.3,2.2,-5.9,5.4,17.1,5.7,1.6,2.1,2.6,2.1,0.6,-1.6,1.3,6.1,1627,2737,3374,1215,-3161,2613,7555,3092,974,1394,1718,1160,312,-581,335,3380,48627,50428,52870,54713,52818,47660,44100,53806,60406,64851,64058,54873,46262,35086,25623,55344
Michigan,Manistee County,26101,1.1,9,1.9,-8.4,-23.8,-22.2,8.9,0.4,5.3,5.4,7.8,15.2,23.2,28.1,11.4,-2.6,12,114,26,-128,-395,-350,96,5,78,95,147,281,358,348,122,-61,1096,1262,1349,1518,1658,1577,1071,1236,1473,1755,1881,1847,1541,1237,1073,2344
Michigan,Marquette County,26103,12.1,8.3,2.5,36.7,75.6,-20.1,-35.8,-3.3,0.8,1.5,-0.8,0.3,0.8,1.6,4,10.1,388,255,86,1357,3032,-1097,-2132,-120,33,71,-43,15,37,46,86,429,3203,3063,3385,3696,4006,5447,5945,3606,3762,4545,5189,5256,4154,2810,2167,4206
Michigan,Mason County,26105,1.3,3.9,10.6,0.7,-33.3,-27.3,6.2,10,3.7,3.8,6.9,11.4,13.7,19,10.2,0.2,21,61,168,13,-700,-542,78,137,61,78,154,235,245,271,127,5,1659,1569,1585,1902,2096,1982,1244,1371,1623,2028,2203,2066,1788,1427,1244,2386
Michigan,Mecosta County,26107,7.3,3.8,-4.8,68.4,141.2,-45.2,-62.8,-14.4,1.8,5.7,9.7,11.2,21.7,15.8,5.3,-10,157,87,-122,1721,3634,-1902,-3341,-322,38,137,235,268,435,296,83,-303,2134,2299,2518,2514,2573,4205,5317,2239,2101,2391,2413,2394,2000,1868,1555,3019
Michigan,Menominee County,26109,3.4,7,1.7,-10.2,-42.5,-37.3,-3.9,6.8,4.6,3.1,-0.1,3.7,10.6,6.5,3.4,-6.4,40,90,26,-164,-758,-673,-49,75,68,57,-3,73,164,78,35,-153,1163,1296,1534,1599,1783,1801,1227,1093,1448,1854,2111,1973,1547,1196,1022,2371
Michigan,Midland County,26111,10.1,10.1,4.8,-4.5,-18.7,-25.7,-4.4,6.5,1.8,1.4,-3.4,-6.7,-8.3,-4.4,5,9.6,442,507,269,-293,-1224,-1587,-206,299,103,94,-233,-420,-410,-165,135,520,4369,4988,5535,6520,6519,6164,4641,4584,5620,6729,6855,6255,4921,3701,2695,5388
Michigan,Missaukee County,26113,14.3,13.3,7.1,-5,-38.2,-30.7,8.2,7.1,2.1,7.5,2.3,13.3,26.5,21.4,7.8,-7.1,115,113,68,-54,-443,-344,54,53,18,81,26,122,212,142,47,-84,807,852,952,1082,1157,1120,665,751,869,1084,1141,923,798,662,610,1181
Michigan,Monroe County,26115,8.4,11.3,10.2,-1.9,-27.2,-23.5,7.2,11.9,6.3,4.3,2.8,0.7,-1.5,0,1.7,15.1,700,1011,1029,-216,-3222,-2522,565,1013,641,522,345,84,-143,0,81,1203,8276,8910,10023,11251,11843,10694,7834,8445,10026,11898,12277,11024,9008,6409,4565,7956
Michigan,Montcalm County,26117,-0.6,-1.3,8.5,-5.7,-24.9,-14.1,12.5,3,2.7,-0.2,-1.9,3.6,4.7,5.6,5.7,2.3,-24,-58,353,-270,-1184,-634,433,122,120,-10,-96,148,156,149,123,86,3971,4212,4126,4745,4756,4481,3449,3958,4333,4944,4928,4089,3313,2643,2131,3732
Michigan,Montmorency County,26119,6.5,1.2,9.2,-13.2,-44.1,-45.7,3.5,17.7,8.5,19.1,21.4,29.8,32.1,30.1,6.9,-17.5,23,5,43,-71,-279,-304,13,60,39,107,147,208,208,189,43,-240,363,441,468,537,632,665,377,340,460,561,691,699,648,629,627,1366
Michigan,Muskegon County,26121,-1.2,1,-1.5,-6.7,-20.8,-12.7,4.8,-1.1,-3.5,-2.2,-1.2,0.2,0.6,1,1.6,-0.3,-146,128,-193,-905,-2819,-1581,489,-117,-405,-292,-167,29,56,71,82,-43,11849,11664,12133,13463,13533,12423,10159,10519,11491,13140,13325,11904,9429,6842,5139,11082
Michigan,Newaygo County,26123,3.2,5.4,3.8,-9.9,-38.6,-30.9,10.5,12.2,4.9,4.1,1.6,5.4,10.9,9.4,6.7,-4.8,98,167,131,-392,-1649,-1106,240,297,146,154,59,176,291,206,123,-159,3016,3092,3401,3928,4270,3571,2279,2417,2957,3722,3725,3222,2653,2178,1818,3300
Michigan,Oakland County,26125,1,0.8,0.1,-8.5,-24.2,-0.7,20.3,-0.7,-4.5,-4.4,-5.2,-7.4,-9.5,-11.6,-6.8,5.9,742,655,119,-7463,-20393,-545,12202,-646,-4296,-4554,-5443,-6860,-7441,-6556,-2488,4215,69819,77084,83330,87328,84000,72788,59956,81229,93586,102720,104639,92623,78097,56309,36094,70392
Michigan,Oceana County,26127,-4.6,-3.4,0.8,-5.8,-41.9,-37.4,1.4,-0.4,0.8,3.9,-2.4,4.9,10.7,16.5,4.3,-8.2,-90,-64,15,-118,-943,-837,20,-6,12,77,-49,87,172,206,45,-174,1944,1863,1798,2028,2248,2235,1360,1381,1582,1971,2006,1770,1605,1246,1065,2097
Michigan,Ogemaw County,26129,10.1,9.8,11.7,-5.8,-38,-32.7,17.6,13.3,6.9,5.4,18.5,22.8,27.5,23,12.4,-2.6,98,106,136,-83,-577,-475,151,126,75,81,289,321,351,284,136,-53,968,1079,1158,1438,1517,1454,857,951,1091,1497,1565,1406,1278,1236,1104,2014
Michigan,Ontonagon County,26131,14.5,10.1,-0.7,-23.3,-60.7,-49.1,-2.3,-0.8,3.7,10.4,3.9,10.7,19.7,18.3,6.2,-15.9,31,24,-2,-93,-299,-214,-5,-2,13,52,22,64,106,89,28,-135,214,238,352,400,492,437,238,298,366,507,586,598,538,487,456,845
Michigan,Osceola County,26133,5.1,9.1,9.1,-0.4,-37.7,-35.4,0,7.8,4.2,0.2,7.7,5.9,14.7,11.1,7,-8,73,136,135,-8,-723,-643,-1,95,57,3,135,92,198,124,69,-147,1421,1486,1474,1718,1913,1815,1189,1219,1336,1698,1745,1548,1344,1116,988,1822
Michigan,Oscoda County,26135,3.5,4,-2.3,-11.3,-43.5,-44.1,-11.3,1.9,2,4,13.5,18.3,32.3,17.3,-10.8,-23.4,15,18,-11,-67,-281,-290,-35,6,9,24,90,111,178,99,-61,-258,427,454,500,589,646,658,309,345,450,603,667,606,550,575,563,1098
Michigan,Otsego County,26137,3.1,6.7,5.7,-11.1,-33.6,-30.4,13.2,14,6.8,1.5,5.3,10.5,19.2,14.3,5.4,3.8,44,95,85,-203,-609,-497,139,168,105,29,99,173,256,155,53,67,1412,1426,1487,1825,1812,1634,1056,1205,1543,1857,1864,1639,1333,1085,970,1745
Michigan,Ottawa County,26139,5.7,8.8,4.7,20.5,14.7,-23.6,-17.6,6.8,3.3,-1,-1.1,-0.1,0.6,2.5,5.9,11.5,997,1564,903,3997,2841,-4801,-3300,1021,560,-192,-205,-19,84,240,388,1483,17353,17719,18903,19459,19295,20326,18706,14925,16673,19225,18269,15848,12580,9268,6530,12852
Michigan,Presque Isle County,26141,6.3,1.4,1.8,-12.5,-49.8,-48.7,-7.1,8.1,6.5,3.6,14.8,15.2,19.7,17.6,6.1,-9,32,8,12,-97,-444,-477,-40,45,40,35,147,166,181,149,45,-169,512,624,715,777,892,978,561,561,628,962,993,1092,919,845,741,1858
Michigan,Roscommon County,26143,8.7,0.2,-1.3,-13.5,-43.4,-40.6,6.8,13.2,13.4,6.4,20,39.1,45.9,28.4,7.3,-14.7,80,2,-15,-200,-667,-613,55,119,150,97,343,618,732,483,117,-499,909,1016,1124,1481,1535,1508,816,900,1119,1508,1713,1580,1595,1700,1600,3389
Michigan,Saginaw County,26145,-0.5,-3.9,-9.3,-3,-10.5,-25.6,-14.8,-9.2,-6.4,-5.4,-3.4,-5.1,-6.5,-4.3,-1.6,2.2,-70,-533,-1378,-500,-1654,-3896,-1892,-1167,-871,-815,-537,-762,-822,-409,-114,323,12366,13340,14771,16419,15712,15218,12747,12621,13422,15013,15793,14790,12624,9461,6957,14165
Michigan,St. Clair County,26147,1.9,2,0,-7.7,-30.9,-28.9,0.7,6,1.3,-0.1,-1,-0.1,1.9,1.4,2.9,7.2,183,206,1,-969,-3917,-3373,60,570,154,-26,-144,-16,191,108,149,726,9381,10280,11422,12537,12645,11641,8541,9471,11674,13548,13468,11794,9718,7353,5149,9983
Michigan,St. Joseph County,26149,-4.1,-4.4,-5.7,-8.8,-30.1,-21.8,-3.6,-5.6,-5.4,-4.5,-3.4,-2.1,1.8,0.5,-0.2,1,-191,-205,-267,-417,-1467,-1028,-136,-218,-216,-211,-161,-90,62,14,-4,44,4590,4651,4645,4727,4870,4713,3700,3866,3962,4693,4604,4217,3490,2754,2102,4116
Michigan,Sanilac County,26151,7.9,4.2,-2.2,-9.4,-38.3,-35.5,-1.9,1.7,1.2,-0.3,1,4.5,11.4,12.9,8.1,-2.9,190,112,-69,-310,-1349,-1168,-43,40,33,-12,36,137,276,257,139,-104,2396,2659,3013,3268,3521,3285,2229,2330,2698,3270,3478,3004,2413,1997,1696,3529
Michigan,Schoolcraft County,26153,3.4,7.8,1.6,-9.4,-42.8,-41.1,-7.4,-6.1,2.5,4.8,10.1,17.9,21.1,18.1,-1.4,4.1,13,31,8,-53,-237,-242,-28,-28,13,29,69,114,114,77,-6,34,404,402,514,564,552,588,390,463,520,605,684,636,542,425,438,816
Michigan,Shiawassee County,26155,4.3,5.1,2.9,-2.8,-29.8,-28.7,1.5,5.1,2.2,-1.7,-4.8,-4,-4.6,-3.8,-2.3,1.1,172,226,148,-158,-1626,-1480,60,206,111,-100,-284,-209,-204,-125,-57,49,3929,4422,5032,5543,5452,5150,3944,4024,4843,5792,5840,5155,4373,3306,2406,4438
Michigan,Tuscola County,26157,9.8,2.8,4.9,-4.9,-35.5,-37.3,-4.6,0.4,0,-1.9,-4.3,-1.3,-0.5,-0.3,1.3,1.3,288,96,179,-214,-1617,-1734,-146,14,-2,-88,-202,-55,-19,-9,27,50,2930,3365,3636,4328,4550,4644,3132,3220,3676,4467,4684,4141,3499,2903,2058,3725
Michigan,Van Buren County,26159,0.4,3,4.3,-6.1,-37.6,-27.1,13.5,9.8,5.4,0,-1.2,-1.9,-0.4,1.1,-1,-5.4,25,159,236,-367,-2387,-1599,517,400,259,0,-75,-108,-18,40,-26,-258,5029,5148,5375,5949,6335,5887,3828,4085,4768,5821,6265,5693,4543,3430,2496,4755
Michigan,Washtenaw County,26161,0.1,-3.2,-3.4,46.3,110.6,-0.6,-41.2,-22,-13.4,-5.7,-3.4,-5,-7.4,-6.8,-3.2,14.5,37,-685,-723,9526,21322,-179,-15769,-6063,-3487,-1435,-831,-1124,-1397,-852,-258,1964,19679,20849,20876,20534,19277,27457,38198,27509,25888,25052,24220,22474,18842,12512,7862,13461
Michigan,Wayne County,26163,-4.4,-13.8,-17.6,-19.4,-24.1,-18.1,-12.9,-18.1,-18.6,-14.7,-11.5,-11.7,-12.3,-12.5,-11.1,-15,-5769,-20126,-28019,-34572,-38573,-24665,-16499,-27060,-28541,-23022,-17890,-16046,-13647,-9695,-6199,-19936,128611,145311,159139,177656,159741,135913,127568,149251,153304,155602,155443,136002,110659,77017,55779,132593
Michigan,Wexford County,26165,0.7,12.2,8.8,-6.4,-26.8,-16.3,17,14.7,7.4,4.4,6.8,10.1,9.6,19,12.9,4.5,17,239,177,-145,-640,-378,255,239,144,106,163,214,171,254,143,101,2266,1956,2004,2253,2389,2321,1501,1617,1938,2376,2398,2106,1774,1333,1109,2210
Minnesota,State Total,27000,2.2,4.6,3.1,0.7,-3,2.3,8,4,0.1,-0.6,-1.1,-1.7,-1.6,-1.6,-0.2,3.4,8029,15837,10888,2576,-11248,8553,25647,12740,535,-2718,-4695,-6160,-4698,-3345,-306,10840,358615,342650,341453,359777,367930,366624,319311,316227,351248,407341,403027,351960,280073,203328,151208,315944
Minnesota,Aitkin County,27001,9.6,9,15,-10.4,-41.7,-34.5,24.6,28.8,23.4,19.9,21.8,31.6,48.8,46.3,19,-18.5,70,66,106,-94,-387,-341,116,150,156,193,232,321,476,461,184,-404,730,737,705,902,928,990,473,520,667,971,1061,1016,975,995,967,2173
Minnesota,Anoka County,27003,4.9,10.9,4,-6.2,-24,1.1,32,15.3,4.2,-0.9,-1.3,-2.1,-5,-8.5,-4.2,3.4,1080,2374,947,-1559,-5871,252,5384,3051,1021,-281,-359,-450,-875,-1087,-342,421,21925,21603,23411,24928,24392,21433,16781,19847,24306,29422,26774,21380,17485,12674,8109,12171
Minnesota,Becker County,27005,2.5,15.6,16.8,-5.2,-38.1,-23.3,35.4,27.3,13.4,9.3,12.2,15.2,17.6,13.7,7.1,3,56,313,327,-104,-941,-544,462,371,214,197,274,330,327,201,89,76,2197,2003,1943,2007,2467,2326,1306,1358,1601,2111,2247,2166,1853,1466,1255,2505
Minnesota,Beltrami County,27007,-5.3,2.8,-1.3,21.1,36,-19.6,-32.1,2.3,2.7,12.4,7.6,8.3,16.5,16.4,11.2,16.5,-198,85,-38,640,1210,-735,-1199,50,59,318,214,216,340,232,138,382,3693,3033,2923,3029,3359,3742,3732,2178,2190,2551,2818,2601,2057,1415,1232,2312
Minnesota,Benton County,27009,-3.8,-3.7,-3.9,-2.8,20,25.3,-12.4,-9.4,-1.3,2,-0.3,0.1,1.9,10.5,13.5,72.3,-118,-105,-101,-71,519,677,-384,-250,-35,54,-9,3,32,118,108,992,3043,2853,2560,2505,2599,2670,3082,2658,2561,2711,2527,2181,1700,1128,800,1371
Minnesota,Big Stone County,27011,6.9,9.9,10.3,-15.4,-58.4,-41.5,24.5,12.5,1.8,7,-2.5,-0.9,9.5,13.2,1.8,4.3,19,26,29,-57,-269,-182,45,25,4,25,-11,-3,30,32,5,31,277,263,286,370,460,438,185,200,252,358,441,391,321,247,278,714
Minnesota,Blue Earth County,27013,-1.9,3.1,0,89.6,211,-13.6,-55.2,-14.6,1.1,1.6,5,1.7,5.1,4.6,4.7,15.7,-77,105,-1,2753,7245,-818,-4696,-539,38,56,187,63,138,87,70,539,4002,3359,3233,3070,3432,5982,8507,3676,3211,3503,3693,3562,2685,1900,1487,3413
Minnesota,Brown County,27015,5.9,9.3,3.3,-1.2,-23.2,-37.3,-23.1,-2,1.9,0.8,-0.3,-1.5,-0.6,1.3,4.2,15.5,91,132,50,-22,-488,-863,-394,-25,27,17,-7,-28,-9,15,37,370,1528,1421,1497,1771,2105,2309,1703,1258,1445,1919,2152,1846,1504,1153,896,2384
Minnesota,Carlton County,27017,10.4,23.8,19.7,6.5,-25.8,-10.4,37.6,33.2,22.6,9.9,7.8,4.7,6.1,8.5,12.7,11.3,218,459,381,140,-620,-248,589,554,440,254,207,111,116,118,135,262,2092,1921,1926,2137,2404,2372,1565,1664,1947,2555,2652,2354,1891,1396,1062,2299
Minnesota,Carver County,27019,12.5,33.7,25.1,-1.8,-34.6,4,87.3,70.2,34.8,11.3,5.2,1.8,2.5,-0.4,7.4,26.8,768,2010,1603,-121,-2087,194,2715,2690,2031,878,358,98,91,-11,114,745,6149,5954,6384,6569,6024,4846,3110,3828,5838,7733,6764,5188,3610,2464,1549,2778
Minnesota,Cass County,27021,-2.3,2.4,18,-8.4,-44.3,-31.2,29.3,28.6,25.3,16.1,18.6,24.5,28.7,28.1,5,-23,-42,40,256,-156,-937,-609,303,288,332,289,356,458,494,469,75,-688,1844,1669,1420,1850,2112,1953,1033,1005,1309,1785,1910,1866,1716,1667,1476,2983
Minnesota,Chippewa County,27023,9.4,5.5,4,-12.3,-35.5,-25.4,9.9,3.7,3.5,-0.5,-6.7,-2.5,-3.5,-1.9,-3.6,0.2,73,38,31,-113,-333,-252,58,21,24,-5,-67,-25,-26,-12,-17,3,780,696,792,914,939,992,592,577,705,896,997,978,741,618,476,1310
Minnesota,Chisago County,27025,4.2,12.2,28.2,6.8,-26.7,4.1,70.3,55.2,35.5,28.9,20.4,18.9,21.8,28.9,23.9,47.7,138,422,911,241,-965,122,1345,1301,1166,1117,726,539,467,461,268,888,3262,3462,3219,3546,3602,2980,1912,2354,3276,3866,3544,2851,2142,1592,1123,1858
Minnesota,Clay County,27027,7.9,20,12.3,51.5,87.5,-22.8,-32.7,23.5,10.9,4.4,0.4,-0.5,0.4,0.3,5.1,0,307,634,405,1822,3341,-1228,-1797,630,316,153,17,-17,11,6,75,-1,3871,3169,3280,3534,3817,5365,5483,2680,2880,3496,3835,3391,2476,1827,1474,3636
Minnesota,Clearwater County,27029,1,9.1,16.6,-3.4,-39.7,-35.5,19.7,19.6,11.9,8.5,6.7,2.1,15.3,15.9,7.9,-1.2,6,51,83,-19,-263,-236,79,81,49,49,42,12,71,62,30,-9,619,559,505,579,664,664,399,414,414,577,624,587,462,393,382,747
Minnesota,Cook County,27031,-8.3,12.4,4.8,-14.9,-36.2,-16.1,37.3,9.4,24.5,7.4,6.3,8.5,22.3,4.4,-10.2,-13.4,-20,24,11,-44,-114,-47,66,22,63,26,29,41,89,15,-28,-67,245,199,239,299,314,295,178,236,258,359,464,478,400,351,272,498
Minnesota,Cottonwood County,27033,8.5,14.3,6,-6.5,-43,-35.4,17.2,15.8,4.2,4.7,0.5,-0.9,1.8,2.5,5.4,-2.8,57,101,43,-54,-390,-307,84,81,27,35,4,-8,13,14,25,-41,669,707,726,824,906,869,490,512,643,756,862,831,706,571,466,1425
Minnesota,Crow Wing County,27035,7.5,14.1,11.6,3.4,-19.4,-10.4,24.2,25.1,16.4,13.7,11.8,17.9,25.8,32,12.2,-4.5,291,506,403,130,-768,-428,680,670,509,551,481,674,820,866,298,-244,3845,3586,3461,3746,3959,4105,2811,2667,3098,4004,4061,3768,3170,2700,2444,5401
Minnesota,Dakota County,27037,4.5,9.5,4.2,-10,-25.7,12.1,38,10.8,1.8,-1.3,-3,-3.7,-6.1,-6.9,-0.8,22.1,1255,2542,1214,-2996,-7600,2974,7469,2656,546,-477,-1012,-990,-1287,-977,-79,3127,27496,26650,28578,29890,29500,24540,19615,24454,29197,34519,32866,26362,20771,14168,9088,14148
Minnesota,Dodge County,27039,9.5,22.3,20.3,-2.5,-39.2,-17.7,49,38.6,14.5,4.1,-2.5,-0.4,-0.2,1.4,5,-0.1,133,306,282,-37,-589,-256,425,379,178,62,-38,-5,-2,9,26,-2,1394,1372,1386,1485,1499,1443,866,982,1226,1509,1504,1238,860,703,537,1162
Minnesota,Douglas County,27041,7.5,20.3,11.9,9.5,-16.2,-19.3,5,16.5,14.7,10.6,10.7,8.7,20.5,24.9,10.2,7.6,156,380,223,200,-381,-509,95,264,255,239,270,200,388,406,144,244,2073,1872,1870,2091,2347,2638,1909,1592,1726,2254,2518,2287,1887,1629,1409,3176
Minnesota,Faribault County,27043,6.9,0.6,7.8,-10.1,-46,-45.9,24.8,3.9,5.1,-2.8,-3,-2.8,0.7,0.5,2.9,-9.7,55,5,67,-103,-545,-597,156,25,38,-29,-38,-32,6,4,19,-185,803,811,864,1020,1183,1300,631,640,748,1037,1271,1142,886,769,649,1896
Minnesota,Fillmore County,27045,7.8,5,9.5,-12,-46.3,-29.1,21.2,10.7,6.3,2.6,-0.4,1,6.2,3.8,1.4,3.8,108,65,119,-180,-775,-467,199,109,69,38,-7,15,72,38,11,80,1376,1303,1248,1502,1675,1602,936,1018,1099,1451,1629,1445,1163,987,784,2066
Minnesota,Freeborn County,27047,3.8,-1.5,-3.9,-8.5,-33.4,-26.2,2.4,0.6,4.3,-2.1,0,-1.8,0.5,0.2,1.6,1,74,-30,-76,-176,-775,-623,37,10,78,-49,0,-42,11,3,23,35,1916,1946,1938,2058,2315,2373,1563,1616,1786,2358,2435,2260,1930,1592,1385,3215
Minnesota,Goodhue County,27049,5.4,10.7,12.3,-7,-35.1,-24.6,30.7,15.5,9.7,5.3,-0.7,2.2,2.3,5.5,7.4,20.3,154,290,342,-218,-1209,-881,617,345,254,190,-28,74,62,106,114,651,2847,2700,2784,3099,3445,3567,2004,2227,2619,3561,3701,3330,2633,1932,1530,3194
Minnesota,Grant County,27051,13.1,10.9,2.1,-11.4,-49.6,-26.5,20.6,16.7,9.1,5.4,4.4,4,16.5,20.2,10.3,-5.2,44,34,6,-45,-243,-123,52,40,26,23,20,16,59,58,26,-38,338,317,321,393,489,463,255,240,286,426,457,408,359,289,256,730
Minnesota,Hennepin County,27053,-3.1,-10.7,-8.8,-6.4,14.6,42.9,10.6,-15.4,-15.4,-10.8,-8.7,-10.2,-11.9,-14.7,-11.6,-2.6,-2565,-8818,-6749,-4959,10786,30622,8426,-14041,-14307,-10403,-8120,-8471,-7894,-6620,-3651,-1773,81407,81858,76097,76666,73814,71241,78888,90641,92388,96235,92758,82579,65889,44823,31323,65703
Minnesota,Houston County,27055,8.3,17.1,0.4,-14.1,-49,-30.9,12.1,12.9,0.3,-0.4,0,-2.3,-1.4,3.4,3,1,89,179,5,-210,-829,-453,103,115,3,-6,0,-36,-17,28,19,18,1067,1044,1181,1489,1690,1467,853,891,1142,1486,1687,1546,1176,825,652,1733
Minnesota,Hubbard County,27057,12.3,22.1,18.6,1.1,-41.8,-25.8,30.4,33.6,26.5,27,15.8,23.6,32.2,26.5,13,-13.7,142,215,190,14,-586,-341,217,254,242,339,220,303,377,280,126,-282,1155,973,1024,1195,1402,1321,713,755,913,1253,1391,1283,1172,1053,974,2057
Minnesota,Isanti County,27059,5.8,24.9,30.6,6.1,-23.1,-3.6,60.4,40.9,20.8,11.7,8.2,4,4.4,10.2,11.8,31,153,532,652,146,-635,-95,903,701,440,337,223,91,78,139,119,476,2627,2136,2129,2392,2741,2624,1493,1715,2109,2859,2715,2222,1779,1358,1008,1535
Minnesota,Itasca County,27061,5.2,16.8,18.1,3.5,-39.6,-36.3,14.9,26.9,14.5,8.5,6.1,10.3,10.3,11.6,7.1,-0.9,127,393,435,99,-1297,-1281,299,495,317,254,214,369,295,273,132,-39,2406,2339,2400,2800,3271,3529,2004,1839,2187,2995,3470,3583,2846,2346,1858,3932
Minnesota,Jackson County,27063,22.3,16.5,9.4,-9.1,-46,-38.1,11.4,3.2,1,-3.4,-6.8,-7.9,-7.5,-3.2,-3.2,-14.4,114,90,56,-66,-404,-329,53,17,5,-26,-63,-65,-46,-15,-13,-195,513,544,597,725,879,863,470,539,595,757,928,830,621,472,431,1349
Minnesota,Kanabec County,27065,5.1,27.2,14.7,-3.7,-42.1,-25.2,35.1,18.7,16.5,14.9,7.9,13,15.4,19.7,13.9,-9.2,48,240,137,-41,-516,-303,226,152,138,167,99,140,131,141,80,-114,952,881,929,1125,1226,1200,644,814,840,1120,1260,1073,849,718,577,1231
Minnesota,Kandiyohi County,27067,1.3,1.1,-1.8,3.5,-15.2,-25.6,-4.7,-0.5,0.9,1,1.2,-0.9,1,2.4,6.9,3.3,40,30,-48,104,-494,-899,-116,-11,21,29,39,-28,24,44,97,113,2991,2774,2671,2987,3234,3501,2465,2271,2361,2866,3269,3047,2306,1789,1396,3337
Minnesota,Kittson County,27069,13,12.6,-6.2,-25.5,-60.1,-44.9,0.2,0.7,1.8,2.1,-7.3,2.1,-1.6,4,-1.2,4.2,26,28,-21,-87,-249,-143,0,1,4,7,-30,8,-5,9,-2,23,201,228,344,343,414,318,181,221,245,334,412,409,313,224,225,541
Minnesota,Koochiching County,27071,1,18.1,3.2,-11.7,-42.7,-38.7,7.5,8.2,0.5,-0.6,3,2.3,2.2,3,0.5,-8.3,6,118,25,-115,-431,-380,41,53,4,-6,34,26,20,21,3,-113,644,649,805,985,1009,980,543,650,808,1016,1133,1137,910,714,603,1354
Minnesota,Lac qui Parle County,27073,13.3,18.2,7.5,-19.3,-60.7,-48.5,32.7,15.7,7.2,4.3,-2.4,1.6,5.5,0.4,3.6,-1,45,64,31,-99,-381,-299,79,43,24,21,-16,9,24,1,12,-10,342,351,414,515,627,617,243,279,342,505,664,615,444,383,345,979
Minnesota,Lake County,27075,3.7,10.3,0.8,-7.4,-37.3,-25.6,15.9,15.9,4.8,5.5,8.6,3.9,7.6,14.7,10.5,3.7,21,48,4,-46,-291,-185,72,71,26,42,78,35,53,84,53,43,578,471,583,627,781,723,455,450,537,765,904,898,697,572,508,1146
Minnesota,Lake of the Woods County,27077,23.3,12.8,5.7,-25.9,-63.2,-45.4,12.3,3.2,5.7,-4.1,11.5,0.4,9,-1,-12.4,-18.2,40,25,11,-85,-236,-136,20,5,12,-14,41,1,24,-2,-27,-83,174,200,194,329,373,300,165,171,221,355,358,387,268,251,222,454
Minnesota,Le Sueur County,27079,11.8,21.4,21.8,-8.9,-38.2,-14.4,38.7,34.8,17.3,6,5.4,2.9,3.8,3.1,1.9,-11.3,204,353,357,-170,-807,-289,459,438,285,124,108,54,58,36,18,-230,1723,1644,1641,1895,2110,1998,1186,1259,1644,2070,2005,1817,1525,1158,929,2028
Minnesota,Lincoln County,27081,5.5,11,-4.1,-25.3,-45.9,-34.7,22.1,6.6,-3.7,-12.1,6.7,3,8.1,4.9,3.5,10.7,20,36,-14,-103,-204,-148,58,18,-12,-53,27,12,24,15,10,77,373,333,363,408,444,426,265,278,324,440,410,412,299,311,298,717
Minnesota,Lyon County,27083,5,5.4,-3.6,10.5,32.8,-17.7,-32,-4.7,-5.9,-1.6,-3.1,-5.1,-5.4,-4.8,-7.6,1,93,87,-63,192,611,-405,-732,-70,-89,-29,-58,-84,-65,-45,-57,19,1838,1613,1730,1821,1859,2287,2289,1487,1507,1773,1877,1658,1213,940,751,1881
Minnesota,McLeod County,27085,2,4,3,-8.5,-34.6,-11.1,20.5,2.6,2.2,0.9,0.7,0,-2.8,5.4,9,6.1,50,103,77,-220,-1000,-283,380,59,54,27,18,0,-56,81,100,161,2471,2561,2521,2583,2889,2536,1854,2260,2415,2804,2613,2315,1974,1487,1116,2606
Minnesota,Mahnomen County,27087,3.9,12.9,14.1,-16.3,-37,-27.5,30.2,28.1,9.2,5,8.2,11,9.1,5.7,-3.7,-23.3,19,51,53,-70,-151,-115,70,64,23,17,30,34,27,13,-8,-117,487,402,377,432,407,419,234,228,248,337,369,312,306,235,225,502
Minnesota,Marshall County,27089,15,10.5,8.7,-8.5,-55.3,-35.3,16.4,15.1,5.1,-2.2,-2.6,-8.2,-7.1,-3.6,-5,-21.8,73,58,52,-56,-429,-280,69,67,27,-16,-20,-65,-43,-17,-22,-254,492,553,600,652,776,795,421,444,531,753,751,796,602,490,440,1164
Minnesota,Martin County,27091,12.4,10.1,3.8,-11.4,-41.8,-32.1,21.9,5.9,0.8,2.8,-1.7,-1.1,-0.1,2.6,1.2,2.7,138,115,48,-165,-686,-531,182,58,9,40,-32,-18,-2,26,10,65,1114,1140,1236,1440,1640,1653,831,989,1100,1440,1798,1619,1317,1011,846,2322
Minnesota,Meeker County,27093,12.1,10.9,9.1,-8.3,-40.9,-28.6,21.1,12.9,8.8,5.9,5.3,2.2,6.5,7,3.9,-1.9,181,163,138,-133,-739,-505,226,146,115,99,92,38,82,70,32,-37,1490,1488,1509,1604,1807,1761,1067,1129,1308,1685,1737,1677,1254,1000,824,1913
Minnesota,Mille Lacs County,27095,1.3,17.5,27.9,13.4,-26.3,-11.3,46.2,37.7,31.4,17.7,10.6,7.3,16.6,28.6,14,13,24,268,397,212,-483,-197,492,419,406,310,182,109,191,279,115,228,1891,1530,1421,1578,1831,1735,1064,1110,1291,1746,1704,1493,1153,975,819,1751
Minnesota,Morrison County,27097,2.7,6.2,5.6,-6,-35.9,-23.9,23.3,10,11.5,6.6,7,5.4,9.9,15.7,0.3,-0.8,62,128,122,-138,-974,-620,370,160,218,159,171,119,163,201,4,-22,2273,2060,2175,2310,2708,2586,1587,1591,1894,2404,2442,2190,1640,1282,1160,2652
Minnesota,Mower County,27099,-2.8,7,5.5,-2.2,-20.1,-15.2,11.8,8.8,3.2,-2.5,-0.2,-2.3,-1.9,-4.3,-4.4,-7.7,-85,184,135,-60,-554,-448,240,179,71,-71,-7,-58,-40,-69,-60,-328,3033,2614,2448,2688,2747,2939,2021,2040,2187,2766,2796,2517,2110,1594,1380,4248
Minnesota,Murray County,27101,24.3,12.8,8.8,-14.7,-50.5,-39.3,27.2,1.6,7.2,2,4.7,5.5,3,4.2,1.1,-6,105,58,44,-90,-353,-256,93,6,33,11,32,36,17,20,4,-66,433,455,497,612,698,652,342,374,461,586,678,658,563,469,407,1100
Minnesota,Nicollet County,27103,6.5,8.6,5.8,36.5,59.5,-24.7,-33.9,5,2,3,3,-2.7,1.1,0.2,0.7,7.2,135,166,106,715,1282,-767,-1068,86,35,67,69,-57,19,3,7,125,2070,1925,1834,1957,2154,3105,3147,1714,1763,2206,2249,2107,1750,1123,887,1736
Minnesota,Nobles County,27105,1,-4.6,-5.6,-1.9,-8.9,-8.3,11.5,3.4,1.5,-3.4,-3.9,-3.7,-3.1,-4.4,-8,-15.1,17,-72,-85,-28,-134,-133,129,40,19,-49,-63,-51,-34,-39,-61,-329,1758,1548,1498,1502,1503,1597,1122,1196,1263,1434,1616,1384,1094,891,756,2176
Minnesota,Norman County,27107,1.7,25.1,0.4,-12.5,-59.7,-39.2,14.7,16.8,-1.9,2,-3.5,-0.6,-4.6,1.5,-1.4,8.4,7,97,2,-62,-342,-209,42,51,-7,10,-19,-3,-18,5,-4,63,416,386,468,499,573,534,290,306,367,534,551,494,408,362,280,742
Minnesota,Olmsted County,27109,0,4.1,3.8,-4.8,-14.3,33.2,44.1,4.7,-1.8,1.1,2.2,1.9,-1.2,1,5.1,13,-10,413,351,-439,-1386,2875,3249,413,-167,127,242,175,-84,56,203,981,11111,10005,9210,9133,9647,8639,7366,8691,9226,10795,10841,8820,6876,5273,3956,7513
Minnesota,Otter Tail County,27111,7.6,11.7,10.9,-5.9,-42.9,-34.2,13,9.9,10.5,10.4,6.4,8.1,18.9,17.7,4.6,-0.4,243,341,355,-221,-1901,-1535,314,231,307,404,287,330,635,512,118,-29,3168,2917,3233,3727,4425,4478,2407,2320,2920,3854,4471,4073,3354,2889,2573,5869
Minnesota,Pennington County,27113,9.1,4.1,8.4,7.5,-9.6,-23.7,-3.4,11,2.6,6.6,-1.2,-4.5,0.2,-1.8,-6.3,8.8,81,36,72,63,-92,-275,-30,87,19,60,-13,-43,2,-11,-30,91,892,870,853,847,956,1162,887,795,744,916,1071,961,775,628,481,1031
Minnesota,Pine County,27115,5,21.5,22.9,-0.8,-29.2,-5.5,41.9,34.7,19.6,16.6,9.5,11.5,19.3,25.1,13.3,-13.5,85,329,343,-15,-611,-113,555,465,325,351,206,212,273,309,144,-319,1694,1528,1497,1798,2091,2039,1323,1339,1657,2119,2161,1838,1412,1231,1086,2362
Minnesota,Pipestone County,27117,0.8,14.2,8.1,-7,-42.1,-31.3,15.4,17,2.9,2.9,0.1,-0.3,1,-3.4,1.9,6.6,5,83,48,-47,-319,-244,62,76,15,19,1,-2,5,-14,7,69,675,585,591,676,758,780,401,447,514,683,727,633,506,411,368,1042
Minnesota,Polk County,27119,4,10.6,7.3,7.2,-7.3,-32.6,-12.6,16.5,8.1,4.4,0.6,-1.6,2.8,4.3,1.1,7.1,84,194,142,157,-176,-901,-237,233,138,97,14,-36,49,56,12,181,2079,1827,1937,2166,2401,2760,1877,1408,1696,2202,2332,2206,1707,1303,1073,2548
Minnesota,Pope County,27121,11.6,11.2,14.7,-15.7,-46.2,-29.4,24.4,24.9,13.3,1.6,4,9.9,10.5,21.5,16.1,-3.9,69,63,84,-112,-413,-260,112,110,70,12,34,78,71,111,70,-49,597,569,569,710,893,885,461,440,525,737,843,796,675,516,433,1237
Minnesota,Ramsey County,27123,-3.6,-12.2,-14.4,-0.7,21.9,15,-16.2,-21.3,-18.2,-12.5,-9.1,-8.4,-9.1,-12.2,-9,-3,-1388,-4511,-5235,-284,7996,5691,-6652,-8214,-6869,-4961,-3611,-2988,-2605,-2396,-1278,-976,37624,36715,36302,37427,36358,37723,40994,38461,37710,39545,39333,35375,28414,19590,14148,31629
Minnesota,Red Lake County,27125,14.9,25.7,4.5,-13.5,-54.1,-31.3,36.8,-3.1,14.3,9.9,-2.3,-1.2,5.4,3.8,-3.4,-32.9,37,63,11,-36,-184,-115,69,-7,27,27,-8,-3,13,7,-5,-164,253,247,248,268,340,367,187,222,187,279,349,297,238,186,173,498
Minnesota,Redwood County,27127,9.3,14.7,5.6,-9.6,-44.8,-34.8,10.9,3.9,-0.1,0.8,-2,-2.6,3,0.4,4.1,3,95,144,59,-110,-590,-456,77,31,-1,9,-24,-29,28,3,27,50,1015,980,1063,1141,1318,1310,704,800,944,1159,1187,1109,922,763,663,1631
Minnesota,Renville County,27129,-8.9,-1.8,1.6,-16.7,-50.1,-34.5,10.5,-1.9,0,0.6,3.3,-0.6,-0.1,4.3,-0.4,-2.2,-91,-18,17,-200,-699,-446,74,-16,0,8,44,-7,-1,31,-2,-38,1023,1003,1066,1201,1394,1292,709,804,937,1178,1320,1200,876,725,619,1685
Minnesota,Rice County,27131,3.9,18.3,15,46.7,47.5,-32.2,-32.6,25.4,18.6,9.2,1.3,3.9,1.3,4.9,8.4,12.9,159,656,542,1843,1995,-1844,-1872,781,655,394,58,144,39,107,142,425,4014,3579,3596,3943,4197,5719,5727,3072,3521,4280,4480,3673,2957,2170,1683,3285
Minnesota,Rock County,27133,2.3,14.2,12.8,-9,-48.7,-33.3,29.8,17,5,2.8,1.5,-0.2,3.7,4.1,8.3,14.7,15,89,76,-62,-370,-252,126,81,24,18,10,-1,21,17,26,132,686,629,596,692,760,757,423,476,478,649,695,651,562,424,319,897
Minnesota,Roseau County,27135,3.1,7.4,-2.7,-14.4,-56.4,-37.7,19.7,2.7,-2.4,-4.4,-1.2,-2.8,1.2,-3.7,-3.3,0.2,31,76,-33,-188,-840,-463,142,25,-28,-62,-16,-30,10,-26,-17,3,998,1035,1226,1305,1488,1228,723,915,1155,1416,1333,1088,809,707,516,1048
Minnesota,St. Louis County,27137,5.2,6,-1.4,20.1,32,-24,-25.8,1.8,1.6,2.1,1.1,0,-0.9,-0.9,-0.5,-2.4,563,615,-159,2428,4257,-3954,-3807,186,187,301,185,6,-118,-88,-36,-398,10738,10179,10816,12038,13280,16423,14721,10196,11069,13860,15751,15779,12514,8847,6885,16349
Minnesota,Scott County,27139,5.2,20.5,26.6,1.9,-22.5,44.3,147,74.8,31.1,12.8,11.2,13.3,12.8,12.5,20.4,52.8,547,1986,2290,166,-1644,2542,5867,4632,2692,1289,918,777,566,398,397,1391,10433,9649,8585,8370,7296,5735,3991,6185,8640,10002,8176,5832,4394,3174,1938,2630
Minnesota,Sherburne County,27141,8.8,25.5,30.5,9.5,-1.8,19.5,50.1,54.4,28.7,16.4,10.6,12.6,11.2,13.7,15.5,66.9,570,1517,1706,540,-103,979,2150,2384,1577,1035,575,519,361,297,226,1243,6480,5930,5595,5669,5528,4997,4291,4377,5495,6279,5387,4107,3200,2163,1456,1857
Minnesota,Sibley County,27143,10,16,3.5,-17.6,-45.5,-27,23.5,7.2,2,1.4,0.3,1.2,0,-2.7,-1.8,-10.3,98,155,37,-206,-574,-313,179,58,18,17,3,12,0,-18,-10,-148,979,969,1056,1167,1261,1157,760,807,907,1226,1164,1013,781,649,559,1427
Minnesota,Stearns County,27145,4.2,8.7,8.7,38.3,67.2,-18.2,-37.1,2.2,2.8,4,3.9,2.5,5.4,7.8,9.6,0.5,412,782,770,3532,6624,-2411,-5378,181,255,404,390,214,361,362,369,45,9678,8893,8806,9222,9846,13179,14482,8082,8822,10093,9823,8563,6628,4620,3808,8871
Minnesota,Steele County,27147,-1.6,9.4,11,-5,-34.7,-10.2,19.3,13.1,9.1,2,-1.1,-0.4,2.2,1.5,7.5,11.8,-47,231,264,-129,-945,-266,353,258,211,56,-29,-11,40,21,84,281,2806,2451,2402,2567,2723,2616,1825,1974,2304,2753,2629,2454,1805,1339,1117,2381
Minnesota,Stevens County,27149,13.5,9.9,-1.4,81.7,95.9,-56,-61.6,3.8,7.6,-5.6,-10,-4.8,-6,-5.1,3.5,-7.1,73,51,-8,429,613,-689,-801,15,32,-32,-70,-31,-29,-19,9,-73,543,517,554,525,639,1229,1300,408,433,581,705,642,485,375,276,1017
Minnesota,Swift County,27151,-4,-0.3,-10.3,-14.3,-41.2,-35.9,-18.2,-28.6,-26.7,-27.8,-21.8,-17.8,-3.8,-5,-6.5,-7.8,-24,-2,-68,-109,-315,-287,-113,-197,-219,-273,-223,-146,-25,-23,-28,-95,602,595,663,762,765,798,620,691,820,979,1023,822,661,464,429,1203
Minnesota,Todd County,27153,10.8,15.3,15.2,0,-38.7,-39.3,11.8,14.4,14.9,6.6,4.2,5.1,13.3,11.7,3.6,-17.2,170,220,227,0,-775,-873,135,160,180,116,78,89,178,139,36,-402,1572,1438,1491,1754,2001,2219,1138,1106,1207,1762,1854,1751,1332,1185,995,2337
Minnesota,Traverse County,27155,-9.2,12.9,8.5,-17.6,-58.2,-47.9,18,-3.6,0.5,1,-5.8,8.9,-7.9,4.3,8.9,-9.3,-18,22,19,-47,-195,-144,24,-5,0,2,-16,22,-15,7,14,-58,199,174,229,267,336,301,135,163,183,250,279,254,191,184,157,623
Minnesota,Wabasha County,27157,4.3,8.7,7.5,-13,-45.7,-31.8,18.8,15.7,8.8,1.5,1.6,2.4,4.1,7.3,0.4,-5.6,56,113,95,-211,-826,-540,188,166,116,25,27,37,55,74,4,-103,1314,1299,1267,1625,1805,1699,1000,1056,1317,1695,1672,1552,1328,1001,868,1817
Minnesota,Wadena County,27159,-0.9,5.5,2.4,0.9,-40.5,-31.1,-2.3,19.3,6.2,9.4,1.6,4.4,13.3,22.1,14.5,24.7,-8,45,22,9,-436,-314,-16,115,43,86,15,39,92,134,76,307,950,831,900,955,1077,1008,703,596,686,913,975,907,698,606,527,1239
Minnesota,Waseca County,27161,4.5,5.2,-3.4,-18.4,-31.2,-7.6,14.8,-6.5,-8.2,-10.8,-7.6,-8.3,-3.9,-1.2,0.4,6.3,54,65,-47,-243,-455,-106,177,-83,-109,-174,-122,-117,-44,-9,2,88,1200,1231,1358,1316,1455,1393,1199,1265,1330,1616,1604,1410,1120,736,589,1386
Minnesota,Washington County,27163,9.3,26.4,18.5,-3.5,-29.1,3,59.6,39.1,16.4,6.3,2.5,0.2,-2.8,-6.5,2.4,36.3,1349,3767,2941,-607,-4873,430,5342,4415,2616,1231,490,33,-378,-593,137,2796,14426,14236,15888,17134,16723,14275,8955,11273,15862,19396,19005,15870,13072,9029,5719,7683
Minnesota,Watonwan County,27165,7,-3.8,-10.8,-13.3,-38.6,-32.3,3.1,2.4,-1.2,0.3,-4.9,-3.2,0.2,0.7,-2.4,-3.8,53,-29,-95,-120,-346,-291,19,14,-7,2,-43,-27,1,3,-11,-46,750,762,885,902,896,901,621,590,647,733,892,831,575,499,457,1205
Minnesota,Wilkin County,27167,13.5,2.8,5.4,-15.9,-51.5,-40.1,-2.8,15.5,-7,0.2,-8.1,-1.2,-5.1,-3.9,-2,21.9,45,11,25,-83,-315,-223,-9,47,-30,1,-51,-5,-20,-11,-5,113,336,400,465,522,611,557,321,308,439,552,634,463,386,294,251,514
Minnesota,Winona County,27169,0.6,2.4,-3.3,74.6,122.7,-41.2,-56.6,-12.3,-2.6,-2.5,-0.4,-1.4,-1.8,1.9,1.3,-1.1,16,62,-97,2278,4064,-2161,-3452,-340,-72,-84,-15,-48,-51,37,20,-41,2771,2603,2907,3053,3310,5243,6093,2768,2731,3309,3533,3337,2695,1878,1519,3419
Minnesota,Wright County,27171,5.8,27.9,30.2,5.3,-28.9,19.4,109.5,67.2,33.1,17.4,11.5,11,12.2,14.7,16.5,29,603,2380,2335,419,-2290,1325,4901,3790,2416,1484,868,650,573,510,406,1125,10395,8525,7712,7856,7911,6833,4475,5639,7291,8488,7530,5901,4667,3453,2458,3875
Minnesota,Yellow Medicine County,27173,6.3,6.5,8.3,-5.5,-38.9,-32.7,6.1,8.6,16.3,-5.3,0.2,0.4,-2.4,-0.8,-3.4,-12,40,39,54,-39,-334,-300,30,40,85,-41,2,3,-13,-4,-15,-151,640,607,659,721,858,918,491,470,525,783,851,744,560,494,441,1251
Mississippi,State Total,28000,-1.3,-1,-2,1.1,-0.7,-10.8,-10,-0.6,0.6,1.1,2,2.9,5.6,8.2,6.1,-3.8,-3067,-2238,-4444,2415,-1500,-24671,-21344,-1200,1242,2345,4144,5337,8442,9130,5455,-6650,221545,209596,212692,219131,214287,227624,211836,190226,187108,207197,204397,180222,150130,110193,88158,171707
Mississippi,Adams County,28001,1.5,-11.2,-18.5,-18.2,-27.5,-21.3,1.7,6.1,11.3,4.8,1.9,0,4.3,1.4,-0.7,-9.6,31,-242,-450,-462,-722,-561,33,112,201,111,51,0,80,20,-9,-259,2047,2157,2425,2529,2617,2631,1954,1837,1768,2319,2655,2483,1845,1412,1244,2680
Mississippi,Alcorn County,28003,9.4,10.7,8.6,1.6,-10.7,-2.1,9.7,9.4,5,8,5.4,8.3,7.8,13.8,15,6,222,246,201,37,-241,-47,211,213,117,192,133,179,161,233,188,140,2344,2297,2325,2317,2251,2255,2177,2245,2302,2382,2424,2154,2072,1687,1255,2329
Mississippi,Amite County,28005,14,-1.5,-6.2,-16,-32.2,-36.1,-5.4,-6.5,-0.9,3.4,14.7,9.9,5.6,15.6,11.9,-8.4,112,-12,-52,-157,-333,-392,-40,-46,-7,31,146,93,44,104,63,-93,799,794,831,980,1032,1086,739,708,801,899,994,947,794,666,531,1103
Mississippi,Attala County,28007,-2,3.5,6.5,-7.8,-27.5,-26.6,-8.9,0.6,2,1.6,7.6,6.8,11.8,8,15,7.9,-31,47,85,-110,-408,-395,-107,7,24,19,95,79,126,71,106,116,1554,1349,1315,1409,1483,1483,1194,1100,1238,1236,1259,1157,1069,885,708,1461
Mississippi,Benton County,28009,5.1,4.8,-1.2,-3.1,-12.3,-9.9,-8.9,9.5,22.2,22.3,22.8,22.7,31.2,31,0.6,-15.1,29,27,-7,-19,-70,-58,-51,45,109,119,117,96,128,99,1,-106,566,579,614,614,569,585,578,476,490,533,514,426,410,321,316,700
Mississippi,Bolivar County,28011,-13.8,-23.1,-25.2,-19.1,-9.5,-37.5,-48,-26.7,-21,-12.7,-7,-6,-4.5,-4.9,1.8,-9.8,-427,-705,-794,-625,-329,-1519,-1868,-715,-527,-329,-173,-143,-94,-69,17,-195,3081,3043,3153,3259,3446,4049,3886,2675,2504,2594,2442,2367,2085,1422,942,1980
Mississippi,Calhoun County,28013,7.8,4,-1.1,-4.2,-23.5,-17.2,-0.7,-2.8,-1.5,3.2,2.7,5.5,4.8,6.1,9.8,-13.3,79,40,-11,-43,-254,-191,-5,-27,-15,32,28,52,40,42,52,-175,1018,999,1019,1014,1082,1113,809,971,1011,980,1014,944,838,689,536,1311
Mississippi,Carroll County,28015,5.3,15.8,-1.1,-8.7,-29.1,-29.4,-16,8.2,0,3.3,8.8,5.4,12.4,10.5,1.2,-17.5,33,85,-6,-63,-228,-239,-115,47,0,25,72,41,83,60,5,-150,627,543,616,727,785,814,720,580,659,761,812,757,671,571,459,857
Mississippi,Chickasaw County,28017,-6,-15.6,-18.8,-18.5,-31.7,-26.1,-18.5,-16.1,-13.5,-11.4,-11,-4.5,3.4,-1.5,-8.5,-22.3,-84,-232,-292,-293,-500,-381,-226,-192,-175,-162,-150,-53,33,-12,-58,-320,1392,1488,1547,1582,1574,1459,1220,1198,1289,1414,1369,1191,958,772,685,1430
Mississippi,Choctaw County,28019,-10.8,10.9,-10,-15,-45.7,-48.3,-18.5,-2.6,-7.9,-5.3,-2,-9.9,2.6,7.9,2.4,-27.6,-68,55,-68,-102,-359,-401,-106,-13,-42,-37,-12,-69,14,34,9,-240,632,504,684,677,784,829,575,492,533,699,645,694,538,430,373,869
Mississippi,Claiborne County,28021,-21.5,-21,-25.1,14.9,23.2,-63.5,-68.9,-23.4,-8.1,-13.9,-6,7.5,1.5,15.7,-2.3,-22.5,-169,-166,-210,129,202,-915,-1275,-149,-44,-95,-43,51,7,45,-7,-147,786,790,839,867,872,1440,1849,635,545,685,715,689,504,290,327,653
Mississippi,Clarke County,28023,-0.4,-2.4,-7.2,-15.4,-33.1,-28.9,-14.8,-3.7,-5.3,-4.4,-3.5,-0.5,5.9,11.5,4.1,-16.1,-4,-29,-91,-214,-436,-383,-153,-38,-58,-55,-46,-6,60,89,27,-228,1128,1178,1261,1391,1315,1327,1033,1033,1099,1237,1305,1155,1025,772,652,1412
Mississippi,Clay County,28025,-1.9,-7.8,-10.3,-13.2,-28.4,-31.4,-20.2,-11.1,-7,-4.2,-1.7,-4.1,5.3,11.2,1.8,-5.4,-29,-118,-177,-239,-500,-578,-315,-152,-89,-62,-28,-61,62,84,12,-81,1520,1521,1718,1799,1762,1841,1555,1372,1273,1481,1615,1468,1184,747,693,1481
Mississippi,Coahoma County,28027,-13.1,-23.9,-24.6,-17.1,-30.9,-39,-27,-18.1,-13.2,-13.1,-9.3,-11.5,-5.6,-4.5,-8.8,-21.5,-332,-639,-705,-477,-866,-1089,-562,-332,-224,-263,-184,-205,-77,-45,-74,-402,2533,2671,2861,2777,2803,2789,2079,1829,1696,1994,1983,1789,1369,994,834,1869
Mississippi,Copiah County,28029,-5.9,-5.3,-2.7,18.4,-3.8,-37.1,-19.6,-2.8,5.1,2.4,3.1,8.7,7.6,13.2,11.9,-7.5,-139,-114,-54,386,-85,-1061,-427,-48,82,51,68,159,115,146,102,-147,2358,2135,1985,2099,2228,2856,2177,1714,1604,2051,2154,1818,1505,1108,858,1937
Mississippi,Covington County,28031,-6.4,-6.7,-9.1,-7.6,-21.6,-19.1,-5.3,-10.3,-4.1,4.1,-2.4,8.5,11.7,10,12.4,33.8,-101,-99,-139,-124,-330,-295,-65,-128,-53,53,-33,97,113,80,80,336,1580,1462,1522,1626,1529,1537,1226,1239,1285,1290,1387,1140,964,803,642,992
Mississippi,DeSoto County,28033,6.8,39.8,56.7,33.9,6.7,49.6,94.6,58.9,42.3,30.2,27.6,27.8,27.4,23.1,25.6,39.7,768,3638,4903,2992,562,3453,5746,4816,3607,2826,2254,1904,1653,1071,844,1813,11230,9136,8640,8804,8355,6952,6068,8168,8516,9348,8144,6850,6023,4626,3290,4559
Mississippi,Forrest County,28035,-8.5,-10.9,-10.3,19.2,85.7,2.2,-47.6,-20.7,-8.5,-2.5,-1.5,-0.9,5.7,6,10.5,5,-522,-588,-538,973,4022,143,-4540,-1162,-397,-121,-72,-38,193,150,187,190,6114,5375,5214,5058,4688,6453,9537,5617,4660,4749,4637,3879,3335,2512,1772,3791
Mississippi,Franklin County,28037,-9,7.7,6.6,-10.7,-42.8,-30.6,-3.9,1.8,1.5,-4.5,0.4,0.3,11.5,13.6,10.5,-18.7,-56,40,38,-60,-301,-224,-18,8,7,-26,2,2,48,44,33,-135,627,523,574,564,704,731,460,470,462,575,647,604,422,326,315,720
Mississippi,George County,28039,-4.9,-2,12.8,3.6,-7.2,-3.7,15.3,19.9,17.2,18.1,16.4,22.6,20.9,31.5,27.7,19,-88,-34,198,59,-108,-52,187,265,221,252,215,230,219,246,172,165,1794,1646,1540,1652,1488,1410,1225,1327,1280,1390,1311,1019,1048,779,620,867
Mississippi,Greene County,28041,8.8,15.9,-5.2,-6.9,18.7,34.5,-3.8,-1.3,0.2,8.7,1.6,5.3,9.4,6,9.8,-2.3,68,119,-50,-61,155,327,-50,-15,3,90,16,43,64,32,38,-15,776,750,965,890,831,945,1316,1163,1046,1031,994,811,680,535,386,626
Mississippi,Grenada County,28043,-7.1,-3.3,-8.3,-9.8,-31.5,-22.3,-13.1,-2.9,0,-5.4,-0.3,1.6,7.1,9,3.2,-3.2,-115,-48,-139,-178,-576,-368,-190,-41,0,-90,-5,23,88,85,24,-49,1616,1475,1661,1824,1827,1644,1441,1401,1503,1668,1618,1449,1234,945,760,1491
Mississippi,Hancock County,28045,11.8,7.2,4.9,0.9,-24.2,-11.3,13.9,12,3.8,3.9,7.3,4.3,5.5,3.6,-4.5,-26.8,301,193,137,27,-771,-315,292,290,103,128,242,129,148,79,-82,-964,2537,2662,2803,3008,3186,2770,2098,2408,2709,3214,3284,2952,2665,2195,1809,3592
Mississippi,Harrison County,28047,2.4,-13.3,-15,-6.4,8.1,-0.3,-11.3,-13,-12,-8.1,-5.2,-4.5,-4,0.2,-4.7,-17.4,339,-1943,-2112,-910,1090,-49,-1624,-1763,-1634,-1237,-750,-547,-405,14,-273,-1939,13983,14520,14079,14110,13305,14470,14369,13517,13555,15137,14269,12062,9967,7072,5791,11130
Mississippi,Hinds County,28049,-3.5,-7.4,-8.3,0.2,6.6,-11.1,-20.9,-15.3,-11.4,-6.9,-6.3,-8.7,-9.4,-8.4,-9.4,-23.9,-692,-1430,-1624,53,1268,-2382,-4386,-2776,-1909,-1270,-1175,-1438,-1212,-750,-653,-3814,19409,19202,19536,19920,19069,21357,20967,18104,16681,18202,18403,16525,12793,8839,6923,15897
Mississippi,Holmes County,28051,-10.6,-22.8,-16.3,-10.6,-23.7,-48.1,-32.8,-18.5,-7.6,-6.5,-5.2,1.4,1.2,12.2,-7,-17.4,-207,-428,-285,-215,-465,-1108,-530,-231,-87,-90,-74,16,11,80,-45,-230,1943,1877,1744,2016,1963,2300,1613,1248,1139,1393,1416,1154,876,654,636,1321
Mississippi,Humphreys County,28053,-12.6,-23.7,-29.7,-30.2,-41.8,-39.3,-31.9,-24.4,-19.5,-8.8,-3,-9.1,-8.5,7.6,-4.3,-25.3,-128,-234,-271,-311,-437,-442,-245,-160,-138,-63,-23,-58,-43,25,-12,-178,1021,988,912,1029,1046,1125,767,658,705,715,753,638,507,329,300,702
Mississippi,Issaquena County,28055,-14.4,-13.5,-47.1,-35.6,-39,-31.2,-59.2,-47.5,-57,-36,-37.7,-25.7,-26,-34.6,-30.9,-56.2,-12,-12,-64,-64,-77,-60,-103,-77,-100,-67,-67,-34,-23,-31,-27,-104,84,91,136,179,197,192,175,162,176,186,179,135,90,91,89,185
Mississippi,Itawamba County,28057,0.3,6.7,3.9,23.3,0.5,-26.1,-11.4,5.4,1.1,3.4,2.3,5,5,13.4,10.2,6.2,5,94,56,386,8,-465,-168,79,18,55,34,69,63,142,84,91,1481,1388,1438,1655,1527,1784,1468,1470,1524,1581,1498,1360,1244,1054,826,1467
Mississippi,Jackson County,28059,8.1,7.6,3,-4.3,-18,-6.9,9.4,9.2,5.2,2.2,0.6,-0.4,2.3,1.6,3.8,-1,745,703,293,-450,-1869,-674,799,779,471,236,62,-36,173,95,172,-69,9107,9187,9605,10371,10376,9717,8442,8471,9045,10435,10327,8832,7533,5703,4441,6868
Mississippi,Jasper County,28061,-11.3,-16.3,-10.2,-14.7,-33.3,-32.2,-20,-9.4,-2.7,-2.2,3,7.9,11.1,15.9,10.8,-20.2,-145,-209,-135,-218,-457,-482,-233,-102,-30,-28,39,89,106,114,72,-294,1287,1278,1317,1475,1371,1494,1165,1087,1132,1230,1311,1122,961,720,661,1449
Mississippi,Jefferson County,28063,-21.3,-28.9,-33.9,-26.7,-24.6,-35,-39.9,-24.9,-22.7,-16.9,-19.7,-13.6,-11.3,-5.1,-9.2,-31.9,-135,-199,-252,-202,-199,-300,-341,-149,-138,-126,-160,-86,-49,-16,-26,-204,636,688,743,755,812,855,856,598,609,743,813,630,432,314,288,638
Mississippi,Jefferson Davis County,28065,-13.2,-14.7,-19.3,-18.6,-31,-41.9,-25.6,-7.5,-0.7,-4.6,2.7,-1.5,9.2,12,12.3,-21.9,-128,-120,-204,-207,-341,-481,-238,-61,-5,-40,26,-13,71,72,57,-243,970,815,1055,1114,1100,1148,929,815,804,888,961,881,768,602,464,1106
Mississippi,Jones County,28067,-5.1,-1.9,0.2,8.1,-2.3,-13.2,-8.6,-2.4,4.9,-2.4,4.4,1.2,6.1,12.8,3.3,-5.5,-283,-95,10,371,-105,-693,-381,-102,195,-109,205,53,218,336,76,-258,5534,4983,4697,4553,4575,5244,4437,4141,3974,4531,4636,4138,3549,2604,2257,4659
Mississippi,Kemper County,28069,17,2.2,-9.6,15,-3.3,-35.4,-23.7,7.9,-0.1,13.2,0.9,7.8,11.1,11.5,7,-16.5,105,14,-70,112,-24,-351,-187,49,-1,86,6,52,62,46,27,-152,618,647,730,745,723,991,786,618,613,648,714,662,561,406,383,916
Mississippi,Lafayette County,28071,5.1,10.2,6,135,345.5,-9.9,-61.1,-15.2,2,6,8.2,13.3,20.3,28.3,27.3,36.4,128,236,131,2910,6977,-419,-4565,-460,47,143,194,270,336,340,253,587,2505,2320,2173,2155,2018,4212,7463,3015,2289,2375,2355,2025,1653,1203,928,1609
Mississippi,Lamar County,28073,10.6,29.5,31.1,23,57,50.6,34.9,43.8,24.2,20.6,19.6,12.6,24.4,33.6,33.5,34.9,420,934,936,716,1714,1520,1053,1203,686,645,573,331,503,490,383,643,3946,3165,3004,3107,3005,2999,3015,2743,2830,3122,2917,2617,2060,1455,1144,1838
Mississippi,Lauderdale County,28075,-1.9,-4.1,-7.2,0.5,-4.1,-7.5,-2.4,-5.7,0.6,-0.7,3.1,3,6.8,11.1,10,6.7,-115,-241,-419,34,-230,-451,-123,-308,30,-44,169,153,274,325,241,335,6018,5776,5816,5925,5621,6017,5058,5376,5045,5544,5394,5062,4002,2928,2419,4997
Mississippi,Lawrence County,28077,5.4,-1.1,-8.3,-15,-25,-22.1,-11.4,-0.7,0.8,-2.2,-0.1,3.9,5.5,20.4,4.8,-16.3,50,-10,-78,-155,-248,-238,-92,-5,6,-21,-1,35,37,103,24,-152,927,894,934,1029,994,1073,806,804,777,968,995,880,686,505,497,930
Mississippi,Leake County,28079,-2.3,6,26.4,38.8,-4.9,-2,-1.8,8.3,-1,3.1,11.5,4.1,13.6,16.6,17.2,-4.8,-46,109,419,624,-74,-32,-27,112,-14,44,155,54,144,133,108,-72,2017,1788,1586,1607,1502,1590,1450,1346,1394,1407,1350,1313,1057,800,631,1480
Mississippi,Lee County,28081,2.4,3.1,3.6,-2.9,-17.9,5.7,24.8,6.8,0.3,-0.8,-0.6,1.7,3.5,11.7,12,30.7,149,189,213,-178,-1041,306,1097,363,20,-50,-38,85,145,345,287,1108,6147,6032,5869,6014,5801,5283,4413,5338,5433,6135,5699,4815,4159,2929,2389,3607
Mississippi,Leflore County,28083,-11.7,-16,-26.6,-19.6,-13.3,-28.7,-38.1,-28.4,-24,-16,-11.3,-8.5,-11,-10.1,-5.4,-14.9,-359,-466,-832,-631,-416,-967,-1360,-762,-576,-410,-277,-185,-183,-123,-50,-329,3062,2898,3120,3209,3128,3366,3571,2680,2396,2549,2457,2159,1670,1217,923,2200
Mississippi,Lincoln County,28085,-1.2,7.9,4.1,2.9,-19.4,-14.2,-0.5,5.9,5.5,3.3,4.2,5.6,8.3,8.2,11.6,4.9,-33,178,99,75,-457,-361,-11,125,111,78,102,121,156,110,118,109,2673,2236,2427,2505,2356,2533,2146,2129,2000,2373,2421,2164,1872,1338,1017,2211
Mississippi,Lowndes County,28087,-2.3,-8.8,-14,-13.1,-4.4,-10.1,-23.6,-15.1,-10.5,-10.4,-4.2,-2.9,0.5,0.8,5.4,-2.1,-102,-392,-699,-661,-215,-476,-1105,-637,-453,-489,-192,-114,19,20,94,-76,4429,4430,4973,5036,4868,4672,4672,4208,4320,4684,4531,3861,3217,2311,1738,3567
Mississippi,Madison County,28089,3.3,17.6,19.1,9.6,-4.2,24.9,38.3,18.5,20.9,16.1,14,20,27.8,30.9,41.2,452.9,233,1070,1166,591,-252,1322,1774,1013,1172,1041,861,1024,1052,721,652,3746,7024,6055,6096,6148,5930,5294,4631,5464,5594,6447,6118,5099,3772,2333,1579,827
Mississippi,Marion County,28091,-2.1,2.4,1.1,-5,-20.7,-12,1,3.2,9.4,8.3,8,11.4,12.9,22.5,31.8,15,-46,45,21,-95,-424,-247,18,52,143,147,139,186,172,209,228,245,2138,1876,1846,1903,2042,2049,1660,1603,1530,1763,1733,1626,1327,928,715,1624
Mississippi,Marshall County,28093,-6.2,-7.5,-7.5,5.7,-4.1,-12,-18.3,2.6,7.3,8.2,15.3,17.7,14.2,9,11.2,4.3,-170,-189,-193,147,-110,-333,-530,60,169,215,400,393,264,131,118,80,2726,2509,2561,2566,2650,2774,2896,2267,2306,2616,2614,2208,1857,1461,1049,1858
Mississippi,Monroe County,28095,-0.8,-1.8,-5.5,-9.9,-25.8,-25.8,-6,-6.6,-3.8,-0.7,-0.2,2.6,7.2,10.9,7.5,-9.3,-22,-45,-144,-295,-752,-760,-132,-163,-95,-19,-6,60,157,174,104,-262,2591,2492,2618,2978,2907,2938,2202,2452,2486,2635,2691,2315,2171,1589,1389,2790
Mississippi,Montgomery County,28097,-8,-8.8,-16.1,-13.1,-37.6,-34.5,-19.4,-10.5,-2.9,-2.4,-5.4,0,16.5,7.3,-0.3,-22.2,-68,-70,-136,-123,-348,-326,-134,-67,-21,-19,-45,0,97,39,-1,-250,843,792,842,943,925,944,691,635,712,821,832,784,588,534,425,1122
Mississippi,Neshoba County,28099,0.7,-1.6,-1.1,-6.8,-16.7,-16.9,8.2,-4.2,0,0.1,5.8,5.3,10.4,6.1,-0.5,-12.6,18,-41,-27,-153,-357,-376,144,-80,0,3,107,93,155,68,-5,-269,2564,2462,2306,2255,2140,2216,1750,1883,1794,1931,1844,1756,1485,1102,940,2132
Mississippi,Newton County,28101,-11.7,-3.6,-6.8,11.7,-16.2,-32.9,-14.3,1.5,4.1,-0.7,3,-0.5,3.1,7.4,0.4,-13.1,-211,-61,-110,192,-249,-607,-216,21,55,-10,43,-7,37,65,3,-228,1795,1684,1620,1646,1536,1847,1512,1388,1317,1415,1428,1314,1188,882,748,1739
Mississippi,Noxubee County,28103,-9.1,-17.3,-12.7,-19,-23.7,-32.2,-25.2,-10.8,-7.9,-8.9,0.4,-2.5,-4.7,3.1,2.9,-23,-87,-171,-135,-202,-259,-354,-214,-84,-58,-78,4,-19,-28,13,11,-212,961,989,1059,1064,1090,1098,849,780,732,873,931,760,610,435,377,920
Mississippi,Oktibbeha County,28105,-8.7,-11.9,-16.1,114.4,340.3,-15,-71.7,-31.3,-13.9,0.4,1.2,7.7,0,1.7,5.4,3.7,-267,-331,-429,2733,8381,-738,-6661,-1008,-333,10,30,160,0,23,53,71,3076,2780,2664,2387,2462,4905,9290,3212,2392,2437,2505,2083,1736,1331,996,1886
Mississippi,Panola County,28107,-5.2,-9.7,-4.7,-2.8,-21.3,-27.3,-9.7,-0.3,0.9,5.3,9.2,6.4,9.9,12,11.1,-10.3,-147,-270,-130,-79,-605,-805,-226,-7,19,129,215,132,171,151,113,-213,2793,2776,2756,2776,2830,2948,2314,2199,2157,2448,2321,2061,1724,1253,1021,2059
Mississippi,Pearl River County,28109,0,12.9,8.6,11.7,-6.7,-14.9,10.1,20.6,19.6,16.1,16.8,20.1,24.1,26.7,18.8,5,1,423,305,430,-247,-565,296,581,591,556,569,634,682,592,325,153,3955,3281,3538,3667,3665,3776,2923,2823,3017,3452,3382,3144,2825,2214,1726,3056
Mississippi,Perry County,28111,-1.9,-6.9,-8.4,-8.6,-23,-27.6,-10.4,-4.7,2.5,5.8,2.5,9.5,12.9,16.4,16,-0.1,-17,-57,-82,-87,-201,-274,-87,-38,19,49,22,71,84,82,66,-1,909,829,968,1010,875,992,835,796,771,850,881,752,653,502,413,653
Mississippi,Pike County,28113,-6.5,-3,-1.8,-1.3,-16.4,-22.7,-2.5,3.8,7.1,4.8,4.7,5.5,5.4,21.1,12.5,1.6,-222,-95,-56,-43,-455,-742,-63,88,160,127,128,142,116,297,152,43,3406,3145,3006,3152,2775,3269,2511,2296,2251,2609,2687,2593,2141,1405,1216,2584
Mississippi,Pontotoc County,28115,2.2,14.8,12.7,0.8,-14.2,2,19.2,12,5.3,8.7,3.2,7.4,4.7,10.5,11.3,-9.3,49,294,253,18,-299,39,303,212,102,184,62,124,71,108,98,-176,2211,1982,1990,2097,2107,1917,1574,1766,1928,2104,1924,1661,1501,1027,860,1882
Mississippi,Prentiss County,28117,-1.2,1,-9.9,7.2,9.5,-30,-21.8,-6.7,-4.3,1.3,4.6,2.1,5,3.9,7.3,-14,-20,16,-178,130,167,-638,-401,-107,-76,22,77,32,71,45,68,-284,1708,1581,1791,1805,1750,2125,1839,1601,1753,1699,1654,1500,1399,1162,929,2016
Mississippi,Quitman County,28119,-16.1,-19.4,-28.8,-31.1,-39.9,-38.9,-31.9,-23.1,-20,-5.7,-4.7,4.7,5.9,5.4,-8.2,-31,-114,-139,-245,-295,-371,-315,-215,-143,-125,-35,-30,25,26,18,-26,-221,706,718,851,950,928,808,672,621,623,618,640,543,438,345,323,711
Mississippi,Rankin County,28121,1.8,13.1,17.5,8.3,0.7,32.2,47.9,21.4,10,5.3,5.8,6.4,7.1,12.8,10.3,3.6,184,1167,1478,676,60,2663,3473,1870,904,519,533,528,508,623,383,227,10053,8879,8402,8071,8275,8262,7237,8721,9019,9736,9185,8165,7074,4869,3703,6295
Mississippi,Scott County,28123,-7.9,-6.5,-10.2,-9.8,-13.3,-9.5,-1,-3.6,-6.2,-3.7,-5.2,-3.2,-2.3,-1.9,-10.7,-21.8,-206,-147,-225,-229,-301,-210,-19,-67,-114,-76,-106,-55,-36,-20,-104,-441,2593,2246,2191,2317,2265,2195,1880,1881,1852,2008,2019,1723,1580,1067,966,2021
Mississippi,Sharkey County,28125,-28,-36.3,-39.8,-37.6,-47.9,-51.3,-48.3,-27.1,-17.9,-13.8,-13.6,-13.8,-12.3,-17.5,-17.5,3.2,-135,-182,-234,-228,-276,-318,-231,-99,-60,-56,-67,-62,-41,-37,-31,12,485,502,588,607,576,619,479,366,339,406,492,447,335,213,180,365
Mississippi,Simpson County,28127,4.8,4.7,-6.1,-8.6,-25.5,-16.9,-11.8,-3.7,-3.6,-0.2,3.8,6.6,7.4,10.3,5.8,-11.2,96,93,-125,-190,-557,-345,-215,-66,-61,-4,76,115,112,111,52,-211,1975,1957,2046,2192,2182,2032,1813,1772,1683,1953,1963,1740,1515,1083,902,1883
Mississippi,Smith County,28129,7.8,17.1,2.5,-8.9,-23.7,-24.4,-1.4,-1.1,7.2,-0.6,8.5,12.8,11.7,16.2,8.5,-12.2,84,171,30,-112,-300,-292,-13,-12,72,-7,96,126,102,114,52,-142,1076,996,1178,1259,1266,1196,919,1053,996,1117,1125,986,874,705,610,1160
Mississippi,Stone County,28131,7.2,18.4,25.4,58.5,25.2,-10.7,9.1,30.1,40.5,32.7,25.7,30.5,43,35.1,35.3,23.9,82,182,248,607,263,-130,93,259,333,325,236,262,311,189,149,159,1131,986,976,1036,1045,1207,1025,862,820,996,918,856,724,539,423,664
Mississippi,Sunflower County,28133,-5.2,-17.6,-24.1,-16.5,-9,-21.3,-31,-27.2,-24.1,-16.6,-17.1,-13,-8.2,-5.7,0.3,-18.1,-123,-417,-604,-441,-242,-704,-1037,-726,-621,-431,-422,-283,-115,-57,2,-295,2344,2359,2509,2663,2660,3307,3342,2668,2569,2591,2465,2178,1402,996,707,1629
Mississippi,Tallahatchie County,28135,-0.9,-11.5,-14.5,-17.9,1.6,4.9,26.6,28,20.1,9.6,0.1,-0.3,-2.3,-4.1,-6.2,-30.8,-10,-111,-158,-237,22,61,261,247,179,94,2,-2,-17,-23,-31,-349,1072,968,1087,1318,1340,1235,981,881,888,983,1013,898,746,570,507,1133
Mississippi,Tate County,28137,7.5,8.5,17.4,33.9,1.8,-27.8,-7.2,16.6,19.5,10.5,9.4,12.9,20.1,17.6,10.4,-3.5,142,167,314,648,36,-653,-129,253,302,199,169,205,288,185,85,-52,1884,1950,1802,1909,1987,2342,1789,1519,1548,1889,1798,1589,1429,1054,818,1459
Mississippi,Tippah County,28139,0.2,-0.8,13.2,5.7,-4.4,-16,-3.4,2.9,4.2,10,5.6,6.3,13.4,18.8,6.3,-1.4,4,-13,181,82,-66,-247,-49,39,61,147,80,81,147,172,46,-20,1626,1621,1367,1447,1484,1543,1423,1347,1442,1467,1408,1283,1099,914,734,1377
Mississippi,Tishomingo County,28141,5.7,9.1,15.2,-1.5,-18.7,-18.1,7.4,4.7,6.2,7.4,0.6,10.8,15.5,16.7,8.3,0,65,100,177,-19,-227,-217,75,53,77,103,8,127,175,156,66,-1,1139,1105,1166,1314,1213,1196,1005,1138,1243,1391,1300,1179,1129,936,801,1541
Mississippi,Tunica County,28143,-12.2,-5,10.4,-7.9,-5.7,4,13.1,14.5,15.2,20.9,16,14.4,13.9,18.5,5.1,3.5,-139,-47,84,-62,-46,31,93,89,84,127,103,83,60,55,12,14,1141,943,813,783,819,781,709,614,553,609,644,575,431,299,235,397
Mississippi,Union County,28145,1,8.2,1.4,-1.8,-7.9,-2.9,6.5,3.4,6.4,0.8,2.7,4,7.6,9,9.2,-3.9,19,148,28,-33,-139,-48,108,60,111,16,48,62,113,96,83,-72,1964,1806,1931,1862,1763,1672,1654,1761,1728,1837,1749,1536,1486,1066,897,1823
Mississippi,Walthall County,28147,0.8,4.1,4.5,-9.8,-30.4,-22.9,-2.9,-1,3.1,0.4,11.2,12.4,10.8,18.2,14.3,-0.1,9,43,50,-120,-369,-280,-29,-9,26,4,110,115,89,114,74,-2,1129,1052,1120,1228,1214,1223,1003,902,838,995,980,925,827,623,520,1099
Mississippi,Warren County,28149,-5.1,-7.3,-8.1,-15.2,-29.3,-17.8,3.2,-2.7,-5.3,-1.5,-0.2,0,0.1,1,4.9,-1.3,-187,-280,-320,-623,-1118,-679,98,-88,-164,-57,-10,0,4,21,73,-37,3664,3811,3927,4077,3813,3810,3049,3161,3088,3633,3880,3529,2773,1994,1482,2684
Mississippi,Washington County,28151,-15.8,-23.7,-28.2,-26.4,-36.2,-39,-28.8,-29.6,-19.2,-13.1,-14.5,-11.8,-12.4,-8.7,-14.3,-22.5,-765,-1177,-1565,-1511,-1910,-2150,-1223,-1222,-724,-533,-639,-485,-389,-190,-249,-816,4831,4948,5541,5704,5271,5513,4240,4127,3767,4051,4394,4095,3125,2179,1737,3611
Mississippi,Wayne County,28153,3,-5.9,-6.6,-13.2,-24.5,-24.6,-6.3,-6.6,-6.9,0.3,-1.4,3.8,3.6,7.3,-1.1,-2.9,47,-88,-111,-234,-413,-434,-86,-89,-91,5,-23,47,41,64,-8,-36,1526,1478,1684,1762,1685,1763,1360,1346,1320,1490,1610,1238,1113,877,751,1215
Mississippi,Webster County,28155,0.6,1.6,6.7,-9.1,-24.9,-25.8,-0.5,10.9,7.4,5.2,3.5,4,11,16.6,17.2,4.4,4,11,47,-67,-184,-209,-3,58,47,38,26,25,57,66,63,30,691,698,709,740,739,811,585,532,640,744,746,633,521,401,367,670
Mississippi,Wilkinson County,28157,-9.7,-3.6,-10.9,-14.3,-9.1,-3.8,-9.4,-16.7,-9.9,-6.9,1.4,3.6,8.1,12.1,7,6.1,-73,-24,-68,-107,-71,-32,-72,-114,-70,-54,10,23,38,41,22,37,754,684,623,746,773,850,769,688,707,795,755,653,464,344,315,598
Mississippi,Winston County,28159,0.8,0,-9.6,-12.8,-30.3,-25.2,-7.4,-10,-1.6,-4.5,-0.5,1.1,4.8,11.1,6.1,-11.3,12,-1,-136,-188,-474,-390,-92,-124,-19,-60,-7,15,53,90,44,-190,1423,1323,1415,1465,1566,1547,1240,1231,1192,1342,1379,1331,1099,806,721,1679
Mississippi,Yalobusha County,28161,-8.8,-11.5,-5.5,-11.3,-25.9,-27.7,-3.1,3.5,-4.2,-3.7,4,12.5,18,19.8,9,-17.5,-86,-107,-48,-110,-236,-266,-23,27,-34,-32,36,106,127,107,45,-189,974,933,877,972,912,961,758,773,796,863,897,849,706,541,502,1077
Mississippi,Yazoo County,28163,-1,-11.3,-11.4,-17.3,-21.1,3.2,24,14.6,-2.9,-8.2,-9.5,-10.2,-3.3,-6.5,1.6,-14.9,-23,-239,-250,-397,-469,72,457,274,-57,-178,-204,-183,-44,-66,12,-278,2169,2107,2186,2296,2219,2199,1906,1876,1957,2164,2130,1796,1325,1010,779,1856
Missouri,State Total,29000,0.8,4,3.5,3.6,2.8,0.7,2.6,3.3,1.9,2.2,2.7,2.7,4.5,5.5,4.5,1.4,3564,15218,13523,14552,11431,2953,9520,11829,7328,9922,11641,10345,14262,13348,8456,5555,398960,378453,383401,402772,403395,403447,365028,357251,372352,433871,429125,375736,313829,240538,183876,379966
Missouri,Adair County,29001,-3.4,-2.2,-3.4,129,258.3,-52.4,-76.3,-19.8,7,3.9,1.6,1.9,6.5,5.1,6.2,0,-53,-31,-46,1662,3369,-1626,-3441,-291,85,56,24,26,73,46,44,-1,1531,1380,1363,1288,1304,3102,4508,1465,1211,1430,1465,1359,1123,902,702,1485
Missouri,Andrew County,29003,14.4,27.7,15.9,-2.9,-31.4,-28,23.9,19.2,13.9,1.8,5.2,1.9,4,9.6,16,3.3,129,250,172,-36,-394,-335,201,169,139,23,69,23,41,73,86,39,896,901,1080,1241,1251,1195,842,880,1004,1258,1319,1223,1014,764,540,1151
Missouri,Atchison County,29005,-0.6,7.5,3.2,-8.5,-47.5,-46.6,-3.6,-1.9,8.5,-3.4,-5.3,1.6,3.3,9.1,3.1,-7.2,-2,23,9,-34,-218,-245,-9,-6,25,-14,-24,6,14,30,7,-48,299,312,298,407,459,525,260,336,298,415,460,418,423,336,231,658
Missouri,Audrain County,29007,-10.6,-6.3,-3.4,3.8,-19.5,-2.9,14.1,-1.5,-6.5,-11,-6,-7.8,-5.3,-0.2,5,-2,-213,-120,-59,70,-342,-50,198,-23,-108,-219,-115,-137,-79,-2,42,-43,1995,1890,1708,1805,1750,1706,1406,1588,1649,1997,1901,1746,1467,1122,838,2091
Missouri,Barry County,29009,-6.4,-6.2,6.2,-3.9,-26.7,-21.1,4.6,7.8,15.6,8,12,13.8,23.1,23.3,8.2,-9.7,-163,-152,148,-101,-654,-491,82,144,297,200,281,294,430,386,121,-279,2532,2440,2369,2561,2452,2326,1770,1841,1899,2480,2334,2124,1859,1657,1467,2864
Missouri,Barton County,29011,12.8,5.2,-2.1,-11.4,-31.9,-31,4.2,1.3,1.1,1.3,0.1,2.1,3.3,18,5,-3.7,97,44,-21,-108,-288,-294,28,9,8,11,1,17,22,88,22,-41,761,832,989,953,901,949,668,662,702,877,939,816,668,489,449,1104
Missouri,Bates County,29013,7.5,9.1,12.4,-7.5,-34.7,-26.1,14.6,8.5,7.7,5.2,9.6,6.6,14.3,15.5,16,0.4,80,100,130,-92,-453,-328,119,72,73,64,114,71,118,112,101,6,1076,1095,1049,1214,1304,1256,816,850,953,1232,1181,1072,824,725,636,1410
Missouri,Benton County,29015,1.3,18.2,24.1,9.7,-35.2,-29.9,7.2,45.6,25.9,27,32.9,47.1,72.3,54.9,29.8,-8.7,10,144,203,88,-385,-295,46,274,205,287,375,527,741,610,297,-181,838,789,843,903,1093,985,635,600,792,1064,1139,1119,1024,1111,998,2058
Missouri,Bollinger County,29017,-0.2,10.1,11,-3.3,-33.8,-25.7,4.7,11,5.2,14.4,10.8,2.9,13,19.8,10.2,-10,-2,71,83,-29,-324,-220,28,73,38,124,92,23,94,111,49,-94,794,705,753,875,958,854,613,661,735,860,857,819,726,561,482,932
Missouri,Boone County,29019,4.1,5.3,3.6,64.7,188.1,11.8,-43,-12.4,-4.9,0.9,2.1,2.2,2.5,4.4,4.6,18.6,414,484,322,5679,16271,1495,-8101,-1369,-470,89,201,195,177,196,153,1085,10049,9104,8767,8778,8648,12624,18836,11009,9427,9863,9566,8625,6907,4372,3310,5831
Missouri,Buchanan County,29021,0.9,3.1,-0.9,7.1,17.4,1,-14,-1.2,-4.2,0,0.3,0.3,2.2,5.3,4.3,-0.5,59,178,-50,418,1041,64,-919,-67,-240,6,23,20,101,179,115,-36,6261,5576,5590,5850,5974,6326,6557,5409,5664,6598,6309,5512,4484,3329,2653,6153
Missouri,Butler County,29023,-5.7,5.5,-0.4,0.4,-10.3,-8.4,6.1,6,6.6,9.2,10.4,10,10.1,14.2,13.9,0,-171,152,-11,11,-281,-235,143,145,160,258,297,266,239,263,216,-3,3004,2760,2692,2701,2716,2786,2335,2423,2415,2794,2846,2660,2363,1851,1547,3326
Missouri,Caldwell County,29025,9.2,10.9,22.4,-4.7,-43.7,-20.8,21.5,29,16.8,10.9,18.8,7,16.6,11.7,5.9,-7.8,51,65,130,-33,-314,-131,88,119,86,69,116,41,83,48,20,-63,562,596,577,690,719,632,411,412,510,636,614,587,504,417,339,799
Missouri,Callaway County,29027,5.2,10.6,6.7,17.3,17,-11.3,-10.8,7.5,-2.1,-0.1,3.8,4.7,11.8,11.9,9.6,-1.2,135,265,175,511,505,-372,-329,196,-63,-4,123,134,260,196,112,-28,2566,2498,2612,2939,2963,3285,3032,2621,2963,3523,3251,2842,2196,1638,1162,2330
Missouri,Camden County,29029,2.3,21.4,34.3,18.2,-12.3,-2.5,32.9,25.5,40.2,32.2,39.2,43.1,54.5,31.5,3.3,-22.2,51,405,610,367,-278,-55,498,403,700,775,1016,1102,1439,839,82,-961,2184,1892,1778,2016,2250,2158,1511,1579,1739,2403,2588,2555,2639,2661,2504,4326
Missouri,Cape Girardeau County,29031,0.9,5.9,5.3,28.5,60.5,-8.5,-28.3,-1.1,1.4,5.9,2.7,2,6.1,7.6,13,25.6,47,261,226,1303,2800,-477,-1764,-51,62,291,139,95,227,215,274,1091,4810,4385,4234,4568,4622,5552,6230,4462,4339,4869,5028,4784,3720,2808,2100,4251
Missouri,Carroll County,29033,9.4,1.6,-5,-12.7,-41.4,-30,3.4,7.1,3,-2.6,-7.3,-1.3,0.8,7.5,-0.8,-19.7,46,9,-34,-92,-306,-206,17,37,16,-17,-51,-8,5,34,-3,-216,497,578,681,724,741,687,493,527,542,674,699,649,581,457,394,1096
Missouri,Carter County,29035,12.6,1.5,6,8.8,-22.2,-21.6,13.1,12.8,18.8,12.3,14.7,8.9,17.7,21.5,12.2,-14.5,51,6,23,36,-99,-86,39,40,61,51,59,35,59,65,28,-69,402,387,381,415,446,400,299,315,325,415,405,399,338,301,230,475
Missouri,Cass County,29037,9.2,26.8,23.5,3.5,-23.2,1.8,61.1,33.8,20.6,9,10.7,10.4,13,12.8,18.3,40.6,590,1574,1472,238,-1562,103,2429,1634,1156,631,728,574,596,479,492,1730,6371,5857,6255,6628,6713,5647,3972,4834,5607,6994,6797,5506,4562,3737,2681,4251
Missouri,Cedar County,29039,4.7,19,20.8,-1.1,-37.3,-38.6,19.6,18.9,18.4,6.4,7.9,16.9,24.8,23.1,16.2,-2.6,38,147,166,-10,-366,-394,105,110,128,56,68,137,195,170,107,-39,819,773,799,894,980,1021,535,581,694,880,863,811,786,736,662,1461
Missouri,Chariton County,29041,17.6,24.6,9.4,-7.6,-43.4,-45.3,24.6,3.7,6.6,2.7,2.2,1.8,6.5,7.5,-4.8,-9.6,74,97,41,-38,-260,-300,79,13,26,15,14,9,31,29,-17,-95,422,397,442,503,599,662,323,356,399,550,646,544,484,390,365,988
Missouri,Christian County,29043,12.9,39.7,38.9,20.4,-1.9,38.5,72.1,39.4,31.8,26.3,23,24.2,31.9,39.7,43,51.8,677,1723,1676,874,-81,1411,2197,1563,1272,1176,1018,869,977,921,687,1315,5245,4341,4307,4274,4145,3661,3045,3964,3991,4463,4415,3581,3061,2315,1598,2537
Missouri,Clark County,29045,10.3,11.5,0.4,-14.4,-34.5,-32.1,8.7,12.3,-2.5,1.4,0.9,2.6,1.3,3.7,-1,-8.4,47,47,2,-75,-185,-165,32,44,-11,7,4,13,6,13,-3,-53,457,412,469,520,538,513,374,358,444,524,507,512,458,365,299,627
Missouri,Clay County,29047,5.4,15.5,13.2,5.8,-0.4,29.6,43,17,11.2,7.2,6.4,5.6,3.5,1.6,3.1,10.5,872,2204,1814,782,-58,3659,4814,2358,1592,1136,954,712,399,132,174,1048,15941,14211,13685,13431,12847,12363,11189,13802,14115,15627,14888,12604,11108,7867,5603,9922
Missouri,Clinton County,29049,4.1,12.8,15.8,7.8,-33.7,-23.1,32,26.8,17,8.4,8.4,8.5,9.8,11.8,13.3,62.6,52,160,203,104,-506,-331,277,266,198,129,129,107,110,105,89,567,1289,1242,1284,1330,1499,1433,865,993,1164,1530,1531,1252,1120,892,670,905
Missouri,Cole County,29051,3.7,7.8,3.5,2.9,0.4,10.9,5.1,-4.1,-5.4,-5.2,-4.1,-2.6,-1.3,-2.4,2.6,9.6,188,365,168,140,23,537,249,-218,-297,-318,-249,-140,-57,-70,52,386,5018,4654,4825,4767,4860,4906,4885,5310,5474,6070,5947,5379,4261,2884,1995,3995
Missouri,Cooper County,29053,-0.5,19,11.2,5.7,19.1,0.4,-33,-18.1,14.3,14.7,6.5,12.6,14.2,16.8,24.6,7.9,-5,176,112,61,202,5,-569,-221,133,165,80,131,117,110,118,97,1105,926,1002,1067,1056,1277,1722,1222,929,1117,1225,1043,822,654,481,1216
Missouri,Crawford County,29055,4.1,7.8,9.1,-3.2,-19.7,-13.2,14.4,15.8,16.9,11.2,11.8,17.3,17.9,27.6,5.1,-4.3,68,120,140,-54,-339,-216,173,186,227,189,202,239,224,271,47,-79,1638,1533,1532,1646,1715,1641,1206,1179,1347,1689,1706,1376,1251,983,935,1823
Missouri,Dade County,29057,-5.8,12.9,17.7,8.6,-49.7,-40.7,16.8,18.8,20.2,13.8,7.4,18.1,27.2,22.6,10,6,-26,53,84,41,-291,-229,54,68,74,72,43,98,114,90,33,43,443,413,478,483,587,564,323,364,369,522,578,541,418,397,330,708
Missouri,Dallas County,29059,4.7,5.8,7.6,-2.3,-35.2,-22.5,15.5,21.9,10.5,11.7,8.5,19.7,19.7,19,11.8,3,53,61,82,-27,-459,-248,118,171,92,129,107,186,173,148,71,36,1124,1060,1075,1171,1303,1104,765,778,877,1104,1255,947,880,779,599,1193
Missouri,Daviess County,29061,3.7,8.5,3.4,-4.4,-34.1,-25.9,16.4,15.9,8.2,8.7,9.8,19.3,17,14.5,13.4,-24.4,23,50,19,-26,-206,-146,67,64,36,43,52,90,85,59,41,-197,615,594,580,600,605,562,408,403,440,503,535,469,500,407,311,806
Missouri,DeKalb County,29063,21.5,13.8,11.3,0.2,17,44,29.3,4.6,-20.2,-32.7,-18.5,-2,-12.1,5,3.1,3.8,108,76,70,1,121,315,238,45,-264,-534,-247,-17,-80,24,11,32,503,553,621,651,715,715,813,986,1308,1630,1331,871,663,483,378,824
Missouri,Dent County,29065,16.1,15.9,5.8,-1.9,-25.3,-19.2,8.4,14.7,15,13.9,11.9,11.2,19.2,30.3,10.7,-2.7,138,139,57,-19,-265,-199,62,110,123,143,129,101,158,213,70,-37,853,874,991,1003,1048,1038,737,745,822,1030,1087,908,823,700,660,1345
Missouri,Douglas County,29067,-0.8,20.9,7.3,-4.1,-32.1,-31.3,14.3,11.9,13.3,15,12.1,19.5,28,18.5,8,-5.6,-7,141,59,-38,-323,-303,80,73,90,131,114,174,209,137,46,-71,840,675,806,919,1006,965,562,615,677,875,943,894,745,741,582,1255
Missouri,Dunklin County,29069,-3.2,-4.4,-5.8,-7.3,-24.7,-23.2,3.6,0.5,0,1,1.4,5.1,5.1,1.1,4.4,-5,-77,-102,-144,-176,-574,-514,68,10,-1,23,31,103,91,17,54,-122,2368,2311,2457,2394,2323,2214,1864,1931,1973,2201,2144,2007,1765,1605,1229,2437
Missouri,Franklin County,29071,2.7,7.9,8,-4,-21.1,-11.2,15.8,9.9,5.8,8.3,8.2,3.9,7.3,7.6,9.6,15.8,179,512,538,-292,-1549,-778,780,553,383,646,620,247,381,310,295,842,6524,6461,6707,7238,7335,6918,4933,5583,6580,7700,7548,6322,5190,4035,3066,5328
Missouri,Gasconade County,29073,-7.4,12.6,8.3,-8.7,-38.3,-29.1,9.9,14.9,9,3.4,5.7,8.7,13.6,19.8,6.2,9.6,-69,103,77,-88,-439,-305,66,104,75,40,67,88,115,142,41,129,926,817,924,1020,1146,1047,671,698,842,1158,1169,1007,850,718,658,1343
Missouri,Gentry County,29075,14,23.2,5.6,-4.5,-33.5,-25,5.4,6.6,9.4,6.5,6.2,7.6,6.8,11,5.2,-1.7,57,83,24,-22,-174,-123,16,19,33,31,28,31,20,33,15,-13,406,359,438,497,520,492,296,297,357,476,459,416,296,298,302,731
Missouri,Greene County,29077,-0.8,4.4,2.1,28.4,91.3,18.4,-25,-3.5,4.5,6.2,7.3,5.9,9.1,11.8,16.1,15.1,-157,686,331,4251,13310,3369,-5852,-591,719,1084,1256,940,1216,1178,1190,2444,17761,15590,15219,14953,14572,18237,23394,16871,15654,17250,17064,15941,13303,9927,7357,16164
Missouri,Grundy County,29079,21,6.1,2.6,5.9,-8.2,-29.9,-4.9,-0.1,2.5,3.2,3.3,-6.9,6.1,6.2,7.9,0.9,127,40,17,39,-56,-231,-24,0,13,21,22,-45,35,33,37,9,605,654,656,665,681,771,501,505,542,666,691,662,576,543,463,994
Missouri,Harrison County,29081,12.5,22.1,4.2,0.6,-27.2,-23.3,14.2,4.5,6.4,10.3,10.6,9.2,15.1,9.4,3,-5.9,74,113,24,3,-160,-135,60,20,29,56,64,48,63,43,12,-58,597,514,585,536,588,579,424,443,447,547,609,530,420,458,406,976
Missouri,Henry County,29083,3.6,0.4,3.6,-8.5,-28.4,-17.8,9.7,5.2,5,6.5,9,9.4,17.4,18.1,17.1,2.4,48,6,49,-121,-437,-255,111,61,62,101,137,132,219,192,155,48,1329,1407,1358,1422,1538,1428,1146,1175,1227,1548,1519,1402,1258,1060,906,1945
Missouri,Hickory County,29085,9.3,23.3,22.4,0,-40.1,-38,23.4,33.8,39.5,28.7,37.7,43.3,61.3,56.4,26.2,-15,38,82,89,0,-218,-195,67,101,142,137,189,218,365,341,146,-207,414,352,395,486,545,514,285,299,360,476,502,502,595,603,558,1380
Missouri,Holt County,29087,4.4,7,-6.1,-27,-45.5,-35.3,24.4,7,-3.9,3.7,5.2,5.5,2.7,4.7,0.1,-6.8,12,19,-16,-94,-182,-131,51,16,-11,14,19,20,9,11,0,-42,274,274,263,348,400,371,212,241,288,380,368,373,329,249,205,609
Missouri,Howard County,29089,11.4,9.3,2.4,18.5,28.8,-35.8,-42.8,-0.7,0.7,5.7,4.9,8.9,10.1,10.5,6.6,-6.9,63,52,14,127,200,-333,-377,-3,3,40,36,56,53,44,22,-58,550,568,592,687,695,930,881,530,541,696,748,630,530,418,339,829
Missouri,Howell County,29091,2.7,12.2,10.3,0.1,-14.4,-12.2,22.8,10.4,10.1,6.6,6.2,14.3,22.2,18.8,12.7,6.3,78,299,268,4,-396,-331,417,223,216,171,159,329,448,314,191,191,2864,2446,2585,2622,2737,2698,1828,2137,2146,2580,2563,2301,2020,1662,1499,2989
Missouri,Iron County,29093,3.8,-0.1,6.2,-4.1,-26.4,-32.5,11.7,10.1,14.2,10.7,10.1,9.7,22.5,24,9.9,5.2,23,-1,41,-30,-201,-259,62,57,80,74,76,67,129,123,41,39,607,650,653,733,762,799,530,562,566,691,758,695,573,512,422,743
Missouri,Jackson County,29095,-3.9,-8.3,-6.3,-7.6,-2.2,21,10.2,-9.1,-9.8,-5,-3.5,-3.6,-4.5,-5.9,-5.9,-6.4,-2065,-4217,-3024,-3681,-1070,9200,4299,-4427,-4704,-2657,-1804,-1627,-1641,-1575,-1171,-2756,51764,50517,47745,47844,46999,43724,42127,48468,47823,52358,51010,44063,35955,26598,19572,42760
Missouri,Jasper County,29097,2.1,1.7,1,6.9,20.8,9.4,-1.9,4.7,5.3,5.5,5.1,4.2,5.6,10.6,13.8,5.2,193,152,79,529,1507,732,-158,331,355,406,385,277,312,443,442,363,9070,8503,7873,7609,7227,7723,7947,7055,6683,7367,7488,6574,5554,4166,3199,6967
Missouri,Jefferson County,29099,7.7,12.1,4.7,-3.4,-20.9,-4.9,29.2,18.9,5.8,2.2,3,2.7,3.6,2.8,2.6,14,1100,1650,697,-540,-3305,-726,3266,2348,851,399,508,391,417,239,154,1173,14282,13551,14752,15475,15771,14767,11155,12385,14464,17996,16815,14094,11324,8458,5816,8328
Missouri,Johnson County,29101,-3,-5.1,-6.4,40.9,127,-19.2,-56.5,-11.7,-4.4,-4.5,-0.1,2.6,9,7.2,3.4,19.2,-116,-182,-217,1365,4308,-936,-3874,-381,-134,-163,-3,71,188,122,43,399,3820,3535,3353,3334,3390,4866,6853,3243,2991,3605,3247,2678,2087,1689,1267,2074
Missouri,Knox County,29103,3.1,9.8,12.2,-5.9,-47.6,-32.5,12.6,19.4,12.6,-2.3,11.9,-4.4,7.4,16.4,12.3,-15.4,8,25,33,-17,-150,-95,21,36,24,-7,35,-11,18,34,22,-68,262,256,276,292,315,293,166,187,190,326,294,266,243,211,178,440
Missouri,Laclede County,29105,4.1,9.2,4.4,-2.1,-19.5,-9.7,15.5,11.3,10.2,7.5,8.4,9.5,12,23.6,14.9,5.8,102,210,102,-52,-476,-232,283,214,208,190,198,196,219,341,178,130,2494,2274,2323,2407,2431,2375,1823,1888,2032,2534,2337,2050,1820,1443,1191,2221
Missouri,Lafayette County,29107,7.8,7.9,14.4,-1.2,-31.1,-22.5,10.8,5.8,7.9,4.2,1.9,1.7,0,1.6,4.9,7.1,155,161,300,-30,-793,-542,176,106,159,108,47,38,-1,25,59,173,1992,2036,2080,2418,2545,2411,1627,1829,1998,2552,2437,2178,1835,1578,1193,2416
Missouri,Lawrence County,29109,2.3,16.4,13.1,-1.6,-27.7,-12.9,19.3,17,12.9,10.4,7.8,9.7,16.7,16.1,12.4,14.3,63,398,342,-45,-736,-323,356,348,276,266,193,210,317,250,165,368,2700,2424,2600,2707,2658,2486,1848,2041,2134,2555,2450,2149,1889,1556,1336,2568
Missouri,Lewis County,29111,4.2,13.4,-7.9,9.2,17.3,-34.9,-40.7,7.9,-2.4,1.7,7.2,5.6,7.9,4.1,0.7,-4.3,27,73,-62,65,125,-298,-366,40,-14,12,50,32,42,19,2,-35,641,549,779,710,719,853,898,509,603,725,698,580,532,468,379,813
Missouri,Lincoln County,29113,10.1,32.2,41,13.7,-16.3,14.2,74.1,57.4,33,26.9,22.4,24.5,27,20.5,28,24.2,383,988,1209,462,-565,419,1519,1214,899,908,727,618,519,333,298,458,3785,3064,2943,3366,3454,2950,2049,2113,2719,3374,3232,2515,1917,1622,1064,1886
Missouri,Linn County,29115,7.4,4,0.1,-9.6,-42.4,-36.8,12,1.5,-2.5,0,6.7,1.5,3.1,11.3,3.6,-16.6,60,33,1,-90,-419,-379,73,10,-18,0,62,12,24,67,19,-239,819,825,862,940,986,1031,608,689,724,898,939,839,765,591,535,1436
Missouri,Livingston County,29117,14.2,14.7,-1.3,-4.4,-16.4,-6.6,38.8,19.2,17.4,2.2,0.1,1.1,10,3.5,17.5,16.6,117,120,-12,-43,-158,-70,261,154,143,23,1,10,84,24,85,209,826,815,919,973,963,1056,674,801,819,1029,1066,968,840,684,485,1252
Missouri,McDonald County,29119,-2.5,-2.3,7.9,-3.6,-24.1,-13.1,11.9,9.1,3.2,5.2,8.8,3.1,4.8,4.5,-3.5,-17.8,-46,-42,138,-65,-421,-205,151,122,48,87,132,42,56,45,-27,-235,1803,1828,1741,1797,1745,1553,1268,1338,1513,1653,1503,1325,1166,999,766,1315
Missouri,Macon County,29121,19.5,11,1.5,-8.8,-27.9,-27,10.8,-0.2,2.3,1.9,-0.9,2.9,9.2,13.9,9.8,10,177,102,16,-95,-284,-297,81,-1,21,19,-10,30,86,105,60,134,904,935,1042,1073,1019,1099,751,833,908,1034,1106,1018,937,754,614,1330
Missouri,Madison County,29123,1.8,8.2,15.5,7.2,-15.7,-19.3,11.1,8.8,7.3,8.6,5.9,11.5,8.3,22.4,16.9,-5.5,14,59,112,56,-134,-159,69,52,51,72,50,80,55,120,74,-57,799,718,721,779,854,822,619,587,698,838,857,693,661,538,437,1035
Missouri,Maries County,29125,22.5,18.7,3.9,-6.7,-31,-25,12.9,9.3,6.3,11.8,8.4,17.1,9.8,10.1,12.7,-11,106,93,24,-42,-210,-150,55,43,33,80,53,93,51,47,47,-86,471,497,602,633,679,601,428,460,526,678,640,543,516,472,372,775
Missouri,Marion County,29127,-4.3,0,-3.2,-8.4,-6.5,-19,-0.6,5.8,3.9,4,2.3,-0.5,3.1,11.9,13.7,14,-91,1,-63,-168,-131,-423,-11,90,66,82,46,-10,50,129,113,286,2125,1955,1979,1993,2004,2220,1742,1565,1675,2041,1969,1949,1582,1079,825,2035
Missouri,Mercer County,29129,35.8,14.9,37,6,-37.7,-38.9,17.9,21,15.4,9.3,2.3,5.3,13.9,9.6,-2.9,-27.2,71,31,80,13,-90,-107,27,37,25,23,6,14,24,18,-5,-139,198,213,215,227,239,276,150,176,164,249,299,268,175,189,181,511
Missouri,Miller County,29131,0.9,8.7,6.8,-5.2,-22.4,-16.8,3.6,10,7.3,8.8,7.7,10.8,17.9,15.7,5,3.1,15,136,113,-90,-384,-296,47,133,108,149,133,161,229,162,42,55,1640,1571,1660,1701,1715,1764,1281,1329,1475,1691,1739,1491,1277,1035,844,1721
Missouri,Mississippi County,29133,2,-6.6,-16,-8.8,-11,5.9,23.2,22.5,27.9,25.3,20.3,13.1,9.9,14.1,9.8,-5.4,18,-66,-159,-82,-109,58,185,176,217,221,173,104,75,88,47,-53,901,997,995,929,989,978,796,781,779,874,854,790,762,628,486,972
Missouri,Moniteau County,29135,1.9,9.9,4.6,-5.3,-16.4,-2.2,26,7,-5.7,-2,-8.3,-3,6,3.9,11.9,2.1,21,100,47,-58,-172,-23,214,71,-62,-26,-98,-29,47,22,53,22,1092,1005,1027,1085,1050,1040,823,1019,1094,1261,1176,987,778,576,448,1011
Missouri,Monroe County,29137,1.1,8.9,-8.9,-10.6,-39.6,-36.9,8,2.8,0.2,2.8,3.9,11.7,10.6,9,-2.5,-14,6,48,-55,-68,-276,-252,33,12,1,18,26,68,57,42,-10,-119,547,540,625,639,697,683,418,453,504,650,665,583,543,471,406,844
Missouri,Montgomery County,29139,1.7,2.2,7.8,-6.5,-39.5,-27.7,15.9,6.4,10.5,11.7,3.7,7.3,8.9,15.5,1.1,17.5,13,18,55,-55,-364,-249,89,39,68,103,34,61,56,94,5,161,776,798,712,843,921,900,558,615,648,882,916,844,637,611,475,916
Missouri,Morgan County,29141,-2.4,4.2,6.5,0,-27.5,-22.8,15.2,12.7,18.3,15.7,25.7,31.6,32.3,24.4,8.9,-8,-32,49,78,0,-359,-268,120,111,183,195,305,370,372,282,97,-163,1329,1161,1199,1273,1303,1175,791,876,1001,1237,1187,1171,1151,1156,1089,2033
Missouri,New Madrid County,29143,5.1,-0.2,-4.3,-14.9,-28.4,-27.1,-3.9,3.2,0.9,5.7,1,6.9,10.2,8.4,2.8,-10.1,63,-3,-58,-224,-398,-402,-45,37,10,75,14,83,111,76,19,-152,1229,1216,1345,1499,1398,1482,1146,1143,1155,1321,1416,1208,1083,896,677,1503
Missouri,Newton County,29145,5.2,11,12.3,11.3,-11.4,-13.7,6.5,17.8,13.7,11.3,8.2,5.7,11.7,6.9,10.9,2.8,197,396,472,438,-440,-526,196,532,444,434,316,201,364,183,210,105,3797,3594,3813,3869,3839,3838,2988,2978,3225,3825,3849,3487,3087,2633,1923,3724
Missouri,Nodaway County,29147,-2.8,5.1,2.9,150.5,261.2,-45,-68.4,-9.6,-2.4,-2.3,-2.7,-5.2,1.9,3.8,4.1,2.5,-36,56,31,1681,3160,-1164,-2532,-112,-27,-31,-37,-67,18,30,27,38,1285,1101,1067,1116,1209,2587,3702,1164,1118,1345,1363,1300,951,786,665,1502
Missouri,Oregon County,29149,8.1,18.3,3.7,10.7,-26.3,-34.2,-1.6,19.8,6.7,26.8,20.2,26,24.9,19.6,22.8,-5.9,48,102,24,76,-187,-241,-7,95,39,182,138,170,160,113,105,-56,589,556,634,711,710,705,465,481,582,681,683,652,641,576,461,936
Missouri,Osage County,29151,13.3,11,7.5,10,-16,-27,-5.2,14.5,9.3,9.1,7.8,7.5,10.4,3.1,0.6,-0.3,107,99,67,96,-154,-270,-43,106,81,92,72,62,70,17,2,-3,808,896,898,955,965,1000,826,733,873,1013,920,818,670,566,474,1000
Missouri,Ozark County,29153,-7.6,6,7.4,1,-36.3,-33.6,-1.2,13.2,17.8,13.9,23.8,22.3,36.9,33.7,7.8,-15.7,-42,30,39,5,-218,-215,-5,54,76,81,155,142,213,191,43,-169,550,513,526,552,599,639,422,412,427,582,651,638,577,569,555,1070
Missouri,Pemiscot County,29155,-5.5,-17,-16.2,-20.5,-34.5,-32.9,-10.7,-9.4,-3.5,2.9,-0.5,-3.4,2.4,-0.5,2.6,-17.5,-85,-278,-274,-363,-561,-506,-129,-108,-40,37,-6,-43,23,-4,15,-266,1540,1631,1690,1764,1624,1537,1203,1146,1151,1245,1270,1245,927,808,598,1520
Missouri,Perry County,29157,-1.2,12.3,5.8,-1.9,-26.3,-12.8,9.4,13.1,0.3,-1.1,5,6.4,7.8,10.2,5,-0.4,-15,151,74,-24,-360,-161,102,136,4,-16,64,78,73,76,31,-7,1310,1225,1263,1269,1369,1257,1082,1037,1188,1418,1284,1223,939,748,611,1473
Missouri,Pettis County,29159,6.2,4.2,3.4,2.3,-6.1,-1,1.4,2,3.9,2.1,2.9,6.8,9.4,5.2,6.4,-3.8,191,121,97,68,-179,-29,35,48,96,64,85,167,185,84,84,-123,3060,2855,2867,2849,2924,2897,2468,2370,2429,3011,2928,2450,1953,1603,1311,3189
Missouri,Phelps County,29161,6.6,1.6,14.5,54,96.7,-10.8,-37.9,0,5.3,13.3,10,5.7,9.6,8.5,8.6,9.1,179,42,340,1367,2740,-376,-1509,0,122,354,279,138,206,145,112,237,2712,2532,2338,2528,2833,3461,3980,2368,2296,2650,2788,2421,2135,1700,1304,2602
Missouri,Pike County,29163,0.6,3.2,7,-3.2,-9.8,2.9,1.9,-5.4,-3.4,-3.3,-1.1,1,0.1,8.8,6.6,-7.4,7,35,71,-40,-124,36,23,-65,-42,-50,-15,12,1,73,42,-103,1155,1104,1012,1237,1256,1217,1197,1210,1231,1506,1448,1184,1046,832,636,1376
Missouri,Platte County,29165,10.5,17.7,21.7,9.1,-6.3,19.8,34.5,23.4,20.8,11.8,9.3,5.7,1.5,-3,-1.8,25.4,558,923,1136,494,-333,975,1483,1194,1125,777,612,332,78,-114,-41,837,5308,5199,5226,5380,5249,4924,4292,5086,5400,6577,6575,5818,4932,3699,2213,3290
Missouri,Polk County,29167,1.5,16.1,16.1,35.2,24,-25.4,-27.8,16.1,15.7,22.2,20.3,18.7,27.8,30,30.9,14,32,289,303,678,464,-591,-620,250,238,416,348,282,371,345,268,289,2019,1786,1881,1923,1929,2326,2226,1550,1515,1876,1709,1505,1334,1146,867,2062
Missouri,Pulaski County,29169,8.2,7.6,-0.9,87.5,147.8,20.9,-8.9,-6.6,-16.1,-14.9,-8.3,-1.9,-0.6,5.5,4.1,0.3,311,239,-32,2862,4585,898,-378,-231,-551,-503,-231,-38,-10,64,37,5,3765,3137,3276,3269,3100,4287,4230,3486,3410,3360,2767,2033,1651,1167,890,1571
Missouri,Putnam County,29171,13.5,10.2,-0.7,-7.5,-45.9,-25.4,17,-7.1,2.1,-4.2,15.3,8.5,13.9,19.6,0.7,-7.5,36,30,-2,-23,-173,-80,37,-17,6,-15,47,26,43,55,1,-39,269,297,349,310,377,315,219,249,287,369,309,308,312,283,245,520
Missouri,Ralls County,29173,17.7,30,22.3,-5.5,-46.2,-27.3,35.4,23.8,12.3,13.1,8.6,3.5,21.3,18.8,6.9,-22.1,99,141,126,-37,-336,-189,153,113,68,98,65,26,130,100,27,-171,557,471,562,673,727,694,432,476,553,745,754,743,611,534,396,772
Missouri,Randolph County,29175,-1.7,-3.2,2.8,-4,6.3,4,8.6,1.1,3.5,0.9,-6.5,-7.4,-4,6.9,9,0.1,-28,-55,45,-69,101,68,137,19,59,18,-123,-128,-56,68,68,2,1670,1729,1621,1693,1599,1691,1602,1603,1669,1941,1878,1720,1409,972,757,1707
Missouri,Ray County,29177,6.4,10.5,10.7,-8.8,-38.4,-30.7,19.4,15,8.8,2.3,2.3,0.5,3.4,4.1,-1.6,-1.7,90,151,170,-158,-737,-530,213,186,130,44,43,8,46,47,-14,-25,1412,1433,1594,1779,1918,1727,1094,1241,1476,1876,1855,1538,1354,1134,865,1443
Missouri,Reynolds County,29179,39.4,23.5,7.9,10,-36.7,-34.8,0.8,14.1,2.5,21.2,18.3,11,9.6,2,1.3,-8.9,114,76,32,41,-165,-172,2,53,9,88,79,47,39,8,4,-53,290,323,400,407,449,494,281,376,369,415,433,434,412,426,353,592
Missouri,Ripley County,29181,-3.6,2.8,16.9,1.9,-26.1,-23.2,15.8,11.6,18.7,10.1,12.3,16.1,14.6,30.2,10.2,-2.1,-32,24,141,17,-259,-219,106,87,129,94,111,131,110,192,63,-24,885,884,834,928,992,941,672,746,690,931,901,813,753,636,620,1132
Missouri,St. Charles County,29183,7.8,22,18.7,6,-8.4,15.4,54.9,41.3,18.6,10.1,8.9,10.2,11.1,13.1,20.7,41.9,1815,4777,4205,1414,-1973,3172,8510,7240,4038,2702,2273,2065,1819,1528,1630,5120,23175,21629,22419,23454,23459,20494,15481,17523,21710,26586,25275,20162,16272,11663,7874,12210
Missouri,St. Clair County,29185,-0.3,16.2,7.6,-2.9,-36.3,-28.4,13.8,24.4,17.4,19.8,21.9,27.4,30.3,17.4,13.4,-9.7,-1,73,42,-17,-237,-165,49,99,81,121,140,156,175,104,70,-106,503,449,547,597,652,581,355,407,470,610,640,571,576,601,521,1086
Missouri,Ste. Genevieve County,29186,5.7,24.5,12.4,-9.8,-35.7,-31,13.1,12.2,8,2.8,8.3,10,6.4,5.9,5.3,-6.6,56,231,138,-131,-507,-419,113,109,85,42,120,127,65,46,36,-95,994,943,1111,1327,1422,1350,866,895,1059,1469,1434,1264,1015,785,679,1433
Missouri,St. Francois County,29187,-0.1,12.1,13.7,12.8,15.2,21.4,33.2,24.6,14.8,16.7,14.9,14,15.9,24.4,18.5,12.1,-7,440,475,469,583,845,1159,873,546,732,629,492,464,546,359,454,4116,3641,3458,3645,3816,3945,3485,3542,3691,4359,4194,3513,2919,2236,1934,3739
Missouri,St. Louis County,29189,1.5,4.1,2.4,-4.5,-17.8,-7,2.1,-3.8,-3.2,-4.3,-5.3,-7.2,-8.6,-9.2,-7,1.5,907,2542,1594,-3305,-13139,-4868,1212,-2352,-2179,-3495,-4478,-5432,-5423,-4277,-2400,1156,59588,60898,66325,73256,73723,69393,57296,61286,66311,79998,83173,75015,62956,46232,34058,73662
Missouri,Saline County,29195,-1.1,7.1,-4.5,20.7,8.8,-28.6,-28,5.7,-0.3,0.2,-2.2,-1,3.6,0.7,-0.9,1.2,-17,100,-67,322,147,-577,-514,70,-4,4,-37,-15,48,8,-7,22,1578,1400,1505,1552,1662,2016,1834,1208,1323,1631,1671,1489,1351,1035,795,1814
Missouri,Schuyler County,29197,33.5,37.7,32.8,10.6,-20.5,-28.8,26.7,16.7,13,7.3,9.4,0.3,23.4,18.6,13.7,-6.6,75,81,85,30,-59,-82,44,34,29,20,28,1,47,40,25,-28,224,215,258,287,290,284,167,206,226,277,302,268,202,216,187,420
Missouri,Scotland County,29199,25.6,17.1,5.3,-13.7,-38.2,-35.2,0.6,0.1,2.4,-2.6,-2.6,5.2,11,16,0.2,-3.3,80,54,19,-52,-156,-136,1,0,6,-9,-8,15,25,33,0,-15,314,319,367,383,409,386,243,242,259,361,312,288,226,210,195,446
Missouri,Scott County,29201,-6.4,-5.6,-7.6,-15.1,-29,-16.7,-0.9,-2.8,-1.9,-3.5,-0.5,-1.5,-3.9,5.8,6.7,-12.3,-196,-161,-225,-482,-921,-478,-22,-70,-50,-106,-14,-41,-93,101,89,-360,3018,2851,2929,3183,3172,2862,2346,2441,2557,2967,2835,2657,2349,1748,1329,2912
Missouri,Shannon County,29203,2.7,11.5,9.1,-5.8,-30.1,-32.8,5,5.8,0.4,14.3,10.7,18,22.9,18.5,3.6,-21.1,14,54,48,-35,-196,-208,18,24,2,82,67,92,114,79,13,-148,511,475,526,602,650,634,367,409,494,571,625,512,498,427,376,700
Missouri,Shelby County,29205,-0.7,2.7,8.4,-10.6,-44.4,-34.7,21.2,-4,-3,-1.5,-2.5,-2.8,-1.1,11.2,6,0.8,-3,11,33,-49,-214,-191,64,-12,-10,-7,-12,-13,-4,35,14,5,457,413,402,469,484,552,302,319,330,465,494,458,382,314,238,618
Missouri,Stoddard County,29207,-0.7,9.4,8.1,5.5,-18.4,-23.9,6.4,12,4,4.1,3.4,4.6,8.2,7.9,7.6,-1.5,-13,163,141,107,-376,-528,106,195,71,89,70,86,141,111,91,-40,1870,1738,1744,1918,2034,2207,1642,1620,1764,2135,2048,1866,1702,1410,1199,2525
Missouri,Stone County,29209,-8.5,6.6,15.1,6.1,-30.3,-22.7,15.6,18.4,20.5,26.1,27.6,41.8,53.2,43.9,19.3,-14.7,-135,97,243,105,-518,-377,178,243,304,478,541,776,1018,833,362,-490,1591,1468,1613,1735,1705,1659,1138,1318,1483,1832,1955,1853,1911,1896,1869,3331
Missouri,Sullivan County,29211,-5.1,-8.7,-10.8,-11.9,-30.7,-20,7.3,-1.5,-6.1,3.9,-3.1,3.8,4.2,-4.8,-0.1,-25.5,-23,-43,-57,-58,-148,-89,27,-6,-29,17,-15,16,18,-16,0,-185,463,500,527,492,483,448,374,416,474,451,509,421,419,341,271,723
Missouri,Taney County,29213,-0.7,8.6,30.6,40.7,43.9,10.9,7.1,25.8,33.5,32,33,34.6,43.3,51.6,36.1,2.2,-23,242,769,993,1082,300,196,613,793,855,876,864,1015,1045,629,81,3297,2795,2509,2439,2460,2739,2751,2372,2365,2668,2652,2490,2342,2024,1742,3545
Missouri,Texas County,29215,8.4,6.7,16.8,4.4,-8.1,-7.1,50.7,40.7,21,22.2,18.3,18,18.7,29.4,13.7,-2.6,130,93,231,70,-136,-120,501,421,253,361,308,272,260,329,137,-55,1538,1388,1368,1581,1667,1696,987,1034,1204,1628,1681,1509,1386,1119,1004,2108
Missouri,Vernon County,29217,4,5.6,3.9,12.1,-25.4,-33.8,4.5,3.9,7.1,10.7,7.8,9.4,14.1,15.4,16,-1.8,59,76,55,171,-396,-588,51,43,83,145,109,122,164,135,103,-31,1446,1344,1407,1416,1558,1738,1126,1110,1168,1354,1403,1299,1167,881,646,1708
Missouri,Warren County,29219,5.6,29,31.7,17.3,-11,15.8,57.4,51.5,35.9,29,25.9,28.8,35.7,35.7,20.8,11.4,126,512,525,311,-221,274,699,638,536,595,538,474,472,427,202,197,2246,1765,1656,1798,2002,1732,1218,1236,1492,2050,2073,1642,1323,1195,970,1714
Missouri,Washington County,29221,-1.5,4.4,6.4,-0.4,-18.5,-14.9,0,10,12.1,16.2,13.7,14.8,15.3,17.1,11.7,-3,-27,70,102,-7,-331,-271,-1,153,181,290,235,217,191,168,94,-40,1723,1593,1598,1652,1783,1813,1566,1529,1503,1791,1718,1469,1244,987,807,1328
Missouri,Wayne County,29223,9.1,1.2,11.3,2.8,-27,-33.4,15.1,16.8,32.1,18.7,16.2,23.1,31,34,6.4,-16.2,60,9,82,23,-251,-307,81,98,212,162,140,185,229,250,43,-225,666,761,724,807,931,918,541,583,659,866,862,800,738,734,685,1382
Missouri,Webster County,29225,2,13.2,20,2,-26.4,-8.9,24.1,21.1,11.8,10.3,10.7,8.1,20.7,20.1,11.5,10,55,324,483,52,-680,-201,412,401,263,261,252,165,335,262,122,178,2718,2451,2413,2540,2576,2240,1709,1897,2224,2516,2344,2029,1616,1304,1063,1779
Missouri,Worth County,29227,-10.4,17.7,4.6,-14,-39.7,-47.3,4,-0.1,11.1,2,-3.5,7.9,17.8,19.2,14.5,-14.1,-11,18,6,-21,-63,-90,3,0,12,3,-6,11,20,19,17,-42,112,107,136,149,160,191,94,83,109,178,174,149,117,100,117,297
Missouri,Wright County,29229,-0.9,10.2,5.3,-1.6,-28.8,-30,1.1,10.3,13.3,13.2,9.2,10.4,23.2,21.3,8.6,-3.3,-13,131,69,-21,-401,-409,11,92,136,156,119,115,207,177,63,-50,1336,1280,1295,1303,1389,1360,956,892,1022,1174,1287,1101,889,833,738,1498
Missouri,St. Louis city,29510,-19.5,-32.4,-31,-17.3,18.7,35,-1.2,-25.1,-24.1,-15.4,-8.3,-7.1,-8.5,-9.2,-13.2,-31.7,-5310,-8404,-7628,-4668,4600,8426,-317,-7069,-6238,-4015,-2127,-1522,-1363,-1014,-1165,-8100,27205,25930,24539,26957,24505,24073,26290,28125,25841,25913,25402,21363,15940,10991,8803,25518
Montana,State Total,30000,4.3,10.5,7.8,5,-0.4,-7,3,11.2,11.4,8.9,7.2,6.9,9.8,11.5,9.4,5.9,2675,5832,4456,3154,-287,-4889,1765,5656,5898,5842,5285,4911,5569,4762,2929,3698,61808,55453,56667,62470,67657,69460,57354,50063,51301,64956,72903,70202,56418,41238,31068,61911
Montana,Beaverhead County,30001,6.5,8.4,-12.2,30.9,24.1,-41.3,-34.6,3,-3.9,0,1.6,7.9,7.2,21.4,7.2,-6.5,31,37,-66,183,151,-371,-232,13,-17,0,12,56,43,92,25,-45,476,447,544,592,624,898,670,455,458,618,724,711,597,430,357,689
Montana,Big Horn County,30003,7.5,-3.1,-15.2,-15.1,-25,-29.7,8,-4,-0.7,-1.6,-2.9,5.3,-5.3,-0.1,-3.8,-6.1,100,-39,-185,-185,-319,-340,54,-28,-5,-14,-25,41,-35,0,-13,-33,1334,1274,1219,1224,1276,1144,676,697,766,885,860,760,669,447,349,536
Montana,Blaine County,30005,7.6,1.4,-8,-19.3,-40.1,-40.2,9.1,-3.6,-2.4,-4.7,-2.2,-10.1,-1.9,-13.6,-10.3,-10.7,43,7,-47,-118,-263,-258,28,-12,-8,-23,-11,-46,-7,-39,-22,-51,561,531,584,613,655,642,315,330,356,493,492,462,373,287,222,476
Montana,Broadwater County,30007,36.4,93.2,54.7,13.7,-36,-19.2,119.5,66,70.9,40.3,28.1,29.4,44.8,40.1,35.6,6,89,157,131,42,-119,-56,144,135,137,135,106,98,135,97,64,23,246,169,241,313,331,292,121,204,193,335,377,335,301,242,181,378
Montana,Carbon County,30009,6.7,26.9,22.6,-8.7,-55.2,-32.5,44.2,34.3,24.2,17.3,17.6,9.4,25,24.3,16.3,-7.9,26,116,115,-54,-389,-205,151,133,113,123,153,77,176,116,64,-71,395,431,508,630,704,631,341,388,466,713,867,825,704,480,395,892
Montana,Carter County,30011,34.7,41.1,0,-19.7,-55.1,-52.8,35.5,-28.1,-13.5,-1.6,-5.7,11.1,6.2,-6.7,-14.9,15.7,10,16,0,-17,-70,-58,11,-14,-9,-1,-6,12,4,-5,-10,18,30,40,57,88,127,110,31,51,71,102,109,111,78,75,71,114
Montana,Cascade County,30013,-2.9,-6.4,-11.6,-8.5,2.6,-1.8,-6.1,-5.7,-8.4,-4.5,-2.3,1.7,1.4,2.6,5.9,1.2,-175,-343,-640,-492,157,-109,-311,-268,-427,-275,-147,94,66,94,169,75,5886,5365,5520,5770,5991,5875,5032,4665,5065,6095,6249,5420,4586,3503,2857,5888
Montana,Chouteau County,30015,115.2,98.6,3.4,-7.6,-45.1,-39.4,17.9,19.8,10.9,-1.8,-6.6,0.6,8.7,10.1,6.4,-15,231,216,13,-35,-239,-187,42,44,31,-7,-32,2,29,26,13,-87,201,219,399,461,531,475,235,224,286,401,481,463,334,258,210,579
Montana,Custer County,30017,-3.9,5.1,1.2,7.2,-19.4,-25.9,-2.3,6.3,7.7,1.6,4.5,1.3,4,5.8,7.9,5.8,-30,33,9,57,-158,-244,-14,38,45,13,40,11,29,28,32,59,779,651,706,792,815,939,617,597,589,841,890,843,733,489,411,1006
Montana,Daniels County,30019,70.4,45.4,12.8,-21.5,-63.5,-47.6,29.9,2,23,2.4,11.6,-8,-7.9,-10.2,-21.7,-10.9,41,31,11,-25,-83,-67,17,1,13,2,16,-13,-11,-11,-23,-30,59,70,88,116,132,141,58,74,60,119,142,162,149,115,107,273
Montana,Dawson County,30021,16,20.2,1.6,8.5,-15.6,-27.7,7.8,-3.7,13.9,13.1,-1.5,4.4,-3,-3,-2.2,5,77,85,7,47,-99,-206,36,-17,57,74,-11,32,-17,-13,-8,39,484,422,479,554,636,741,459,467,414,570,758,717,569,444,350,778
Montana,Deer Lodge County,30023,13,16.1,5.3,22,-23.4,-38.3,2.2,35.5,21.8,10.5,7.9,9.3,12.1,9.1,10,-7.4,49,66,24,119,-155,-287,9,136,104,62,57,71,73,45,36,-66,380,413,446,540,661,749,437,385,477,589,724,761,598,497,365,888
Montana,Fallon County,30025,11.3,42.5,8.8,-14.6,-41.7,-19.2,75.7,20.5,3.7,-4.1,9.7,-2.4,-1.4,25.4,-12.1,3.8,22,57,12,-27,-92,-46,74,27,4,-7,25,-5,-2,24,-15,10,201,135,142,186,221,239,98,131,124,190,261,237,168,95,127,257
Montana,Fergus County,30027,16.3,19.2,1.7,-14.1,-47.7,-36.6,32.4,24.7,10.1,7.1,2.3,8.7,23.3,15.6,13.9,2.1,90,98,11,-109,-411,-329,142,117,56,54,22,78,175,93,70,25,555,512,633,769,862,897,440,473,561,765,947,897,751,594,502,1184
Montana,Flathead County,30029,1.2,19.2,29.4,9.6,-19.3,-2.2,55,42,34.7,21.8,17.6,15.7,18.6,18.5,14.3,17.7,70,948,1342,510,-1094,-123,1939,1572,1431,1202,1143,1019,944,672,389,841,5842,4939,4565,5301,5667,5528,3526,3740,4123,5503,6464,6458,5068,3621,2718,4750
Montana,Gallatin County,30031,-2.8,15.7,19.7,57.5,148.7,39.9,-22.9,5.6,20.1,17.4,11.1,7.4,11.8,10.7,12.6,26.3,-174,723,803,2346,6292,2338,-2089,315,875,853,605,380,449,266,208,787,6079,4591,4071,4074,4230,5858,9100,5619,4345,4893,5451,5124,3785,2490,1654,2990
Montana,Garfield County,30033,-7,-12.4,-3.4,-24,-56.5,-43.6,24.3,3.7,-4,6.1,-15.8,11.7,-2.6,28.1,18.4,-19.6,-6,-10,-3,-17,-50,-42,13,2,-2,5,-14,12,-2,17,9,-26,88,84,89,72,89,97,55,58,63,84,88,105,95,60,52,132
Montana,Glacier County,30035,-6,-3.1,0.5,-8.5,-34.9,-28.4,5.9,6.2,6.5,6.7,-1.1,-10.2,-0.2,-2.6,-3,-6.6,-82,-40,6,-102,-501,-355,43,42,46,63,-11,-87,-1,-12,-10,-44,1382,1257,1108,1199,1433,1250,727,676,712,952,1048,849,606,469,353,657
Montana,Golden Valley County,30037,-3.3,-0.9,14.6,-20.7,-68.4,-56.4,-37.3,49.1,-9.2,2.4,-10.7,13.2,14.9,-7.4,1.3,-32.2,0,0,8,-18,-58,-46,-12,13,-5,1,-9,10,8,-4,0,-39,28,56,54,88,85,82,33,26,59,61,91,77,57,65,45,121
Montana,Granite County,30039,16.7,40.5,16.7,-8.7,-70,-28.3,3.8,14,21.3,19.7,32,42.5,33.6,45.8,31.1,-4.9,17,42,23,-14,-166,-53,4,16,24,40,68,99,71,88,46,-14,102,104,140,162,237,190,106,118,116,202,213,234,212,192,150,281
Montana,Hill County,30041,-11.3,-7,-4.7,-1.1,-11.3,-26.9,-26.2,-2.6,-3,-5.2,-7.6,-2.4,-9.9,-3.1,-4.5,-13.1,-165,-90,-58,-13,-154,-405,-329,-24,-26,-58,-104,-27,-97,-18,-21,-149,1466,1291,1228,1224,1363,1506,1254,899,863,1096,1369,1152,976,597,479,1136
Montana,Jefferson County,30043,29.7,48.3,49.1,4.8,-59.3,-48,81.5,79.1,49.1,22.7,16.1,18.4,21.8,9.8,6.4,12.6,136,225,266,36,-563,-387,211,268,242,182,159,183,171,56,24,61,459,466,540,745,949,805,259,338,492,802,988,993,787,578,384,484
Montana,Judith Basin County,30045,16.9,42.3,-0.5,-20.7,-64.1,-51.1,41.2,40,0.8,3.3,-1.7,-9.1,7.1,-0.4,-1.3,-27.9,14,33,0,-34,-125,-91,25,30,0,6,-3,-19,10,0,-1,-72,85,80,123,166,195,178,61,75,96,188,175,215,146,137,104,258
Montana,Lake County,30047,8.9,8.9,9.2,-0.3,-26.7,-30.2,14.4,16,15.9,9.5,13.1,11.4,25.6,20.8,16.3,-5.6,183,159,169,-7,-586,-652,191,195,213,166,260,226,403,274,164,-121,2046,1783,1839,1936,2194,2157,1330,1217,1339,1752,1983,1980,1576,1319,1010,2153
Montana,Lewis and Clark County,30049,4.6,20.6,12.9,4.1,-6.9,-7.6,19.1,23.6,17.1,12.9,10.7,6,7.2,11.1,8.4,19.3,178,688,459,160,-289,-322,596,676,564,559,505,295,287,294,151,615,3886,3334,3550,3904,4142,4198,3114,2859,3297,4317,4721,4889,3950,2651,1796,3173
Montana,Liberty County,30051,70.3,67.9,37,26.2,-27.2,-33.1,76.4,11.4,39.7,21.7,8.8,-0.9,5.2,6.1,13.9,4.6,53,52,41,32,-48,-64,48,10,39,33,16,-1,6,6,11,11,76,78,112,124,177,194,63,91,98,151,180,166,132,106,84,236
Montana,Lincoln County,30053,9,16.6,14.7,-6.6,-54.1,-37.7,46.4,32.7,12.1,10.6,17.4,17.3,35.8,32.5,13.4,-4.4,81,151,142,-82,-833,-526,288,226,111,137,267,281,452,359,126,-69,895,912,965,1242,1540,1395,621,689,916,1289,1529,1629,1262,1102,939,1548
Montana,McCone County,30055,17.5,37,-5.7,-25.4,-61.5,-40.8,28.3,23.8,-9.9,-14.8,-8.8,2.1,0.2,-3.4,-4.2,-14.2,14,23,-6,-34,-101,-49,17,15,-8,-22,-14,3,0,-3,-4,-31,84,64,109,135,164,120,61,64,89,150,169,156,138,104,97,217
Montana,Madison County,30057,24.1,53.5,23.5,-4.2,-38.1,-24.9,78.8,32,24.9,16.7,19.2,35.1,38.9,37.2,9.5,3,69,125,76,-16,-178,-119,161,97,78,80,106,208,201,150,34,19,287,235,324,394,468,479,205,304,315,483,553,592,516,404,359,630
Montana,Meagher County,30059,-10.9,-19.2,5.7,-15.7,-55.2,-37.6,38.5,5.9,27.4,0,13.2,21.7,11.5,48.4,4.8,7.3,-11,-20,5,-23,-74,-54,24,4,20,0,20,30,17,46,4,13,101,106,98,149,134,144,63,70,74,127,155,141,149,96,84,178
Montana,Mineral County,30061,-18.8,2.7,-1.2,-6.8,-42.9,-34.5,13.5,5.9,18.9,13.8,29.4,32.7,37.5,42.5,27.8,18,-47,5,-2,-17,-123,-99,20,10,37,39,86,102,99,99,56,49,252,213,200,251,288,287,150,172,198,288,293,313,264,234,203,272
Montana,Missoula County,30063,2.1,6.5,3.6,28.3,92.4,24.2,-26.7,-9.6,0.7,3.4,3.3,2.5,3.1,4.6,4.5,13.7,139,372,205,1702,5855,1898,-2847,-683,45,235,242,185,185,185,119,657,6383,5683,5641,5996,6331,7817,10639,7060,6180,6809,7337,7362,5949,3982,2628,4779
Montana,Musselshell County,30065,-4.4,16.2,19,-2.3,-53.3,-55.6,38.8,19.2,36.7,19.7,9.8,16.9,25.3,32.1,14.7,-10.1,-9,38,43,-6,-158,-201,53,37,68,56,37,71,83,74,25,-39,221,235,230,277,296,361,136,195,187,285,380,420,329,230,171,385
Montana,Park County,30067,-1.1,-0.4,0,-20.8,-50.4,-19.3,42.5,40.6,9.2,5.3,0,-3.2,6.2,13.4,9.1,-10.7,-9,-3,0,-204,-564,-192,283,307,85,63,0,-48,68,99,50,-136,853,792,933,982,1118,996,667,755,930,1186,1408,1489,1103,738,548,1268
Montana,Petroleum County,30069,98,39.9,15.8,-2.8,-67.1,-58.2,20.5,-22.5,5.5,58,64.4,-3.7,-3.8,32.7,46,-42.3,12,7,5,-1,-22,-19,4,-3,1,18,17,-1,-1,9,10,-25,13,18,36,35,33,33,19,16,31,31,27,36,37,27,21,59
Montana,Phillips County,30071,12.9,37.7,14,-15.1,-63.6,-52.2,50.3,15.2,4,6.9,-4.7,-4.4,14.2,5.4,17.4,-3.7,28,74,32,-52,-256,-197,71,21,8,24,-18,-16,34,12,31,-16,216,197,234,346,403,377,141,141,219,347,390,372,244,224,179,425
Montana,Pondera County,30073,26.8,11.4,7.1,-17.1,-50.6,-42.6,29.4,12.6,6.8,8.1,-8.3,-0.2,-1.9,13.9,-0.7,13.9,95,41,29,-81,-310,-236,68,34,21,35,-45,0,-7,39,-1,74,356,362,408,474,613,554,234,269,310,435,540,428,372,281,228,529
Montana,Powder River County,30075,17.5,25.2,14.9,-7.5,-69,-43.2,32.8,-6.1,29.8,20.2,-13.1,2.2,10.9,16.6,1.9,7.8,10,15,17,-9,-104,-54,17,-4,22,24,-20,3,14,15,1,15,57,62,113,130,151,125,52,68,75,123,157,162,127,90,77,191
Montana,Powell County,30077,16.1,4.9,8.3,-3.3,-15.4,-10.1,8.9,16.3,0.5,2.9,-2.7,-0.8,5.7,23.2,2.6,-15.6,43,13,28,-13,-72,-48,33,63,2,18,-17,-5,26,73,7,-85,268,266,339,399,471,483,377,390,475,635,644,600,455,315,289,542
Montana,Prairie County,30079,31.2,42.6,11.4,-13.3,-28.7,-46.5,59.1,5.5,14.7,25.4,7.8,6.8,11.7,15.3,39.7,-5.2,14,17,5,-7,-16,-34,19,2,5,14,6,7,13,12,18,-8,45,41,50,56,56,74,32,49,38,58,86,112,116,81,47,151
Montana,Ravalli County,30081,11.3,17.1,22.1,-1,-43.7,-32,47.8,35.5,24.2,24.5,14.6,14.9,26.7,25,17.5,7.4,226,355,475,-25,-1227,-829,645,555,468,590,407,440,678,507,291,219,1983,2072,2140,2505,2807,2587,1348,1561,1930,2408,2778,2954,2535,2030,1656,2957
Montana,Richland County,30083,8.6,22,12.1,-3.8,-40.8,-28.2,58,32.3,5.9,6.8,3.9,3.4,-6.4,4.6,5.6,-9,51,103,69,-27,-335,-217,210,143,31,46,35,25,-40,19,17,-68,597,471,575,707,819,771,361,445,521,679,887,717,632,411,303,751
Montana,Roosevelt County,30085,-3,-13.6,-6.2,-11.5,-31.6,-28,20.2,6.6,3.6,1.5,-1.7,-5,-8.6,-6.1,-0.9,-9.8,-33,-141,-54,-119,-344,-259,100,34,18,10,-14,-36,-43,-22,-2,-57,1093,1034,883,1032,1089,923,498,524,511,719,818,713,508,365,258,580
Montana,Rosebud County,30087,-4.4,-9.2,2.7,-16.4,-48.2,-33.6,16.9,25.6,4.9,1.8,-1.6,-5.7,-12.2,-10.8,-9.6,-1.3,-36,-77,20,-141,-452,-281,66,109,23,12,-13,-43,-77,-46,-25,-6,814,835,743,862,937,836,391,425,473,659,772,751,637,427,269,432
Montana,Sanders County,30089,3.7,18.6,35.3,21.7,-49.5,-41.7,57.8,27.1,32,24.2,34.2,27.8,38.2,31.1,16.4,-5.7,21,92,173,129,-398,-311,185,110,132,150,250,242,299,210,90,-55,577,498,490,593,804,745,321,406,412,619,731,869,782,674,553,963
Montana,Sheridan County,30091,41,47.4,7.6,-20.4,-58.2,-55,23.7,27.7,4,-2.3,-5.8,2.5,-10.7,-11.5,1.7,-11.8,45,52,14,-47,-169,-170,26,32,6,-6,-20,8,-28,-23,2,-57,111,110,189,230,290,310,109,117,165,255,352,337,266,204,166,483
Montana,Silver Bow County,30093,8.8,3,-4.6,3.3,6.6,-18.9,-15,0.9,0.8,2.9,2.8,2.4,1.9,5.1,11.9,1.6,167,56,-97,78,158,-461,-336,17,16,71,79,62,38,78,141,43,1890,1864,2069,2331,2399,2433,2241,1809,2003,2393,2738,2541,1973,1542,1181,2579
Montana,Stillwater County,30095,7.2,25.5,23.1,-3.3,-52.4,-29.7,60.4,30.4,26.8,17.1,14.8,20.7,18.6,22,0.1,-7.5,38,119,106,-19,-322,-170,174,115,116,102,111,148,108,96,0,-50,526,468,457,581,615,574,287,380,432,595,752,718,579,438,333,662
Montana,Sweet Grass County,30097,8.4,21.1,17.1,-12,-62.1,-38.6,36.3,6.5,18.9,11.9,11.5,8.3,4.2,8.2,3.2,18,15,38,37,-31,-178,-84,46,11,36,26,32,23,10,17,4,56,188,183,217,260,287,218,128,178,191,223,280,282,258,217,138,310
Montana,Teton County,30099,8.5,17.7,6.1,-11.1,-59.9,-44.9,32.1,20.6,5.3,-0.7,-0.6,-3.5,0.7,8.1,0.1,0.6,26,55,25,-51,-315,-235,67,53,16,-3,-3,-16,2,27,0,4,305,314,409,465,525,523,209,257,317,470,502,468,406,334,301,583
Montana,Toole County,30101,29.1,6.9,14.5,-6.8,-26.7,-10.3,53.1,14,18.8,4.2,4.5,5.6,-4.1,-8.5,1.7,-11.2,65,17,42,-25,-109,-40,126,41,53,17,20,23,-13,-18,2,-46,225,246,291,367,411,389,238,298,286,422,452,412,327,218,166,410
Montana,Treasure County,30103,33.4,-7.9,-7.6,-20.2,-74.5,-55.4,11,5,-10.9,-4.2,18.9,0.1,-8.1,-1.2,8.9,-27.2,9,-1,-3,-10,-64,-37,2,1,-4,-2,14,0,-4,0,3,-27,27,23,47,54,86,67,24,22,43,55,74,63,57,57,37,99
Montana,Valley County,30105,10.5,18.4,8.6,-7.7,-55.9,-38.3,25.5,18.1,7.5,6.7,-1.8,5.9,3.9,10,4.9,-1.7,40,75,37,-40,-314,-216,69,56,26,35,-11,34,19,36,16,-13,388,407,435,526,561,562,274,313,348,534,612,578,486,366,344,761
Montana,Wheatland County,30107,65.7,2.6,5.8,-10.5,-44.4,-41.1,11.1,1.3,15,-0.1,11.7,18.6,10.7,2.2,7.8,-10.6,63,2,8,-17,-80,-65,10,1,16,0,18,28,15,3,6,-25,96,108,139,161,181,158,92,105,106,114,155,149,145,135,87,234
Montana,Wibaux County,30109,65.6,60,20.3,-18.9,-64.1,-34.4,14.1,15.3,-6.7,14.6,6.2,13.9,0.2,18.1,64.2,102.9,21,20,11,-12,-57,-29,4,5,-3,9,4,10,0,8,19,69,32,34,56,67,89,85,35,33,52,67,79,76,74,45,30,67
Montana,Yellowstone County,30111,7,10.4,6.2,1.1,3.5,15.5,16.4,10,11.8,8.7,8.3,5.4,6.6,9,12.9,18.7,687,925,551,104,328,1433,1348,810,940,858,888,531,505,506,520,1586,9771,8854,8832,9194,9337,9190,8215,8060,7962,9757,10576,9788,7662,5594,4011,8477
Nebraska,State Total,31000,2.4,3.1,1.1,1.9,2.6,-1.4,-1.9,0,-0.1,0,-1.1,-1.4,-0.9,-0.9,2,3,3214,3914,1427,2411,3357,-1861,-2369,-80,-168,37,-1446,-1758,-905,-647,1076,3610,133376,126253,121278,124642,126335,131997,119292,110835,110443,128080,130676,118197,94907,68605,52874,119208
Nebraska,Adams County,31001,1.8,3.3,-2.4,18.4,15.7,-28.2,-29,-6,-2,-0.2,-0.1,-3.1,-1.6,0.5,1.7,-3.6,40,68,-50,396,340,-700,-713,-106,-36,-4,-2,-68,-27,7,16,-95,2127,2049,2058,2151,2160,2475,2452,1764,1817,2148,2281,2185,1707,1286,943,2638
Nebraska,Antelope County,31003,10.2,23.6,-5,-18.6,-60.2,-45.1,5.9,5.4,-4.4,1,-7.3,7.4,2,0.1,1.7,-13.2,41,81,-23,-90,-395,-278,16,16,-14,5,-43,37,9,0,5,-111,407,345,461,486,655,616,275,295,311,510,587,510,441,331,324,838
Nebraska,Arthur County,31005,88.8,31,25.8,17.3,-65.2,-40.1,181.2,-13,-31.7,-21.2,-23.5,5.1,129.8,10.9,-21.5,-8.5,16,9,6,4,-22,-12,25,-3,-8,-7,-9,1,17,2,-6,-4,19,30,23,24,34,30,13,29,26,34,40,29,13,23,30,47
Nebraska,Banner County,31007,49.3,91.6,25.9,-34.7,-66.5,-59,88.5,-32.1,-11.9,-12.8,18.5,-7.5,0,12.6,-24.7,-26.1,12,18,10,-20,-63,-33,13,-9,-4,-9,9,-5,0,4,-9,-22,24,20,40,58,95,56,14,30,36,77,52,74,51,39,38,84
Nebraska,Blaine County,31009,-28.5,16.2,14.6,-16.8,-85.8,-71.3,157.6,-22.7,-9.5,-8.4,1.4,-13.2,-0.1,-4.9,-10.1,-50.7,-9,4,4,-7,-36,-32,17,-6,-3,-4,0,-4,0,-1,-2,-36,31,26,33,42,42,45,10,29,35,53,36,37,35,35,27,71
Nebraska,Boone County,31011,14,19.4,-1.3,-20.6,-60.8,-47.3,22.1,13.2,-1.4,-7.7,-0.7,-10.2,4.6,-7.3,-2.3,-4.5,42,54,-5,-98,-364,-224,41,29,-4,-34,-3,-45,13,-21,-5,-32,300,279,383,474,598,475,187,220,333,446,484,449,293,290,217,703
Nebraska,Box Butte County,31013,3.4,5.5,-7.9,-18.2,-52.5,-36.4,14.3,-2.5,-1.3,-5.4,-9.7,-6.4,-1.8,-5.3,-4.4,17,26,42,-65,-168,-514,-366,83,-16,-8,-41,-112,-66,-13,-26,-14,134,782,762,825,922,978,1004,583,647,649,761,1156,1031,716,490,324,787
Nebraska,Boyd County,31015,18.9,34.3,10.8,-18.2,-61,-65,22.8,23.7,18,-11.3,-7,-7.9,12.4,19,3.9,-4.7,16,29,13,-28,-114,-127,16,18,15,-17,-13,-13,17,24,3,-15,85,87,125,153,187,195,72,77,83,152,197,167,138,126,99,313
Nebraska,Brown County,31017,28.4,13,3.9,-15.8,-60.3,-45.9,21.8,13.7,-8.6,-5.6,1.9,-3.6,3.1,1.1,8.5,-7.2,33,23,7,-34,-165,-113,26,18,-15,-13,4,-9,6,2,13,-31,119,180,194,213,274,248,121,137,176,229,247,266,199,175,163,426
Nebraska,Buffalo County,31019,1.4,2.9,-3.1,33.4,81.6,-15.9,-44.7,-13,-1.6,3.7,1.7,0.5,1.2,5,16.3,22.1,48,88,-90,949,2378,-662,-2341,-388,-41,102,51,14,25,75,163,508,3396,3019,2905,2835,2912,4142,5229,2976,2489,2710,2923,2718,2127,1486,1000,2295
Nebraska,Burt County,31021,14.5,10,-5,-23.9,-63.3,-43.5,15.9,14.1,7,-3.8,-12.5,-2.8,0.9,2.2,7.5,7.1,50,40,-22,-128,-381,-247,39,42,24,-20,-76,-16,4,7,24,59,349,401,456,535,602,568,248,299,351,529,609,573,426,337,319,821
Nebraska,Butler County,31023,16.2,13.2,-1,-11.2,-56.7,-43.3,9.8,6.3,-1.5,10.8,-0.8,2.1,-0.6,-0.8,2.8,10.8,70,68,-6,-69,-407,-295,36,26,-7,68,-5,13,-3,-3,9,84,434,517,622,619,717,682,375,416,482,636,682,600,495,403,318,775
Nebraska,Cass County,31025,11.1,14.1,3.9,-11.4,-44.3,-24.8,28.2,20.3,7.4,2.9,0.9,5.3,4.6,-0.1,-2.8,6.7,163,224,68,-223,-853,-431,303,262,115,61,19,97,69,-1,-24,102,1467,1590,1759,1943,1925,1737,1075,1292,1558,2071,1980,1815,1485,1139,850,1506
Nebraska,Cedar County,31027,-0.5,15.3,3.4,-19.7,-61.3,-49.2,18.8,-1.2,-1.9,3.4,3.3,-1.8,5.6,4.7,6.4,3.6,-3,78,20,-151,-561,-383,61,-5,-9,21,25,-11,27,17,22,37,630,513,602,767,914,779,325,414,505,625,749,611,482,369,341,1001
Nebraska,Chase County,31029,2,17.9,9.1,-10.5,-44.1,-26,31.4,12,10.9,2.6,5,-4,-4.3,0.1,-0.3,10.7,5,40,21,-25,-143,-78,48,22,20,6,15,-12,-9,0,0,43,284,226,234,243,323,299,154,182,186,257,311,315,226,207,150,401
Nebraska,Cherry County,31031,-3.5,-1.3,-9,-22.8,-54.6,-34.6,20.3,-5.4,-4.3,3.2,4.4,-0.2,-5.4,12.9,3,3.6,-11,-4,-35,-99,-275,-151,52,-18,-14,12,21,-1,-19,38,7,21,332,366,393,438,504,438,257,343,327,392,477,427,366,297,244,570
Nebraska,Cheyenne County,31033,-5.3,7.6,4.1,-9.7,-42.8,-8.1,41.1,13.2,2.2,12.7,8.3,-4.2,0.6,-9,-3.4,2,-38,48,26,-64,-320,-63,174,72,12,89,62,-30,3,-37,-11,17,715,637,648,653,748,770,424,546,555,704,748,716,553,416,344,847
Nebraska,Clay County,31035,10.7,28.3,8.1,-8.9,-53.2,-46.1,51.5,1,2.9,-0.5,-5.7,-7.5,1,2.4,-8.1,-6.4,40,107,34,-46,-311,-263,118,3,10,-2,-32,-38,4,7,-20,-42,376,379,422,515,585,570,230,316,350,511,564,502,418,311,255,647
Nebraska,Colfax County,31037,-1.7,-3.7,-7.4,-14.5,-14.5,-16.3,8.7,-4.4,-7.2,-13.8,-4.3,-6.5,-1.6,-12.4,-9.1,-14,-18,-35,-57,-127,-113,-142,52,-30,-48,-112,-33,-41,-7,-48,-28,-130,1055,938,777,877,782,872,599,670,667,814,766,637,450,387,312,924
Nebraska,Cuming County,31039,9.4,1.5,-4.4,-20,-59.5,-39.3,5.5,-5.1,-7,-5.6,-8.8,-6.5,-0.9,10.4,-1.1,-2.5,51,10,-30,-145,-494,-302,23,-24,-42,-40,-66,-42,-5,40,-4,-28,538,648,687,724,829,769,419,476,595,715,758,642,539,385,385,1107
Nebraska,Custer County,31041,9.8,14.9,1.3,-21.5,-57.8,-40.1,45.2,19,-3.3,1.4,1.7,2.7,2.2,9.2,3,-2.2,62,94,9,-188,-555,-321,181,92,-19,11,14,21,15,48,14,-27,639,635,691,873,959,800,399,484,589,818,835,808,679,526,491,1208
Nebraska,Dakota County,31043,16.4,-9.2,-7.4,-7.6,-14.4,-5.4,-7.4,-16.3,-8.4,-4.6,-7.4,-6.5,-5.1,-1.9,-1.7,13.9,282,-172,-138,-134,-236,-87,-105,-247,-119,-69,-111,-84,-53,-14,-10,128,1718,1862,1844,1762,1636,1591,1431,1507,1419,1491,1493,1287,1036,752,596,917
Nebraska,Dawes County,31045,9.9,-7.7,-2,104.9,156.5,-50.6,-68.7,-9.8,11.1,9.6,11.2,0.7,3.2,12.9,10.2,8.8,46,-39,-9,518,802,-582,-952,-43,43,42,59,3,14,44,32,61,464,503,464,494,512,1150,1385,440,387,444,533,542,446,339,320,687
Nebraska,Dawson County,31047,-2.1,-8.7,-11.5,-11.4,-28.8,-14.8,2.7,-3.6,-8.7,-5.4,-3.8,-3.2,-3.2,-2.8,0.3,-6.3,-45,-192,-245,-232,-539,-267,37,-57,-146,-93,-67,-51,-42,-28,2,-114,2073,2208,2123,2034,1873,1795,1368,1578,1679,1697,1726,1591,1318,973,715,1798
Nebraska,Deuel County,31049,23.5,35.8,22.4,-19.7,-56.1,-63.5,66.7,35.9,26.8,3.9,-4.4,4.1,-0.3,26.3,27.5,-11.2,22,32,20,-21,-95,-103,31,29,23,5,-7,6,0,25,22,-29,93,91,92,111,171,162,47,81,87,147,177,146,127,96,81,257
Nebraska,Dixon County,31051,5.3,4.8,9,-9.1,-53,-40.1,11,1.3,1.5,-0.8,-2.1,2.6,1,10.7,2.4,-3.4,20,18,37,-41,-294,-196,30,4,5,-3,-10,12,3,27,5,-20,392,388,419,447,555,489,272,322,353,400,486,462,354,255,205,587
Nebraska,Dodge County,31053,3.2,3.1,-0.2,-4.3,-11.2,-21.7,-5,2.2,2,-1.9,-3,-0.8,4.4,6.1,13.5,14.1,81,76,-6,-106,-282,-612,-115,45,43,-53,-79,-20,85,96,170,445,2511,2406,2300,2473,2505,2817,2273,1980,2059,2690,2582,2364,1950,1563,1254,3156
Nebraska,Douglas County,31055,-1.8,-2.3,-0.3,0.7,16.6,32.4,11.2,-4.9,-3.1,-2.6,-3.4,-4,-6.5,-8.1,-5.8,-1.1,-793,-911,-132,264,5547,10834,3823,-1772,-1061,-966,-1247,-1286,-1693,-1430,-744,-317,42386,39495,35600,34627,33402,33387,33941,35944,34127,36573,35918,32084,25874,17633,12764,26552
Nebraska,Dundy County,31057,4.6,14.6,15.4,-21.5,-63.2,-45.4,19.8,8.1,1.6,0.1,-9.2,-13.8,-3.4,4.7,15,4,4,15,18,-30,-94,-76,14,8,1,0,-17,-25,-5,5,10,10,103,103,123,142,149,169,74,102,106,138,185,182,147,109,70,250
Nebraska,Fillmore County,31059,-4.1,8.2,-3.4,-3,-62.7,-49.8,37.1,-5.9,-2.9,-3.4,-6.8,-2.3,1.5,1.2,6.9,11.7,-14,28,-14,-13,-317,-256,74,-16,-10,-15,-33,-11,5,3,17,75,354,339,401,449,505,513,200,275,354,448,487,465,359,308,257,640
Nebraska,Franklin County,31061,-1.5,14.2,12.6,-22.3,-58,-47,46.7,3.3,-7.6,7.7,1.7,-2.4,19.4,21,3.7,-4.3,-2,21,24,-54,-154,-109,46,4,-13,18,4,-5,37,30,6,-19,186,150,192,244,265,232,98,142,179,243,253,245,193,145,161,440
Nebraska,Frontier County,31063,-3.5,-2,10.4,20.1,-18.1,-59.2,-46.8,-1.2,10.3,-4.4,-3.1,2.8,5.2,1.4,-6.6,-23.2,-5,-2,18,40,-41,-209,-87,-1,13,-8,-7,5,8,2,-8,-76,157,141,175,199,229,353,186,132,127,190,241,197,169,144,129,327
Nebraska,Furnas County,31065,6.9,18.6,13.7,-10.7,-56.3,-43.4,18,16,3.8,5.4,-0.8,7.6,15,16.3,14.5,-4.7,17,49,42,-39,-200,-156,29,34,9,17,-3,28,46,38,30,-30,247,266,310,365,355,359,165,214,257,310,413,368,308,235,210,631
Nebraska,Gage County,31067,-0.7,5.1,2.3,-9,-29.4,-32.4,4.7,0.9,2.5,3.4,-0.4,1.9,0.1,2.4,9.6,5.6,-11,69,32,-134,-468,-539,51,10,32,57,-7,31,1,24,81,124,1436,1341,1395,1482,1590,1665,1104,1192,1286,1668,1779,1620,1252,1026,848,2183
Nebraska,Garden County,31069,30.6,26.2,24.7,-9.6,-59.9,-37.2,21.8,25.1,21.9,1.6,0.2,-0.8,1.2,13.5,6.3,-9.1,25,19,21,-12,-103,-56,12,18,20,2,0,-1,1,16,8,-28,82,76,84,131,172,151,57,73,91,172,170,158,122,125,126,306
Nebraska,Garfield County,31071,-13,35.8,33.7,9,-60.4,-38.4,117.5,31.9,57.1,21.9,25.2,25.8,13.6,48.4,18.5,44.1,-13,31,31,11,-85,-50,41,20,36,25,33,36,15,49,19,83,105,89,94,122,141,131,35,64,64,117,134,141,110,102,104,188
Nebraska,Gosper County,31073,45.5,2.4,11.3,-9.2,-60,-30.3,23.3,17.2,17,3.2,-3.4,14.5,19.6,-8.5,-1.3,-8.3,37,3,13,-12,-93,-42,17,15,15,5,-5,20,26,-10,-1,-19,83,122,114,133,155,139,76,89,88,161,166,141,134,118,112,227
Nebraska,Grant County,31075,-0.3,-9,-13.8,-27.2,-57.6,-66.1,89.1,-29.8,-0.7,-2.4,-4.1,-22.4,-4.6,-14.5,0.9,-34.2,0,-2,-5,-13,-40,-52,15,-6,0,-1,-2,-16,-1,-5,0,-24,39,31,38,48,70,79,16,22,36,60,63,75,41,39,38,70
Nebraska,Greeley County,31077,9.7,3.4,5.9,-30.7,-50.3,-43.8,40.8,-6.7,-0.1,8.9,6.2,6.4,7.3,17.1,15.4,-7.9,15,5,9,-65,-109,-88,38,-7,0,15,10,11,10,21,16,-27,163,150,158,214,217,201,95,109,122,170,176,184,137,122,107,338
Nebraska,Hall County,31079,2.7,0.7,-0.4,-4.7,-10.5,9.8,15.2,7.2,2.7,1.6,0.1,-0.7,-3.9,-2.6,-0.2,9.6,130,33,-17,-198,-406,366,508,252,97,63,5,-27,-121,-59,-4,352,4805,4511,4252,4133,3863,3740,3338,3464,3550,3963,4048,3578,3105,2194,1656,3647
Nebraska,Hamilton County,31081,-1.9,16.9,9.5,-16.4,-56.6,-40.6,33.9,16.9,4.5,6,-0.4,-8.3,8.4,-2.7,-0.6,11.8,-10,93,61,-130,-434,-299,112,74,24,42,-3,-61,43,-11,-2,79,551,550,650,793,766,737,331,442,546,700,766,730,520,418,334,668
Nebraska,Harlan County,31083,3,21.6,12.6,-16.5,-67.6,-47.5,50.5,27.9,8.3,3,6.9,5.2,2.4,16.8,-1,-21.8,5,33,23,-42,-198,-120,53,35,13,7,18,14,6,31,-2,-109,180,155,189,254,293,253,106,125,165,238,269,273,251,189,189,499
Nebraska,Hayes County,31085,-13.2,19.7,32.6,-16.1,-57.4,-53.6,79,24.7,9.7,16.7,12.6,-5.2,-7.3,7.7,-0.6,-44.8,-7,9,15,-13,-55,-44,22,7,3,11,11,-5,-4,3,0,-70,54,48,48,82,96,82,27,31,30,69,88,95,66,50,47,156
Nebraska,Hitchcock County,31087,27.1,18.4,8,-16.9,-50.9,-46.4,45.4,16.1,20.6,8.3,-1.6,12.1,10.4,13.3,5.3,-12,34,29,11,-32,-110,-119,46,18,24,17,-3,25,19,20,8,-45,128,160,139,193,216,256,101,114,118,210,232,213,189,150,151,373
Nebraska,Holt County,31089,4.5,6,-0.7,-17.9,-61.9,-47.7,35.8,7.7,-0.6,1.7,-3.1,-0.8,-0.4,2.8,-0.9,-1.9,29,35,-5,-145,-615,-435,133,35,-3,14,-29,-6,-2,14,-4,-23,652,586,697,810,993,912,371,459,552,832,931,812,655,513,439,1182
Nebraska,Hooker County,31091,-0.7,0.7,50.8,1.3,-76,-51.9,237.4,85.7,-14.9,-6.9,-10.3,0.8,20.1,39.6,-6,22.3,0,0,16,0,-53,-29,28,17,-5,-3,-6,0,8,12,-2,21,36,39,33,45,70,56,11,19,35,48,65,61,44,30,33,94
Nebraska,Howard County,31093,16,17.2,-0.4,-15.7,-57.4,-46.5,20.9,15,6.6,-0.7,-0.8,6.4,1.1,9.1,14.6,1.9,56,64,-1,-78,-329,-242,59,45,25,-3,-3,24,4,26,33,11,351,374,410,498,574,520,284,300,385,476,478,388,421,290,230,572
Nebraska,Jefferson County,31095,12.2,9.6,-4.2,-15.8,-52.7,-29.8,12.4,3.4,0.2,-2.8,-2.9,-3.2,6.6,3.8,-2.2,-1,47,41,-19,-78,-325,-165,40,13,1,-14,-18,-21,32,14,-8,-10,390,434,455,492,616,553,325,378,412,521,623,638,492,368,370,913
Nebraska,Johnson County,31097,3.2,10.4,11.3,-12.1,-20.7,11.9,162.1,124.5,34,38.6,33.1,10.3,12.7,8.2,-1.9,-7.7,9,25,28,-33,-66,37,253,191,79,128,117,33,30,16,-3,-41,278,244,254,273,319,317,156,153,231,332,355,325,242,205,202,532
Nebraska,Kearney County,31099,15.2,10.3,-1.6,-14,-54.1,-36.7,24.8,-0.8,-6.2,-8.5,-2.5,0.7,-1.1,0,1.9,-4,60,38,-7,-69,-289,-186,72,-3,-23,-44,-14,3,-4,0,4,-26,395,370,438,498,534,505,290,380,381,521,574,470,399,323,230,645
Nebraska,Keith County,31101,20.1,12.2,2.9,-22.6,-51.1,-39.5,29.8,1.7,-3.8,4.5,0.4,7.9,15,17.8,6.9,-14.5,80,54,15,-132,-348,-252,90,7,-17,28,3,46,83,81,27,-135,401,448,521,585,681,639,303,418,446,616,712,591,555,457,400,925
Nebraska,Keya Paha County,31103,10.1,-25.2,-26.1,-36.6,-81.8,-47.3,-10.3,-41.4,-5.6,-0.9,16.9,1.6,13.9,-2.8,25.9,-29.9,3,-15,-16,-26,-54,-24,-4,-21,-2,0,11,1,8,-1,12,-41,39,62,62,72,66,51,47,51,45,63,67,64,59,52,49,137
Nebraska,Kimball County,31105,15.5,14.5,1.7,-16.1,-43.8,-32.2,16.7,29.7,15.3,-7.8,5,-0.5,8.1,13.1,-4.1,-8.3,34,27,3,-45,-135,-89,23,42,29,-22,14,-1,18,27,-7,-38,218,192,227,281,308,277,141,141,190,286,295,281,228,211,188,454
Nebraska,Knox County,31107,-0.6,22,13.9,-15,-60.3,-46,24.9,14.7,15.2,5.6,3.1,1.8,5.8,4,8.1,-3,-3,107,77,-91,-453,-302,80,50,59,33,21,11,31,17,33,-34,543,486,552,604,751,656,320,344,393,589,674,635,546,421,413,1111
Nebraska,Lancaster County,31109,0.2,-1.4,-3.2,27.6,97.6,20.7,-28.4,-11.6,-7,-1.8,-0.6,-1.3,-0.2,-2.2,3.7,10.9,44,-281,-563,4513,15268,4183,-7921,-2329,-1264,-342,-124,-239,-38,-209,242,1482,20772,19351,17282,16351,15633,20115,27823,19997,17901,18495,18722,17394,13730,9311,6473,13544
Nebraska,Lincoln County,31111,6,7.9,5.5,-4.5,-25.3,-15.8,18.9,6.1,5,4.3,2.8,2.1,-0.1,2.1,4.6,1.5,151,188,131,-113,-654,-418,352,125,100,101,75,56,-3,32,54,44,2502,2366,2367,2480,2581,2640,1860,2048,1978,2319,2645,2574,2163,1519,1186,2763
Nebraska,Logan County,31113,11.9,10.6,18.7,-13.3,-50.8,-45.5,63.2,50.8,29.6,1,-1.5,-9.7,0.1,-6.4,29.1,-22.5,5,5,7,-6,-31,-31,15,15,10,0,-1,-7,0,-2,7,-18,49,51,40,47,61,69,23,29,36,45,67,72,45,43,26,80
Nebraska,Loup County,31115,57.4,9.8,-12,-23.6,-56,-48.1,-4.2,26.7,-11.9,4.9,15.6,-7.1,1.9,8.9,-9,-33.7,14,3,-5,-10,-37,-22,0,7,-3,2,8,-3,1,3,-3,-28,24,33,46,42,66,46,19,26,27,51,52,51,52,41,38,83
Nebraska,McPherson County,31117,20.5,84,1.4,-15.5,-72.3,-37.3,109,-2.8,-7.3,55.2,-14.5,-10.4,14.5,20.8,-14.3,-20.6,8,19,0,-4,-31,-17,15,0,-2,16,-7,-4,3,4,-3,-13,39,23,40,31,43,46,13,24,31,30,53,43,26,19,25,63
Nebraska,Madison County,31119,-1.8,-17.1,-7.1,2.3,-7.7,-26.5,-23.2,-6.3,-7.4,-2.5,-1.4,-3.5,-2.4,-3.5,6.8,19,-51,-483,-181,61,-208,-841,-598,-127,-151,-66,-41,-82,-43,-46,66,443,2747,2820,2525,2560,2673,3175,2572,2026,2022,2585,2786,2325,1801,1321,971,2325
Nebraska,Merrick County,31121,8.7,22.6,1.1,-12.1,-46.8,-32.9,16.4,13.7,12.7,-0.7,0.6,-1.8,4,-5.9,9.9,-14.1,39,99,6,-76,-311,-196,54,51,54,-4,3,-11,18,-23,31,-113,449,441,540,631,664,597,332,376,427,615,559,591,459,393,317,798
Nebraska,Morrill County,31123,3.7,10.9,6.1,-18,-55.9,-43.9,9.6,12.9,5.6,-0.1,-7.3,-2.6,2.1,-5.3,-6.4,0.8,12,33,20,-66,-278,-182,23,32,15,0,-31,-10,6,-15,-14,4,325,306,332,368,496,415,246,251,265,363,430,400,289,281,231,486
Nebraska,Nance County,31125,24.6,14.3,0.1,-21.6,-54.3,-42.7,6,19,17.7,2.6,-10.2,2.9,19.5,10.7,4,7.5,46,30,0,-62,-180,-136,11,29,27,7,-34,8,41,14,5,28,189,216,255,288,331,318,194,154,155,281,338,288,211,136,146,373
Nebraska,Nemaha County,31127,1.6,14.1,11.7,26.8,15.4,-41.6,-44.6,11.7,2.8,-8.9,-8.1,0.9,-5.4,0.3,14.6,1.7,7,53,42,130,85,-282,-247,32,10,-47,-48,4,-26,1,36,12,443,378,362,485,554,678,554,280,369,533,590,503,480,310,246,684
Nebraska,Nuckolls County,31129,2.5,4.9,1.5,-17.6,-62.1,-48.8,31.9,9.8,3.2,-2.6,-2,1.9,9.9,-0.4,17,2.1,5,13,4,-49,-232,-183,50,19,6,-8,-8,6,27,-1,38,13,234,268,257,281,375,374,156,196,208,310,399,328,271,274,225,612
Nebraska,Otoe County,31131,5,9.7,6.7,-9.9,-40.3,-25.2,29.4,13.9,12.1,8.9,6.2,-1.1,6.7,5.5,9.4,17.8,50,89,68,-109,-481,-271,184,111,98,99,75,-12,60,38,51,243,989,925,1020,1094,1193,1077,627,799,808,1117,1207,1033,892,701,544,1365
Nebraska,Pawnee County,31133,-3.6,23.2,18.9,-10.4,-59,-52.6,13.7,14.9,24,1.9,3.5,2.6,17.2,8.8,11,-11.9,-5,28,29,-21,-121,-101,12,16,31,3,7,5,29,13,15,-54,155,121,155,204,205,192,91,111,132,173,212,200,174,147,139,453
Nebraska,Perkins County,31135,9.1,18.8,16,-26.5,-50.1,-41.6,35.6,-2.2,8,-11.3,3.5,-10.9,-4.1,0.5,6.5,10.7,16,33,28,-59,-130,-105,42,-3,11,-24,7,-27,-8,0,9,30,182,180,179,224,260,252,117,156,138,216,222,255,194,139,137,278
Nebraska,Phelps County,31137,-2.9,12.4,1.2,-23.3,-46.3,-27.3,19.7,7.4,-5.2,-0.6,-4,-10,-4,-9.3,4.6,8.6,-18,71,7,-170,-345,-188,72,36,-28,-5,-28,-72,-22,-42,17,75,631,572,628,729,746,686,366,490,541,738,695,724,569,450,364,865
Nebraska,Pierce County,31139,4.6,17.6,13.9,-15.5,-62.8,-43.6,12.9,10.1,4.6,-1.7,-5.8,-2,-2.2,7.4,10.8,-6.8,20,76,67,-94,-441,-302,41,36,19,-10,-35,-9,-8,24,27,-48,444,436,486,607,702,694,317,358,410,628,612,489,397,331,252,704
Nebraska,Platte County,31141,6.3,7.7,-0.9,-7.9,-36.4,-22.9,16,5.8,0.2,-2.3,0.3,-6.2,-1.2,-3.5,2,-2.7,147,169,-22,-195,-972,-591,264,103,5,-55,10,-143,-20,-47,21,-70,2318,2195,2377,2465,2667,2573,1647,1770,1910,2384,2511,2287,1678,1332,1016,2509
Nebraska,Polk County,31143,13.9,14.9,15.8,-19.7,-54.9,-50.7,34.6,11.5,13.2,7.2,-2,6.6,10.4,10.5,1.6,-13.1,40,47,53,-79,-207,-217,67,31,38,26,-9,26,36,24,3,-88,290,320,336,400,378,429,195,269,291,359,442,403,351,228,221,670
Nebraska,Red Willow County,31145,2.8,0.4,-2.7,2.4,-21.7,-28.4,-0.8,-3.8,3.1,11.7,-5,-2.3,1.7,-3.1,-0.2,-1.8,19,2,-20,18,-172,-260,-5,-21,17,86,-46,-18,10,-15,-1,-21,677,705,735,778,792,914,609,558,557,738,911,789,592,488,473,1130
Nebraska,Richardson County,31147,-1,11.7,3.1,-19.9,-57.4,-45.7,12,9.4,0.1,-5.9,1.7,9,0.8,11.6,7.8,2.8,-4,50,16,-134,-430,-325,39,36,0,-40,12,52,4,51,29,28,441,433,510,673,748,711,331,383,445,683,676,580,530,445,376,968
Nebraska,Rock County,31149,9.1,34.8,-9,-33.1,-63.3,-41.9,21.5,-30.9,0.5,-3.4,-4.4,-3.1,8.8,-0.3,2.7,-4.3,7,23,-8,-29,-83,-54,15,-25,0,-4,-6,-4,8,0,1,-9,79,68,98,88,131,129,70,82,61,117,150,149,101,83,67,207
Nebraska,Saline County,31151,-0.6,2.6,5.5,30.7,14.2,-34.3,-23.2,21.2,8.7,1.9,0.6,-2.6,-5.5,-2.2,-3.5,2.9,-6,23,49,296,141,-424,-254,147,68,19,6,-23,-40,-12,-14,33,1058,896,890,964,990,1234,1092,695,779,990,971,873,730,545,399,1105
Nebraska,Sarpy County,31153,8.3,18,14.5,0,-1.9,40.4,45.2,23.9,11.3,5.4,3.1,4.6,3.6,7.2,8.6,29.9,1059,2040,1528,2,-207,3655,3718,2226,1149,625,321,379,238,308,276,1236,12746,11313,10482,10727,10481,9041,8224,9288,10108,11508,10081,8167,6575,4273,3209,4123
Nebraska,Saunders County,31155,13.8,22.7,17.3,-9.1,-49.2,-28.6,44.9,31.4,10.6,7.4,3.2,3.8,4.8,3.2,5.5,-3.3,175,273,225,-144,-818,-414,347,288,127,125,52,53,58,28,38,-54,1261,1201,1297,1569,1661,1447,772,915,1192,1681,1599,1368,1199,886,700,1592
Nebraska,Scotts Bluff County,31157,2.1,-0.3,-6.9,-4.9,-18.4,-14.5,5.1,-0.6,-0.2,0.8,-2.4,-2.3,0.4,0.6,7,5.6,57,-10,-173,-133,-496,-398,106,-12,-5,20,-66,-64,8,11,88,174,2714,2657,2502,2705,2688,2736,2061,2065,1998,2435,2677,2716,2082,1591,1244,3055
Nebraska,Seward County,31159,8.8,16.4,17.9,36.4,14.8,-53.4,-36.8,13.2,10.6,5.4,2,-1,3.8,1.4,8.6,7.1,84,156,170,409,177,-935,-508,102,91,62,24,-11,33,9,47,84,964,954,949,1124,1198,1751,1381,774,864,1153,1198,1116,873,653,548,1179
Nebraska,Sheridan County,31161,26.4,0.6,-0.2,-24.3,-53,-47.5,14.4,0.9,-3.9,-3.6,-14.4,3.7,4,-3.9,12,-0.8,71,2,-1,-101,-240,-230,33,2,-11,-11,-71,16,14,-11,26,-6,269,361,369,417,454,485,230,276,295,326,494,454,356,287,224,680
Nebraska,Sherman County,31163,-0.1,21.1,6,-14.1,-56.5,-51.2,47,18.9,7.8,3,-2,13.5,18.8,16.1,29.8,-9.7,0,35,10,-30,-143,-114,41,26,14,5,-5,31,35,24,39,-41,187,168,177,214,253,223,88,140,183,193,253,229,188,152,130,422
Nebraska,Sioux County,31165,7.9,87.4,5.7,-25.7,-54.7,-45.6,-2.1,-7,4.4,-2.9,-14.7,0.9,-15.6,-3,-15.5,-19.6,4,42,4,-24,-59,-51,-1,-4,2,-3,-18,1,-15,-2,-12,-33,61,49,81,96,108,112,65,65,60,101,127,122,98,74,83,168
Nebraska,Stanton County,31167,27.4,12.1,1.3,-17.3,-55,-30.9,26.7,-0.3,-4.4,-5.7,-5.7,-6.2,-4.1,-17.9,-5.7,-11.5,102,52,6,-86,-332,-172,78,-1,-16,-28,-29,-29,-13,-50,-13,-54,374,428,446,501,604,556,293,334,383,493,520,468,322,278,230,466
Nebraska,Thayer County,31169,18.7,8.9,-8.2,-18.7,-63,-51.2,31.9,-8.9,4.8,-3.8,-5.7,-0.7,-1.6,10.2,2.6,-2.3,49,23,-28,-71,-259,-215,53,-22,13,-14,-24,-3,-6,28,7,-18,263,259,349,380,411,421,168,246,279,373,433,418,369,274,266,777
Nebraska,Thomas County,31171,-22,72.7,-14.6,-0.2,-47.9,-57.1,63,5.7,-4.8,-7.9,-11.1,3.4,-21.9,-3.6,48.2,-36.8,-9,20,-6,0,-18,-36,13,1,-1,-3,-6,2,-11,-1,7,-38,43,28,44,36,38,63,20,33,38,42,55,67,54,48,14,103
Nebraska,Thurston County,31173,3.3,-5.8,-9.2,-21.2,-40.6,-37.8,5.5,-8.3,-11.2,-4.1,11.8,1.7,-0.6,-7.3,-6.5,-11.7,25,-45,-65,-160,-299,-241,20,-30,-48,-19,46,6,-1,-17,-12,-57,752,778,709,755,738,638,362,358,435,458,388,377,282,233,186,487
Nebraska,Valley County,31175,10,11.8,4.7,-24.7,-55,-37.6,58.6,10.7,-1.5,3.7,-3.1,-4.5,10.5,11.5,4.2,-10.3,23,26,12,-77,-188,-116,79,21,-3,10,-10,-15,27,26,8,-62,232,228,262,311,343,310,136,197,226,291,318,336,260,227,196,601
Nebraska,Washington County,31177,16,27,21.4,8.7,-28.9,-37.1,-7.9,28.2,30.4,15,8.8,-0.4,2.5,6,1.7,10.3,169,298,268,126,-418,-577,-90,262,305,227,132,-6,31,48,11,124,1059,1100,1247,1440,1444,1552,1130,927,1001,1515,1494,1463,1234,799,634,1197
Nebraska,Wayne County,31179,8.9,1.9,-4.8,110.2,165.1,-60.1,-72.6,-14.6,2.7,-2.5,-1.6,-4.2,-8.4,-10.4,0.1,-12.8,43,9,-26,623,1027,-756,-1183,-67,12,-14,-10,-24,-36,-37,0,-103,492,480,542,565,621,1257,1628,460,430,559,610,587,431,354,285,804
Nebraska,Webster County,31181,9,16.3,19.4,-5.9,-49.9,-40.2,44.6,17.3,9.6,10.3,7.9,0.3,-2.6,3,10.2,1.9,19,28,42,-16,-146,-97,48,23,18,29,23,0,-6,6,18,9,218,176,215,270,293,241,109,137,195,286,294,257,236,212,184,462
Nebraska,Wheeler County,31183,32.3,0.7,-11.8,-20.3,-49.2,-42.5,-2,-8.3,35.3,14,1.5,-8.6,14.1,29.9,-4.6,-19.2,12,0,-8,-13,-32,-31,0,-2,11,7,1,-6,7,9,-2,-15,37,44,71,67,67,74,34,34,33,53,71,71,56,32,50,78
Nebraska,York County,31185,-0.9,-7.7,-0.8,-6.5,-23.4,-30.7,-19,-2.6,-1.4,-4.5,-3.8,-4.5,-6.1,-7.8,4.5,-3.6,-8,-66,-6,-64,-264,-361,-162,-19,-11,-46,-43,-48,-50,-49,25,-49,904,854,842,994,1128,1175,853,733,769,1027,1128,1068,829,636,564,1338
Nevada,State Total,32000,0.7,13.2,20.6,19.8,31.1,61.5,49.5,31.3,22.6,19.6,21.3,23.8,29.8,28.4,22,10.2,1547,21752,31371,30026,42420,76273,64040,46304,35573,31990,32095,31473,34288,25343,14782,11758,194598,163680,151801,150915,136349,123864,129203,147542,157020,162822,150414,132122,114763,89040,67155,114163
Nevada,Churchill County,32001,-1.8,-1.3,-9.2,-14.4,-21.9,-4.6,10.7,-9.6,-4.6,1,-0.2,3.3,23,24.3,23.5,9,-32,-23,-184,-283,-423,-76,141,-152,-73,19,-3,51,299,252,178,126,1773,1698,1987,1968,1933,1669,1313,1572,1601,1792,1745,1541,1298,1036,759,1396
Nevada,Clark County,32003,0,14.1,24.1,23.6,41.6,83.9,60.1,36.6,25.9,22.6,25.6,28.5,33.6,29.6,22.7,9.1,-46,17031,26023,24973,38005,69151,55557,39811,29462,25671,25824,24822,25626,17782,10420,7147,145610,120163,107636,105404,91248,82375,92367,108489,113623,113578,100738,86941,76127,60022,45756,77965
Nevada,Douglas County,32005,16.9,34.5,24.1,5.2,-37.7,-18,48.8,35.8,26.4,13.2,13.2,16.4,26.8,34.9,19.6,0.7,346,673,533,140,-1208,-477,694,601,590,422,474,565,822,836,387,30,2043,1949,2204,2661,3205,2640,1419,1674,2230,3194,3579,3449,3058,2390,1968,3792
Nevada,Elko County,32007,11.3,18.4,-0.4,-8.3,-22,-8.8,20.5,-0.3,-2.7,-3.1,-3.5,-3.5,-3.8,-8.8,-12.4,3.4,432,597,-16,-345,-906,-335,537,-12,-95,-119,-134,-115,-95,-162,-145,47,3826,3237,3988,4135,4107,3786,2619,3084,3421,3818,3785,3266,2479,1844,1171,1357
Nevada,Esmeralda County,32009,66.4,8.9,-7.3,-31.3,-70.7,-59.8,4,-10.6,-20.5,-6.7,-6.9,-21.2,45.6,12.4,-8.7,-32.7,16,2,-3,-17,-39,-39,1,-4,-9,-4,-4,-14,31,7,-6,-35,24,27,43,54,55,66,35,45,45,61,69,70,69,57,69,107
Nevada,Eureka County,32011,21.1,57.7,36.4,-1.5,-35.2,-33.2,150.7,93.5,4.4,28.6,34,48.6,18.1,3.3,-10.6,-15.7,25,42,35,-2,-52,-38,75,57,5,41,46,54,20,3,-6,-19,122,73,98,128,148,114,50,61,119,144,135,112,111,94,61,121
Nevada,Humboldt County,32013,-0.7,13.1,-4.9,-19.3,-30.8,-8.6,22,8.2,-6.8,-7.3,-7.3,-7.5,3,-3.1,-1.3,5.4,-10,144,-66,-273,-447,-107,177,81,-78,-101,-104,-95,27,-19,-5,33,1343,1098,1344,1412,1449,1244,804,987,1146,1380,1407,1262,898,634,436,602
Nevada,Lander County,32015,5.2,17.2,-4,-22.6,-38.1,-16.9,31,1.8,6.5,-4.8,-9.5,-7.3,-15,-9,-5.1,11.2,23,61,-18,-131,-208,-72,76,5,25,-21,-46,-31,-58,-26,-9,23,447,360,449,578,546,429,247,314,383,446,486,432,389,292,188,204
Nevada,Lincoln County,32017,36.1,65.1,46.8,82.4,-26.6,-36.8,115.9,52,53.8,42.4,19.8,39.8,54.6,54.5,18,-7.4,86,147,126,221,-98,-166,151,91,105,102,53,101,126,123,40,-28,240,226,269,268,369,451,130,176,195,240,271,254,231,226,222,375
Nevada,Lyon County,32019,6.4,50.4,56.2,32.8,-12.2,11.7,109.6,87.3,55.3,44.1,45,59.3,79.2,89.8,61.4,26.9,213,1189,1314,862,-330,288,1586,1481,1181,1159,1211,1389,1574,1462,828,612,3323,2360,2337,2623,2702,2458,1447,1695,2132,2627,2690,2342,1988,1627,1347,2270
Nevada,Mineral County,32021,-3.4,3.4,-12.5,-11.8,-30.9,-39.1,0.7,-6.7,4.4,21.6,31.4,14.1,27.6,35.5,25.4,-14.4,-8,7,-34,-38,-117,-142,1,-14,10,63,101,47,93,83,60,-76,239,216,276,326,378,365,192,217,236,294,321,337,338,234,239,526
Nevada,Nye County,32023,5,50.7,35.8,20.2,-18.9,-1.2,63.5,58.9,42.8,46.4,54,69.1,87.8,98.5,82,18.8,110,813,721,447,-424,-22,706,756,715,1017,1201,1396,1712,1826,1316,574,2185,1602,2011,2207,2243,1813,1112,1284,1669,2191,2224,2018,1949,1852,1604,3048
Nevada,Pershing County,32027,34.7,19.8,-13.7,-22.7,-25.9,8,11.9,-4.1,-3.4,-7.9,-0.7,10.6,-1.1,8.9,18.1,7.4,93,60,-62,-110,-130,34,50,-21,-21,-51,-4,44,-4,30,35,18,267,304,450,487,501,435,420,522,622,652,615,421,352,346,193,242
Nevada,Storey County,32029,51.8,194.3,26.4,27.6,-32.5,-28.5,76.3,80.3,19.1,35.8,26.1,27.7,34.3,19.5,-1.1,-36.1,61,118,40,49,-65,-56,69,83,34,93,91,90,111,52,-2,-123,118,61,152,177,202,196,90,103,178,260,347,326,324,267,198,340
Nevada,Washoe County,32031,1.2,4.1,12.5,19.2,38.6,35.7,15.4,14.5,13.8,12.8,11.6,12.1,17,18.2,13.6,14.4,346,1099,3071,4689,8968,7902,3632,3429,3490,3497,3176,3026,3622,2775,1464,2561,28887,26299,24563,24340,23209,22121,23522,23521,25229,27311,27254,24838,21262,15213,10741,17748
Nevada,White Pine County,32033,20.1,45.2,1.4,-6.4,-5.8,18.9,42.7,1.5,-0.7,2.7,14.3,8.2,13.3,18.2,14.5,-5.1,110,175,7,-39,-37,108,215,9,-5,21,97,58,72,72,48,-34,547,388,568,610,641,570,504,600,663,762,678,715,542,399,333,661
Nevada,Carson City,32510,-6.1,-10.7,-3.4,-3.2,-1.8,10.3,12.4,3.1,6.7,4.4,2.8,2.1,9.1,9.7,9.4,26.4,-221,-388,-118,-115,-62,324,365,100,236,179,115,81,305,243,176,895,3595,3617,3420,3530,3405,3124,2924,3190,3518,4062,4064,3790,3341,2498,1861,3387
New Hampshire,State Total,33000,3.3,8.5,8,2.9,-7.4,-13.5,5.4,16.7,9.8,4.5,2.2,0.6,1.4,1.4,0.9,6.2,2302,6156,6283,2597,-6838,-11517,3680,11797,8637,4957,2501,621,1189,790,379,4749,69490,72211,78336,89500,91480,84848,67896,70284,87823,107922,108780,94530,79430,55636,38945,76260
New Hampshire,Belknap County,33001,7.6,15.7,18.8,-3.4,-32,-13.7,22.5,28,16.7,10.1,9.2,9.1,14,8.7,4.7,7.2,221,450,584,-129,-1280,-500,562,776,587,449,437,409,555,259,99,309,2909,2870,3103,3808,3996,3645,2493,2764,3500,4446,4727,4489,3950,2957,2084,4261
New Hampshire,Carroll County,33003,4.9,18.2,30.1,-3.4,-41.4,-24.7,36.1,33.7,27.8,21.7,17.1,20.4,28.8,30.4,16.5,-2,95,360,653,-93,-1310,-655,514,635,696,709,628,705,906,737,322,-91,1927,1974,2167,2737,3160,2650,1424,1883,2501,3269,3665,3448,3136,2423,1951,4412
New Hampshire,Cheshire County,33005,4,12.4,8.7,32.8,32.7,-33.9,-30.3,15.2,11.5,4.3,3.6,1.4,4,2.4,0.4,0.9,148,466,346,1580,1747,-2094,-1662,558,514,240,214,83,191,83,10,49,3661,3751,3950,4815,5335,6173,5469,3671,4439,5600,5879,5688,4746,3433,2494,5173
New Hampshire,Coos County,33007,-1.4,10.8,6.6,-6.1,-32.4,-26.4,23.3,18.8,12.5,11.5,7,9.3,15.4,12,9.1,1.4,-22,160,115,-128,-743,-564,312,299,244,274,188,238,325,198,118,44,1525,1484,1729,2090,2288,2134,1335,1590,1948,2383,2693,2548,2101,1644,1296,3043
New Hampshire,Grafton County,33009,2,8.2,10.6,46.4,59.4,-29.1,-37,2.6,8.1,15.5,11.1,8.8,10.7,13.5,7.6,11.2,83,329,463,2270,3221,-2053,-2633,123,406,884,720,544,566,517,214,641,4122,3983,4359,4888,5415,7049,7108,4605,4971,5697,6451,6186,5259,3825,2804,5693
New Hampshire,Hillsborough County,33011,1.7,3.5,1.8,-7.3,-16,0.6,23.8,10.8,3.2,-0.4,-2.2,-4.7,-6.7,-7.7,-5.6,5.1,426,885,480,-2159,-4636,167,4720,2640,947,-172,-771,-1331,-1598,-1254,-624,1067,24123,24915,26664,29444,28933,24599,19825,24254,29604,35263,33676,28102,23682,16102,11070,20765
New Hampshire,Merrimack County,33013,2.7,13.9,12.5,7.4,-13.8,-12.8,11.7,24.4,13.8,5.2,1.9,1.6,-0.1,0.7,2.5,14.1,205,1058,1051,721,-1411,-1219,836,1792,1292,617,241,176,-9,45,104,1172,7564,7608,8394,9732,10182,9463,7122,7339,9340,11808,12391,10823,8890,6048,4156,8308
New Hampshire,Rockingham County,33015,6.5,12.8,10.5,-9.9,-29.7,-15.2,30.7,26.9,14,4.7,0.1,-2.3,-1.4,-1.8,-1.3,10.1,944,2102,1968,-2156,-6434,-2635,3465,4020,2946,1289,45,-530,-276,-236,-119,1484,14453,16370,18730,21636,21593,17237,11257,14919,21013,26901,26826,22450,18751,12765,8582,14621
New Hampshire,Strafford County,33017,3.2,2.2,3.7,37.9,62.8,-18.2,-29.6,5.7,6.1,2.8,3.2,0,2.8,2.9,5.2,5.2,221,156,256,2888,4814,-1711,-3003,410,488,264,297,3,177,128,156,337,6780,6921,6899,7616,7666,9397,10137,7130,7920,9412,9223,7639,6177,4428,2989,6477
New Hampshire,Sullivan County,33019,-0.9,7.9,15.5,-7.1,-27.7,-10,32.8,25.4,19.8,12.7,15.3,10.2,12.8,15.4,6.2,-7.6,-22,185,364,-195,-806,-249,565,540,512,400,498,323,352,309,94,-268,2421,2333,2335,2728,2907,2497,1721,2125,2582,3140,3245,3152,2733,2006,1517,3494
New Jersey,State Total,34000,0,-0.5,0.1,-3.3,-6.1,9.2,17.5,9.4,1.3,-1.9,-2.8,-4.7,-6.1,-7.8,-6.6,-4.7,334,-3056,884,-20548,-35880,47515,83952,51101,8808,-14392,-19754,-27793,-31055,-29606,-18493,-28484,561415,573507,586450,611868,580797,514743,479167,542382,643437,721234,692735,589653,505330,376984,277768,600036
New Jersey,Atlantic County,34001,-4.6,-0.1,6.7,1.4,-1.3,3.3,9.4,11.6,7.7,4,5.3,5.6,11.2,12.7,8.9,4.8,-830,-31,1152,278,-246,527,1342,1796,1391,875,1138,964,1573,1343,743,825,17993,17288,17161,19353,18015,15639,14187,15455,17885,21431,21193,17184,14046,10563,8270,16893
New Jersey,Bergen County,34003,6.9,7.9,4.5,-4.3,-14.8,7,30.8,18.4,4.1,-1.3,-3.4,-6.3,-10.2,-14.5,-14.2,-11.3,3380,4188,2589,-2568,-8289,3389,12879,9459,2787,-997,-2577,-4164,-5945,-6478,-4872,-8853,48572,52637,57448,59496,55985,47952,41727,51170,66380,76206,74804,65235,58245,44431,34224,77737
New Jersey,Burlington County,34005,4.9,7.8,7.4,-2.7,-13.4,0.7,14.6,10.7,7.5,2,-0.3,-2.5,-3.9,-5.1,-0.8,9.3,1264,2075,2105,-836,-4138,206,3267,2796,2365,775,-122,-782,-1058,-993,-111,2540,25549,26597,28212,30741,30671,26317,22377,25952,31452,38003,36706,30253,26606,19349,13930,27025
New Jersey,Camden County,34007,-2.4,-1,-0.9,-8.8,-15.8,0.9,16.4,4,-2.5,-5.9,-4.3,-5.9,-7.1,-9.7,-6.1,-0.9,-853,-362,-348,-3459,-6258,311,4660,1306,-953,-2487,-1770,-2104,-2123,-2097,-924,-315,35558,34576,35711,39053,39458,34428,28372,32164,37500,41873,41000,35207,29635,21499,15027,32107
New Jersey,Cape May County,34009,3.8,-2.3,-3.3,-9.4,-21.7,-15.7,-3.1,0,0.3,0,2.9,10,16.9,15.5,4.3,-9.9,172,-113,-184,-623,-1516,-933,-137,0,22,-1,230,698,1073,833,196,-1097,4532,4921,5438,6622,6964,5932,4396,4592,5708,7346,7727,6959,6342,5358,4533,10977
New Jersey,Cumberland County,34011,-6.9,-1,3.9,-1.5,0.5,18.2,31.1,7.8,-4.1,-4.3,-1.9,-4.3,-2.1,0.4,0.4,-3,-843,-110,380,-164,56,1794,2727,827,-487,-528,-215,-415,-181,26,19,-286,12225,10612,9551,10902,10756,9818,8764,10489,11659,12203,10996,9614,8259,5990,4437,9477
New Jersey,Essex County,34013,-2.8,-9.4,-11.2,-10.5,-4.7,7.1,4.6,1.7,-4,-6.9,-7.6,-10.1,-12.7,-16.9,-21.2,-21.2,-1662,-5661,-6805,-6394,-2688,3637,2485,1006,-2537,-4481,-4658,-5259,-5662,-5566,-5439,-11457,57877,60000,60586,60769,56117,51016,53044,56822,62541,64788,60679,51747,44252,32800,25573,54002
New Jersey,Gloucester County,34015,9,21.6,18.5,7.1,-3.2,-10.6,9.7,33.6,18.7,9.6,2.6,0.7,1.7,2.2,7.1,19.6,1487,3463,3220,1381,-629,-1943,1507,4836,3401,2116,584,131,261,241,527,2691,16450,16006,17382,19284,19648,18295,15443,14361,18096,21835,22140,18505,15267,10928,7351,13678
New Jersey,Hudson County,34017,-6,-22.6,-18.6,-5.7,30.6,87.7,33.6,-14.5,-21.8,-16.2,-10.4,-8.4,-10.2,-14.7,-19.4,-27.6,-2856,-9967,-7552,-2256,11376,32258,16264,-8926,-12774,-8456,-4673,-3168,-3198,-3500,-3803,-11419,47453,44058,40530,39578,37166,36765,48321,61392,58390,52164,44876,37288,31094,23696,19558,41288
New Jersey,Hunterdon County,34019,2.6,18.5,16.4,-7.3,-31.1,-21.9,8.1,34,28,12.6,2,-6.6,-13.4,-16.6,-10.8,9.3,159,1312,1373,-685,-2831,-1483,406,1855,2319,1459,250,-728,-1243,-1143,-431,592,6040,7093,8371,9337,9102,6767,4969,5455,8257,11516,12449,10952,9266,6885,3977,6326
New Jersey,Mercer County,34021,-2.5,0.5,2.7,9.3,16.5,-1.1,-4.1,8.5,3.8,-0.6,-4.5,-7.2,-9.7,-11.7,-7.9,-5.2,-580,121,628,2318,3942,-274,-1009,2001,996,-191,-1302,-1822,-2058,-1801,-861,-1264,22973,22890,23096,24823,23752,24338,24573,23319,25905,28746,28472,25215,21093,15271,10786,23925
New Jersey,Middlesex County,34023,-1.6,-2,0.3,10.7,20.6,15.7,13.6,6.6,-3.8,-5,-3.3,-4.1,-6.8,-8.5,-7.5,-7.6,-869,-1059,199,5519,9987,7479,6960,3673,-2384,-3339,-2080,-2189,-2974,-2710,-1771,-4002,52516,52570,51342,51567,48430,47570,50869,55086,61844,65669,61780,52190,43233,31523,23317,52473
New Jersey,Monmouth County,34025,0.9,4.2,3.9,-8.6,-24.5,-11.8,11.8,20.9,11.9,3,-1.8,-6.1,-9.3,-11.4,-8.8,10.9,347,1705,1726,-4095,-11150,-4428,3459,6689,5132,1684,-1003,-2915,-3792,-3352,-1754,4151,35610,39790,43824,47523,45480,37337,29135,31921,42799,54688,55109,47058,40358,29238,19801,37956
New Jersey,Morris County,34027,4.7,6.3,3.8,-6.9,-24.4,-1.8,30.3,19.6,9.4,1.6,-2.9,-8.2,-13.2,-18,-13.2,13.4,1281,1999,1330,-2391,-7774,-471,6214,5252,3479,714,-1217,-3023,-4302,-4552,-2236,3828,26912,31345,34115,34632,31856,26058,20450,26762,36743,43707,41821,36439,32390,25195,16845,28556
New Jersey,Ocean County,34029,2.1,5.6,9,-1.4,-7.6,13.6,27.4,23.6,13.6,5.4,5.5,11.6,27.6,43.5,44.2,6,858,2012,3017,-506,-2553,3829,6375,5973,4252,2053,2016,3620,7648,9495,8061,3548,39319,35828,33354,34778,33295,28033,23214,25238,31207,37503,36537,30974,27706,21805,18234,58964
New Jersey,Passaic County,34031,-4,-10.5,-8.4,-0.9,6,5.9,0.7,-2.6,-7.6,-7.2,-5.5,-5.1,-8.4,-12.8,-12.5,-12.1,-1517,-4049,-3174,-341,2062,1937,267,-930,-2963,-2940,-2117,-1634,-2327,-2661,-1952,-3932,37478,38528,37710,37634,34279,32346,33456,34917,38920,40701,37901,31724,27449,20730,15525,32266
New Jersey,Salem County,34033,-1,8.2,11.4,-0.8,-21.8,-16,7.9,13.9,9.8,7.4,2.5,0.5,1.5,-2.8,2.3,9.5,-42,315,468,-41,-1035,-727,268,492,393,360,132,25,64,-83,49,418,4027,3841,4097,4691,4743,4520,3365,3537,4004,4858,5151,4605,4103,2958,2105,4395
New Jersey,Somerset County,34035,1.9,3.8,4.8,-8.2,-27.3,14.5,55.9,27.9,7.4,0.7,-2.1,-7.4,-11.1,-14.1,-10.1,7.8,374,840,1109,-1904,-5536,2195,7009,4919,1844,229,-599,-1722,-2118,-1981,-966,1388,19483,21837,23053,23055,20211,15100,12531,17572,24691,29637,28115,23254,18943,13979,9515,17789
New Jersey,Sussex County,34037,4.7,12.6,8,-8.8,-36.8,-28.1,27.9,33.3,17.6,4.8,-2.5,-4.2,-10.5,-10,-4.4,12.6,369,1089,818,-1051,-4375,-2627,1644,2318,1823,656,-358,-511,-1074,-714,-190,812,7843,8579,10165,11914,11882,9347,5877,6952,10340,13444,13916,12018,10145,7103,4246,6443
New Jersey,Union County,34039,1.3,-3.2,-3.8,-6.2,-7.2,12.5,20.4,12,-0.3,-4.8,-3.7,-6.8,-11.4,-16.1,-16.9,-18.1,491,-1218,-1481,-2374,-2584,3867,6097,4080,-164,-2199,-1563,-2423,-3507,-3683,-2952,-7505,36918,37699,38013,38271,35436,30863,29875,33995,41403,45438,42230,35451,30542,22842,17439,41264
New Jersey,Warren County,34041,3.3,5.7,4.2,-4.4,-22.4,-16.3,29.9,32,11.2,3.2,1.6,-4.7,-1.7,-4.6,5.7,13.1,201,392,310,-349,-1696,-1029,1261,1671,863,307,154,-367,-108,-224,175,852,6078,6803,7281,7835,7542,6291,4213,5222,7704,9466,9123,7773,6345,4829,3062,6468
New Mexico,State Total,35000,3.6,6,3.9,4.2,-0.3,0.9,7.6,9.7,7.5,6,7.1,8.5,13,13.9,9.9,-1.4,5361,8281,5386,6036,-508,1356,9286,11187,8920,8405,9922,10817,13685,10687,5960,-1767,148173,137392,136304,142703,144451,142354,120995,114551,118108,138480,138109,125800,105244,76541,59763,119732
New Mexico,Bernalillo County,35001,1.9,5.3,6.6,14.5,29.9,31.2,13.3,8,7.8,7.7,8.5,6.4,8.5,8.2,8,6.8,895,2309,2683,5738,11562,12413,5430,3187,3115,3432,3720,2556,2850,1908,1389,2380,47032,43042,40249,39453,38622,39721,40761,39606,39516,44287,43447,39876,33421,23212,17193,34505
New Mexico,Catron County,35003,61.2,17.5,12.3,-17.1,-58.1,-44.2,74.2,10,7.3,21.8,36,32.5,54.7,41.3,7.8,-25.2,60,20,19,-33,-131,-96,64,10,8,42,88,101,160,114,20,-121,98,117,153,197,226,219,86,105,118,196,244,312,292,277,263,479
New Mexico,Chaves County,35005,8.7,11.5,5,11.3,-13.9,-19.2,2,9.4,7.1,2.2,3.7,-0.8,4.8,7.7,1.5,-8.4,450,538,232,560,-697,-1035,75,317,250,93,156,-34,157,186,32,-419,5122,4676,4608,4941,5011,5387,3723,3353,3484,4204,4220,4038,3235,2414,2087,4938
New Mexico,Cibola County,35006,-4.1,-10.2,-9.5,-12.1,-16.9,-4.8,13.3,21.7,13.3,4.3,7.8,9.1,7.3,6.3,8.1,-10,-87,-210,-200,-268,-378,-99,223,319,209,82,151,149,99,67,68,-162,2098,2049,2102,2204,2233,2047,1669,1464,1560,1898,1934,1634,1343,1054,838,1613
New Mexico,Colfax County,35007,-0.9,-0.4,-1.6,-14.4,-38.3,-34.8,16.4,6.3,3.7,4.7,6.5,10.7,16.2,11.7,1.7,-15.1,-6,-3,-12,-144,-393,-400,93,43,26,46,70,111,151,93,11,-212,772,800,801,998,1025,1149,570,684,694,968,1081,1041,928,793,662,1395
New Mexico,Curry County,35009,3.2,-6.6,-12.7,-8.2,10.9,10,-10.7,-5.6,-8.8,-10.3,-3.2,0.6,5,8.5,2.1,-7.5,141,-278,-514,-313,396,369,-399,-179,-269,-358,-101,16,101,126,28,-206,4363,4205,4039,3781,3608,3668,3730,3185,3057,3472,3127,2447,2033,1477,1321,2741
New Mexico,De Baca County,35011,6.7,30.8,15,-15.7,-65.8,-30.6,28.8,-7.1,0.2,5.6,7.1,24.2,15.3,18.3,23.3,-42.4,7,29,17,-20,-110,-52,20,-6,0,8,9,31,21,19,22,-161,111,97,116,128,167,171,70,94,92,156,134,129,142,104,96,379
New Mexico,Do??a Ana County,35013,1,0.1,7.2,22.3,31.5,-3.1,-20.4,1.8,8.1,9.3,10.7,12.7,22.5,26,24,6.1,165,18,1035,3319,4589,-502,-3271,222,892,1164,1288,1349,1921,1652,1264,651,16390,15486,14221,14875,14561,16024,16029,11811,10980,12507,12008,10624,8505,6352,5257,10585
New Mexico,Eddy County,35015,3.5,7.1,-0.4,-5.5,-23.3,-14.2,21.5,17.2,11.8,6,3.7,1.4,4.1,-0.8,0.4,-9.5,138,259,-17,-229,-974,-600,590,458,342,213,146,53,119,-19,7,-381,3900,3642,3953,4140,4183,4199,2741,2652,2902,3530,3907,3640,2857,2219,1680,3988
New Mexico,Grant County,35017,-3.3,-4.5,-17.4,-14.1,-33.2,-35,-19.5,-7.3,-11.8,-4,0.9,13.3,20.8,23.8,14.3,-4.8,-65,-84,-387,-305,-765,-813,-350,-113,-192,-78,19,279,414,394,179,-142,1952,1844,2223,2151,2306,2324,1792,1544,1631,1942,2087,2094,1991,1655,1256,2921
New Mexico,Guadalupe County,35019,13.2,14.3,0,-4,-20.3,-0.1,13.4,-10.1,14.8,-14.1,-8.1,1.4,11.2,3.6,8.1,-10.3,33,39,0,-12,-71,0,40,-30,37,-64,-35,4,26,7,15,-37,251,275,262,298,353,351,301,302,254,457,428,306,232,192,189,359
New Mexico,Harding County,35021,-19.5,-22.4,22.4,-33.4,-65.6,-54.2,42.1,-13.2,2.1,14.2,23.2,16.5,11.9,0,16.9,-30.3,-7,-3,5,-14,-30,-34,6,-3,0,6,11,11,7,0,7,-50,36,17,26,44,46,62,15,29,30,43,48,70,66,37,42,165
New Mexico,Hidalgo County,35023,4.5,-3,-23.3,-28.5,-46.3,-49.7,-24.5,-12.3,-8.4,-11,-17.2,-7.1,-10,1.9,-10.8,-26,15,-10,-110,-155,-243,-253,-73,-36,-29,-47,-70,-25,-35,4,-23,-131,333,328,472,543,525,508,299,293,350,427,409,359,350,246,212,502
New Mexico,Lea County,35025,5.9,18.8,8.7,8.1,-1.6,3,24.2,17.8,15,4.9,2.4,1.8,0.7,-0.2,0.1,-14.3,353,860,390,365,-78,148,901,605,512,201,102,65,20,-5,3,-537,5907,4567,4439,4503,4736,4921,3721,3387,3402,4071,4146,3548,2764,2041,1715,3731
New Mexico,Lincoln County,35027,-6.7,1.2,5.4,-7.4,-38.3,-20.3,15.3,13.3,25.5,22.6,18.7,24.6,32.2,28.1,5.6,-32.2,-74,13,55,-90,-523,-252,108,114,219,284,272,368,461,354,63,-799,1100,1100,1025,1211,1363,1240,707,855,861,1260,1454,1496,1429,1256,1118,2477
New Mexico,Los Alamos County,35028,8.3,27.8,23.3,-15.2,-66.7,-37.9,115.2,54.3,6.9,7.3,1.7,-5,-19.3,-36.8,-29.3,-11.3,76,266,247,-200,-1004,-450,530,393,78,110,28,-81,-287,-488,-244,-158,917,960,1059,1311,1503,1185,460,724,1132,1513,1682,1624,1485,1328,832,1398
New Mexico,Luna County,35029,-9.1,-9.3,-8.3,-10.5,-29.6,-27.4,-0.2,3.1,3.7,-1.6,5,14.2,25.5,37.8,15.1,-21.4,-196,-186,-168,-226,-616,-530,-2,39,50,-25,74,187,321,395,160,-604,2141,1986,2018,2156,2078,1932,1273,1235,1368,1521,1479,1318,1260,1045,1065,2817
New Mexico,McKinley County,35031,-4.5,-10.1,-14.1,-18.7,-32.5,-31.2,-4,-4.6,-7,-6,-7,-4.6,-5.4,-6.4,-2.5,-6.6,-314,-679,-999,-1566,-2729,-2167,-192,-211,-341,-323,-369,-200,-180,-152,-46,-203,6865,6717,7072,8334,8378,6936,4701,4587,4812,5377,5216,4282,3285,2365,1828,3035
New Mexico,Mora County,35033,8,22.5,-6.7,-7.9,-47.8,-46.7,-5.2,18.1,18.2,2,-1.9,8.9,19.5,7.9,1.3,-25,19,54,-22,-25,-201,-225,-11,40,47,7,-7,36,66,20,3,-131,246,240,333,324,419,482,223,225,262,362,394,401,340,254,243,523
New Mexico,Otero County,35035,12.3,3.7,-13.6,-15.4,-8,-3.4,-7.3,-10.4,-9.4,-12.2,-4,-0.2,16.3,19.9,14.6,-4.6,554,161,-656,-786,-435,-164,-298,-411,-383,-619,-185,-10,517,488,321,-198,4472,4286,4820,5102,5390,4797,4083,3951,4049,5042,4559,3805,3156,2447,2197,4237
New Mexico,Quay County,35037,-6.4,3.2,-7,-16.4,-48.7,-38.7,-0.2,0.3,5.5,2.5,-4.9,8.3,9.4,9.9,1.9,-29.2,-38,17,-41,-115,-354,-291,0,1,28,16,-34,55,59,54,8,-326,586,535,582,701,727,752,443,454,509,650,699,664,627,547,454,1116
New Mexico,Rio Arriba County,35039,-15.9,-17.9,-8.7,-15,-29,-22.3,-0.2,-4.7,-3.4,-3.1,0.2,-1.9,2.6,6,2.4,-13.7,-550,-613,-261,-499,-1029,-687,-6,-128,-91,-98,7,-59,65,108,33,-373,3453,3413,2999,3313,3537,3071,2437,2702,2626,3121,3144,2965,2471,1800,1373,2708
New Mexico,Roosevelt County,35041,1.6,-8.8,-0.2,31.1,70.2,-19.6,-39.5,-8.8,1.4,-3,1.6,8.9,4.9,14.7,2.7,-0.7,26,-136,-4,453,941,-363,-755,-105,15,-36,18,86,40,88,15,-8,1633,1538,1403,1455,1339,1847,1908,1194,1051,1179,1122,973,822,599,553,1097
New Mexico,Sandoval County,35043,28.1,57.5,48.5,18.6,-9.7,15.5,82.8,70.3,45.8,34,27.7,34.4,49.3,55.1,42.4,19.9,2104,3648,3339,1448,-756,1040,3678,3685,2796,2599,2174,2350,2597,2023,1114,1059,7468,6341,6878,7759,7780,6684,4438,5239,6095,7642,7838,6828,5257,3671,2625,5297
New Mexico,San Juan County,35045,3,9.5,5.1,-2.2,-15.9,-6.9,18.7,15.4,10.4,6,5.4,6.4,6.5,7.7,6.4,6.5,340,934,485,-235,-1696,-736,1365,1051,722,523,483,489,381,320,210,378,11124,9805,9483,10249,10627,10532,7298,6816,6898,8597,8841,7545,5841,4121,3243,5757
New Mexico,San Miguel County,35047,-7.4,-7.6,-10.6,8.7,-15,-36.4,-25.5,-6.3,-4.8,2.2,0,10.3,13.7,15.1,8,-11.8,-140,-141,-218,198,-365,-993,-536,-109,-87,52,0,206,249,207,85,-232,1875,1853,2053,2271,2426,2722,2098,1724,1787,2297,2316,1991,1813,1365,1064,1966
New Mexico,Santa Fe County,35049,5.9,5.5,2,-3.3,-15,-1.5,18.6,11.1,5.9,3.8,8.1,9.6,15.5,17.6,9.1,-1,491,442,173,-290,-1343,-127,1373,904,533,399,878,1083,1571,1204,440,-92,8234,7979,8357,8630,8952,8423,7377,8102,8947,10457,10782,11264,10136,6807,4836,8478
New Mexico,Sierra County,35051,15.4,-9.1,-18.6,-27.2,-39.5,-36.2,-22,4.4,5.8,10.1,8.1,35.5,39,45.9,27.6,-21.8,80,-49,-122,-200,-317,-264,-100,18,32,70,67,282,314,339,198,-461,517,541,657,735,803,728,458,425,553,691,825,794,805,740,719,2114
New Mexico,Socorro County,35053,-1.7,0,-12.4,1.8,0,-31.7,-33.5,-11.9,-4.1,5.3,-0.3,8.5,7.3,9,-0.3,-10.6,-22,0,-163,27,-1,-523,-498,-131,-43,64,-3,96,72,70,-2,-120,1291,1202,1317,1438,1507,1647,1485,1099,1047,1218,1278,1137,997,782,665,1125
New Mexico,Taos County,35055,1.8,6.5,3.3,-6.3,-28.6,-13.3,25.7,19.4,11.8,9.9,14.3,14.2,15.8,18.8,9.5,-1.7,35,119,60,-127,-642,-265,353,314,221,230,330,376,379,316,123,-39,1893,1829,1804,1989,2238,1988,1369,1617,1876,2312,2312,2640,2397,1675,1296,2230
New Mexico,Torrance County,35057,6.9,19.4,-3.3,-21.1,-46.2,-29.1,-1.8,5.7,-13.5,-9.7,-1.8,10.1,20.1,9.2,10.6,-8.3,63,179,-40,-311,-743,-364,-15,53,-158,-135,-26,125,197,71,58,-78,915,923,1220,1474,1608,1249,852,932,1168,1393,1389,1233,980,775,552,929
New Mexico,Union County,35059,12.8,14.9,-2.5,-10.8,-25.2,6.2,104.3,33.4,34.5,35.3,7.1,-3.8,15.8,33.3,3.8,-6.9,30,31,-6,-33,-84,21,157,69,74,93,23,-11,34,60,6,-28,238,213,260,308,335,342,151,207,214,263,328,295,219,182,179,405
New Mexico,Valencia County,35061,16.1,15.3,11.1,2.2,-21.9,-6.7,21.2,20.4,6.2,8.2,12.1,17.2,21.4,24.3,18.2,5.2,779,733,587,130,-1277,-340,789,804,299,444,630,762,803,654,381,193,4825,4778,5286,5669,5819,5030,3712,3939,4770,5412,5212,4411,3748,2694,2093,3678
New York,State Total,36000,-2.7,-6.2,-6.1,-1.2,8.2,10.9,4,-2.7,-6.3,-5.7,-4.1,-4.8,-5.7,-7.6,-8.2,-8.9,-34475,-78338,-78810,-17595,108759,137883,50000,-35599,-91945,-89531,-61841,-63103,-64725,-63846,-52672,-123674,1235214,1254275,1290266,1368516,1311303,1263796,1243646,1300635,1453331,1554378,1479377,1293085,1117507,829488,637591,1374901
New York,Albany County,36001,1.8,2.9,1.9,22.2,47.4,0.1,-20,-6.2,-3.4,1.1,1.5,-1.9,-4.5,-5.1,-4.2,-1.2,286,473,344,4257,9042,26,-4502,-1164,-710,250,335,-404,-837,-644,-378,-264,15487,15791,17294,19160,19075,21812,22472,18542,20571,22351,22301,21216,18444,12466,9003,21804
New York,Allegany County,36003,4.9,8.8,5.3,47.5,25.7,-51.3,-49.2,7.3,1.8,-0.1,1.1,0.5,3.7,0.5,3.6,-4.7,128,236,154,1570,975,-2631,-2311,170,47,-6,40,17,105,12,62,-173,2611,2681,2893,3301,3792,5129,4688,2329,2633,3266,3473,3237,2830,2113,1703,3664
New York,Bronx County,36005,-2.9,-10.6,-13.9,-5.1,7.3,9.7,-1.4,-8.9,-9.1,-6,-2.6,-3.2,-3.5,-7.2,-9.7,-15.9,-3344,-11893,-16049,-6301,7839,9754,-1512,-9159,-9920,-6386,-2459,-2446,-2216,-3523,-3752,-12463,112616,112156,115208,121441,106608,99644,101610,102298,107938,106172,91767,75437,62832,48740,38543,78064
New York,Broome County,36007,5.3,4.4,0.3,18.2,30.9,-17.7,-26.3,-2.6,0,0.3,0.7,-0.2,-2.3,-4,-1.2,0,545,457,36,2391,4251,-2700,-3788,-279,-6,55,116,-28,-274,-359,-91,12,10256,10386,11674,13101,13736,15212,14370,10464,11985,14836,15513,13437,11726,8801,7155,17059
New York,Cattaraugus County,36009,4.1,3.3,-0.3,-0.6,-20.2,-35.4,-16.7,1.3,1.5,-0.3,-1.9,-1.9,0.1,-1.9,-2.5,-9.2,207,161,-20,-36,-1333,-2427,-833,59,76,-20,-126,-119,9,-71,-73,-595,4986,4863,5360,5856,6596,6837,4987,4339,4967,5902,6513,6040,4937,3704,2913,6439
New York,Cayuga County,36011,6.9,7.4,2.4,-3,-22.2,-16.2,0.9,-0.1,-3.6,-4.2,-3.6,-3.2,-1.3,1.4,-2.5,-4.2,286,319,120,-169,-1368,-965,44,-5,-213,-285,-245,-193,-63,49,-68,-267,4098,4279,5003,5621,6163,5949,4484,4731,5812,6784,6794,5938,4813,3476,2671,6273
New York,Chautauqua County,36013,8.7,7.4,1.3,9.1,0.5,-33.9,-27.8,-0.2,-1,-1.2,-1.4,-0.8,-0.3,-0.3,-2,-0.5,628,557,113,877,60,-3780,-2590,-15,-89,-121,-155,-87,-25,-18,-100,-57,7192,7444,8369,9576,10077,11125,9311,7326,8247,9986,10510,9803,8041,6242,4886,11244
New York,Chemung County,36015,10.1,5.3,-2.4,-4.7,-14.8,-15.7,-4.5,0.9,-3.6,-2,-3.5,-3.7,-2.4,-3.5,1.4,-0.1,498,282,-137,-292,-965,-1006,-246,48,-221,-140,-258,-241,-134,-137,41,-9,4933,5283,5638,6181,6518,6383,5432,5108,6027,6970,7269,6497,5443,3916,2950,7068
New York,Chenango County,36017,3.9,12.5,9,-9.1,-37.1,-27.4,9.8,7.6,5.2,0.5,5.2,2,3.8,3.9,0.2,-0.4,106,340,286,-344,-1508,-1013,230,198,167,21,213,72,124,100,5,-18,2704,2706,3156,3790,4059,3696,2327,2599,3191,3996,4049,3553,3214,2529,1953,3761
New York,Clinton County,36019,6,9.7,6.1,24.1,37.3,-15.8,-28.1,1,-1.5,-1.3,-1.5,-1.9,-1.1,-1,-1.4,-0.1,239,373,262,1260,2082,-995,-1943,52,-87,-92,-102,-106,-53,-34,-37,-10,3942,3845,4245,5214,5573,6268,6912,4935,5748,6976,6535,5449,4580,3294,2618,5027
New York,Columbia County,36021,5,12.8,6.3,-2.5,-29.8,-29.3,13.8,15.6,10.8,8.9,7.2,7.2,7,4.5,2.5,-4.4,151,387,221,-107,-1370,-1253,357,466,422,433,353,338,308,156,63,-244,2971,3003,3479,4230,4590,4267,2581,2986,3899,4847,4896,4682,4372,3460,2457,5476
New York,Cortland County,36023,1.2,4.2,0.5,42.7,73.8,-40.4,-47.9,1.7,-3.6,1.4,-2.2,-2.4,0.5,-4.6,-1.2,1.8,34,113,17,1397,2458,-1845,-2340,46,-112,50,-80,-77,16,-95,-18,53,2751,2696,2961,3266,3329,4564,4885,2594,3085,3496,3520,3202,2726,2050,1487,2924
New York,Delaware County,36025,12.8,10.1,5.1,27.1,-15.8,-39.5,-6.7,14.9,8.3,9.9,14.3,12.2,14.7,10.8,-0.5,-12.9,283,218,131,810,-536,-1459,-158,304,219,319,489,409,458,282,-11,-625,2204,2147,2557,2992,3380,3687,2346,2036,2626,3214,3401,3333,3110,2604,2162,4833
New York,Dutchess County,36027,6.3,10.8,8.6,16.5,5.9,-20.1,-8.6,18.4,10.4,3,0.8,-0.6,-4.4,-5.3,-0.3,5.2,944,1736,1572,3423,1216,-4074,-1506,2766,2100,756,201,-137,-763,-679,-29,932,14840,16078,18123,20636,20436,20263,17352,14955,20013,24819,24243,20320,17274,12763,9185,17828
New York,Erie County,36029,5,3,-3.4,-2,3.6,-6.8,-12,-5.1,-4.2,-4.1,-4,-4.9,-5.8,-5.9,-4.2,-6.4,2437,1607,-2057,-1348,2435,-4297,-6889,-2786,-2713,-2961,-3059,-3264,-3252,-2471,-1339,-5101,48233,52546,60063,66701,66607,62898,57027,54439,63646,71772,75501,66217,55440,41495,31586,79098
New York,Essex County,36031,2.1,9.5,8.8,0.8,-26.1,-6.6,24.7,3,-5.4,-2,2.6,6.6,11.1,13.8,8.3,5.7,39,167,179,20,-730,-160,461,69,-151,-66,84,189,266,261,121,181,1861,1752,2024,2388,2794,2433,1864,2291,2765,3211,3189,2859,2382,1887,1456,3173
New York,Franklin County,36033,7.3,22.8,13.3,9.4,6.5,4.4,1.3,-9.5,-13.8,-9.3,-6.8,-1.9,-0.4,2.1,0,-10,198,535,347,309,237,163,46,-343,-592,-432,-303,-66,-13,45,1,-348,2708,2341,2607,3259,3619,3642,3365,3574,4272,4644,4420,3470,2895,2129,1537,3461
New York,Fulton County,36035,9.1,9.5,10.7,-2.3,-23.6,-16.9,15.4,12.2,4.8,4.5,2.3,1.5,3.6,5.2,2.9,-9.3,262,287,348,-90,-925,-669,407,374,176,192,97,59,123,132,55,-439,2881,3009,3229,3864,3907,3946,2641,3060,3642,4250,4216,3819,3405,2508,1874,4694
New York,Genesee County,36037,6.5,6.5,0.5,-3.4,-20.2,-19.7,6.3,4.7,-0.1,-1.3,-0.9,-1.3,-0.1,-2.3,4.5,8.9,216,215,19,-154,-945,-858,184,154,-5,-65,-49,-55,-6,-62,91,377,3278,3279,3779,4486,4677,4355,2898,3275,4205,5017,5078,4151,3467,2716,1989,4201
New York,Greene County,36039,5.6,9.9,4.4,6,-4.2,-26.3,-21.3,17.1,14.4,15.1,9.7,11.1,14.3,15.4,4,-4.4,126,218,120,194,-143,-876,-669,423,429,537,363,369,426,371,75,-175,2250,2205,2710,3212,3331,3323,3128,2464,2977,3542,3733,3311,2974,2405,1849,3918
New York,Hamilton County,36041,-1.2,8.7,3.4,-24.9,-41.8,-45.9,1.9,3,2.2,12.4,10.3,15.5,15.1,0,-9,-19.5,-2,18,8,-70,-123,-154,3,7,6,43,40,67,56,0,-25,-115,174,215,238,284,296,337,173,242,269,352,392,436,374,383,288,589
New York,Herkimer County,36043,16,14.9,11.1,7.4,-18.1,-28.3,-3.7,8.3,7.3,4.1,4.1,3.5,3.9,2.2,-0.4,-3.3,510,502,414,336,-837,-1358,-125,281,279,198,198,158,156,69,-10,-181,3181,3360,3718,4497,4603,4793,3351,3359,3832,4780,4837,4514,3941,3003,2415,5469
New York,Jefferson County,36045,4.4,-1.1,-11.6,-9.5,36.9,26.4,-20,-17.3,-12.3,-16,-10.3,-7.3,-4.5,-2.3,-3,-6.8,426,-93,-994,-815,2969,2121,-1965,-1496,-1065,-1497,-846,-492,-256,-94,-90,-449,9514,8064,8502,8499,8028,8013,9812,8638,8608,9316,8166,6669,5595,4040,2935,6530
New York,Kings County,36047,-9.3,-18.2,-17.9,-11.9,9.5,30.3,11.6,-9,-14.2,-11.9,-8.3,-8.6,-8.2,-11.6,-14.8,-22.6,-18919,-36007,-34221,-22952,17302,52962,21454,-17907,-27592,-22475,-14618,-13419,-11010,-10922,-12057,-39373,203099,197030,190784,192128,180357,174229,184062,197705,193102,188579,175539,155195,133938,93881,81211,173799
New York,Lewis County,36049,9,16,9.9,-6.3,-34.7,-29.5,9.3,10.1,2.8,0.3,-0.3,-1.6,-0.3,-5.3,3.3,-3.2,151,251,170,-128,-806,-636,125,146,46,8,-7,-32,-4,-65,29,-66,1672,1567,1707,2003,2323,2153,1342,1444,1641,2181,2207,1959,1462,1224,886,2033
New York,Livingston County,36051,7.7,11,8.6,33.5,43.3,-41.9,-44.6,1.8,4.3,-1,-1,-2.3,-0.5,1.4,7.2,13.6,235,351,314,1403,1933,-2522,-2586,62,184,-58,-55,-109,-22,38,135,509,3052,3180,3626,4186,4460,6017,5798,3434,4227,5370,5371,4619,3814,2637,1869,3720
New York,Madison County,36053,12.7,15.4,12.9,41.2,23.6,-44,-26.8,16.1,8.4,7.3,6.8,2.3,2.4,-1.7,2.6,0.2,452,560,549,1975,1210,-2914,-1281,543,378,397,383,112,97,-58,59,10,3559,3638,4245,4788,5128,6611,4773,3364,4501,5424,5585,4898,4021,3312,2272,4554
New York,Monroe County,36055,4,3,-1.1,2.8,6.6,-5.3,-9.9,-4.2,-3.8,-3.2,-3.8,-5.9,-7.5,-7.8,-3.9,3.8,1728,1334,-583,1601,3628,-2784,-4720,-1889,-1977,-1903,-2262,-3107,-3394,-2540,-883,1908,43094,44191,48839,55313,54797,51940,47288,44966,51856,58185,58269,52415,44807,32387,22632,49322
New York,Montgomery County,36057,-1.7,8.7,9.8,-2,-17.7,-6,12.9,12.9,1.9,2.6,4.2,2.6,3.7,-2,0,-1.7,-55,259,300,-70,-631,-198,311,340,61,93,152,94,108,-45,-1,-81,3230,2949,3048,3428,3556,3256,2406,2641,3073,3521,3591,3527,2909,2184,1575,4633
New York,Nassau County,36059,2.7,4.7,4,-4.5,-13.1,-10.8,5.9,15.2,5.9,0,-2.6,-6.5,-10.5,-13.4,-12.5,-9.4,2070,3818,3606,-4440,-12069,-8834,4033,10720,5434,-15,-2935,-6536,-9196,-8533,-6114,-10997,74529,80382,90000,97374,91912,81166,68059,70470,91805,110097,110543,99200,87060,63512,48622,116793
New York,New York County,36061,-21,-38.4,-26.7,3.4,108.1,155.4,28.9,-25.8,-31.7,-24,-14.7,-10.5,-7.4,-7.5,-8.7,-14.2,-21282,-38817,-21210,2561,73962,114932,35049,-43227,-52169,-33215,-17204,-10875,-6767,-5283,-4774,-16384,100994,100891,79439,74347,68409,73955,120916,167224,164133,138306,116345,103296,91423,70095,54665,114885
New York,Niagara County,36063,8,6,-1,-3.2,-11.9,-19.7,-4.7,5.1,1.5,0.2,0.6,-0.7,0.2,0.5,1,1,889,718,-140,-506,-1912,-3043,-577,600,217,41,115,-110,38,49,72,187,11049,11928,13643,15456,15953,15427,12202,11650,14193,17214,18056,15699,13002,9493,7201,17104
New York,Oneida County,36065,7.3,10.5,4.9,6.6,-3.5,-12.5,-7.7,1.7,-2.3,-0.8,-1.3,-1.7,-0.9,-0.6,-1,-1.2,936,1331,682,1062,-595,-2055,-1060,234,-375,-151,-242,-288,-132,-71,-85,-257,12756,12568,13828,15971,16609,16387,13617,13268,16032,18165,17947,16110,14021,10446,8019,19815
New York,Onondaga County,36067,3.4,3.6,-0.6,4.3,6.3,-8.8,-10.8,-0.8,-0.9,-0.9,-2,-3.8,-5.1,-5.8,-2.5,-0.1,947,1016,-209,1506,2138,-2904,-3185,-220,-312,-336,-756,-1239,-1356,-1125,-351,-56,27324,28128,31023,34376,33872,32951,29442,26572,31428,36075,36214,32409,26542,19175,13938,33486
New York,Ontario County,36069,10.6,19.6,13.9,4.6,-13.3,-23.6,-3.5,20.6,18.5,7.6,4.4,5.1,4.9,6.6,7,21.7,576,1095,874,345,-1006,-1658,-194,1042,1199,628,369,394,335,319,238,1379,5407,5582,6258,7439,7558,7022,5469,5051,6466,8216,8244,7622,6739,4782,3403,6351
New York,Orange County,36071,2.3,10.7,7.7,0,-11.5,-16.4,7.4,29.5,15.8,2.7,-3.7,-5.5,-8.1,-7.5,-4.7,1.6,640,2732,2075,16,-3245,-4129,1473,5545,3877,817,-1074,-1359,-1665,-1067,-458,305,26887,25533,26954,29078,28108,25036,19841,18759,24438,29457,28871,24273,20347,14230,9554,18120
New York,Orleans County,36073,14.5,6.1,-0.3,-1.4,-20.8,-23.6,-3.6,-5.1,-6.1,-6.7,-6.1,-1.1,-1.8,1.5,3.8,1.8,299,143,-9,-47,-718,-778,-87,-136,-204,-266,-234,-33,-45,28,54,51,2056,2348,2847,3209,3441,3296,2385,2643,3312,3948,3793,2978,2525,1843,1387,2762
New York,Oswego County,36075,4,9.2,3,9.5,3.6,-31.9,-28.7,5.7,3.4,-0.8,-3.4,-3.6,-4,-4.2,-1.5,0,282,637,239,909,357,-3148,-2592,378,284,-90,-341,-307,-287,-222,-56,6,6965,6916,7844,9533,9725,9851,9006,6614,8247,10090,9800,8410,7075,5188,3583,6766
New York,Otsego County,36077,3,11.3,10.9,51.4,55.2,-48.4,-51.9,4,10.3,10.8,5.5,3.7,6.4,3.8,6.2,-3.2,83,310,333,1991,2359,-2857,-2951,115,347,435,245,159,242,115,133,-160,2736,2734,3049,3867,4267,5896,5678,2863,3350,4027,4457,4317,3734,2993,2150,4961
New York,Putnam County,36079,4.6,12.5,7.8,-10.2,-28.4,-16.4,16.3,35.1,16.5,3.3,-2.9,-8.6,-11.1,-12.1,-11.5,3.2,235,725,541,-773,-2031,-938,679,1660,1176,315,-266,-700,-744,-589,-379,163,5050,5776,6864,7560,7145,5695,4149,4725,7094,9451,9178,8049,6664,4844,3288,4984
New York,Queens County,36081,-9.5,-18.3,-17.1,-6.1,18.6,39.2,12.5,-10.2,-14.7,-12.4,-7.5,-7,-8.8,-12.7,-16.4,-23.4,-14571,-28081,-25593,-9008,25544,53131,20100,-19022,-28407,-23651,-13068,-10453,-11192,-12238,-13066,-41344,152382,153176,148999,147268,136744,135479,159602,185580,191994,189335,172908,147590,126780,95673,79634,176382
New York,Rensselaer County,36083,3.3,7.8,0.6,15.3,16.2,-10.6,-6.9,5,3.5,1.6,2.1,2.6,-0.4,-3.3,-0.7,3.7,296,665,61,1612,1755,-1207,-699,459,368,201,264,282,-44,-217,-34,371,8803,8517,9605,10480,10821,11380,10085,9091,10390,12033,12143,10827,9440,6565,4721,10020
New York,Richmond County,36085,2.8,4.4,-0.5,-2.4,-0.1,5.7,12.4,8.7,0.7,-1,-0.5,-0.1,-4,-8.8,-7,-2.6,830,1282,-168,-807,-39,1666,3335,2561,252,-399,-181,-49,-1141,-1843,-1013,-736,28626,29049,30965,33362,31674,28743,26819,29121,33972,36480,35792,31064,28135,20755,14450,27299
New York,Rockland County,36087,2.1,5.1,8,0.2,-14.3,-6.5,9.7,15.5,7.1,0.4,-1.1,-4.1,-10.4,-14.4,-13.6,3.2,524,1208,1815,61,-3223,-1289,1526,2416,1390,108,-265,-836,-1999,-2119,-1500,615,24131,23307,22648,23121,22426,19562,15621,15540,19389,22700,22197,19952,19074,14719,10985,18853
New York,St. Lawrence County,36089,8.5,9.6,3.3,34.7,40.5,-34.8,-39.8,-2,-2.4,-3.6,-3.3,-3.2,-0.2,-1.2,-2.5,0.3,533,585,212,2547,3153,-3549,-3950,-133,-177,-306,-279,-250,-13,-57,-93,25,6223,6034,6270,7327,7777,10199,9908,6377,7190,8345,8260,7691,6265,4716,3733,7095
New York,Saratoga County,36091,7.3,14.3,9.1,-3.1,-14.7,-6.8,20.6,22.2,10.6,4.8,2.2,0.7,1.6,0.6,7.1,8.4,856,1764,1230,-460,-2114,-889,2173,2651,1663,853,387,114,226,64,447,1027,11619,12269,13451,14530,14290,13009,10522,11899,15557,17732,17097,15164,13493,9745,6285,12167
New York,Schenectady County,36093,4.9,8.8,7.7,3.1,-2.1,2.9,16,20.7,7.9,5.3,3.8,0,-4.1,-7.7,-3.9,-3.2,448,778,719,326,-218,269,1274,1624,764,612,441,0,-374,-515,-179,-415,9140,8818,9330,10442,10292,9226,7919,7832,9637,11526,11533,10428,8915,6687,4593,12734
New York,Schoharie County,36095,0.6,19.6,8.2,31.5,2.2,-43.7,-8.9,17.8,11.4,9.4,7.1,8.9,12.9,12.7,4.6,-13.3,10,292,150,660,50,-1295,-157,270,221,216,171,207,264,192,52,-351,1533,1483,1816,2097,2226,2958,1771,1513,1926,2286,2412,2304,2038,1513,1131,2638
New York,Schuyler County,36097,8.7,8.2,-1.9,-9.5,-31.3,-39.1,-5.4,6.8,7.7,5.6,4.2,0.5,-3.3,1.9,1.6,-5.6,72,79,-22,-131,-443,-579,-51,63,93,80,63,8,-43,18,12,-83,832,969,1157,1378,1413,1477,945,930,1206,1431,1479,1462,1293,931,739,1471
New York,Seneca County,36099,13.7,9.9,7.5,-3.4,0,7.5,10.2,4.8,1.3,4.5,6.5,5.4,9.4,1.7,6.3,-0.3,245,177,144,-83,-1,159,182,97,29,116,173,130,191,27,72,-9,1790,1790,1917,2414,2489,2124,1785,2018,2255,2538,2653,2422,2016,1572,1128,2635
New York,Steuben County,36101,10.5,11.3,6.8,-7.5,-31.2,-20.2,14.3,9.7,8,2.9,1.8,1.8,-0.1,0.6,-0.8,-2.6,565,644,427,-546,-2393,-1409,679,506,494,216,137,136,-9,31,-30,-203,5385,5679,6279,7282,7656,6954,4746,5199,6117,7388,7588,7210,6105,4542,3593,7654
New York,Suffolk County,36103,-2.1,0.1,2.1,-4.8,-11,-4.3,14.1,17.7,8,0,-2.2,-4.4,-7.3,-8.3,-6.6,6.7,-1991,131,2219,-5364,-11234,-3815,10682,14610,8723,-109,-2739,-4349,-6486,-5665,-3205,5874,91369,98705,104147,110994,102097,86739,75284,82492,108274,128584,119431,98457,88520,67564,48279,87403
New York,Sullivan County,36105,1.6,13.3,7.9,1.9,-17.4,-15.4,24.4,23.8,9,9.3,6.2,6,5.8,4.1,-4.1,-19.2,79,563,360,100,-954,-785,863,855,448,553,365,320,282,156,-119,-1130,4727,4212,4517,5180,5456,5089,3523,3585,4958,5937,5880,5308,4852,3739,2853,5871
New York,Tioga County,36107,3.6,13.2,5.3,-13.6,-41,-30.7,15.1,18,5.5,-0.1,-1.8,-4.6,-1.4,-1.9,-1,-3.1,106,385,181,-525,-1745,-1165,354,441,176,-5,-87,-170,-45,-48,-20,-116,2947,2909,3375,3857,4253,3784,2331,2442,3205,4326,4740,3697,3180,2491,1922,3736
New York,Tompkins County,36109,1.6,0.7,2.2,142.1,232.4,-35.2,-63.7,-26.6,-10.7,-3.2,-0.8,-1.4,-4.3,-2.5,-2,6.9,73,34,98,7303,12188,-4297,-10305,-1812,-649,-193,-50,-88,-227,-90,-45,335,4370,4409,4438,5137,5244,12186,16159,6791,6028,6014,6126,6208,5259,3517,2272,4851
New York,Ulster County,36111,5.2,10.1,5.5,5.7,1.2,-14,-6.1,14.9,6.6,1.4,0.7,-0.7,0.6,-0.5,-4,-2.8,462,903,559,700,150,-1666,-652,1453,809,213,105,-96,75,-48,-247,-367,8850,8936,10118,12251,12376,11822,10647,9746,12175,15181,15057,13562,11747,8550,6067,12873
New York,Warren County,36113,3.5,13,11.7,-4.6,-26,-16.4,10,13.3,9,6.8,7.7,8.9,10.5,5.5,6.6,4,115,422,416,-205,-1198,-701,307,435,380,349,384,417,439,178,153,205,3218,3228,3549,4402,4605,4251,3075,3262,4213,5086,4991,4665,4149,3247,2313,5050
New York,Washington County,36115,4,13.6,9.2,-3.3,-16,-10.9,6.4,10,7.2,2.3,5.8,2,6.4,6.6,-1.3,3.3,134,433,325,-141,-749,-457,220,350,317,119,282,89,234,187,-30,146,3308,3177,3532,4224,4657,4195,3432,3493,4414,5006,4808,4400,3628,2821,2175,4322
New York,Wayne County,36117,4.4,5.8,3.1,-11.9,-37.3,-25.6,18.7,16.3,1.6,-2.2,-1.1,-1,0.3,0.9,-0.3,2,240,323,202,-886,-2834,-1670,773,802,111,-182,-89,-70,19,41,-12,121,5427,5583,6388,7429,7600,6520,4132,4899,6761,8161,7975,6784,5850,4227,3022,5849
New York,Westchester County,36119,3,1.5,-1.7,-6.1,-13.9,0.6,19.2,13.8,3.7,-3.8,-4.8,-7.5,-9.2,-12,-11.3,-5.9,1743,961,-1187,-4253,-8774,339,9066,7574,2618,-3081,-3729,-4978,-5331,-5289,-3798,-4449,57858,62943,66867,68871,62804,53442,47082,54806,68977,79663,76390,66369,57831,43897,33421,74452
New York,Wyoming County,36121,6.9,11.5,5.5,-10.3,-22.7,-2.6,11.5,-3.8,-5.9,-8.8,-10,-5.5,-4.2,1.6,-5.8,-9.2,139,248,130,-304,-717,-81,281,-110,-206,-358,-379,-182,-108,29,-82,-255,2015,2145,2356,2948,3148,3054,2432,2913,3472,4065,3769,3266,2557,1815,1412,2756
New York,Yates County,36123,8.4,11.4,8.9,12.6,-5.4,-40.2,-17.8,11,1.4,6.4,7.6,6.7,14.6,3.7,2.3,-4.1,125,166,150,238,-98,-848,-240,121,19,111,137,112,213,45,22,-84,1498,1448,1684,1882,1812,2108,1347,1101,1336,1723,1791,1663,1457,1226,962,2008
North Carolina,State Total,37000,3,9.1,12.5,14.4,23.2,21.1,9.1,11.4,10,8.7,9.1,10,14.2,15.9,13.5,7.4,19337,54006,70237,82144,125740,111006,52724,68266,60811,56490,56229,54510,66264,54858,34993,36799,636714,587996,560866,568567,540384,525876,573602,596498,608076,644205,611633,541732,463985,343764,258238,496701
North Carolina,Alamance County,37001,1.6,10.4,14.3,22.2,23.8,-1.4,-1.2,11.9,11.3,10.2,9.7,8.4,13.5,14.5,14.5,17.4,160,941,1255,1989,2109,-124,-108,1072,1095,1038,945,728,1005,825,613,1570,9753,9051,8752,8960,8831,8701,8914,8963,9641,10177,9720,8573,7404,5666,4224,9019
North Carolina,Alexander County,37003,13.2,14.3,-0.2,0.6,-17.2,6.3,18.8,11,5.6,10,8.3,8.8,13.4,12.1,16.8,6.9,266,296,-6,14,-377,131,356,262,142,276,210,199,287,208,207,143,2012,2061,2394,2327,2192,2056,1884,2381,2547,2744,2514,2250,2142,1716,1231,2071
North Carolina,Alleghany County,37005,18.7,18.6,14.3,13.9,-8.2,-10,3,1.9,8,10.8,13.9,16.3,21.7,16.7,3,-3.7,94,91,82,81,-45,-59,16,12,52,74,105,121,157,104,15,-40,507,492,575,587,551,594,542,646,648,687,758,740,724,624,523,1055
North Carolina,Anson County,37007,1.7,2.8,-4.3,-4.3,-3.3,14,16.4,11.2,7.7,8.4,9.5,13.3,8,9.3,15.3,-7.2,28,45,-74,-81,-60,228,254,183,140,156,177,212,121,104,118,-135,1597,1586,1706,1866,1798,1624,1544,1635,1825,1854,1845,1596,1514,1118,767,1871
North Carolina,Ashe County,37009,10.2,13,15.3,7.3,-6.9,5.9,20.8,19.5,16,13.9,16.2,18.3,22.7,26.8,13.4,4.2,138,165,204,95,-92,83,258,271,242,247,286,325,383,360,165,97,1357,1268,1339,1307,1325,1396,1239,1389,1507,1773,1759,1770,1687,1343,1224,2260
North Carolina,Avery County,37011,-4.2,-7.3,5.4,12.5,32.5,0.7,-9.1,3.5,-1,4.1,5.1,11.8,15.5,10.5,15,-5,-35,-62,46,121,304,8,-113,44,-12,55,63,128,164,89,98,-74,833,855,847,971,934,1095,1241,1243,1274,1325,1230,1085,1059,847,654,1454
North Carolina,Beaufort County,37013,1.8,-0.1,4.6,-4,-21.8,-12.6,9.8,11.3,6.2,9.6,12,15.3,18.4,23.8,13.4,-0.5,52,-4,131,-122,-646,-355,239,286,163,289,391,491,575,569,257,-19,2836,3028,2814,2992,2953,2816,2417,2536,2637,2993,3256,3209,3117,2389,1914,3608
North Carolina,Bertie County,37015,-1.7,-7.4,-4,-5.3,-11.2,-4.6,18.5,16.1,16.8,21.1,14.5,18.9,15.8,21.3,25.7,9.8,-21,-91,-53,-77,-171,-64,185,174,185,297,226,261,178,180,184,154,1242,1229,1317,1439,1523,1392,1000,1082,1102,1404,1552,1383,1124,846,717,1556
North Carolina,Bladen County,37017,4,-3.1,5.4,2.3,-9.6,-7.6,4.6,7,11.8,12.2,20.5,19.7,18.5,25.7,18,-3.1,85,-71,121,51,-205,-166,91,144,232,271,474,457,378,379,211,-72,2132,2257,2229,2247,2135,2166,1955,2054,1963,2222,2307,2316,2034,1473,1175,2281
North Carolina,Brunswick County,37019,8.2,28.8,30.5,18.3,7.1,36.6,74.2,53.9,40.3,38.6,53.3,78.6,122.6,96.1,42.8,6.4,457,1250,1265,808,316,1511,2522,2156,1741,1934,2591,3810,5841,4553,1768,462,5574,4339,4145,4402,4415,4126,3397,3997,4320,5009,4857,4846,4764,4736,4125,7190
North Carolina,Buncombe County,37021,4,7.8,10.8,9.6,15.3,28.6,28,17.5,11.7,9.3,10,11.1,16.4,16.8,12.9,10.3,544,990,1315,1233,1966,3571,3517,2368,1668,1447,1594,1687,2170,1649,977,1677,13392,12612,12068,12835,12782,12478,12537,13508,14178,15523,15832,15198,13165,9765,7534,16180
North Carolina,Burke County,37023,1,3.8,2.3,12.2,-13.6,-20.1,-5.6,-2.8,0,1,3.3,2.8,6.8,10,7.5,-2.2,54,196,134,747,-832,-1219,-295,-167,-4,73,218,170,376,426,248,-146,5173,5163,5706,6116,6104,6062,5248,5883,6437,6911,6512,5914,5495,4231,3281,6504
North Carolina,Cabarrus County,37025,3.6,27.6,41.2,22.8,0,30.6,61.6,48.4,36.5,22.5,15.6,13.4,14.8,18.3,21,21.8,479,3058,3974,2261,3,2516,4619,4658,3812,2522,1650,1183,1117,1022,817,1547,13014,11078,9629,9908,9129,8200,7489,9616,10443,11169,10566,8794,7539,5563,3889,7089
North Carolina,Caldwell County,37027,5.5,7.3,9.1,4,-13,-6.4,10.2,8.8,7,7.7,6.8,8,10.4,11.5,8,-0.2,254,346,470,214,-648,-285,440,468,414,465,392,430,512,440,239,-15,4542,4739,5148,5265,4985,4420,4279,5317,5875,6045,5764,5368,4898,3827,2964,5246
North Carolina,Camden County,37029,26.5,63.7,89.8,52.1,-24.2,4.4,101,108.8,76.3,51.4,31.6,37.4,27.3,22.2,14.8,-4.8,128,284,359,238,-133,19,278,406,344,304,197,171,119,83,39,-26,484,447,399,456,549,433,275,373,450,591,623,456,435,374,263,537
North Carolina,Carteret County,37031,6.9,12.5,18,9,-5.6,8.7,33.2,17,21.1,15.4,18.9,19.2,26.8,23,6.7,-5.3,218,377,543,305,-204,298,877,534,753,678,877,855,1112,795,193,-299,3146,3017,3017,3380,3607,3393,2637,3132,3564,4382,4640,4434,4141,3458,2853,5550
North Carolina,Caswell County,37033,12.5,14.4,-0.4,-10,-22.4,-9.1,3.1,1.4,-4.2,3.8,9.1,8.1,10.5,6.8,9.7,-2.2,136,175,-6,-160,-357,-127,40,22,-71,73,169,141,162,79,86,-35,1085,1218,1392,1601,1589,1399,1275,1548,1679,1922,1860,1749,1547,1162,892,1547
North Carolina,Catawba County,37035,0.8,2.6,8.5,0.5,-8.7,-0.1,5.9,3.8,4.8,5.9,5.3,4.2,8.6,10.5,9.1,8.1,79,266,817,55,-825,-9,530,404,521,672,575,409,758,676,430,708,9932,10140,9611,10122,9435,8774,8896,10502,10680,11232,10774,9629,8759,6404,4716,8654
North Carolina,Chatham County,37037,10.5,20,14.6,8.3,-9.6,15.1,37.1,25.4,20.6,19.5,22.7,28.5,45.7,54.3,51.8,36.1,391,686,470,256,-299,406,963,847,757,767,880,1063,1431,1274,879,1420,3689,3418,3214,3084,3099,2678,2592,3326,3669,3930,3871,3718,3130,2343,1698,3927
North Carolina,Cherokee County,37039,5.5,5.9,13,11.2,-20.9,-11.4,23.9,13.6,21,27.8,23.7,37.5,44.8,43.2,19.5,-3.4,75,78,178,152,-282,-158,252,182,287,387,385,601,763,659,259,-88,1343,1315,1368,1356,1348,1383,1053,1336,1362,1394,1622,1602,1703,1525,1330,2544
North Carolina,Chowan County,37041,3.3,1.9,5.4,-9.8,-27.1,-16.7,10.9,6,12.8,13.2,7.1,13.2,33.9,28.5,20.8,-1.2,29,17,47,-96,-274,-153,78,43,90,129,72,134,276,193,122,-16,881,895,885,984,1013,917,716,715,699,980,1017,1016,813,679,587,1323
North Carolina,Clay County,37043,17.3,33.7,51.3,19.2,-6.9,-4,33.4,41,40.6,34.6,32,35.8,45.3,49.3,30.7,-3.2,76,140,196,86,-33,-19,123,164,162,168,202,229,309,268,141,-35,440,416,383,449,472,479,369,400,398,486,632,638,683,544,462,1093
North Carolina,Cleveland County,37045,1.9,2.3,-0.4,-0.8,-12.4,-15.6,-7.9,1,3.2,3.5,5.3,5,8.6,5.9,8.8,-1.3,112,146,-31,-60,-848,-955,-461,62,221,259,365,323,499,267,287,-85,5900,6136,6672,7256,6819,6084,5847,6168,6718,7237,6843,6424,5760,4490,3236,6366
North Carolina,Columbus County,37047,-0.8,-1,1.7,-2.1,-9.6,-10.5,11.3,11.7,8.8,8.8,10.1,8,14.2,16,11.8,-0.5,-32,-42,66,-84,-375,-418,366,388,307,354,387,297,466,402,238,-20,3681,3867,3771,3881,3908,3969,3234,3315,3460,3996,3826,3708,3278,2512,2004,3635
North Carolina,Craven County,37049,-4.5,-15.4,-10.4,0.8,67.9,25.5,-30.9,-9.3,-1.1,1,6.6,11.5,22.8,37.2,23.9,8.9,-381,-1202,-731,56,3959,1535,-2821,-599,-64,71,434,657,1098,1323,733,578,8334,7762,6975,6408,5827,6001,9128,6400,5690,6547,6533,5668,4797,3549,3060,6450
North Carolina,Cumberland County,37051,-1.6,-11.9,-13.6,-5.7,36.4,30.1,-28.3,-25.2,-19.4,-13.3,-5.8,-2.2,2.7,5.5,3.8,0,-463,-3177,-3546,-1406,8202,6696,-8862,-6954,-4833,-3336,-1254,-381,360,522,282,9,28050,26606,25891,24604,22522,22218,31292,27549,24881,24935,21492,17314,13316,9352,7351,12516
North Carolina,Currituck County,37053,19.6,33.9,41.9,25.4,-16.8,-1,58.1,63.4,50,33.6,30,26.6,26.4,20.5,8.2,-2.8,224,398,478,320,-235,-12,480,615,610,537,489,349,290,193,56,-33,1144,1174,1139,1257,1402,1154,826,969,1220,1597,1628,1313,1097,941,689,1168
North Carolina,Dare County,37055,-11.8,-4,16.2,0.3,-18.8,25.4,58.1,25.9,12.9,11.9,10.3,13.3,22.7,9.5,-1.8,-21.9,-255,-81,260,6,-373,416,756,444,272,300,277,328,460,158,-24,-559,2157,1995,1600,1749,1985,1635,1301,1710,2111,2510,2666,2462,2020,1649,1355,2542
North Carolina,Davidson County,37057,7.1,15.5,12.1,1.6,-14.5,-0.4,21.4,14.1,11,6.1,6.8,7.6,9.2,10.3,8.8,0.9,692,1476,1214,173,-1426,-39,1676,1410,1233,758,789,755,845,721,465,92,9627,9483,9998,10322,9809,8953,7815,9965,11177,12272,11520,9881,9170,6974,5290,9649
North Carolina,Davie County,37059,6.7,24.6,27,7.5,-26.7,-6.9,25.3,27.2,24.4,19.6,16.3,16.4,18.7,24.2,19.3,21.3,154,531,628,188,-620,-139,441,583,585,543,447,420,426,420,264,526,2276,2159,2327,2491,2315,2013,1738,2140,2390,2765,2743,2562,2273,1733,1365,2461
North Carolina,Duplin County,37061,10.9,8.4,8.1,5,1.3,12.3,9.7,7.2,9.9,9.3,19.2,20.8,30.7,30.4,21.6,12.1,444,329,308,180,45,402,337,260,343,347,668,652,809,608,364,388,4048,3899,3768,3580,3485,3258,3464,3603,3455,3724,3469,3129,2634,1997,1685,3201
North Carolina,Durham County,37063,-5.8,-13.1,-7.6,19.6,74.5,76.8,13,-8,-12.1,-4,1.3,4.7,4.8,4.7,3.8,11.1,-1280,-2527,-1242,2919,10016,11223,2768,-1794,-2451,-744,218,693,582,378,208,1208,21942,19269,16184,14842,13434,14611,21165,22327,20105,18332,16550,14695,11921,7945,5441,10796
North Carolina,Edgecombe County,37065,3.4,0,-3.3,-8.3,-19.7,-14.2,-1.8,-1.6,-0.7,1.9,1.2,5.8,9.3,15.9,5.6,3.8,128,1,-132,-365,-860,-562,-62,-56,-25,79,56,236,299,350,106,132,3726,3801,3923,4392,4363,3954,3308,3324,3604,4166,4324,4014,3222,2201,1879,3397
North Carolina,Forsyth County,37067,1.2,6.4,9.1,15.1,24,19.3,8.4,4.4,4,4.9,5.3,2.9,3.4,4.5,4.6,6.9,311,1478,1948,3264,4780,3723,1766,988,943,1217,1278,636,629,600,460,1373,24561,22781,21346,21482,19859,19265,20848,22394,23133,24742,23759,21395,18365,13069,9956,19733
North Carolina,Franklin County,37069,10.2,29,22.3,18.4,0.2,11.2,36.2,36.3,20.1,15.5,20.4,24.9,29.9,35.1,31.5,19.7,382,958,765,630,7,346,978,1170,757,664,782,824,817,684,453,511,3749,3295,3423,3410,3353,3086,2699,3218,3758,4267,3817,3302,2728,1948,1440,2589
North Carolina,Gaston County,37071,1.7,5.8,7,1.4,-6.5,5.5,14.8,7.4,8,5.9,5.7,3.4,2.8,5.5,6.7,0.4,239,747,926,203,-850,641,1653,1051,1153,889,817,444,336,461,409,57,13408,12738,13168,13656,13043,11499,11107,14102,14314,14898,14166,12996,11738,8252,6039,11852
North Carolina,Gates County,37073,16.6,39.1,35.2,5.4,-25.9,-12.4,40.3,32.1,32,15.1,19.2,27,28.1,22.9,14.5,0.9,102,219,221,45,-230,-84,170,175,216,144,157,188,165,113,59,7,615,559,629,824,889,681,423,547,675,956,818,695,589,496,409,736
North Carolina,Graham County,37075,12.9,12.9,11.7,3.9,-7.6,-3.1,18.3,21.6,9.2,21.2,26.4,16.6,28.6,21.5,7.2,-2.4,60,63,56,19,-37,-14,73,86,46,110,134,87,152,97,29,-19,465,491,481,493,487,463,399,402,502,521,508,522,533,452,400,767
North Carolina,Granville County,37077,11.6,23.1,21.3,20.9,5.5,16.5,29.3,29.2,25.1,17.7,16.7,20.6,30.4,21.7,20.6,10.3,366,697,666,716,181,481,897,1035,1001,757,686,678,834,455,309,286,3149,3005,3118,3413,3293,2899,3059,3539,3985,4275,4104,3287,2736,2089,1496,2763
North Carolina,Greene County,37079,24.1,13.5,1.4,-0.9,2.5,15.7,25.1,9.5,4.6,6.2,12.3,10.6,9.3,6.5,2.6,-0.7,281,164,19,-12,33,205,323,137,63,97,184,140,98,50,16,-9,1168,1213,1378,1314,1307,1299,1287,1440,1357,1547,1494,1318,1056,770,638,1184
North Carolina,Guilford County,37081,4.1,9.7,11.9,25.6,44.8,19,-2.5,3.8,4,5.4,5.1,3,4.1,4.2,3.9,7.9,1259,2858,3435,7514,12388,5397,-815,1219,1346,1822,1644,877,1019,749,513,2043,30556,29232,28798,29313,27602,28407,32370,31924,33043,33670,32195,28839,24814,17679,13017,25724
North Carolina,Halifax County,37083,1.9,-5.7,-7,-12.1,-27.7,-21.5,-8.9,-7.5,-3.4,0.2,2.4,6.5,7.4,7.7,8,-11.8,64,-211,-262,-534,-1208,-864,-281,-258,-127,8,105,246,245,191,157,-543,3328,3689,3725,4402,4356,4002,3157,3421,3698,4287,4206,3784,3296,2455,1961,4575
North Carolina,Harnett County,37085,22.6,27,19.6,17.6,21.8,29.5,19.5,13.5,6.8,7.1,10.5,11.1,17.7,20.1,20.6,1.3,1786,1936,1416,1264,1441,1869,1358,1020,514,515,685,615,804,674,512,63,7881,7153,7209,7161,6583,6329,6942,7542,7471,7244,6507,5539,4527,3343,2477,4790
North Carolina,Haywood County,37087,6.2,12.7,14.3,4.9,-12.3,1.8,27.4,18.4,10,16.2,15.5,19.8,24.1,22.6,18.3,-3.4,175,355,419,158,-396,50,642,562,351,616,584,704,870,700,480,-191,2819,2788,2932,3213,3224,2801,2341,3049,3507,3800,3749,3556,3601,3088,2611,5616
North Carolina,Henderson County,37089,1.9,15.1,18.7,4,-10.9,20.5,45.9,30.1,18.8,18.7,23.1,29.3,42,46.3,39.9,11.1,120,826,975,212,-570,943,1826,1505,1041,1139,1413,1666,2260,2195,1545,1140,6121,5448,5196,5241,5219,4583,3976,4988,5528,6086,6098,5683,5377,4734,3866,10179
North Carolina,Hertford County,37091,-7,2.1,7.8,17.8,-8.3,-19.6,5.4,21,21.8,15.4,10.6,13.8,13.2,12.6,18.1,2.9,-112,29,101,292,-144,-370,72,251,280,244,190,236,173,132,149,50,1582,1426,1293,1633,1730,1886,1318,1192,1282,1586,1794,1704,1307,1046,823,1680
North Carolina,Hoke County,37093,11.9,19.8,13.1,3.5,20.3,86.2,56.4,16.4,1.4,13.5,16.6,23.8,23.3,22.7,12.7,3.8,510,682,423,102,523,2052,1492,516,43,368,414,459,343,225,101,50,4263,3433,3213,2865,2577,2380,2645,3150,2949,2715,2485,1928,1469,990,794,1308
North Carolina,Hyde County,37095,10.9,1.2,11.3,-22.4,-6.5,33.8,27.9,6.6,-1.4,-10,-6.5,12.1,9.8,1.2,-6.4,-18.2,29,3,30,-82,-21,113,97,28,-5,-46,-32,53,32,3,-14,-87,274,296,272,366,329,335,350,428,403,465,491,440,331,264,228,477
North Carolina,Iredell County,37097,5.6,20.9,36.3,18.6,-2.6,25.8,42.7,38.2,35.9,26.7,20.7,17.1,22.1,21.7,23.4,18,547,1985,3188,1762,-227,1855,2780,3185,3270,2797,2017,1431,1603,1212,948,1301,9771,9482,8761,9432,8623,7169,6509,8322,9103,10440,9738,8355,7249,5578,4049,7190
North Carolina,Jackson County,37099,7.3,12.3,12.2,116.7,198.3,-13.5,-46.3,12.8,17.1,15.9,26.9,20.9,23.8,22.7,13.9,-5,144,218,213,2024,3468,-409,-1803,247,316,324,550,442,515,401,181,-126,1969,1775,1737,1734,1748,3017,3886,1929,1848,2029,2039,2111,2156,1762,1295,2519
North Carolina,Johnston County,37101,9.1,26.9,33,20,4.9,39.9,64.5,40.4,27.4,19.1,20,22.6,26.5,22.5,20.5,13.3,1122,2905,3290,1879,400,2852,4665,4020,2970,2107,1859,1804,1802,1132,741,779,12236,10779,9942,9368,8118,7140,7228,9932,10838,11027,9261,7957,6796,5014,3609,5846
North Carolina,Jones County,37103,40.7,25.3,-3.7,-17.8,-26,-15.3,-0.7,-1.9,-2.2,-2.4,10.5,8,10,10.9,7.3,-9.7,185,114,-24,-137,-210,-101,-3,-10,-13,-20,82,61,65,52,29,-84,454,452,650,768,808,660,493,528,610,824,779,754,655,480,406,860
North Carolina,Lee County,37105,-6.8,0.3,16.2,7.2,-2.3,13.2,26.6,19.6,9.6,7.9,6.6,7.4,15.1,17,15.8,6.8,-324,12,576,260,-83,443,805,642,339,308,247,247,419,366,248,229,4740,4091,3548,3577,3529,3357,3025,3267,3531,3882,3741,3337,2764,2145,1563,3326
North Carolina,Lenoir County,37107,5.3,-1.5,-1.1,-3,-21.9,-14.9,0.7,-1.6,-1.6,1.6,3.3,3.1,3.2,6.7,7.4,-3.8,201,-59,-48,-131,-918,-590,24,-59,-62,72,153,132,119,178,158,-172,3752,3897,4069,4301,4192,3960,3261,3521,3660,4378,4581,4212,3679,2665,2137,4485
North Carolina,Lincoln County,37109,4.5,20.9,26.7,8.5,-11.4,4,32.3,30.4,24.5,23.3,19.5,20.4,27.9,20.2,19.8,11.1,205,908,1131,402,-512,155,1101,1347,1221,1247,978,909,1084,624,425,399,4563,4328,4221,4713,4484,3884,3407,4418,4983,5352,5009,4449,3877,3088,2144,3588
North Carolina,McDowell County,37111,-0.5,22.5,7.3,-2.1,-14.8,1.9,10,2.8,6.7,4.4,8.1,8.3,17.5,13.4,6.9,-4.3,-14,489,196,-57,-402,47,248,87,202,138,255,247,444,273,119,-143,2696,2175,2679,2700,2712,2476,2470,3041,3000,3126,3138,2960,2534,2037,1712,3313
North Carolina,Macon County,37113,-3.8,8.4,21.7,17,-0.6,-2.7,24,29.7,14.6,24.9,19.8,35,37,35.8,23.9,-2.9,-72,136,334,280,-10,-47,295,395,231,448,397,683,738,649,379,-107,1885,1604,1535,1646,1717,1730,1226,1329,1580,1793,2004,1951,1991,1811,1589,3676
North Carolina,Madison County,37115,0.3,12.6,3.8,18.9,12.8,-30.8,-10.8,14.4,7.1,10.3,15.4,14.4,22.9,14.4,7.7,2.3,3,137,45,224,147,-416,-140,162,89,138,208,205,280,149,62,36,962,1092,1189,1187,1150,1352,1289,1122,1262,1343,1349,1427,1221,1035,801,1548
North Carolina,Martin County,37117,-8.6,-22.8,-7.1,-13.4,-33.3,-30.4,-8.3,-1.3,0.6,0.1,9,8.7,12.7,18.1,13.8,11.8,-138,-437,-118,-252,-633,-526,-107,-19,9,1,174,157,201,203,131,198,1591,1917,1663,1876,1896,1728,1283,1400,1546,1777,1922,1801,1588,1124,944,1671
North Carolina,Mecklenburg County,37119,-0.9,9.2,17.6,17.3,39.5,87.4,55.6,17.1,8.6,6,5,4.1,3.4,4,6.5,15.1,-673,5661,9345,8901,18325,37132,27494,11141,5638,3825,2899,1956,1344,1063,1111,4658,71862,61204,52825,51282,46328,42472,49403,65144,64986,63634,57070,47123,38577,25997,17060,30706
North Carolina,Mitchell County,37121,-4,5.1,6.4,-6.9,-21.2,-16.1,15.8,7.3,2.5,3.7,11.6,9.5,9.3,12,14.2,-4.9,-33,40,53,-64,-207,-145,115,59,25,40,126,105,92,109,100,-74,826,799,816,921,975,902,729,814,1028,1084,1085,1102,988,910,703,1482
North Carolina,Montgomery County,37123,-6.4,-1.2,-1.6,-4.1,-12.7,-9.4,-5.5,-6.3,-1.3,4.5,0.5,5.9,18.5,12.2,-0.2,-6.1,-125,-24,-31,-80,-222,-167,-97,-118,-23,83,12,108,296,157,-2,-124,1932,1941,1914,1919,1748,1767,1759,1869,1817,1850,2017,1802,1598,1285,998,2016
North Carolina,Moore County,37125,5.6,19.1,25.7,6.5,-21.4,3.8,38.1,29.1,17.8,15.3,15.7,30.3,49.1,50,32.6,4.2,279,869,1121,305,-1030,164,1279,1177,809,795,804,1354,2033,1870,1078,405,4945,4526,4360,4630,4795,4299,3355,4035,4537,5183,5123,4460,4133,3734,3304,9444
North Carolina,Nash County,37127,-0.9,4.5,10.4,0.7,-12.3,-5.7,13.1,8.1,7.3,8,6.6,8.2,10.4,15,18.3,12.8,-60,273,625,48,-768,-329,674,476,453,565,455,521,569,558,487,672,6169,6027,6009,6541,6222,5739,5117,5826,6163,7053,6819,6301,5467,3715,2663,5213
North Carolina,New Hanover County,37129,-0.4,9.4,13.8,38.2,100.7,52.8,-0.2,10.7,13.2,13.7,13.3,14.8,20.4,20.5,15.8,17.2,-50,978,1316,3687,9295,5565,-35,1328,1537,1663,1584,1682,1996,1555,865,1831,12185,10308,9536,9648,9227,10535,13758,12397,11606,12073,11876,11366,9783,7554,5463,10605
North Carolina,Northampton County,37131,4.9,2.3,-1.9,-7.4,-25.2,-20.5,1.4,-6.4,4.6,2.7,12.8,16.1,26,24.4,16.9,-3.9,59,28,-26,-112,-407,-292,14,-80,58,43,211,242,334,267,148,-80,1183,1192,1315,1525,1612,1423,1024,1252,1275,1604,1650,1502,1283,1094,873,2016
North Carolina,Onslow County,37133,-0.5,-24.8,-24.7,29.4,240.4,32,-58.1,-25.1,-15.7,-13.3,-3.9,4.1,11.1,12,9,2.9,-96,-3943,-3425,3151,23113,4283,-16257,-3392,-1606,-1434,-364,286,575,465,293,149,17695,15875,13812,10707,9612,13357,27940,13464,10233,10732,9112,6855,5169,3876,3241,5136
North Carolina,Orange County,37135,6.2,21.7,32.3,75.8,139.5,-8,-48.7,-13.8,8.1,13.5,5.2,0.2,0.3,5.1,4.9,-1.3,420,1437,1970,5310,9914,-835,-7572,-1312,674,1124,459,19,26,220,140,-74,6711,6618,6084,7001,7102,10370,15538,9450,8278,8316,8841,8492,6627,4260,2818,5428
North Carolina,Pamlico County,37137,9.1,18.6,5.5,-4.7,-20.9,-9.2,9.5,6.1,-0.4,8.5,9.2,19.1,27.5,21.3,10.9,-15.2,51,97,36,-34,-170,-69,54,40,-3,77,90,175,248,158,73,-215,567,522,665,734,814,746,577,670,721,901,981,914,901,741,668,1411
North Carolina,Pasquotank County,37139,0.1,6.2,6.3,33.2,35.2,3.2,-6.7,16.7,14.4,8.8,6.8,16.3,17.4,17.9,17.6,1.8,4,150,143,790,919,87,-183,352,319,242,190,347,323,258,186,47,2786,2428,2273,2376,2610,2676,2739,2111,2212,2737,2754,2126,1858,1440,1057,2488
North Carolina,Pender County,37141,13.1,38.2,35.7,24.8,1.4,18.1,44.8,37.3,30.3,22.9,26.1,28.1,34.2,25.6,12.1,-4.8,369,908,893,680,40,442,953,939,851,758,844,808,889,558,207,-164,2802,2379,2500,2736,2750,2437,2123,2516,2808,3298,3231,2868,2595,2176,1706,3348
North Carolina,Perquimans County,37143,14.5,20.3,29.5,14.6,-19.1,-8.8,31.8,32.7,20.7,27.2,25.7,42.2,54.2,48.6,33.8,-4.4,97,123,178,99,-156,-65,162,159,135,203,211,302,375,323,192,-52,672,609,606,677,820,744,509,486,654,747,818,716,691,663,569,1169
North Carolina,Person County,37145,1.9,12.1,11.3,4.4,-18.2,-0.3,19.1,11.9,10.6,9.3,10.6,11.4,15.3,19.6,15.5,7.5,47,272,266,111,-442,-8,357,282,258,269,318,286,342,311,197,183,2404,2253,2336,2479,2428,2074,1867,2356,2420,2879,2982,2505,2227,1583,1268,2408
North Carolina,Pitt County,37147,5,5.3,11.7,68.4,146.6,12.5,-31.1,-3.6,6.3,11.2,10.8,9.8,15.7,20.3,17.7,14.4,559,533,1058,6188,12895,1478,-5092,-395,611,1057,1031,829,1056,899,590,918,11098,9960,9008,9043,8792,11792,16321,10944,9556,9378,9486,8421,6710,4425,3334,6352
North Carolina,Polk County,37149,23.5,25.4,20.6,9.2,-23.6,-9.7,8,21.9,23.3,21.7,31.1,28.7,39.8,46.6,28.9,21.8,183,218,202,98,-252,-86,59,194,242,252,382,371,467,449,234,446,779,857,982,1064,1064,882,740,882,1041,1162,1225,1294,1171,965,811,2045
North Carolina,Randolph County,37151,6.4,8.9,8.5,0,-14.3,-0.9,11.8,8.6,4.5,2,2.8,3.8,6,6.1,10.5,3.7,561,805,791,-5,-1314,-77,881,799,458,217,289,340,481,379,454,303,8772,9035,9221,9309,9163,7949,7453,9234,10090,10706,10036,8828,7934,6191,4310,8140
North Carolina,Richmond County,37153,-3.6,-2.5,-0.2,-5.5,-11.1,-20.7,-12.1,1.8,1.2,2.4,3.8,7.5,10.1,9,5.4,-7.2,-121,-78,-9,-192,-370,-712,-391,57,38,78,121,219,267,175,84,-226,3338,3128,3290,3481,3311,3434,3210,3090,3023,3272,3140,2917,2636,1941,1547,3124
North Carolina,Robeson County,37155,1.4,-3.1,-2.3,5.8,3.9,-4,-1.7,0,1.9,3.1,6.8,8.1,11.4,11.5,10.6,1,156,-316,-238,599,385,-378,-164,0,165,279,585,626,755,527,368,66,10607,10091,10197,10289,9734,9274,9169,9094,8486,8928,8599,7654,6576,4584,3471,6033
North Carolina,Rockingham County,37157,4.5,3.2,2.1,-4.3,-17.2,-11.3,5,3.8,3.7,6.1,5.6,4.7,4.2,8.5,8.8,-0.6,233,180,125,-269,-1034,-610,248,229,242,422,402,314,246,369,301,-41,5158,5555,5878,6252,6003,5362,4923,5967,6415,6915,7092,6614,5749,4310,3396,6720
North Carolina,Rowan County,37159,4.8,11.6,2.7,0.9,-4.4,-0.6,2,5.4,1.7,0,4.1,5.6,7.7,10,7.7,0.1,433,958,245,90,-410,-54,169,470,164,-7,403,485,578,568,324,18,8948,8231,8897,9189,9170,8443,8316,8635,9215,10338,9813,8541,7504,5631,4210,9087
North Carolina,Rutherford County,37161,12.1,5.6,9.9,-1.2,-16.4,-11.5,6,8.9,8,11.4,16.2,18.5,24.6,25.1,23.1,3.7,435,222,399,-56,-681,-430,212,348,349,512,701,762,934,746,542,183,3568,3949,4032,4471,4137,3744,3529,3886,4326,4493,4323,4101,3784,2968,2341,4848
North Carolina,Sampson County,37163,2.5,2.8,0,-3.2,-13.6,-5.2,-1.5,-1.4,-1.3,0.4,3.9,7,12.7,11.8,9.2,-1.6,116,127,2,-141,-571,-207,-61,-66,-57,19,171,276,405,303,188,-67,4492,4435,4587,4408,4175,3974,4059,4470,4362,4473,4298,3900,3184,2554,2043,3965
North Carolina,Scotland County,37165,1.8,-3.3,-4.5,-7.4,-18.6,-24.6,-7.5,2.8,2.7,4.3,0.3,2.7,8.4,6.1,7.9,7.4,47,-80,-125,-219,-521,-679,-174,64,60,111,8,70,177,95,85,145,2548,2385,2747,2920,2797,2755,2322,2297,2226,2529,2613,2545,2097,1550,1076,1934
North Carolina,Stanly County,37167,7.9,4.5,2.7,-0.9,-9.9,-10.7,0.5,5.7,4.1,2.8,2.6,6.9,5.1,14.4,9.2,0,271,168,101,-41,-421,-404,17,214,169,127,111,265,182,382,189,-2,3430,3669,3753,4211,4252,3759,3332,3700,4080,4543,4215,3840,3543,2645,2041,4169
North Carolina,Stokes County,37169,12,14.1,4,-0.9,-25.1,-15.4,7.8,6.6,6.6,4.2,7.1,6.4,9.9,14.3,13.7,24.5,277,347,123,-29,-763,-406,180,195,222,162,255,207,279,314,228,615,2292,2461,3047,3171,3038,2640,2293,2962,3322,3818,3577,3243,2809,2190,1658,2501
North Carolina,Surry County,37171,-0.1,1.8,9.5,-0.8,-20.2,-9.8,5.2,5.8,1.8,3.2,4.8,5.4,10.6,8.2,9.5,1.1,-8,83,448,-42,-935,-417,204,275,96,172,248,253,451,278,261,60,4550,4556,4676,4904,4626,4225,3919,4720,5105,5321,5078,4682,4244,3389,2750,5402
North Carolina,Swain County,37173,-6.8,1.9,13.6,4.9,-5.9,-17,15.6,14,8.9,16.1,13.5,17.5,22.9,19.2,7.6,7.3,-67,17,112,44,-50,-158,105,109,68,143,121,146,175,127,40,64,985,876,824,898,859,926,677,775,761,887,898,838,763,663,533,875
North Carolina,Transylvania County,37175,2.3,16.6,15.2,24.2,5.8,-24.6,-4.7,20.4,17.3,24.5,14.5,30.9,43.6,40.8,31.9,8.9,36,220,226,389,100,-471,-76,271,261,431,287,573,796,716,511,319,1527,1320,1487,1602,1732,1912,1603,1326,1505,1757,1980,1857,1825,1756,1600,3558
North Carolina,Tyrrell County,37177,-9.1,-3.1,0.2,0.3,-8.8,29.2,29,5.7,8.9,2,3.7,-5.6,19.7,18.1,26.6,-9.9,-24,-7,0,0,-26,80,72,15,23,7,12,-16,43,31,43,-36,266,224,211,245,297,274,251,272,266,354,342,298,220,171,163,362
North Carolina,Union County,37179,13.5,57.1,73.3,45,1.2,23.1,72.8,88.3,71.4,47.4,34,30,34.5,40,39.7,39.5,1811,6703,7651,4602,115,1833,5096,7601,7437,5415,3441,2461,2402,2058,1397,2037,13409,11733,10424,10226,9407,7922,6992,8604,10405,11414,10094,8186,6943,5146,3514,5154
North Carolina,Vance County,37181,-0.7,-6.7,-0.9,-2.9,-11.6,-12.7,-2,-3.3,1.6,6.6,5.7,8.1,15.1,17.6,10.8,3.2,-23,-232,-30,-106,-379,-367,-54,-100,50,202,175,233,364,310,147,88,3256,3461,3152,3544,3245,2888,2663,3008,2997,3020,3073,2867,2408,1755,1359,2727
North Carolina,Wake County,37183,4.3,25.7,36.6,30.9,47.5,68.8,44.8,33.2,26,16.3,12.3,8.4,11.1,13.6,19.1,36,2817,14070,17181,14410,20206,27627,21914,18543,14965,9834,6677,3778,3907,3150,2854,8482,65052,54647,46936,46607,42533,40141,48888,55789,57443,60155,54210,44890,35071,23158,14866,23504
North Carolina,Warren County,37185,25,11.3,1.7,-1,-17.5,-7.6,-0.4,2.3,7.3,5.5,17.7,28.2,28.5,31.6,13.2,-13.8,248,113,19,-13,-260,-99,-5,26,83,81,256,379,342,305,110,-278,992,997,1117,1311,1482,1296,1092,1135,1138,1476,1445,1343,1199,965,839,2003
North Carolina,Washington County,37187,6.9,-3,-10.3,-13.2,-34.6,-31.2,-13.2,-0.7,1.3,9.1,0.1,11.9,5.1,3.8,4.4,4.4,58,-25,-96,-131,-350,-298,-98,-4,11,78,1,119,45,27,23,46,833,839,940,995,1009,954,743,682,811,853,1025,997,891,720,534,1045
North Carolina,Watauga County,37189,0,11.5,10.6,212.8,454.5,-40,-71.8,-8.6,10.8,13.1,8.3,11.3,8.8,11.8,6.5,1.7,-1,199,183,4082,9409,-2022,-5708,-219,230,325,224,304,217,220,93,46,2008,1730,1728,1918,2069,5047,7947,2525,2120,2472,2676,2685,2468,1867,1411,2634
North Carolina,Wayne County,37191,2.5,0.6,-1.5,-0.4,7.9,12,-4.6,-4.3,-1.4,-3.2,0.2,2.9,9.5,10.2,8.5,2.2,223,55,-125,-42,661,939,-374,-351,-116,-300,21,219,570,458,325,154,8899,8524,8265,8407,8308,7800,8057,8085,7949,9350,8717,7534,5987,4453,3801,6784
North Carolina,Wilkes County,37193,6.3,4.1,6.6,-1.6,-14.1,-7,7.3,1.4,2.4,7.4,8,4.5,11.1,11.5,10.3,1.9,246,175,282,-70,-566,-270,266,64,112,378,391,214,460,391,278,92,3876,4179,4229,4245,4015,3834,3631,4447,4558,5052,4893,4716,4140,3391,2688,4834
North Carolina,Wilson County,37195,1.1,5.1,6.6,3.5,-3.9,-3.6,7.2,3.6,9.1,7.6,6.7,6.3,10.7,14.3,13.3,5.4,64,273,349,193,-200,-191,334,181,456,416,371,338,471,453,333,260,5616,5263,5283,5447,5134,5194,4628,4942,4989,5453,5527,5315,4368,3164,2504,4732
North Carolina,Yadkin County,37197,-0.1,2.9,6.2,-3,-19.4,-5.7,11.3,8.3,6.6,3.7,3.6,6.5,8.3,11.9,8.5,0.8,-3,68,154,-77,-469,-117,215,197,178,108,99,155,186,210,122,22,2374,2352,2487,2580,2410,2048,1890,2376,2695,2931,2717,2360,2248,1760,1426,2642
North Carolina,Yancey County,37199,4,7.8,5.5,-6.3,-24.5,-18.4,13.3,8.9,2.9,6.9,3.8,3.7,11.8,15.4,13.6,-9.6,34,71,55,-68,-259,-184,115,90,33,80,49,49,144,151,108,-172,847,919,1008,1083,1057,1000,860,1010,1131,1154,1272,1324,1225,979,795,1778
North Dakota,State Total,38000,4,3.8,-2.3,7.6,27.3,-4.7,-17.4,-2.7,0.9,0.1,0.2,-0.4,0.7,0.4,1.3,0.4,1790,1485,-938,3317,12690,-2488,-8724,-1041,374,91,111,-210,247,113,284,236,44234,38924,40728,43365,46435,52400,49881,38195,37700,46117,49742,45668,35074,25592,20431,50065
North Dakota,Adams County,38001,43.3,22.2,5.6,-10.4,-55.5,-38.2,77.7,19.8,1.6,6.7,4.8,0.2,3.6,12.4,-15.1,-2.7,36,19,6,-15,-108,-64,46,16,1,11,8,0,6,15,-19,-9,84,89,120,151,195,170,60,81,114,169,185,200,178,122,131,322
North Dakota,Barnes County,38003,10.9,15.9,-1.4,15.1,-5.4,-42.6,-34.1,3.4,10.1,7,3,-0.6,7.4,0.8,8.6,-6.7,59,86,-9,101,-41,-423,-286,17,56,50,26,-5,49,4,37,-82,539,545,645,671,774,993,838,501,555,715,864,880,663,550,432,1210
North Dakota,Benson County,38005,-10,-2.7,-8.3,-22.7,-45.7,-34.6,3.6,4.9,-0.8,-5.8,3.7,3.1,3.4,-6.1,-2.2,-34.6,-77,-18,-52,-154,-336,-217,12,15,-3,-24,16,11,11,-16,-4,-206,771,683,636,678,736,625,333,312,390,422,426,385,319,272,209,595
North Dakota,Billings County,38007,14.4,-12.5,-9.6,-5.8,-43,-59.4,105.3,2.3,-6.4,3.2,-11.5,-6.9,-13.4,-11.5,0.6,-37.6,5,-4,-3,-2,-30,-46,24,0,-2,2,-11,-6,-8,-5,0,-41,36,38,32,51,71,78,22,28,37,67,96,87,65,48,37,109
North Dakota,Bottineau County,38009,8.5,9.5,14,3.7,-36.6,-56.3,-6.3,30.1,6,2.2,-0.7,-3.4,6.7,2.5,-2.9,-11.1,28,26,40,16,-187,-347,-18,71,19,10,-4,-19,32,9,-8,-88,330,278,288,434,511,617,282,236,320,472,544,561,483,373,297,788
North Dakota,Bowman County,38011,20.2,21.5,21.2,-15.8,-48.1,-18.9,62.2,8.1,1.9,-7.3,1.6,0.4,7.6,2.8,15,12.2,36,30,32,-31,-120,-45,59,10,2,-16,4,1,13,4,16,43,178,141,150,198,249,239,95,130,148,225,284,255,177,157,110,352
North Dakota,Burke County,38013,15.9,25,38.5,-27.6,-41,-45.2,176.7,19.5,15,6.1,1.6,2,-11.5,-3,-19.1,-44.5,16,20,32,-37,-54,-67,61,14,13,9,2,3,-21,-3,-20,-170,102,83,84,137,134,149,34,74,90,151,170,156,187,113,108,382
North Dakota,Burleigh County,38015,10.3,14.3,9.5,15.9,24.4,11.7,5.5,8,13.2,8.5,6.9,4.9,3.9,8.3,8.3,18.6,519,635,426,740,1194,658,284,364,582,455,404,263,161,240,177,850,5033,4433,4483,4649,4887,5601,5104,4507,4379,5313,5829,5296,4124,2870,2116,4563
North Dakota,Cass County,38017,4.6,2.1,-0.4,32.1,138.3,52.3,-23.1,-8.3,-2.3,1.4,1.6,0.6,0,-3.4,0.6,19,475,189,-36,2596,10688,4906,-3419,-870,-208,134,151,53,5,-144,19,1175,10243,8721,8414,8082,7727,9367,14800,10411,8991,9246,9349,8675,6468,4162,3062,6153
North Dakota,Cavalier County,38019,28.6,12.9,8.6,-24.2,-66.8,-57.3,64,25,9.8,-7,-1.3,-11.9,-10.3,-8.1,-6.5,-14.4,42,23,18,-75,-268,-190,63,34,18,-21,-5,-45,-33,-20,-16,-92,146,181,213,309,401,331,99,138,190,310,370,381,322,256,249,636
North Dakota,Dickey County,38021,-6.2,-4.7,-1.1,-12.6,-17.5,-39.7,-34.4,3.7,2.4,-0.1,-7.3,-4.2,-0.1,2.7,-0.9,12.6,-24,-16,-3,-50,-66,-173,-137,9,7,0,-30,-15,0,7,-2,72,384,346,336,396,377,436,400,253,287,318,414,373,290,287,222,571
North Dakota,Divide County,38023,50.4,44.2,14.4,-11.5,-54.9,-29.8,132.2,33.7,16.8,5.3,11,13,5.1,16,-10.3,-16,33,31,10,-13,-86,-45,50,19,13,8,17,19,8,18,-13,-57,67,72,72,119,157,151,38,57,78,153,162,149,166,115,127,356
North Dakota,Dunn County,38025,28.1,20.3,4.3,-13.3,-41.9,-32.9,56.7,46.1,20.9,14.8,4.6,2.6,0.6,-4.3,0.6,-15.5,47,31,9,-34,-129,-92,67,58,36,35,13,7,1,-7,0,-55,170,155,212,259,307,280,119,126,176,243,290,298,230,168,152,353
North Dakota,Eddy County,38027,-0.1,25.8,-6.3,-28.2,-57.7,-53.5,9.4,12,6.3,-7.2,-2.1,5.2,4.8,15.7,0.9,18.4,0,30,-9,-53,-108,-103,9,11,7,-13,-4,10,6,17,1,53,130,117,141,190,187,193,101,91,114,182,216,205,140,112,106,288
North Dakota,Emmons County,38029,37.8,16.6,0.6,-26.9,-72.6,-70.4,41.6,9.7,-3.7,-8.1,-4.9,7.2,9,3.5,-6.3,-16,47,27,1,-82,-231,-195,38,13,-7,-24,-15,17,21,7,-14,-104,125,165,234,307,318,277,93,137,197,304,307,245,242,206,221,646
North Dakota,Foster County,38031,0.5,8.3,4.5,-20,-59.2,-41.4,10.7,11.5,-7.7,-4.9,-5.5,-0.3,-2.1,9.4,3.9,11.7,1,14,9,-56,-178,-109,13,19,-15,-14,-17,0,-4,11,6,47,181,172,206,280,301,265,123,169,201,284,309,225,194,127,156,400
North Dakota,Golden Valley County,38033,1,37,-3,3.1,-64.7,-65.8,71,26.2,-7.6,-6,-1.8,-5.2,12.2,4.3,-2.2,-31.2,0,27,-3,4,-93,-125,39,18,-6,-6,-2,-7,12,3,-1,-87,86,75,108,138,144,190,55,69,86,115,147,142,101,82,80,278
North Dakota,Grand Forks County,38035,-8.1,-17.7,-22.4,35.7,143.7,-5.2,-57,-32.4,-18.8,-13.5,-9.3,-6.2,-7.3,-5.9,-3,4.4,-396,-757,-986,1539,6301,-327,-5299,-1657,-799,-638,-442,-259,-234,-123,-45,144,4869,4274,4397,4307,4384,6236,9292,5107,4241,4713,4714,4177,3185,2098,1525,3246
North Dakota,Grant County,38037,15.3,25,4.4,-21.5,-64.8,-56.7,17.3,4.5,0.2,16.9,2.8,0.8,4.7,2.1,9.4,-12.2,15,21,5,-34,-134,-125,11,4,0,25,5,1,9,3,12,-46,97,87,127,159,207,221,65,99,119,147,197,214,190,159,135,376
North Dakota,Griggs County,38039,27.2,18.8,3.6,-15.9,-67.9,-55.5,60.8,9.8,7,0.9,0.1,-9.1,16,21.4,8.8,3.6,26,16,4,-24,-127,-117,37,9,7,1,0,-22,29,27,8,13,98,89,134,151,187,211,61,94,112,166,195,242,185,126,96,358
North Dakota,Hettinger County,38041,26.8,35.4,10.6,-10.5,-58.4,-37.6,88.3,32.8,24.3,15.1,1.3,-7.6,-6.6,9.6,10.5,-12.8,26,31,13,-15,-125,-71,49,28,26,24,2,-15,-12,12,14,-50,98,90,123,150,214,188,55,86,110,160,196,208,185,133,132,390
North Dakota,Kidder County,38043,23.2,13.8,8.5,5.2,-44.6,-40.1,28.1,33.6,17.2,-11.1,4.4,2.2,-0.8,0.8,-5.4,-32.5,25,16,12,7,-86,-81,21,28,20,-21,9,4,-1,1,-6,-124,110,116,140,145,193,204,76,84,121,191,214,219,143,133,121,381
North Dakota,LaMoure County,38045,16.5,16,12.2,-21.2,-66.1,-55.7,30.2,5.7,17.7,1.3,-3.7,-1,4.8,3.4,5.7,-12.8,31,34,26,-62,-236,-210,41,10,31,4,-14,-3,12,7,12,-83,192,217,212,295,357,377,136,187,175,309,384,332,261,214,215,646
North Dakota,Logan County,38047,6.2,33.1,2.9,-20.5,-59.9,-49.4,36,24.5,-9.1,-0.3,1.9,-3.1,9.7,1.4,-10.5,-17.3,5,27,3,-26,-94,-65,19,20,-9,0,3,-4,11,1,-14,-62,90,84,131,131,157,132,53,82,102,153,159,143,114,129,138,358
North Dakota,McHenry County,38049,14.7,13.5,12.2,-1.5,-60.2,-39.6,19.3,11.5,20.2,6.6,3.1,-3.2,0,-4.6,-9,-26.4,38,36,37,-5,-275,-180,43,29,53,25,13,-15,0,-13,-23,-214,259,269,302,340,458,454,221,254,265,387,439,464,343,298,253,808
North Dakota,McIntosh County,38051,0.8,-1.5,-5.8,-13.1,-70.1,-42,47.3,16.5,5,-1.2,-6.2,6.4,1.7,19.3,1.8,-4.2,1,-1,-8,-20,-150,-92,32,15,6,-2,-14,12,2,29,3,-25,152,129,146,153,214,219,69,93,124,191,235,186,150,152,196,588
North Dakota,McKenzie County,38053,32,57.4,20.2,-7.1,-34.9,-12.6,110.3,92.7,39,17.6,7.4,3.6,-1.8,1.6,-3.4,-22.7,129,168,74,-32,-200,-60,187,165,100,67,36,16,-6,4,-7,-117,404,293,371,451,574,475,170,178,256,381,488,453,345,283,216,515
North Dakota,McLean County,38055,17.7,27.1,13.5,-10.9,-56,-46.3,58.4,40.7,15.6,13.8,6.4,4.8,15.3,12.1,10.2,-5.7,69,97,61,-60,-383,-329,154,131,65,76,49,39,97,65,38,-55,393,360,453,554,684,711,264,323,419,554,772,807,636,540,377,959
North Dakota,Mercer County,38057,21.8,28.4,24.9,-22.5,-62.6,-39.8,144.4,45.5,28.5,4,-0.5,1,-4.9,2.1,4.2,-4.5,87,103,101,-146,-549,-301,242,122,108,30,-5,8,-28,8,11,-30,398,364,406,648,877,757,168,268,378,751,951,760,571,391,273,661
North Dakota,Morton County,38059,13,18.2,5.4,-8.5,-25.8,-4.5,45.7,18.8,7.4,5.4,1.5,2.1,6.5,6.3,9.5,5.5,226,269,91,-158,-495,-92,577,256,114,105,33,40,97,65,73,108,1744,1475,1692,1855,1914,2041,1262,1361,1544,1941,2150,1902,1478,1027,771,1932
North Dakota,Mountrail County,38061,-8.4,7.3,13.6,2.4,8.6,7.6,81.3,53.3,39,37,20.2,11.2,18.2,1.1,-2.5,-12,-49,34,60,12,46,40,223,159,117,142,96,56,67,3,-5,-69,582,467,446,493,543,529,274,298,300,385,476,504,371,303,237,573
North Dakota,Nelson County,38063,29.7,19,7.8,-19,-57,-52.4,31.1,16,-4,8.8,4.7,-0.7,2,13.6,1.6,-8.3,31,25,11,-38,-150,-134,29,16,-6,19,12,-1,4,22,3,-42,106,132,140,201,263,257,95,102,153,218,265,260,243,167,197,502
North Dakota,Oliver County,38065,26.3,35.5,29.8,-33.4,-65.3,-61.2,92.4,6.2,14.7,11.3,5.8,-14.1,-6.1,-10.7,-15.7,-33.3,22,29,28,-46,-121,-117,43,4,12,15,10,-29,-10,-12,-12,-70,86,84,96,138,185,192,47,69,87,134,181,210,176,114,76,210
North Dakota,Pembina County,38067,21.1,15.2,1,-17.4,-53.6,-47,15.9,-2.6,-0.6,-8.9,-5.3,-3.5,-13.2,-4.4,-12.8,-11.8,74,57,4,-90,-361,-328,50,-10,-2,-53,-37,-24,-74,-17,-41,-111,353,377,446,521,674,698,313,382,389,601,697,692,560,390,320,936
North Dakota,Pierce County,38069,0,14.7,7.3,-9.2,-51.2,-47.8,36.6,20.3,8.7,-5.5,3.9,1.3,19.6,-1,0.6,9.4,0,32,18,-26,-166,-168,54,37,20,-19,13,4,42,-2,1,53,245,223,253,286,324,352,148,183,239,350,329,328,215,213,194,558
North Dakota,Ramsey County,38071,0.5,-5.6,-9.2,-0.1,-25.3,-28.6,6.5,3,-5.8,-0.7,0.4,-1.2,5.8,-2.1,7.8,1.5,4,-39,-64,-1,-228,-277,36,17,-38,-6,4,-10,38,-11,31,17,754,699,701,830,899,968,554,553,660,882,956,838,651,541,396,1079
North Dakota,Ransom County,38073,-12.5,14.5,9.9,-15.8,-58.5,-38.5,24.9,-6.8,7.8,0.4,3,0.5,12.2,0,4.6,16.9,-44,43,35,-64,-246,-154,54,-21,25,1,12,2,37,0,8,92,357,300,354,404,422,402,219,309,317,427,416,437,308,246,184,543
North Dakota,Renville County,38075,18.7,18.9,33.5,-8.9,-40.1,-23.9,56.9,29.9,5.1,9.5,-5.7,-5.8,-10.5,12.4,-5.9,-17,21,22,38,-14,-71,-49,37,31,6,17,-11,-11,-18,12,-7,-56,114,116,114,164,178,206,65,106,132,180,209,200,174,99,121,328
North Dakota,Richland County,38077,4.8,-4.9,-8.4,21.9,4.5,-54,-47.5,-12.8,-3.2,-2.6,-3.7,-3.7,-1,-7.9,-9.9,-19.6,49,-49,-94,253,60,-1026,-728,-112,-31,-33,-53,-48,-8,-54,-53,-317,1011,1006,1111,1158,1322,1898,1532,878,961,1253,1441,1296,821,678,541,1612
North Dakota,Rolette County,38079,-5.8,-6.5,-9.5,-11.2,-36.4,-31.4,4.7,10.6,2.6,3,7.1,4.6,4.3,0.3,3.2,-17.7,-92,-92,-118,-156,-536,-412,38,72,21,30,63,35,25,1,10,-128,1588,1417,1244,1391,1471,1313,798,676,815,1009,885,759,587,465,328,720
North Dakota,Sargent County,38081,-12.4,-2.4,1.2,-24.3,-65.4,-34.3,31.8,-13.3,-4.3,-6.2,0.7,-2.6,-0.1,-5.2,-3.9,-28.9,-30,-5,3,-83,-229,-94,49,-29,-10,-18,2,-8,0,-12,-7,-132,243,221,254,344,350,274,155,221,235,304,338,339,264,230,186,456
North Dakota,Sheridan County,38083,22,59.3,0,-28.9,-65,-55.7,20.3,12.3,8,4.9,-7.3,-11.6,-2.8,0,-4.8,-40.9,8,22,0,-28,-82,-63,6,5,5,4,-9,-14,-2,0,-4,-129,37,38,56,98,126,113,33,42,66,92,130,128,105,113,98,315
North Dakota,Sioux County,38085,-12.4,-4.8,-17.9,-14.3,-24.9,-26.7,-4.1,16.5,-0.1,3.8,3.5,5.5,-14.5,-1.4,-0.6,-21.8,-71,-22,-78,-67,-108,-108,-11,37,0,10,7,9,-21,-1,0,-26,575,469,438,469,433,404,274,229,281,273,212,179,145,130,73,119
North Dakota,Slope County,38087,27.7,6.3,9.9,-0.6,-66.4,-30.7,33.4,19.2,-3.4,2.8,7.9,-10.1,31.3,16.3,-20.3,-35.4,8,2,3,0,-35,-19,7,4,-1,1,6,-8,14,4,-8,-39,32,36,37,43,53,64,21,21,40,51,76,80,47,25,42,110
North Dakota,Stark County,38089,8.5,12,-0.2,4.1,27.7,-9.1,-21.5,8.6,10.3,6.3,3.6,0.3,-0.8,-2.4,3.5,16.4,121,156,-3,65,474,-186,-358,97,122,100,67,6,-10,-22,26,306,1417,1297,1353,1588,1707,2043,1664,1132,1183,1572,1869,1554,1252,905,766,1859
North Dakota,Steele County,38091,-12.6,41.4,2.2,-20.8,-67.5,-49.1,43.3,-1.8,24,7.9,-8.8,-4.2,0.4,-7.4,-6.5,-22.9,-15,27,2,-31,-129,-92,27,-1,22,13,-15,-7,0,-9,-7,-66,118,67,131,150,191,187,63,87,94,163,170,170,130,120,110,288
North Dakota,Stutsman County,38093,7.4,12.6,1.5,4,0.7,-26.1,-21.2,15.2,3.9,-1.3,-2.1,-3.1,-0.5,-8.4,-5.7,-3.7,83,130,19,51,11,-455,-319,147,46,-20,-38,-52,-7,-79,-44,-78,1128,1028,1214,1285,1527,1746,1503,966,1188,1554,1795,1651,1260,942,767,2079
North Dakota,Towner County,38095,-4.9,29.3,-8.3,-20.7,-70,-61.4,30.5,-6,10.9,-14.1,-13.2,-5.8,-10.1,-6.1,14.3,-14.7,-5,25,-11,-31,-178,-128,15,-5,13,-31,-32,-12,-19,-8,15,-51,114,88,141,149,254,208,52,88,127,220,244,207,189,142,105,345
North Dakota,Traill County,38097,4.3,15.7,-3.7,7.9,-15.9,-45,-22,16.3,5,-2.3,0,4,-3.6,5.3,0.4,11.6,21,63,-19,43,-100,-316,-113,60,22,-13,0,23,-16,19,1,89,502,405,523,550,629,702,516,367,455,604,635,574,461,355,278,762
North Dakota,Walsh County,38099,-0.2,-0.9,-0.6,-15.7,-47.6,-38.3,8.4,0.4,-3.9,-1.8,-1.1,-8,-2.9,-0.6,3.9,-3.1,-2,-6,-4,-124,-443,-358,40,2,-24,-16,-10,-76,-22,-3,18,-38,708,632,735,788,930,935,487,530,638,912,943,940,740,566,472,1203
North Dakota,Ward County,38101,-2.9,-11.3,-19.5,-2.3,57.2,18.6,-26.5,-19.3,-12.5,-12.4,-7.2,-3.8,-3,3,4.8,10.7,-151,-502,-880,-102,2359,862,-1466,-845,-480,-556,-308,-142,-85,61,81,400,5095,4441,4502,4277,4120,4624,5525,4365,3831,4455,4236,3709,2806,2024,1684,3707
North Dakota,Wells County,38103,30.3,12.3,-12.8,-28.3,-66.9,-56.4,34.9,-5.4,10.5,-4.4,-6.4,-8.3,0.7,9.2,3.6,-7.6,49,22,-29,-80,-257,-196,43,-8,22,-15,-25,-28,2,23,9,-56,163,182,233,285,384,347,124,157,216,355,399,341,284,250,252,732
North Dakota,Williams County,38105,15.9,26.8,19.9,5.2,-6.2,2.2,53.4,35.4,27.9,16.7,7,2.1,6.3,-3.7,4.9,0,219,283,234,70,-94,39,483,309,266,228,124,34,71,-32,35,-1,1372,1056,1170,1340,1527,1723,904,873,953,1366,1758,1623,1123,847,716,1735
Ohio,State Total,39000,0.7,1.2,-1,-1.7,-5.7,-9.3,-3.5,-0.7,-2.2,-1.5,-1.2,-2,-1.5,-1.2,0.4,1,5538,9314,-8260,-14297,-46358,-74943,-25588,-5757,-17704,-13578,-11507,-16035,-10166,-6032,1735,8235,737900,744630,782959,825316,812219,799194,721083,725956,777072,866676,892385,795085,665256,478991,367527,758999
Ohio,Adams County,39001,1.1,4.9,9,-6.5,-26,-21.8,0.6,10.8,8.3,7.7,5.4,9.8,10.7,16.2,6.6,-0.1,22,95,164,-135,-537,-421,11,182,150,149,111,174,163,194,64,-2,1953,1920,1815,2065,2065,1926,1640,1682,1796,1930,2036,1779,1513,1194,972,1769
Ohio,Allen County,39003,1.3,-4.4,-4.8,4.4,-5.8,-24.4,-12,-5.2,-6.4,-5.6,-4.8,-5,-4.2,-3.2,1.2,-0.9,93,-330,-366,348,-462,-2053,-851,-337,-432,-443,-408,-387,-263,-148,41,-76,6877,7471,7526,7911,7960,8390,7053,6453,6735,7791,8471,7653,6265,4516,3443,7797
Ohio,Ashland County,39005,4.4,3.5,1.5,8.4,-2.9,-31.8,-20.5,2.3,3.3,0,-0.5,-1.4,1.7,4.3,6.1,4.4,143,121,57,313,-110,-1413,-740,68,106,0,-23,-53,52,102,115,165,3219,3378,3598,3715,3761,4432,3610,2945,3175,3591,3959,3661,3016,2365,1886,3709
Ohio,Ashtabula County,39007,4,3.3,-1.4,-10,-29.3,-22.7,8.9,7.9,1.4,1.2,0,-0.3,2.8,4.9,1.9,0,256,210,-103,-757,-2288,-1620,459,465,95,96,3,-26,170,229,68,-5,6263,6271,6960,7548,7803,7123,5157,5820,6695,7657,7942,7339,5980,4598,3455,7398
Ohio,Athens County,39009,0.4,-8.5,-6.6,163.7,355.3,-47.6,-73.3,-23.6,-8.5,-0.9,-0.1,-0.6,0,1.8,1.4,1.9,11,-270,-202,5193,11065,-3878,-9374,-944,-288,-31,-6,-22,2,38,22,55,2729,3156,3065,3171,3113,8140,12782,3994,3388,3421,3543,3431,2870,2020,1541,2801
Ohio,Auglaize County,39011,2.6,9.9,1.7,-11.4,-39.2,-27.9,9.3,6.4,-3,-2.3,-4.1,-3.7,-1.6,1.1,8.8,13,81,286,55,-416,-1463,-984,216,169,-95,-82,-152,-128,-42,22,126,409,3088,2890,3275,3625,3731,3525,2306,2626,3081,3510,3698,3403,2574,1883,1432,3127
Ohio,Belmont County,39013,-0.5,7.6,7.1,3.1,-7.7,-5.5,7,8.7,2,4.4,2.3,2.4,5.6,7.8,8.1,3.9,-18,265,260,131,-351,-251,262,349,87,221,134,131,249,235,214,234,3691,3452,3655,4162,4542,4516,3737,3982,4305,4927,5688,5321,4424,3006,2647,5975
Ohio,Brown County,39015,5,8.1,4.2,-8,-30.5,-19.6,17.7,10,-0.9,4.1,4.4,8.1,15.8,18.6,16.4,23.5,140,227,129,-268,-1023,-591,399,269,-28,144,145,224,372,322,230,519,2752,2804,3082,3332,3352,3015,2250,2682,2982,3478,3297,2753,2341,1733,1401,2202
Ohio,Butler County,39017,3.5,10.8,8.5,13.6,20.9,-15,-14.7,14.3,7.9,3.3,1.8,0.4,0.6,-0.2,2.8,9.6,884,2549,2045,3345,5024,-3989,-3902,2989,1836,897,480,112,117,-38,276,1693,25037,23572,23923,24539,24035,26572,26543,20893,23010,26444,26521,23064,19039,12901,9662,17634
Ohio,Carroll County,39019,5.5,16.1,8.9,-7.8,-36.7,-30.6,7.7,12.4,0.2,5.6,2.2,3.1,2.4,6.4,0.3,-9.2,89,255,159,-158,-800,-606,109,192,4,123,50,67,46,93,4,-209,1616,1585,1785,2007,2180,1979,1426,1555,1732,2196,2304,2151,1896,1463,1145,2264
Ohio,Champaign County,39021,2.5,11.6,8.9,3.3,-22.3,-23.7,10,11.1,5.1,4,0.1,1.4,-2.9,-2.4,0.4,-1.6,65,288,236,96,-644,-662,199,252,140,119,3,36,-72,-48,6,-41,2520,2480,2632,2901,2876,2793,1991,2262,2715,2945,3003,2586,2483,1975,1400,2415
Ohio,Clark County,39023,1.1,-0.9,-6,-5.4,-15.4,-25.4,-12.7,-3.9,-3.9,-2,-2.7,-2.2,-3.1,-3.1,-0.1,3.4,103,-84,-589,-553,-1581,-2663,-1110,-325,-358,-204,-290,-221,-285,-214,-5,346,8844,9000,9818,10194,10207,10460,8692,8261,9132,9962,10398,9930,9095,6829,5203,10082
Ohio,Clermont County,39025,0.6,7.2,1.3,-8.4,-19.7,-6.7,20,14.9,6.8,2.3,3.7,4,4.2,7.1,10,16.1,94,986,184,-1203,-2679,-849,2022,1678,920,352,575,522,450,525,506,1334,13804,13562,14014,14164,13583,12547,10109,11244,13413,15300,15331,12944,10636,7375,5043,8248
Ohio,Clinton County,39027,-0.2,0.5,0.9,0.2,-8.4,-22.7,-9,4.4,-0.5,1.5,3.8,2.4,5.4,8.6,6.5,7,-6,15,28,7,-252,-722,-244,107,-15,48,124,67,126,139,81,167,2754,2873,2973,2954,2996,3169,2703,2423,2693,3149,3211,2774,2308,1621,1239,2384
Ohio,Columbiana County,39029,0.7,2.1,-0.4,-9.6,-29.1,-23.2,5.5,2.2,-2.9,-3.2,-1.8,-2.6,1.6,1.5,4.6,1,47,135,-30,-734,-2334,-1761,330,152,-216,-271,-164,-222,107,79,180,83,6092,6273,6847,7604,8006,7574,5906,6725,7294,8356,9004,8440,6685,5110,3907,8278
Ohio,Coshocton County,39031,6.1,5.6,3.5,-6.1,-30.4,-22.1,8.9,7.7,3.6,0.2,1.4,3.1,4.3,7.8,2.6,-0.9,136,133,86,-163,-848,-607,163,158,82,6,40,80,93,125,39,-25,2216,2357,2430,2645,2789,2740,1824,2040,2244,2667,2817,2513,2167,1605,1496,2697
Ohio,Crawford County,39033,3.3,-2.5,-6,-10.4,-34.1,-28.8,1.3,-5,-6.7,-7,-5.1,-5,-4.5,-1,1.9,-0.2,85,-73,-191,-335,-1137,-924,34,-142,-199,-233,-180,-163,-127,-23,36,-8,2526,2855,3196,3197,3329,3203,2485,2809,2957,3300,3517,3263,2824,2230,1845,3645
Ohio,Cuyahoga County,39035,-4.2,-10.9,-12,-13.3,-19.2,-5.6,-0.4,-15.3,-14.6,-9.1,-6.8,-6.7,-7.2,-7.7,-7.1,-9.3,-3415,-9551,-11382,-13659,-18786,-4984,-322,-13901,-14274,-9674,-7514,-6472,-5696,-4404,-3272,-10625,80875,87028,94733,102591,97681,88112,77045,90489,97279,105252,109253,96080,78610,56796,45782,113033
Ohio,Darke County,39037,6.1,9.2,3.5,-9.7,-34.5,-26.5,6.9,0.7,0.4,0.1,-1,-2.2,1.1,4.9,5.7,4.8,211,309,131,-380,-1383,-988,192,21,14,4,-40,-78,34,125,109,196,3421,3327,3691,3879,4006,3724,2759,3058,3413,3941,3963,3571,3104,2506,1912,4002
Ohio,Defiance County,39039,2.7,6.2,-3.1,-4.2,-21.4,-27.9,-6.4,0.3,-1.1,0.9,-2.3,-6.8,-6.8,-4.6,1,2.8,69,162,-88,-120,-627,-868,-154,7,-26,25,-72,-205,-166,-83,13,75,2504,2585,2850,2816,2924,3110,2409,2380,2375,2734,3091,3008,2443,1817,1350,2633
Ohio,Delaware County,39041,12.7,52.4,56.7,24.1,-12,4.3,105.2,131,77.9,37.9,26.5,21.4,24.8,25.7,31.9,53.4,1509,5424,5098,2215,-990,331,5715,8372,6582,3995,2659,1910,1746,1184,971,2285,11816,10347,8986,9192,8211,7614,5431,6387,8445,10532,10012,8904,7037,4608,3044,4275
Ohio,Erie County,39043,5.2,2.2,-0.2,-9.2,-29.8,-24,3.8,4.1,2.7,0.3,0.3,-1,0.6,-0.8,-0.2,1.7,215,103,-13,-514,-1691,-1303,145,178,131,20,19,-62,35,-35,-6,106,4118,4564,4990,5534,5671,5413,3773,4245,4711,5844,6275,5977,5321,4002,2985,6147
Ohio,Fairfield County,39045,10.4,30.1,29.1,11.5,-17,0.4,34.7,33.5,24.4,12.6,7.1,3.6,3.3,5.8,9.9,18.6,912,2480,2593,1072,-1606,37,2333,2501,2112,1294,720,326,259,329,395,1195,8709,8238,8887,9301,9415,8374,6719,7445,8649,10254,10014,9067,7807,5596,3986,6412
Ohio,Fayette County,39047,9.1,2.1,3.9,-8.2,-19.6,-9.7,12.4,5.4,2.4,3.5,-1.1,0.4,0.7,7.9,9.7,3.1,176,39,78,-168,-390,-186,190,96,46,72,-24,9,13,98,92,58,1940,1833,1965,2033,1985,1918,1527,1757,1872,2046,2121,1962,1722,1240,951,1864
Ohio,Franklin County,39049,-4.4,-9.3,-8.2,1.9,44.4,41.6,-1.4,-13,-12.5,-6.7,-3.6,-4.9,-5.7,-5.4,-3.9,1.3,-3980,-7981,-6601,1561,31752,30257,-1331,-12209,-11067,-5821,-2957,-3457,-3279,-2048,-1083,704,89945,85397,80379,78294,71363,72716,90911,93339,88347,86416,82052,70027,57214,37735,27494,52061
Ohio,Fulton County,39051,3.7,9.7,4.6,-6.7,-36.9,-28.1,11.2,9.7,3.6,1.1,-1.1,0,-2.1,-1.7,-0.8,8.9,102,263,143,-220,-1262,-894,238,228,102,37,-39,-1,-53,-30,-11,237,2743,2697,3124,3265,3416,3179,2121,2349,2793,3223,3530,3130,2435,1798,1319,2634
Ohio,Gallia County,39053,-4.8,1.6,2.1,0.6,-12.9,-23.3,-13.5,4.5,1.5,-1.4,1.7,-3,1.7,5.1,4.6,0.2,-103,32,43,13,-286,-549,-273,81,28,-33,41,-64,30,76,55,5,2120,1949,2034,2129,2210,2352,2019,1780,1773,2312,2395,2133,1760,1472,1210,2076
Ohio,Geauga County,39055,12,24.3,17.2,-7.6,-47.5,-46,1.8,31.6,29.4,12.6,2.7,-2.9,-6,-7.3,-7.4,11.7,574,1332,1094,-567,-3657,-2979,67,1171,1513,858,222,-217,-394,-372,-259,675,4777,5478,6362,7400,7687,6474,3649,3703,5139,6797,8142,7485,6502,5060,3495,5748
Ohio,Greene County,39057,6.3,13.2,9.1,36.4,54.4,-22.3,-32.2,6.8,11,6.6,3.5,0.8,-1.6,-2,3.2,9.8,558,1151,822,3618,5566,-3026,-4111,560,962,717,412,89,-152,-135,162,910,8768,8700,9029,9915,10215,13535,12736,8183,8696,10817,11536,10534,9530,6649,5000,9233
Ohio,Guernsey County,39059,-2.6,2.8,-1.3,-8.6,-28.4,-22.8,2.7,3.9,0.4,0.8,-0.8,1,7.3,6.5,2.5,-7.7,-69,72,-38,-254,-866,-659,57,90,10,25,-27,30,174,120,39,-237,2598,2511,2839,2953,3048,2889,2128,2303,2559,2900,3106,2807,2368,1833,1545,3070
Ohio,Hamilton County,39061,-4.9,-11.2,-11.8,-7.3,-4.3,-1.6,-10.5,-17.4,-14.5,-8,-7.4,-8.8,-9.8,-10.4,-8.5,-8.2,-2857,-6540,-6975,-4536,-2754,-968,-5972,-10037,-8593,-5157,-4869,-5129,-4590,-3465,-2175,-4805,57935,58255,58798,61411,62694,59634,56507,57634,59156,64141,65677,58218,46415,33010,25535,58044
Ohio,Hancock County,39063,4.2,3.2,0.3,3.7,5.1,-8.9,-8.1,0,0,1.4,1,-0.2,1,0,4,5.9,200,150,15,194,263,-473,-380,-3,-3,75,56,-12,42,2,96,282,4696,4584,5000,5231,5081,5266,4671,4505,4691,5367,5605,4946,4237,3075,2354,4771
Ohio,Hardin County,39065,7.6,13.1,-1.9,26.8,63,-38.7,-44.6,-7.2,-0.7,-3.4,0.7,-3.2,-1.5,-0.2,-0.6,-1,148,252,-40,591,1355,-1126,-1443,-145,-14,-75,16,-64,-26,-2,-6,-20,1943,1913,2110,2199,2148,2902,3234,1993,1884,2144,2072,2007,1703,1313,1027,1955
Ohio,Harrison County,39067,3.7,12.6,4.5,-5.1,-25,-20.7,8.1,7.9,7.2,0.4,11.7,11.3,8.5,10.3,10.6,-4.2,34,107,42,-51,-265,-197,60,67,64,4,144,134,81,83,64,-58,924,846,943,1001,1060,954,742,840,894,1143,1228,1182,952,804,608,1352
Ohio,Henry County,39069,5.3,4.7,0.9,-12.8,-37.2,-29.5,4.3,2.1,-2.9,-5.5,-3.2,-3.3,-5.7,-4.9,-1.2,-1.7,95,89,18,-289,-846,-683,67,36,-53,-121,-75,-68,-94,-60,-12,-38,1788,1885,2014,2247,2273,2312,1551,1689,1804,2173,2364,2033,1625,1218,1007,2197
Ohio,Highland County,39071,3,5.6,7.1,-6.2,-26.8,-11.7,9.7,8.9,9.9,4.6,9,7.1,10.7,17.3,10.6,4.4,87,168,214,-195,-844,-334,227,225,267,134,268,182,250,298,159,122,2899,2981,2999,3113,3143,2849,2330,2519,2678,2864,2971,2537,2338,1720,1495,2762
Ohio,Hocking County,39073,5.6,10,8.1,-1,-26,-19.2,8.7,10.5,10.5,4.2,3.6,3.3,9.8,11,5.8,-5.7,95,179,157,-20,-527,-372,134,172,186,91,81,66,175,149,66,-107,1684,1795,1941,1976,2024,1939,1532,1636,1768,2146,2199,1956,1787,1357,1122,1865
Ohio,Holmes County,39075,3.6,-2,-1.7,-9.8,-21.5,-21.7,-10.7,-6,-4.6,-3.2,2.7,1.6,8.3,6.7,5.5,1.7,145,-87,-71,-389,-801,-724,-298,-152,-112,-83,64,35,147,88,59,39,3996,4239,4130,3945,3719,3323,2774,2504,2406,2596,2325,2128,1762,1303,1079,2191
Ohio,Huron County,39077,-2.8,0.2,-0.5,-10.3,-33.3,-18.5,3.1,-0.5,-1.7,-0.3,-1.2,-0.5,-0.7,0.8,3.6,0,-123,8,-27,-490,-1588,-787,109,-21,-71,-13,-55,-20,-26,21,66,0,4306,4203,4610,4758,4770,4232,3494,3771,4034,4477,4522,4016,3392,2426,1835,3661
Ohio,Jackson County,39079,1.2,2.1,5.6,-5.1,-22.1,-14.6,6.5,2.5,-0.7,-1,1.3,5.8,9.4,11.3,9.8,-2.1,27,46,123,-121,-547,-334,127,54,-15,-25,33,130,174,152,101,-44,2217,2181,2212,2338,2474,2285,1945,2095,2174,2313,2460,2233,1851,1338,1026,2069
Ohio,Jefferson County,39081,-1,3.2,3.1,7.7,-0.3,-30.2,-14.6,1.8,3.4,4.1,1.3,-0.7,-0.1,3.6,-1.4,-7.7,-38,118,127,337,-16,-1495,-599,71,138,199,77,-42,-6,122,-44,-520,3682,3626,4000,4379,4576,4951,4102,3905,4031,4803,5559,5562,4740,3381,3029,6683
Ohio,Knox County,39083,8.8,15.9,18.7,27.4,25.5,-32.3,-16.6,20.6,13.3,9,8.1,9,10.7,13.1,11.7,11.3,319,563,658,1055,979,-1506,-666,584,437,348,344,336,335,314,220,417,3608,3544,3504,3844,3837,4658,3998,2833,3286,3848,4212,3704,3112,2398,1876,3680
Ohio,Lake County,39085,3.9,9.3,4,-7.9,-24.1,-10.1,14.8,5.7,0.6,-0.2,-0.3,-1.9,-2.3,-1.9,0.6,7.7,495,1211,581,-1244,-3818,-1461,1682,754,96,-38,-60,-328,-341,-217,52,1259,12506,12926,14402,15662,15789,14392,11312,13081,15810,18148,19385,17086,14625,11246,8129,16175
Ohio,Lawrence County,39087,2.6,8.9,4.6,-4.6,-21.5,-15.6,5.5,8.4,0,0.6,4.6,3.2,1.8,1.2,6.1,-2.8,101,331,183,-198,-928,-683,196,316,0,28,206,133,67,37,142,-121,3873,3716,3971,4284,4316,4370,3573,3749,4261,4418,4426,4130,3738,3025,2318,4228
Ohio,Licking County,39089,7,14.4,16,13.5,-10.1,-13.1,15.7,31.6,17.9,11.2,8.6,8.7,6.1,4.3,5.8,10.6,713,1442,1661,1434,-1086,-1396,1298,2621,1763,1327,1040,887,561,297,296,903,10173,10006,10338,10594,10749,10635,8238,8276,9817,11834,11996,10087,9076,6880,5057,8455
Ohio,Logan County,39091,0.8,3,2,-9.5,-31.7,-23,4.4,4.7,0.7,-0.3,0.1,2.6,0.5,3.5,0.7,-8.5,27,93,66,-334,-1084,-752,111,127,23,-12,3,87,15,71,12,-278,3071,3066,3281,3495,3416,3263,2531,2703,2892,3438,3529,3239,2701,2005,1631,3260
Ohio,Lorain County,39093,4.5,10.5,2.5,-2.3,-17.3,-18.1,5.6,16.3,7.3,2.7,1.1,1.7,3.5,2.7,6.9,14.8,805,1911,527,-498,-3597,-3594,941,2744,1425,613,263,364,623,340,649,2593,17866,18189,20493,21643,20747,19842,16733,16752,19369,22657,23524,20579,17515,12385,9333,17486
Ohio,Lucas County,39095,-1.1,-8,-11.6,-4.4,0.7,-7.3,-15,-13.5,-11.1,-5.7,-3.4,-5,-6.3,-7.1,-5.6,-4.6,-353,-2529,-3765,-1548,261,-2357,-4721,-4339,-3382,-1899,-1179,-1559,-1648,-1274,-763,-1372,31152,31545,32394,34725,33733,32105,31467,32079,30427,33108,34264,31057,25927,17779,13427,29593
Ohio,Madison County,39097,8,10.6,4.3,5.5,-9.6,-5.2,19.9,19.8,10.8,1.7,-2.9,-1.7,0.6,1.2,8.4,8.2,193,259,111,157,-269,-150,495,548,338,63,-102,-49,15,21,107,172,2415,2430,2594,2823,2791,2845,2481,2769,3131,3615,3469,2840,2274,1667,1274,2097
Ohio,Mahoning County,39099,1.8,1.6,-5.9,-9.4,-20.5,-23.1,-10.6,-1.9,-3.5,-2.1,-2.5,-4.2,-2.8,-2.4,-1,-1.9,243,225,-945,-1673,-3573,-3924,-1559,-277,-540,-372,-504,-803,-443,-276,-92,-461,13000,13617,15928,17680,17380,16952,14624,14101,15171,17327,19998,19014,15598,11115,8999,23098
Ohio,Marion County,39101,0.2,2.7,0.5,-5.9,-10,-3,8.6,-1.1,-2,-1.6,-4.1,-3,-1.4,-3.2,1.5,1.7,11,109,22,-271,-474,-132,336,-50,-93,-88,-226,-142,-60,-92,33,76,3966,3926,4137,4570,4718,4369,3872,4378,4635,5221,5508,4741,4069,2864,2146,4358
Ohio,Medina County,39103,10.3,22.6,19.3,-1.9,-33.7,-18.7,37,43.7,23.2,8.4,5,1.7,2.9,3.3,7.1,24,991,2286,2125,-228,-3981,-1941,2574,3556,2516,1121,665,201,302,238,351,1885,9621,10114,10996,11948,11787,10378,6949,8121,10817,13298,13220,11729,10113,7144,4935,7849
Ohio,Meigs County,39105,3.4,11.6,12.4,-0.5,-22.7,-16.9,9.9,12.2,7,5.9,6.9,4,7.8,6.7,8.8,-3.3,47,166,167,-7,-373,-276,126,159,105,99,118,68,107,74,72,-56,1366,1438,1348,1504,1645,1629,1272,1302,1497,1672,1703,1711,1379,1099,827,1672
Ohio,Mercer County,39107,10.9,3.8,-0.5,-13.3,-39.9,-29.4,7.2,0.5,2.2,-0.4,-0.9,2.6,2.8,7.4,6.1,4.9,293,106,-17,-456,-1392,-968,147,11,52,-12,-31,77,61,117,76,153,2686,2794,3066,3427,3485,3286,2035,2269,2374,2928,3197,2869,2135,1576,1237,3089
Ohio,Miami County,39109,4.3,11.6,8.4,-3.5,-29.3,-19.4,14.9,14,6.1,2.5,0.8,0.3,0.3,-0.5,3.4,3,269,723,554,-252,-2173,-1370,740,796,394,194,66,22,21,-26,126,206,6221,6201,6544,7112,7406,7060,4968,5684,6459,7503,7849,7103,6447,4870,3674,6743
Ohio,Monroe County,39111,1.4,6.4,10.5,-7.7,-36,-31.1,11.8,7.2,0.2,4.6,-2.7,3.6,2.4,10.3,-1.2,-5.8,11,50,87,-75,-396,-322,80,56,2,47,-31,39,25,84,-8,-76,809,784,827,972,1099,1035,678,784,896,1004,1170,1091,1029,811,707,1297
Ohio,Montgomery County,39113,-2.4,-7.2,-10.9,-7.7,-5.8,-6.2,-14.4,-13.3,-11.4,-6.7,-5,-5.9,-4.6,-6.3,-2.9,-0.3,-866,-2649,-4207,-3070,-2229,-2352,-5454,-4942,-4365,-2832,-2106,-2280,-1538,-1553,-552,-128,35395,36599,38502,39542,38359,37693,37793,36882,38193,41778,41911,38143,32949,24434,18755,39512
Ohio,Morgan County,39115,5,6.7,13.8,-1.7,-31.6,-25.7,7.3,10.9,1,7.7,8.2,6.8,9.1,10.9,4.5,-7.9,43,57,129,-17,-347,-279,55,83,9,81,89,66,86,73,28,-101,872,851,931,1043,1097,1083,752,759,891,1059,1084,976,949,673,637,1276
Ohio,Morrow County,39117,11.5,24.1,22.7,1.4,-36.3,-21.8,30.7,25.8,12.5,8.3,7.9,6.4,3.4,3.9,4,-2.1,236,495,483,35,-929,-497,482,481,266,208,205,147,66,58,45,-43,2042,2048,2128,2465,2557,2280,1569,1859,2116,2509,2577,2305,1916,1473,1142,1959
Ohio,Muskingum County,39119,-1.2,4,5,-3.2,-10.1,-21.8,-7.4,7.1,3.6,0.1,2.6,1.8,3,6.7,6.2,1.2,-69,213,292,-205,-617,-1397,-389,351,196,10,168,102,149,241,179,76,5501,5327,5837,6245,6110,6387,5261,4933,5431,6100,6324,5607,4852,3588,2866,6118
Ohio,Noble County,39121,7,8.2,7.5,-5.3,-28.5,-29.7,-45.6,-36.3,-23.4,-15.2,2.2,24.9,128.8,83.3,96.4,13.3,50,55,54,-47,-272,-299,-565,-381,-245,-183,25,226,907,419,500,127,716,673,723,879,954,1005,1240,1048,1046,1202,1142,908,704,503,519,953
Ohio,Ottawa County,39123,1.3,11.9,14.7,-4.1,-36.1,-33.9,11.3,11.9,7.4,7,9,8.6,14.7,15.2,2.6,1.8,28,252,328,-108,-1031,-954,197,239,175,215,304,271,404,335,46,64,2065,2102,2228,2634,2855,2811,1748,2001,2369,3066,3350,3154,2742,2200,1752,3401
Ohio,Paulding County,39125,12.6,10.1,-1.6,-12.7,-35,-29,-3.1,2,-3.6,-5.8,-1.3,-2,-5.2,-2.4,-6.6,-4.1,157,124,-22,-192,-552,-443,-35,23,-46,-91,-20,-29,-64,-23,-47,-55,1244,1228,1381,1505,1575,1527,1146,1170,1269,1564,1554,1474,1230,962,716,1327
Ohio,Perry County,39127,12.9,9.9,7,-2.6,-26.5,-19.9,13.3,10.4,4.4,8.1,5.6,7.5,6.2,11.1,4.3,-6.6,281,225,181,-74,-702,-507,246,211,107,200,150,171,123,152,47,-140,2173,2274,2583,2775,2640,2552,1853,2034,2426,2471,2668,2262,1977,1369,1090,2095
Ohio,Pickaway County,39129,0.4,22.4,19.1,9,-9.9,-4.2,12.7,8.7,0,-7.7,-7.8,-5.2,0.7,-3,4.4,3.1,13,669,619,326,-366,-154,430,323,-2,-363,-356,-197,21,-72,78,90,3300,2982,3236,3585,3669,3621,3373,3678,4128,4661,4516,3734,3048,2366,1751,2877
Ohio,Pike County,39131,-1.4,9.9,1.9,-5.9,-25.4,-21.1,5,4.6,0.9,3.8,7,11,20.7,16.5,12.5,6.3,-27,179,38,-125,-545,-435,82,82,18,79,142,185,288,180,109,115,1949,1801,1971,2118,2146,2058,1626,1779,1865,2071,2016,1676,1391,1090,879,1799
Ohio,Portage County,39133,7,10.2,5.2,38.9,68.6,-29.3,-41.7,-1.4,5.1,3.3,3.2,1.2,-0.1,1.7,3.3,5.8,552,838,502,3999,6963,-3878,-6039,-131,513,392,379,129,-17,117,155,507,7866,8189,9622,10270,10143,13221,14477,9255,9889,11746,11813,10608,8898,6565,4688,8605
Ohio,Preble County,39135,5.9,13.3,9.4,-7.7,-31.7,-26.3,7.2,10.7,1,-3.2,-2.4,0.2,1.1,3.5,0.2,-5.3,149,332,262,-231,-1017,-814,154,255,30,-108,-83,7,30,66,3,-157,2528,2485,2776,2999,3205,3092,2126,2383,2771,3310,3384,3041,2653,1901,1618,2939
Ohio,Putnam County,39137,4,3.3,-2,-11.2,-41.4,-30.3,2.9,3.7,0.6,-0.8,-2,0,-0.9,1.9,4.9,-1,103,77,-54,-321,-1263,-853,55,72,13,-21,-57,0,-16,24,53,-26,2542,2331,2631,2853,3048,2812,1849,1912,2176,2665,2847,2369,1758,1268,1081,2486
Ohio,Richland County,39139,0.1,-1.9,-7.6,-8.3,-19.6,-15.8,1.1,-3.4,-6.3,-5.2,-5.6,-6.1,-2.4,-3.7,0.2,-0.1,14,-151,-654,-749,-1767,-1394,83,-273,-552,-499,-578,-566,-187,-220,11,-16,7659,7837,8540,8978,8999,8818,7405,7821,8670,9546,10160,9267,7823,5932,4743,9642
Ohio,Ross County,39141,0.7,7.8,8.3,-1.9,-12.1,0.9,19.5,10,6,5.6,1.7,1.9,2.6,5.5,4.7,1.4,37,348,393,-95,-598,47,861,503,326,334,108,99,112,175,118,64,4715,4436,4698,4917,4942,4831,4414,5014,5399,5977,6281,5228,4229,3189,2508,4373
Ohio,Sandusky County,39143,5.5,1.4,-0.2,-8.8,-31.2,-22.4,4.5,2.3,-0.3,-1.2,-0.7,-1.9,-0.5,-0.4,2.2,2.6,209,60,-8,-397,-1459,-996,153,84,-12,-56,-40,-87,-19,-12,48,113,3751,4173,4162,4482,4672,4439,3381,3622,3922,4542,5030,4410,3606,2635,2136,4317
Ohio,Scioto County,39145,1.9,0.4,-0.3,6.1,-1.3,-13.1,-4,-2.3,-4.5,-2,1.6,4.9,5.8,8.7,6.4,-0.1,95,23,-16,316,-73,-769,-207,-122,-235,-114,94,247,251,287,185,-8,4902,4963,5194,5165,5393,5870,5159,5276,5199,5512,5640,5001,4311,3291,2847,5605
Ohio,Seneca County,39147,2.5,4.5,-1.3,1.4,-8.5,-34.7,-17.3,-2.9,-4.6,-5.3,-4.7,-5.4,-3,-3.1,-1.5,3.1,90,165,-52,61,-373,-1661,-694,-98,-162,-225,-219,-230,-102,-74,-28,128,3572,3634,3791,4299,4369,4787,4013,3323,3465,4225,4631,4267,3370,2383,1818,4127
Ohio,Shelby County,39149,6.1,5.5,1.9,-11,-33.2,-20.4,10.2,3.2,0.3,0.4,1.3,-0.7,1.2,-3.9,-2.9,-1.4,209,204,73,-435,-1242,-725,268,97,12,15,50,-23,32,-78,-42,-42,3422,3659,3767,3937,3739,3543,2614,3011,3357,3736,3685,3311,2661,2010,1463,2995
Ohio,Stark County,39151,2.8,4,-0.4,-2.6,-16.6,-18.6,-1.3,1.7,0.9,-0.5,-1.4,-2.1,-1.5,-0.9,2.3,4.4,630,908,-103,-706,-4447,-4841,-281,375,233,-149,-424,-584,-365,-168,315,1279,21851,22637,25050,26687,26701,25931,20820,21556,23970,27671,29895,27420,23658,17296,13164,28597
Ohio,Summit County,39153,2.1,-0.6,-4,-5.1,-9.2,-4.3,2.7,-2.5,-4.4,-3.3,-1.1,-2.4,-2.3,-3.4,-1.5,2.6,668,-231,-1503,-2059,-3475,-1529,831,-874,-1697,-1417,-502,-949,-789,-789,-267,1016,31814,33708,37366,39701,37709,34974,30667,33985,37933,42237,43718,39301,33077,22630,17520,38265
Ohio,Trumbull County,39155,1.9,0.2,-4.5,-11.6,-26.2,-23.4,-4.9,-5,-5.3,-3.6,-2.4,-3,-4,-3.3,-0.6,-2.9,226,25,-642,-1802,-4125,-3478,-578,-652,-758,-576,-428,-496,-590,-356,-55,-539,11764,12544,14274,15528,15706,14820,11706,12874,14141,15843,17216,16206,14643,10790,8243,18238
Ohio,Tuscarawas County,39157,-4,2.5,2.2,-5.2,-25.1,-15.1,9.5,2.4,0,0,-0.4,1.1,4.1,3,7.3,7.9,-245,152,139,-331,-1650,-961,463,129,4,-1,-32,74,225,123,239,542,6089,5916,6204,6302,6573,6350,4850,5401,5745,6659,7204,6517,5431,4062,3252,6820
Ohio,Union County,39159,8.4,27.5,30.1,6,-16.6,22.2,80.2,49.7,26.9,14.5,7.7,3.1,5.7,3.9,-0.4,6.7,288,881,969,200,-512,582,1695,1429,934,544,275,92,126,63,-5,133,3417,3198,3214,3302,3078,2623,2112,2874,3467,3749,3577,2900,2217,1605,1143,1957
Ohio,Van Wert County,39161,4.1,7.3,2.8,-7.5,-36.5,-25.5,3.2,-0.5,-2.5,-3.4,-2.9,-4.6,-1.4,-1.1,1.1,0.9,77,133,55,-165,-799,-557,52,-8,-45,-75,-66,-96,-25,-15,11,22,1870,1804,1949,2203,2190,2183,1603,1722,1763,2173,2278,2081,1698,1333,979,2315
Ohio,Vinton County,39163,-3.1,5,2.9,1.1,-28.4,-22.4,5.3,6.4,7.4,7.9,9.3,10,13.7,10.5,26.2,-12.5,-26,43,28,11,-272,-201,39,54,62,74,90,86,96,59,104,-106,863,867,951,982,960,900,751,843,842,935,967,868,697,561,398,845
Ohio,Warren County,39165,10.6,34.3,35.4,8.1,-18.3,19,73.7,60.2,33.5,15.7,12.9,12.6,14.8,18.3,23.2,46,1406,4450,4539,1039,-2193,1870,5725,6094,4407,2452,1846,1433,1369,1141,1065,3062,13265,12966,12815,12808,11964,9826,7763,10116,13126,15594,14296,11354,9230,6227,4590,6648
Ohio,Washington County,39167,0.2,3.5,-2.9,-0.9,-12.3,-28.1,-8.8,2.5,2.4,-0.9,-2.2,1.1,3.4,6.5,7.7,4.4,6,122,-110,-40,-524,-1271,-320,88,93,-41,-114,54,135,198,190,208,3324,3442,3811,4195,4229,4512,3633,3455,3802,4552,5183,4641,3934,3033,2438,4630
Ohio,Wayne County,39169,0,2.3,1.3,0.3,-15,-27.3,-11.3,3.2,-0.2,-1.6,-2.6,-2.1,0.8,2.2,4.7,12.5,4,189,110,33,-1321,-2421,-814,212,-18,-140,-232,-166,52,106,178,852,8004,7951,8087,8533,8766,8851,7167,6515,6872,8455,8626,7799,6495,4861,3751,6790
Ohio,Williams County,39171,2.3,6.3,-3.2,-12.7,-32.9,-27.1,3.6,-3.9,-6.8,-5.5,-4.7,-4.6,-0.2,-0.1,3.8,2.6,54,152,-85,-367,-963,-791,79,-94,-171,-165,-153,-129,-4,-1,50,74,2285,2412,2600,2873,2925,2918,2180,2388,2519,2973,3203,2798,2116,1794,1314,2745
Ohio,Wood County,39173,1.6,11.2,7.6,39.9,74.2,-36.3,-49.4,2.5,5.1,0.3,-1.2,-1.4,-5.7,-1.5,2,10.4,116,762,557,3167,6075,-4447,-6769,183,359,31,-112,-121,-407,-70,68,685,6935,6796,7317,7932,8183,12220,13679,7277,7041,8531,9113,8347,7117,4609,3379,6582
Ohio,Wyandot County,39175,2.7,7.2,2,-8.5,-34,-22.7,4.3,6.2,-1,-0.8,-3.5,-1,-0.1,1.8,3.2,1.1,39,103,32,-138,-579,-371,54,85,-15,-13,-64,-16,-2,18,26,21,1440,1424,1532,1621,1700,1631,1258,1357,1463,1641,1789,1584,1326,968,826,1786
Oklahoma,State Total,40000,2.4,4.6,3.5,5.6,9.9,2.7,-0.1,4.2,4.3,3.9,4,3.5,6.4,7.9,7.1,0,6536,11718,8668,13839,24557,7306,-342,9483,9438,9876,10194,8090,12181,11672,8051,-67,268207,250251,244995,246829,246560,262693,244333,225330,219488,252114,253330,226100,189389,145995,112495,224914
Oklahoma,Adair County,40001,-9.7,-3.5,12.6,-7.5,-27.3,-14,9.9,6.7,11.7,16.4,18.2,9.6,16.1,20.2,18.5,-9.5,-185,-67,206,-140,-483,-232,124,93,161,234,244,120,171,170,119,-121,1914,1883,1634,1864,1765,1652,1251,1381,1367,1427,1339,1249,1056,838,644,1270
Oklahoma,Alfalfa County,40003,12.7,18.4,0.9,-6.9,-40.6,-23.5,0.7,32.6,32.5,-4.6,-1.6,-6.9,-0.8,-0.8,-0.1,-27.1,33,40,2,-20,-150,-83,1,102,110,-25,-8,-31,-2,-2,0,-193,258,217,281,291,369,353,270,315,340,558,518,458,313,323,295,710
Oklahoma,Atoka County,40005,8.9,15.6,11.5,4,-11.3,2.7,8.5,-3.6,0.2,-7.2,-6.1,-2.6,7,13.3,15.2,-16.1,79,121,97,36,-105,24,67,-33,2,-77,-67,-24,59,86,82,-175,885,775,842,901,934,907,794,931,855,1070,1097,939,843,652,538,1084
Oklahoma,Beaver County,40007,20.4,27.4,13.8,-17.4,-42.4,-31.7,43.8,13.8,10,-4.1,-4,5,-0.8,-15,-7.7,-29.6,68,94,47,-81,-184,-146,96,39,30,-18,-17,20,-2,-45,-17,-170,332,343,346,467,433,462,220,282,308,445,440,399,353,303,221,573
Oklahoma,Beckham County,40009,-5.8,9.8,7,2.9,22,33.1,18.3,3.3,6.5,4.4,6.5,4.8,2.5,12.4,8.6,-1.9,-109,136,89,37,289,467,249,46,84,67,98,63,24,89,50,-27,1863,1380,1268,1297,1312,1409,1364,1380,1299,1509,1509,1317,951,715,580,1379
Oklahoma,Blaine County,40011,2.6,-1.6,-0.1,-11.7,-3,26.8,38.1,10.7,-4.2,-13,-9,-9.1,3.9,1.7,5.8,-17.6,21,-11,0,-88,-27,227,290,83,-33,-115,-82,-70,23,8,21,-177,802,664,712,753,880,849,761,776,780,886,914,766,578,479,378,1001
Oklahoma,Bryan County,40013,2.3,10.5,10.6,20.3,38.4,2.5,-12.8,9.3,13.4,19.2,21.3,14.9,26.8,36.6,30.1,7.3,68,261,260,519,978,70,-377,213,293,440,490,324,530,591,370,194,2874,2480,2449,2547,2541,2788,2941,2271,2179,2291,2296,2173,1975,1614,1229,2629
Oklahoma,Caddo County,40015,2.1,0.2,-1.1,-10.8,-29.5,-20.4,19.3,11.1,4.6,5.2,1.3,2.1,5.2,6.3,6.6,-16.9,45,5,-23,-249,-743,-533,306,180,81,113,26,40,80,81,65,-390,2104,2096,2062,2290,2518,2605,1586,1626,1766,2134,2041,1830,1527,1278,980,2300
Oklahoma,Canadian County,40017,20.5,48.7,42.9,14.6,-13.3,17.2,83.5,56.4,32,15.6,9,6.8,9.3,9.1,14.8,28.5,1504,2891,2632,978,-973,1204,3842,3061,1889,1178,682,447,512,358,401,1129,7322,5931,6131,6684,7266,6990,4598,5425,5901,7541,7536,6543,5473,3914,2708,3958
Oklahoma,Carter County,40019,0.3,5.3,6.1,-4,-24.8,-4.2,25.6,16.6,11.1,5.9,3.7,2,3.5,11.5,13.6,-3.3,12,172,199,-132,-837,-137,617,434,286,187,127,66,86,221,200,-110,3493,3240,3234,3273,3376,3197,2404,2617,2561,3154,3399,3166,2439,1928,1474,3307
Oklahoma,Cherokee County,40021,0.5,-0.1,3.9,33.5,47.3,-15.5,-34.9,0.7,11.7,13.6,13.2,15.5,17.6,18.7,11.3,5.7,16,-4,121,1005,1454,-601,-1490,21,276,374,360,377,401,328,166,141,3279,3023,3074,2996,3070,3873,4260,2696,2358,2749,2730,2424,2272,1746,1475,2444
Oklahoma,Choctaw County,40023,-2.9,-6.4,1.1,-14.1,-29.3,-24.7,7.5,-2.6,3.6,6.5,17.7,18.3,14.7,24.4,14.5,-7.3,-33,-71,12,-151,-344,-272,57,-22,31,65,169,169,125,173,90,-91,1137,1112,1010,1071,1175,1101,765,830,862,988,957,923,849,711,625,1230
Oklahoma,Cimarron County,40025,31.4,-1.6,-20.6,-34.7,-62.2,-46.3,-26.3,-7.8,-22.9,-11.8,-26.4,-3.3,-3.9,0.7,-4.6,-20.1,47,-2,-44,-77,-168,-105,-33,-11,-36,-24,-53,-6,-6,1,-6,-64,152,170,214,222,271,227,128,151,159,203,201,207,165,143,132,318
Oklahoma,Cleveland County,40027,20.4,33.9,18.3,38.3,86.9,21.3,-14.7,6.3,8.6,5.2,2.5,2.4,5,6.2,8.6,21.8,2951,4330,2496,5308,12463,3821,-3187,993,1237,857,419,352,603,518,509,1922,14439,12742,13604,13843,14328,17874,21575,15667,14307,16453,16361,14454,11867,8324,5889,8800
Oklahoma,Coal County,40029,-5.2,16,8.9,-12.8,-38.6,-23,10.1,-3,-5.2,6.3,11.2,18.7,11.2,26.8,20.7,-4.6,-22,56,36,-60,-171,-93,31,-10,-17,24,45,65,38,61,45,-24,429,355,411,474,443,407,313,326,341,377,404,346,339,227,221,514
Oklahoma,Comanche County,40031,1.5,-7.4,-14.8,4.9,47,17.4,-18.3,-15,-11.4,-7.4,-3.9,-0.7,6.3,2.3,4.6,-1.7,147,-706,-1408,449,3921,1742,-2056,-1403,-961,-671,-325,-49,303,89,139,-102,9656,9446,9502,9085,8336,9959,11204,9341,8408,8973,8175,6403,4801,3814,2981,5693
Oklahoma,Cotton County,40033,20.5,5.6,-5,-8.6,-35.2,-26,6.3,2.9,-7.5,-7.5,4.3,5.3,13.8,-1.1,8.2,-22.1,71,21,-22,-42,-158,-118,20,10,-32,-35,19,20,49,-3,21,-128,348,384,452,493,450,453,313,353,431,469,459,384,353,319,256,577
Oklahoma,Craig County,40035,-7,0.1,8,2.9,-19.3,-20.2,14,12.6,8.4,4.4,-0.9,1.3,10.7,14.9,1.7,3.4,-67,1,73,27,-198,-209,106,98,77,51,-11,13,87,114,9,38,965,942,921,953,1025,1037,763,776,916,1156,1191,982,811,761,567,1111
Oklahoma,Creek County,40037,2,10.8,7.6,-5.9,-30.2,-21.8,17.4,14.2,7.6,9.4,6.7,6,7.2,7,8.2,6.2,91,475,365,-305,-1602,-1112,587,532,317,464,332,277,292,230,191,257,4450,4389,4743,5138,5298,5086,3376,3745,4165,4925,4943,4619,4017,3275,2331,4107
Oklahoma,Custer County,40039,-6.3,1.8,-1,39.7,97.2,-20.7,-48.1,-2.5,-2.1,-4.2,-1.3,-2.8,3.1,-0.2,6.7,11.9,-136,33,-17,660,1725,-550,-1498,-35,-28,-74,-23,-45,39,-2,52,195,2144,1796,1647,1662,1774,2649,3110,1434,1346,1768,1696,1596,1234,1002,766,1627
Oklahoma,Delaware County,40041,6.1,17.5,13.4,3.6,-24.2,-15.5,16.2,16.7,16.4,23,29.3,34.7,44.5,40.5,23.7,-8.7,142,387,315,92,-629,-378,274,319,332,544,705,777,995,853,436,-312,2326,2208,2346,2522,2592,2425,1687,1909,2016,2364,2403,2238,2235,2106,1842,3551
Oklahoma,Dewey County,40043,12.1,32.3,48.2,6.3,-47.1,-30.8,39.7,34.7,32.9,8.1,7.3,-0.8,8.2,0.9,30,0.2,33,87,113,18,-153,-118,76,59,73,24,25,-2,23,2,57,1,276,270,235,285,324,383,192,172,222,298,347,297,286,273,190,423
Oklahoma,Ellis County,40045,28.7,35.1,32.2,4.3,-45.3,-25.5,83.6,37.6,16.8,9.3,11.2,2.6,1,11.9,-2,-21.2,60,82,66,10,-114,-72,114,64,30,23,28,8,3,23,-4,-98,211,236,206,237,253,282,137,171,180,248,258,328,297,194,208,462
Oklahoma,Garfield County,40047,-4,0.2,-3.7,-5.5,0.2,8.8,5,-0.1,-1.6,1.1,0.5,0.5,3.1,3.4,5.5,3.7,-200,11,-150,-217,9,365,185,-4,-55,46,22,21,93,85,110,165,4951,4258,4015,3939,3946,4156,3645,3453,3422,4144,4379,3929,3019,2459,1984,4414
Oklahoma,Garvin County,40049,7.1,6.7,4.7,-4.3,-19.8,-15.4,12.7,9.8,6.9,7.7,2.7,8.9,12.9,11.5,10.1,-6,128,118,85,-78,-366,-313,178,152,107,138,52,153,178,144,104,-140,1793,1768,1816,1818,1845,2023,1401,1546,1546,1773,1927,1707,1371,1251,1031,2327
Oklahoma,Grady County,40051,17.8,22.3,17,10.8,-11.8,-9.8,16.5,32,19.8,15.8,14.3,15.2,19.2,20.3,10.5,-0.1,556,671,547,350,-416,-355,451,799,549,548,501,454,479,413,170,-3,3127,3006,3213,3238,3512,3630,2723,2494,2774,3471,3495,2989,2495,2032,1617,2872
Oklahoma,Grant County,40053,19.6,31.3,3.3,-15.8,-51.5,-52.6,18.8,3.4,2,8.5,-6.3,3.1,-1.9,6.7,9.5,-15.5,44,67,9,-57,-193,-221,35,7,5,29,-24,10,-5,14,20,-90,225,215,267,361,376,420,186,215,247,348,390,329,268,217,211,579
Oklahoma,Greer County,40055,-4.4,20.2,16.8,4.2,15.4,31.5,13.5,-1.4,6.5,0.8,4,-5.9,5.8,-2.7,9.6,-3.3,-15,62,48,13,54,127,53,-5,26,3,17,-23,18,-7,22,-20,347,309,289,310,353,405,392,406,410,438,435,398,311,260,228,589
Oklahoma,Harmon County,40057,2.4,17.4,-17.2,0,-40.5,-39.6,1.1,6.6,-3.3,-11.1,-11.8,6.6,3.5,-2.1,14.7,-17.3,6,31,-36,0,-98,-111,1,10,-5,-22,-29,12,5,-2,15,-55,243,183,209,208,242,280,160,159,166,204,249,195,167,123,103,317
Oklahoma,Harper County,40059,0.5,20.1,39.5,14.9,-40.9,-3.6,70.4,24.4,26.7,6.5,0.3,-1.4,-17.2,-4.3,12.5,-3.4,1,39,68,31,-105,-9,96,36,40,15,0,-4,-33,-7,16,-13,306,198,173,210,257,263,137,149,150,241,263,285,195,177,134,373
Oklahoma,Haskell County,40061,4,8,9.6,-2.1,-14.4,-14.2,18.7,9.4,21.8,20.9,8,16,23.4,26,7.7,3.3,36,66,80,-18,-118,-122,113,62,135,149,60,114,162,154,36,31,899,825,827,863,817,860,606,666,617,715,751,709,691,594,472,935
Oklahoma,Hughes County,40063,-1.4,3.7,4.4,-2.1,-15,0,21.5,3.6,-1.3,1.3,2.1,4,7.8,16.6,6.1,-9.2,-12,31,37,-20,-134,0,168,33,-11,13,21,36,61,103,31,-115,841,843,851,923,890,940,782,907,843,994,974,889,782,623,510,1239
Oklahoma,Jackson County,40065,-3.5,-12.5,-26.6,-17.1,-7.9,-13.5,-14.6,-12,-21,-21.4,-11.8,-4.3,-5.2,-0.2,1.7,-0.3,-77,-281,-648,-402,-178,-298,-299,-221,-427,-472,-244,-70,-73,-2,14,-5,2173,2244,2437,2348,2230,2202,2047,1843,2029,2200,2066,1637,1396,998,853,1537
Oklahoma,Jefferson County,40067,6.7,7.8,0.5,-11.9,-25.1,-30.8,14.7,-10.8,-8.2,0.2,4.3,4.1,24.2,29.3,12.8,-12,29,30,2,-55,-110,-143,45,-43,-31,1,20,17,80,84,32,-78,433,395,433,466,439,466,311,403,382,432,472,431,332,288,253,645
Oklahoma,Johnston County,40069,2.3,10.5,6.7,4.3,-4.6,-28.7,-5.2,13.4,17.7,17.3,-0.4,13.2,6.2,22.1,12,2.2,18,66,46,33,-33,-247,-32,73,100,111,-3,87,39,104,49,17,801,634,686,771,726,863,630,545,564,643,761,657,634,471,409,752
Oklahoma,Kay County,40071,0.4,-6.3,-3.1,-5.5,-25.4,-27,5.3,0.6,-0.2,-3.4,-1.6,-3,4.2,11.9,8.5,-4.6,14,-214,-108,-192,-893,-1024,141,14,-5,-113,-57,-94,114,237,142,-189,3464,3366,3406,3497,3508,3782,2657,2395,2615,3247,3412,3124,2695,1987,1670,4022
Oklahoma,Kingfisher County,40073,11.7,18.5,22.7,2.6,-29,-24.9,27.5,36.1,22.6,6.8,-3.5,0.2,4.4,6.9,11.2,7.5,122,169,205,26,-309,-290,203,244,168,73,-41,2,32,40,55,75,1042,914,901,1031,1067,1161,740,676,743,1069,1159,961,734,578,494,992
Oklahoma,Kiowa County,40075,16.6,-0.7,7.7,-5.7,-34.9,-31.4,7.2,16.9,-3,1,-0.5,11.6,16.7,13.1,9.7,-19.3,81,-4,46,-37,-255,-240,34,75,-15,7,-4,71,86,61,38,-182,485,628,598,651,730,767,474,444,523,708,744,615,514,468,391,943
Oklahoma,Latimer County,40077,-8.1,19.5,6.5,20.7,-6.1,-36.4,-16.1,21.2,12.3,7.5,15.9,26.7,25.3,16.8,7.7,-4.5,-62,116,48,156,-45,-366,-111,107,71,55,105,146,143,83,33,-42,762,597,748,755,733,1005,690,502,581,739,659,548,565,496,437,922
Oklahoma,Le Flore County,40079,-0.9,-2.8,-0.5,0.8,-12,-15.1,-0.6,4.7,4,6.5,6.5,9.3,14.4,15.6,17.6,2,-32,-103,-19,29,-418,-561,-18,137,121,218,219,279,391,330,299,64,3616,3655,3406,3486,3478,3700,3085,2904,2995,3316,3352,2985,2715,2114,1693,3082
Oklahoma,Lincoln County,40081,17.7,21.5,16,0.8,-31.3,-29.6,19,18.8,19.8,13.3,10.1,11.8,15.6,16.2,9.9,-6.5,351,424,345,21,-793,-765,297,316,362,317,243,249,284,245,123,-146,1977,1969,2150,2403,2527,2584,1562,1678,1822,2376,2391,2110,1824,1512,1239,2234
Oklahoma,Logan County,40083,18.5,43.8,35,55.6,11.8,-23.1,-6.5,40,38.4,25.5,22.4,17.3,19.2,16.6,12.6,-0.7,449,914,756,1269,290,-744,-169,746,697,641,578,424,375,255,152,-15,2426,2083,2157,2283,2449,3208,2597,1862,1812,2507,2580,2452,1947,1534,1200,2123
Oklahoma,Love County,40085,13.7,22.3,15.3,-7.7,-24.2,-10.5,24.6,14.8,26.7,7.5,10.5,11.6,15.4,13.2,8.1,-13.9,77,120,85,-47,-155,-67,99,74,121,45,64,67,83,62,32,-104,563,540,558,619,643,642,405,503,455,598,610,580,538,466,401,748
Oklahoma,McClain County,40087,16.8,38,37.6,15.4,-23.5,-6.9,48.7,54.2,33.2,19,12.7,18.5,21.6,16.1,8.1,10.4,360,730,714,308,-497,-151,703,835,582,433,293,342,345,228,86,166,2145,1919,1899,2005,2107,2171,1443,1539,1748,2276,2298,1849,1595,1410,1053,1583
Oklahoma,McCurtain County,40089,-0.1,-3,-5.7,-12.8,-32.8,-25.7,2.4,5,-2.4,2.4,0.8,1.9,6.8,5.5,5.5,-7.8,-4,-73,-150,-347,-897,-651,46,98,-51,55,18,41,127,90,66,-184,2400,2440,2610,2708,2735,2528,1868,1959,2109,2281,2277,2165,1870,1608,1193,2330
Oklahoma,McIntosh County,40091,-4,4.7,14.5,2.8,-32.8,-19.2,18.2,28.3,18,28.8,30.7,31.6,39.7,32,2.5,-17.5,-47,51,159,33,-433,-243,140,233,169,342,372,351,458,341,27,-406,1161,1097,1093,1163,1319,1264,766,822,941,1187,1209,1112,1152,1065,1068,2319
Oklahoma,Major County,40093,4.9,25.1,9.5,-3.4,-36.2,-28.6,36.6,17.5,18.2,9.7,3.8,3.3,11,2.3,4,1.4,23,95,42,-16,-207,-162,107,56,64,49,23,18,42,9,13,10,484,380,448,469,572,565,294,323,353,509,605,545,386,393,335,672
Oklahoma,Marshall County,40095,7,14.7,27.6,14.6,-9.8,-8.2,30.4,22.6,33.8,31.8,36.9,36.7,38.4,54.2,30.4,-3.8,72,127,235,124,-83,-73,192,155,227,276,314,280,301,369,189,-50,1032,866,851,850,849,894,632,685,670,865,853,765,786,680,624,1311
Oklahoma,Mayes County,40097,4.8,9,10.3,4.7,-23.9,-15.7,9.8,15.8,11.4,12.1,16.5,12.6,15.2,17,14.6,-12.3,139,231,279,133,-684,-454,213,345,255,317,440,312,327,308,214,-370,2857,2572,2691,2799,2859,2877,2164,2176,2231,2624,2662,2471,2155,1806,1465,3003
Oklahoma,Murray County,40099,5.4,16.4,6.5,1.6,-15.8,-11,11.3,15.4,18.1,15,20.6,20.2,24.2,24.7,7.2,-5.5,49,126,55,12,-126,-101,75,111,119,125,172,154,171,144,37,-62,908,768,856,800,797,917,660,718,656,830,834,761,710,584,519,1119
Oklahoma,Muskogee County,40101,-2.3,0.8,-3.1,-2.3,-5.9,-8.2,5.3,6.3,3.8,2.3,2.2,1.4,7.7,7.7,8.4,-5.8,-122,43,-158,-116,-286,-434,233,257,156,114,110,64,294,225,189,-296,5214,4901,5036,4997,4838,5250,4367,4061,4053,4878,4959,4562,3787,2922,2238,5064
Oklahoma,Noble County,40103,10.7,8.1,7.4,-13.4,-36.2,-16.1,12.8,7.5,8.3,6.4,-6.3,3.7,6.9,2,5.2,-5.5,81,59,56,-107,-304,-131,74,48,58,52,-58,29,42,11,23,-51,762,736,757,801,840,811,579,634,703,812,914,778,611,564,444,923
Oklahoma,Nowata County,40105,-0.5,13.8,2.7,-6.3,-34.1,-25.6,13.3,12.7,9,9.4,7.3,7.4,11.9,11,4.1,-10.4,-3,87,19,-49,-268,-193,68,65,52,68,56,50,69,56,17,-102,654,630,711,773,785,755,514,511,579,728,769,668,580,513,418,976
Oklahoma,Okfuskee County,40107,8.7,1.9,12.1,4.4,-22.2,-13.2,19.1,11.1,19.1,9.4,10.2,5.8,7.6,23.5,10,-11.3,64,13,90,34,-186,-113,123,76,127,83,84,43,49,132,45,-107,733,702,751,766,837,851,648,689,663,885,823,748,649,562,450,939
Oklahoma,Oklahoma County,40109,-4.9,-8.6,-5.8,0.3,24.3,26,-0.9,-8.3,-4.2,-1,1.4,-0.5,0.4,-0.3,1.1,0.1,-3006,-4866,-2950,184,10894,12416,-503,-4236,-1939,-493,701,-223,144,-97,228,54,60646,56416,50148,46914,44809,47645,51289,50495,45118,48950,48981,43503,35688,25734,19311,40526
Oklahoma,Okmulgee County,40111,1.5,5.4,-2.7,3.9,-16.7,-24.7,-4.7,8.6,9.3,5.8,6.1,10.1,7.2,8.5,5.4,-5.2,41,146,-77,114,-513,-796,-112,182,205,150,171,240,160,155,77,-155,2709,2678,2797,2895,3066,3222,2352,2108,2207,2599,2779,2374,2231,1820,1421,2973
Oklahoma,Osage County,40113,23.5,41.8,17.3,-1.5,-33.9,-18.8,23.3,18,17,7.7,8.5,5.6,10.7,15.2,5.5,-12.8,576,968,494,-50,-1195,-618,513,409,440,263,315,184,299,333,96,-427,2445,2316,2849,3218,3517,3275,2201,2266,2588,3384,3682,3270,2796,2188,1719,3323
Oklahoma,Ottawa County,40115,-4.1,-1.7,-1.5,2.8,-17.2,-30.1,-11,0.8,-4.2,1.9,2.4,3.9,4.6,10,9.6,-7,-100,-36,-35,68,-409,-788,-223,16,-82,41,50,77,82,150,109,-190,2443,2103,2282,2376,2380,2616,2025,1842,1951,2138,2015,1964,1781,1495,1134,2681
Oklahoma,Pawnee County,40117,7.2,10.2,9.4,-8,-37.9,-28.1,13.1,12,16.2,4.9,5.9,2.8,9,6,7.9,-8.7,73,104,101,-98,-495,-339,100,107,152,55,73,32,90,51,51,-106,1018,1026,1073,1231,1302,1206,763,889,936,1121,1221,1134,997,848,645,1214
Oklahoma,Payne County,40119,1,0.2,-2,110,326.3,-1.3,-64.1,-28.5,-4.9,-1.2,2.9,0.8,6,7.1,6.1,1.7,47,8,-80,3949,11539,-93,-8311,-1538,-184,-52,121,30,176,165,105,64,4588,4198,3834,3589,3536,6924,12955,5383,3731,4296,4057,3780,2910,2296,1728,3636
Oklahoma,Pittsburg County,40121,0,10.7,8.3,-2.4,-11.9,2.3,24.1,7.6,3.8,4.8,6.6,13,10.3,17.7,10.4,-4.4,2,269,210,-70,-356,71,550,190,104,155,205,372,271,383,177,-164,2994,2504,2533,2848,2979,2988,2280,2496,2692,3173,3065,2860,2612,2155,1695,3727
Oklahoma,Pontotoc County,40123,-1.1,0.9,1.5,15.6,44.7,-5.5,-26.4,-0.8,5.3,4.5,10.3,7.2,13,8.9,8.5,1,-31,23,34,378,1084,-156,-803,-17,107,107,237,150,234,130,109,27,2729,2449,2276,2416,2426,2799,3042,2098,2000,2351,2298,2064,1803,1459,1284,2519
Oklahoma,Pottawatomie County,40125,3.9,8.2,6,8.7,5.7,-18.5,-11,12,5.4,6.6,4.9,6.7,5.5,14.7,8,0,187,365,278,409,265,-1003,-530,473,214,316,221,270,199,415,178,-3,4779,4451,4606,4690,4602,5407,4801,3926,3943,4743,4475,4030,3601,2824,2211,4229
Oklahoma,Pushmataha County,40127,2.2,6.9,-4.1,-6.2,-38,-28.8,23.8,9.5,7.6,11.1,17.8,10.3,29.3,27.3,11.2,-6.9,16,45,-31,-50,-346,-238,111,51,49,85,133,74,182,164,57,-73,733,659,749,799,910,826,470,533,647,766,745,720,622,603,513,1055
Oklahoma,Roger Mills County,40129,-16.9,33.1,25.8,0.5,-23.2,-14.9,42.9,19.6,18.9,10.9,6.1,-1.2,26.2,4.2,-2.3,-26.4,-53,69,49,1,-49,-41,59,30,31,24,16,-3,51,7,-3,-102,318,210,193,212,212,277,138,153,164,226,268,246,196,188,162,386
Oklahoma,Rogers County,40131,16,33.6,36.5,14.6,-15.7,-7.9,52.4,47.5,32.4,19.7,15.1,11.9,12.3,15.1,17.6,23.1,789,1565,1852,830,-938,-433,1698,1826,1468,1126,864,572,533,518,440,875,4908,4649,5070,5650,5955,5430,3239,3841,4523,5700,5699,4808,4310,3418,2489,3781
Oklahoma,Seminole County,40133,-0.8,0.3,11.5,5.6,-24.3,-24.8,0.6,15.3,17,15,5.7,13.8,14.1,17.1,9.2,-14.6,-14,5,198,98,-457,-487,9,189,226,235,97,211,183,189,84,-306,1773,1843,1727,1751,1882,1966,1422,1235,1324,1567,1694,1528,1295,1100,913,2089
Oklahoma,Sequoyah County,40135,8.5,9.1,9.4,1.4,-24.2,-14.8,11.8,20.3,18.4,14.5,13,15.9,15.1,13.3,13.2,-7.9,231,254,270,43,-731,-412,256,464,443,414,335,374,338,254,189,-216,2696,2798,2851,2991,3020,2783,2176,2282,2406,2847,2571,2338,2242,1911,1429,2721
Oklahoma,Stephens County,40137,8.4,18.2,8.3,0.6,-22.8,-10.8,23.8,21.6,13.9,8.1,5.5,6.2,7,14.1,16.6,-4.8,239,478,232,19,-695,-331,524,457,312,242,177,185,173,278,258,-189,2828,2624,2796,2788,3050,3054,2195,2114,2231,2982,3176,2975,2470,1967,1547,3872
Oklahoma,Texas County,40139,0.1,-13.3,-10.7,3.5,19,-10.5,-20.4,-14.6,-8.8,-9.8,-10.8,-8,-8.3,-14.2,-13.9,-15.5,2,-259,-189,53,285,-182,-375,-233,-120,-142,-153,-99,-79,-102,-84,-177,1907,1947,1769,1539,1502,1721,1838,1588,1366,1456,1404,1240,954,719,608,1136
Oklahoma,Tillman County,40141,-11.1,-1.4,-1.2,-12.9,-44.6,-34.6,-5,-3.7,-6,-1.9,-0.5,-5.5,5.5,-0.7,-10.1,-30.2,-64,-8,-7,-84,-327,-259,-21,-17,-31,-12,-2,-31,25,-2,-40,-272,583,544,601,649,734,749,420,457,523,645,539,563,451,419,402,898
Oklahoma,Tulsa County,40143,-1,-4.9,-4.1,-2.4,6.9,17.1,7,-2.7,-3.5,-2.7,-2.3,-4,-2.4,-1.4,1.6,7.3,-490,-2282,-1786,-1027,2769,6754,2788,-1148,-1425,-1155,-991,-1550,-764,-319,268,2340,47042,46054,43023,42139,39682,39465,39409,41325,40213,42739,43032,38554,31184,22111,15941,31969
Oklahoma,Wagoner County,40145,21,51,31.4,7.1,-19.7,4.2,72.4,59.3,28.1,15.2,17.8,15.9,15.2,15.9,7.5,-1.5,927,1914,1322,330,-894,189,2067,1910,1047,692,800,655,576,474,166,-50,4399,3752,4198,4601,4532,4419,2854,3221,3715,4540,4487,4111,3788,2974,2209,3295
Oklahoma,Washington County,40147,3.6,15,7.1,-0.5,-19.6,-12.2,12.2,16.3,11.2,12.5,7.4,2,2.7,7.3,5.4,0.3,121,440,215,-20,-709,-430,303,412,291,388,275,70,82,165,106,17,3318,2920,3014,3374,3603,3514,2471,2514,2593,3109,3721,3459,2958,2259,1963,4501
Oklahoma,Washita County,40149,14,35.8,14.4,-3.9,-34.9,-19.6,31.6,13.5,7.5,1.5,2.4,2.7,1.3,3.9,4.7,-11.9,102,235,104,-30,-318,-180,172,75,45,12,20,20,7,20,20,-133,729,657,728,766,911,916,545,554,604,807,849,745,567,528,425,1109
Oklahoma,Woods County,40151,1.8,6.8,3.8,42.1,139.8,-15.3,-53.3,-19.7,-5.4,-7.5,1.9,-3.1,7.9,3.8,5.5,-11.4,9,29,16,205,714,-116,-576,-102,-24,-42,10,-17,32,15,18,-96,540,421,415,485,511,761,1080,517,450,560,530,545,405,393,339,841
Oklahoma,Woodward County,40153,-2.7,5.6,2.3,-1.9,-6.7,6.4,24.2,23.8,17.1,9.2,-0.3,-5.5,-0.8,5.8,2.4,-11.9,-42,73,29,-24,-91,95,279,242,180,125,-5,-69,-8,49,17,-163,1562,1299,1258,1211,1358,1481,1151,1016,1055,1353,1523,1257,982,853,704,1362
Oregon,State Total,41000,2.3,6,4.8,6,6.9,11.7,14.2,9,5.5,4.4,4.3,4.3,7.7,10.4,11.1,10.3,5592,13719,11261,14439,16513,28164,32573,20930,12932,11063,11371,11359,16669,15912,12006,22651,240782,225934,231291,237006,237389,239168,228463,231317,235118,251205,262757,259197,215824,151821,107469,219465
Oregon,Baker County,41001,1.2,8.5,-0.3,-6.7,-46.6,-31.5,23.1,18,8.1,2.4,0.1,8,18.2,20.7,9.3,-8.2,10,67,-3,-69,-600,-368,138,117,67,26,2,102,199,189,75,-138,867,788,913,1032,1286,1165,599,649,830,1090,1279,1269,1094,913,808,1665
Oregon,Benton County,41003,2.1,7.3,7.5,93.7,179.8,-24.2,-58.8,-21.6,-5.6,0.5,0.2,-2.1,0.4,3,8,15.6,81,285,314,4190,8858,-1911,-6447,-1172,-262,28,13,-126,21,93,161,659,3818,3859,4151,4471,4926,7868,10959,5405,4614,4962,5656,5983,4629,3061,2012,4208
Oregon,Clackamas County,41005,10.4,20.2,18.5,2.4,-23.4,-11,20.2,24.4,20.7,12.2,4.3,0.5,-0.2,-1.4,4.8,30.5,2106,4084,4203,624,-6082,-2603,3724,4688,4464,3178,1255,168,-52,-258,515,5299,20083,20172,22672,25008,25903,23547,18384,19140,21505,25994,29040,28759,24463,17266,10636,17350
Oregon,Clatsop County,41007,-2.2,5.6,1.4,6.5,-7,-21.2,3.4,12.9,8.5,7.2,6.7,9.2,15.7,21.3,0.8,-5.9,-50,110,30,143,-174,-598,69,230,161,176,180,275,384,360,11,-168,2201,1943,2080,2198,2472,2822,1988,1790,1897,2413,2685,2977,2438,1689,1373,2841
Oregon,Columbia County,41009,6.2,23.7,24.1,-0.4,-33.4,-22.2,48.5,39.3,25.6,11.8,13.3,11.3,14.6,10.7,10.1,12.2,168,606,695,-15,-1203,-696,969,870,712,399,479,397,432,238,143,305,2714,2548,2878,3301,3594,3125,1995,2213,2778,3359,3598,3498,2954,2218,1422,2496
Oregon,Coos County,41011,4.3,4.6,3.5,3.4,-23.2,-23.2,15.9,10,4.4,7.6,10.1,10.6,17.4,21.6,18.2,-1.1,139,144,113,125,-984,-1008,441,279,141,304,472,513,738,735,516,-71,3210,3095,3163,3617,4238,4339,2766,2774,3141,4004,4650,4817,4241,3398,2831,5967
Oregon,Crook County,41013,2.3,10.4,7.4,-12.3,-38.9,-30,16.8,8.2,7,15.6,15.1,25.5,31.9,50.1,30.1,14.5,27,119,97,-171,-565,-417,169,86,76,191,215,329,411,484,245,211,1142,1141,1299,1383,1449,1387,1004,1054,1086,1228,1420,1292,1288,964,813,1446
Oregon,Curry County,41015,12.5,12.5,16.9,1,-36.6,-18.9,23.3,37.8,27.2,30.9,29.5,37.4,61.8,51.2,32.9,-13,98,100,151,11,-476,-211,151,252,227,353,417,566,849,659,391,-403,781,801,894,1081,1298,1113,648,667,835,1143,1410,1511,1373,1286,1188,3088
Oregon,Deschutes County,41017,3,33.3,41.2,19.9,-1.4,29.7,64.3,51.4,42.5,29.7,23.4,23.5,36.4,41.6,29.7,26,292,2534,3022,1580,-125,2276,3958,3596,3168,2530,2202,2178,2831,2340,1284,2010,9644,7602,7323,7927,8449,7645,6154,6990,7445,8504,9396,9235,7765,5619,4322,7718
Oregon,Douglas County,41019,1.7,10.3,9,4.1,-23.1,-23.9,12.4,15.2,12.1,13,14.4,16.9,25.1,30.6,27.5,11.6,99,553,525,270,-1680,-1688,608,710,637,827,1057,1261,1654,1573,1160,1080,5726,5322,5825,6446,7256,7050,4886,4674,5233,6336,7334,7423,6570,5127,4218,9231
Oregon,Gilliam County,41021,24.2,-2.5,7.5,-15.9,-54.9,-41,46.9,0.8,5.8,17.3,4.6,13.2,15.4,29.4,5.7,3.1,18,-2,6,-19,-76,-51,30,0,5,21,7,20,20,27,5,6,78,88,90,119,139,126,65,81,98,126,171,152,130,92,91,188
Oregon,Grant County,41023,12.2,10.8,-4.3,-26.4,-53.5,-47.7,30.4,6.2,-4.4,-4.1,-1.7,10.7,16.1,24.6,13.3,11.3,38,36,-20,-150,-311,-288,76,21,-17,-21,-10,66,89,109,49,78,310,332,465,569,582,604,250,344,384,523,614,619,556,445,371,690
Oregon,Harney County,41025,6.4,17.4,2.2,-8,-48.5,-29.1,28.3,8.2,-4.4,-9.2,-3.6,3.3,14.9,23.2,4.5,-7.2,25,66,9,-45,-301,-145,88,29,-18,-53,-23,19,73,86,14,-47,390,384,448,568,621,498,311,359,415,585,632,582,488,370,323,644
Oregon,Hood River County,41027,6.7,5.2,8,-6.2,-26,-6,23.5,11.9,17.3,7.4,3.6,0.2,-1.6,1.7,-2.2,11.8,97,82,126,-102,-411,-88,276,159,242,118,61,3,-19,13,-13,150,1460,1570,1561,1642,1580,1452,1172,1337,1393,1589,1660,1560,1126,799,569,1264
Oregon,Jackson County,41029,5.6,14.2,11.6,5.7,-4.8,-5.2,8.6,15,15.3,14.5,13.5,11.8,16.4,20.8,21.5,16.7,665,1486,1308,714,-629,-669,925,1469,1576,1730,1788,1653,2017,1863,1390,2424,11753,10410,11273,12347,12844,12676,10712,9786,10273,11908,13227,13911,12243,8942,6460,14463
Oregon,Jefferson County,41031,-5.8,-4.3,1.5,-5,-24.4,-4.8,19.8,12,16.2,19,17.1,23.6,36.4,33.8,12.9,-4.8,-101,-67,22,-81,-399,-63,198,140,199,253,215,282,386,295,103,-63,1733,1529,1517,1596,1636,1319,999,1167,1225,1330,1258,1193,1059,871,798,1299
Oregon,Josephine County,41033,-2.2,17,19.3,4.5,-26.4,-19.6,29.6,21.8,17,19.8,19.3,18.6,33.7,32.9,26.4,13.3,-98,651,808,222,-1403,-951,916,724,647,909,1016,1026,1700,1373,890,999,4433,3818,4177,4837,5304,4836,3091,3318,3791,4572,5259,5489,5043,4162,3370,7494
Oregon,Klamath County,41035,0,0.4,-1.5,-2.5,-10.9,-17.9,-5.8,5.4,8.7,7.5,6.6,9.5,14.8,21.1,16.8,2.2,2,16,-66,-116,-529,-797,-217,194,311,317,299,448,607,636,392,107,4152,3988,4245,4656,4816,4441,3712,3560,3569,4181,4485,4712,4098,3005,2326,4794
Oregon,Lake County,41037,-5.3,12.1,11.3,-5.2,-42.1,-27.9,57.9,28.8,46.5,24.3,13.7,13.5,26.5,35.2,9.4,-1.7,-21,41,43,-26,-240,-140,146,99,163,112,80,81,134,140,33,-12,400,343,383,497,569,500,253,343,350,462,590,596,508,399,350,688
Oregon,Lane County,41039,2.8,6.6,4.5,24.4,46.3,0.8,-19,-4.9,1.4,4,5.7,5.1,7.9,11.8,15.7,11.2,527,1174,879,4944,9875,210,-5197,-1046,284,895,1361,1295,1689,1728,1607,2452,18482,17778,19252,20214,21309,24060,27230,21292,20202,21911,23669,25213,21202,14541,10194,21829
Oregon,Lincoln County,41041,1.1,-1,-4.1,-5,-26.7,-17.5,21.7,15.8,7,11.6,18.4,24.7,33.1,36.5,16.7,-16.9,26,-23,-93,-124,-777,-500,411,300,155,319,600,888,1071,886,351,-845,2307,2151,2255,2483,2905,2851,1895,1888,2226,2734,3252,3591,3230,2424,2092,4978
Oregon,Linn County,41043,6.1,14.3,10.7,3.6,-9.3,0,23.2,17.9,8.4,9.7,11.8,13.2,14.2,14.3,17.6,8.3,457,971,782,274,-705,-6,1337,1087,547,709,875,973,902,711,623,617,7484,6771,7295,7420,7544,7342,5749,6061,6443,7237,7415,7356,6337,4966,3545,7377
Oregon,Malheur County,41045,-1.6,-5.3,-12.4,-8.2,-10.4,-12.3,-11.1,-4.3,-9.7,-10.2,-6.6,-8.4,0,5.1,11,-4.7,-40,-127,-309,-204,-248,-301,-261,-87,-207,-230,-143,-177,-1,67,109,-110,2472,2362,2486,2471,2373,2438,2345,2023,2124,2241,2138,2090,1624,1307,983,2302
Oregon,Marion County,41047,-0.2,2.6,0.5,5.8,3.1,2.3,4.7,0.2,-1.8,-0.4,2.1,2.9,5.3,8.4,10.6,9.7,-59,610,126,1285,651,498,981,58,-371,-100,438,557,856,950,867,1689,24741,22643,22738,21927,20814,21602,20485,20128,19929,20454,20260,19117,15936,11212,8138,17367
Oregon,Morrow County,41049,2.3,3.7,-1.4,-10.1,-35.3,-27.5,1.9,8.2,-0.1,-6.6,-1.3,-0.9,7.6,0.3,2.5,-17.7,19,31,-14,-100,-313,-242,12,56,-1,-50,-12,-7,47,1,8,-123,815,834,977,992,886,878,649,688,660,756,862,775,614,472,356,693
Oregon,Multnomah County,41051,-4.9,-8.7,-11,-2,37.1,71.5,35.3,1.9,-5.7,-6.8,-4.6,-4.6,-5.6,-5.6,-3.8,1,-2511,-4080,-4849,-860,14527,29267,17469,1147,-3200,-3615,-2390,-2376,-2292,-1445,-650,375,50468,46546,43926,41788,39078,40924,49480,58765,56070,53000,51864,50774,40641,25794,16942,35835
Oregon,Polk County,41053,18.1,30.7,30.9,38.6,29,-9.9,-12.9,28.8,27.7,18.2,14.4,10.6,14.6,21.5,23.5,5,779,1166,1257,1676,1346,-508,-637,955,968,729,631,497,573,599,465,254,4293,3791,4064,4340,4639,5093,4916,3312,3497,3989,4375,4654,3919,2779,1976,4987
Oregon,Sherman County,41055,8.8,33.6,-1.2,-22.1,-56.8,-38.7,44.3,44.7,-5.6,3.3,4,-14.6,12.1,15.3,12.1,-22.9,7,23,-1,-26,-105,-55,27,26,-4,4,6,-21,14,14,9,-53,88,71,100,120,185,142,62,59,82,139,161,144,122,94,81,231
Oregon,Tillamook County,41057,9,9.7,12.7,-2.8,-30.5,-21.5,22.1,21,14.8,9,14.7,26,25,27.4,8.5,-20.4,117,121,154,-42,-490,-346,224,226,181,134,263,470,421,372,101,-570,1293,1248,1208,1499,1603,1604,1014,1073,1221,1479,1785,1805,1680,1354,1184,2785
Oregon,Umatilla County,41059,7.2,5.9,1.1,-1,-6.9,-1.8,7.2,4.5,2.8,-2.3,-0.8,0.1,2.5,3.1,1.2,-3.5,399,319,61,-59,-362,-98,330,212,133,-121,-43,9,101,91,27,-161,5511,5352,5492,5595,5249,5371,4572,4672,4684,5175,5132,5005,3958,2879,2200,4545
Oregon,Union County,41061,3.2,10.4,2.4,18.2,8.5,-23.1,-31.8,-1,9.7,11.4,6.8,2.7,5.2,10.5,8.7,16.2,53,154,37,292,152,-487,-635,-13,116,165,119,52,85,120,78,284,1625,1478,1502,1604,1779,2105,1992,1279,1190,1443,1741,1927,1638,1149,889,1748
Oregon,Wallowa County,41063,18.5,26.4,-2.9,-24,-54.9,-37,52.5,8.3,23.7,5.5,7.7,-1.5,18.6,18.3,5.9,-2.2,59,81,-10,-100,-326,-184,112,21,64,25,43,-10,96,76,21,-17,321,306,364,418,594,496,214,262,271,452,559,709,519,416,359,755
Oregon,Wasco County,41065,14.9,15.5,-0.7,-0.5,-18.9,-8.9,19.9,13.2,9.3,4.1,3.8,9.1,10.8,15.4,6.1,19.3,221,216,-12,-8,-322,-146,233,160,122,63,70,159,175,173,54,352,1480,1391,1610,1643,1705,1646,1169,1208,1313,1535,1809,1754,1620,1125,889,1819
Oregon,Washington County,41067,3.8,2.8,2.3,-2.7,1.9,43,40.3,11.1,2.3,0.8,-1.4,-1.8,-1,-0.5,4.1,22.8,1482,1076,850,-951,603,12472,12176,4216,889,313,-539,-613,-264,-89,458,4502,38165,37614,36435,34720,31155,28965,30143,37653,38520,37878,36641,32530,25892,17102,10969,19745
Oregon,Wheeler County,41069,66.7,41.8,3.5,14.1,-62.5,-41.4,74.9,22.1,-19,17.1,19.3,23.5,5,7.3,10,-14.5,28,17,2,9,-68,-45,24,10,-13,13,17,26,5,9,9,-31,42,42,75,69,109,109,32,48,72,79,87,113,104,126,91,213
Oregon,Yamhill County,41071,6.7,18.3,16.4,21.1,6.4,-13.3,-4,20.9,13.2,6.2,5.1,6,14.9,19.7,21.3,34.2,420,1066,1010,1350,416,-938,-262,1095,759,401,341,367,705,679,488,1599,6282,5816,6138,6390,6482,7009,6548,5238,5736,6379,6625,6045,4705,3436,2283,4671
Pennsylvania,State Total,42000,2.5,6.1,4.7,6.5,3.6,-5.1,-0.4,6,3.6,2.1,1.1,0.2,0.7,1,1.6,-0.9,18909,44291,36161,54868,30767,-43143,-3366,43792,29742,19652,10828,2283,5687,5715,7030,-9470,734623,715843,754989,837014,846755,831474,737940,722900,819994,934154,966987,868087,726175,540454,417003,983555
Pennsylvania,Adams County,42001,6,17.2,16.2,13.1,-2.9,-21.9,-3.3,22.1,15.1,7.7,5.9,9.7,14.7,19.1,17.2,20.4,328,904,911,860,-199,-1457,-185,1112,944,571,430,631,797,776,531,1252,5451,5247,5600,6528,6801,6653,5482,5022,6255,7413,7294,6491,5410,4055,3083,6122
Pennsylvania,Allegheny County,42003,0.7,-3.8,-7.2,-1.9,10,7,-2.5,-8,-9,-6.5,-4.6,-4.9,-5.5,-5.2,-4.1,-7.8,510,-2575,-5371,-1541,8145,5619,-1935,-6071,-7581,-6224,-4783,-4645,-4226,-2913,-1859,-9257,65039,67409,73767,80264,81111,79885,74903,75685,83761,94544,102344,93599,75911,55206,44322,117993
Pennsylvania,Armstrong County,42005,5,5,2.7,-9.2,-31.4,-25,7.4,5.7,4.8,0.5,0.6,-1.2,1,6.1,3.2,-5.4,179,177,112,-434,-1506,-1197,255,219,216,31,38,-64,48,197,88,-364,3523,3491,4049,4674,4788,4773,3417,3796,4410,5374,5939,5248,4475,3232,2749,6675
Pennsylvania,Beaver County,42007,3.1,4.8,-3,-7.6,-24.9,-19.6,2,4.7,-0.4,-2,-2.4,-1.4,-2.8,-1.6,1.5,-5.8,278,428,-314,-891,-3018,-2274,184,427,-50,-273,-370,-192,-317,-137,102,-1018,8948,8927,10216,11717,12081,11600,8781,8971,10855,13669,14974,13117,11046,8182,6849,17422
Pennsylvania,Bedford County,42009,3.9,11.7,2.9,-7,-30,-22,5.8,2.7,5.9,3.1,2.6,4.2,4.8,7.1,6.4,-6.5,103,311,92,-228,-1031,-676,143,82,189,115,105,144,143,185,138,-306,2595,2641,3103,3241,3429,3062,2450,2970,3209,3618,3940,3410,2976,2578,2145,4652
Pennsylvania,Berks County,42011,4,14.5,16.3,16.7,4.1,-9,5.9,17.8,12.4,7,3.6,2.1,1.7,1.3,3.5,0.1,1020,3455,3911,4493,1096,-2347,1290,3840,3172,2121,1080,548,397,221,434,37,25329,23811,23916,26883,26371,25900,21787,21463,25537,29896,29358,25864,22481,16273,12356,29766
Pennsylvania,Blair County,42013,5.9,3.1,-0.9,10.5,-10.4,-24.7,-1.1,1.5,2.1,-0.8,-0.9,-0.3,1.6,2.6,6.7,7.9,419,225,-69,869,-874,-2314,-84,114,165,-78,-93,-33,132,154,308,846,7005,7213,7507,8212,8334,9358,7187,7297,7847,9077,9740,9210,7856,5866,4578,10578
Pennsylvania,Bradford County,42015,7,3.4,3.9,-11,-35.4,-24.5,14.2,4,4.1,4.6,3.6,3.9,5.2,9.6,8.4,-2,254,125,153,-493,-1677,-1058,392,135,162,216,173,175,204,298,204,-105,3611,3655,3935,4486,4730,4304,2750,3330,3935,4694,4778,4396,3925,3110,2416,5131
Pennsylvania,Bucks County,42017,4.2,11.1,8.5,-6.1,-26.1,-13,17.6,16.5,8.9,3.9,0.9,-2.1,-4,-4.7,0,18.3,1429,3925,3405,-2689,-11677,-5061,4940,5381,3793,2088,514,-999,-1555,-1352,2,6773,33738,35306,39664,43764,44729,38813,27933,32424,42165,52271,53457,46553,38728,28352,19778,36921
Pennsylvania,Butler County,42019,3.5,10.6,5.8,8.2,-7.7,-24.6,-4.4,20.9,10.7,4.9,2.5,2.8,4.8,3.5,9.3,20.8,354,1094,678,1009,-931,-2954,-443,1932,1308,693,377,364,504,266,515,2364,9898,10272,11523,12305,12018,11980,10067,9207,12140,14152,14681,12887,10345,7573,5538,11361
Pennsylvania,Cambria County,42021,2.5,4.7,0.7,6.7,-2.9,-27.3,-15.1,0.6,-0.1,-0.1,-0.9,-1.7,-0.5,1.9,2.4,-8.6,181,348,61,598,-276,-2813,-1378,55,-12,-16,-106,-197,-49,134,131,-1354,7265,7417,7935,8920,9304,10273,9083,8339,8831,10118,11755,11363,9326,6805,5476,15650
Pennsylvania,Cameron County,42023,-17.4,-14.9,-0.5,-21,-57.9,-42,-8.7,-7.8,-16.5,7.7,-1.5,8.5,1.7,6.4,-11.6,-12.5,-47,-42,-1,-86,-254,-185,-20,-23,-55,29,-6,35,7,18,-26,-81,272,282,298,409,438,440,228,300,335,386,432,408,398,293,228,645
Pennsylvania,Carbon County,42025,8.4,24.2,25.5,3.7,-19,-6.4,28.9,25.7,22.8,15.9,17,17.4,22.5,25.2,18.4,3.8,279,728,798,133,-749,-234,785,807,885,719,788,724,774,693,404,203,3311,3001,3131,3564,3935,3624,2717,3138,3869,4517,4626,4156,3430,2753,2194,5292
Pennsylvania,Centre County,42027,11.7,6.1,4.7,127.2,368,-20.4,-69.3,-17.1,-4.6,1.5,2.1,2.7,2.5,4.8,8.5,8.7,731,383,306,8894,25706,-2732,-18571,-1610,-398,134,181,216,170,227,322,658,6216,6285,6491,6992,6983,13374,26774,9385,8616,8944,8520,7835,6545,4737,3767,7504
Pennsylvania,Chester County,42029,4.6,18.9,17.5,8.8,-6.3,-4.8,17.4,33.8,21.2,10.8,3.5,0,-1.9,-3.1,1.4,14.4,1424,5612,5325,2930,-2078,-1391,4054,8040,6487,4057,1366,0,-542,-639,199,3739,30678,29607,30391,32931,32480,28945,23259,23779,30551,37249,38432,33638,27685,20400,13724,25945
Pennsylvania,Clarion County,42031,-0.4,1.9,-5.2,40.6,65.9,-44.9,-55.4,-2,-3.3,-0.2,0.3,-2.3,1.4,2.1,1.7,-3.6,-9,38,-123,1025,1715,-1668,-2314,-46,-83,-6,8,-66,32,39,27,-114,2117,1986,2346,2523,2600,3711,4176,2223,2466,2701,2872,2812,2257,1824,1580,3149
Pennsylvania,Clearfield County,42033,5.5,8.8,1,-6.6,-17.3,-13.9,11.7,9.6,3.3,3.1,-1.6,-0.7,1.1,3.2,1.2,-4.1,218,350,50,-351,-962,-748,498,476,193,199,-111,-43,55,125,40,-301,3943,3983,4717,5319,5545,5375,4236,4923,5678,6404,6574,5773,4988,3878,3223,7169
Pennsylvania,Clinton County,42035,4.4,8.2,7.7,46.3,72.9,-31.4,-43.9,4.4,2.4,5.6,3.6,3.6,9,5,5.5,-7.4,96,173,163,1044,1704,-971,-1498,92,52,139,99,86,190,85,77,-245,2169,2085,2125,2255,2335,3085,3412,2095,2167,2449,2726,2411,2100,1692,1398,3286
Pennsylvania,Columbia County,42037,7.1,12.6,9.2,68.6,82.1,-40.2,-45,8.1,9.3,5.5,4,3.1,9.8,5.7,6.3,3.6,220,382,301,2544,3263,-2235,-2656,284,352,241,190,138,359,164,144,184,3091,3026,3259,3708,3971,5551,5895,3500,3789,4358,4693,4413,3642,2864,2259,5100
Pennsylvania,Crawford County,42039,4.2,3.1,3.1,4.3,-15.4,-33.7,-14.2,3.8,2.4,0.9,1.9,0.9,4.6,6.7,3.9,-2.8,212,162,174,275,-994,-2344,-760,187,138,60,133,60,257,285,123,-201,4995,5204,5554,6270,6447,6949,5326,4894,5606,6310,6718,6431,5522,4233,3120,7024
Pennsylvania,Cumberland County,42041,7.1,19.8,15.2,24.1,26.5,-5.4,-7.6,14.7,11.7,7.6,2.9,1.2,3,4.7,7.5,14.1,875,2222,1840,3234,3603,-854,-1129,1849,1663,1259,495,201,421,467,555,2248,12220,11219,12067,13386,13567,15544,14761,12569,14194,16447,16925,15904,13816,9920,7399,15842
Pennsylvania,Dauphin County,42043,1.9,5.5,7,0.1,-7.5,22.3,22.8,2.6,1.9,1.8,2.5,-0.1,-1.3,-1.4,0.2,-5.7,339,870,1142,18,-1324,3372,3092,430,347,367,528,-28,-208,-156,21,-1085,17055,15819,16112,17929,17586,15067,13504,16362,17536,20030,20622,19209,15994,10788,8198,18803
Pennsylvania,Delaware County,42045,1.6,4.5,3.1,11.2,0.8,-13.3,-0.3,5.1,0,-1.5,-2,-2.6,-5.3,-7,-5.3,-4.5,558,1539,1114,4401,352,-5333,-100,1618,13,-655,-898,-1027,-1658,-1593,-898,-2018,34495,33478,35712,39218,39328,39918,32704,31275,37152,43048,44333,38395,30882,22701,16774,44183
Pennsylvania,Elk County,42047,0.8,6.3,-3.6,-18,-47.3,-34.1,-2.8,0.6,0,-3.3,-1.4,-3.2,-0.3,0.1,3.2,-7.3,12,107,-76,-412,-1190,-793,-43,12,0,-91,-40,-80,-6,1,44,-242,1575,1687,2079,2286,2515,2323,1548,1890,2420,2713,2836,2456,2047,1537,1373,3301
Pennsylvania,Erie County,42049,3.4,3.7,-0.4,8.5,12.7,-21,-22.9,-4.2,-1.6,-1.2,-1.1,-2.2,-2.1,-1.9,0,-0.6,580,626,-74,1734,2534,-4620,-4652,-713,-298,-252,-242,-461,-329,-229,0,-130,16707,16582,18086,20221,19873,21937,20234,16862,17985,19926,21535,20097,15666,11677,8769,20403
Pennsylvania,Fayette County,42051,2.7,1.6,-6.9,-13,-23.6,-19.3,-3.2,0.6,-1.5,-1.3,-2.4,-2.1,0.2,0.6,0.2,-10.6,186,124,-608,-1241,-2285,-1804,-258,50,-143,-140,-275,-232,25,42,11,-1464,6814,7362,8744,9482,9658,9320,7836,8426,9414,10195,11332,10860,8903,6744,5275,13767
Pennsylvania,Forest County,42053,12,18.2,33.2,96.5,113.9,40.9,324.6,184.8,102.6,89.9,69,76.7,68.7,77.2,39.9,16.2,20,32,61,241,348,215,442,346,253,288,223,246,203,222,104,74,167,179,183,249,306,525,136,187,246,321,323,321,296,288,260,456
Pennsylvania,Franklin County,42055,3.9,19.3,18.4,13.8,-7.4,3.2,24.5,20.1,15.9,12.7,10.1,9.1,11.3,16.8,15.1,5.7,393,1574,1548,1217,-646,274,1700,1612,1378,1232,978,813,887,1052,727,635,9864,8141,8374,8763,8717,8456,6918,7988,8634,9642,9627,8925,7786,6229,4787,11038
Pennsylvania,Fulton County,42057,5.8,16.9,7.2,-3.9,-29.4,-14.1,11.6,9.8,13.9,6,0.5,7.9,10.9,9,6.9,-13.8,51,131,67,-38,-304,-125,85,88,127,63,6,71,94,69,43,-163,889,779,928,972,1032,885,738,900,917,1047,1085,900,865,773,616,1181
Pennsylvania,Greene County,42059,2.5,4,1.3,1.8,0.2,-15,-15.6,-3.9,-7.7,-0.5,-5.8,-7,-4.1,3.8,0.9,-9.8,50,82,29,49,6,-405,-440,-105,-221,-15,-188,-222,-106,65,11,-311,1949,2041,2158,2624,2574,2689,2809,2709,2872,2842,3213,3139,2577,1710,1233,3170
Pennsylvania,Huntingdon County,42061,8.3,8.1,3.5,14.2,4.6,-13.9,-10.9,-1,-3,-0.9,-0.1,0.1,4.9,5.1,3.9,-7.8,197,185,91,375,136,-432,-353,-32,-99,-32,-6,4,140,113,66,-285,2368,2281,2564,2630,2912,3098,3236,3044,3258,3512,3411,3159,2819,2193,1691,3615
Pennsylvania,Indiana County,42063,4.4,7.6,2,62.2,84.1,-39,-57.3,-2.5,2.1,-0.2,0.1,-1.4,-2.1,2.5,1,0.4,195,328,92,3245,4591,-3202,-5794,-119,105,-14,9,-92,-112,100,32,30,4423,4292,4572,5212,5452,8199,10103,4622,4973,5739,6450,6208,5227,3867,3093,6704
Pennsylvania,Jefferson County,42065,6.1,7.3,4.1,2.8,-25.2,-26.3,5.6,6.5,3,2.7,1.9,1.2,3.3,5.4,4,1.4,154,183,108,83,-802,-866,126,162,85,90,69,39,88,112,75,58,2507,2491,2625,2945,3174,3287,2248,2479,2772,3305,3658,3157,2637,2052,1849,4037
Pennsylvania,Juniata County,42067,15.7,14.8,8.4,-1.6,-17.5,-10.1,9.1,8,8.1,8.9,9.1,6.8,4.8,12.3,5.6,4.7,217,218,130,-26,-284,-149,113,110,122,152,154,103,67,130,51,88,1387,1470,1541,1598,1625,1468,1249,1381,1498,1703,1688,1514,1398,1057,912,1859
Pennsylvania,Lackawanna County,42069,5.5,9.9,7.2,11.7,9.6,-11.2,-6.1,7.5,6.2,4.1,4.1,4,4,3.6,3.9,-0.9,624,1067,845,1539,1317,-1602,-773,861,820,610,640,580,524,352,299,-185,11312,10751,11611,13093,13589,14224,12504,11421,13158,14886,15482,14329,12811,9533,7606,19972
Pennsylvania,Lancaster County,42071,4.1,7,5,3.3,-1.2,-5.6,2.3,10.6,6.9,4,2.2,2.5,5.3,6.8,9.9,20.5,1451,2366,1702,1223,-453,-1908,693,2966,2125,1450,807,814,1423,1370,1498,6695,35253,33406,33850,36317,35579,33604,28971,27964,30546,36135,36565,32358,26584,19908,15076,32612
Pennsylvania,Lawrence County,42073,6.4,4.1,2.9,-2.5,-20.1,-28.2,-7.4,9.5,5.4,3,1.1,0.1,3.2,3.8,3.4,-1.9,303,209,164,-158,-1265,-1843,-383,451,297,190,87,7,182,161,120,-184,4701,4990,5492,6196,6265,6531,5146,4729,5454,6317,7281,6853,5556,4168,3479,9239
Pennsylvania,Lebanon County,42075,8.2,16.7,12.4,7,-4.6,-4.9,12.6,18.3,11.8,8.5,4.5,7.1,8.4,12.2,13.9,18.6,663,1221,948,568,-379,-393,835,1277,923,776,425,608,626,694,597,1778,8088,7273,7623,8034,8131,7898,6615,6960,7788,9114,9288,8512,7393,5691,4267,9509
Pennsylvania,Lehigh County,42077,5.8,18.3,20.8,12.8,-1.8,7.5,25,20.7,14.5,8.3,3.8,1.9,2,3.1,3,1.7,1241,3541,4072,2782,-397,1510,4296,3773,3086,2070,988,434,383,425,322,463,21087,19292,19498,21635,21653,19881,17173,18219,21206,24696,25595,22270,18883,13681,10431,25875
Pennsylvania,Luzerne County,42079,8,16.4,12.8,15.6,2.9,-11,1.6,11.2,5.7,4.9,4,2,3.4,3.9,3.3,-2.1,1271,2464,2101,2930,591,-2261,272,1975,1201,1132,950,456,669,576,384,-654,15825,15009,16364,18746,19937,20419,16996,17575,20734,23086,23300,21834,19481,14675,11615,30509
Pennsylvania,Lycoming County,42081,3.3,2.4,-2.3,7.6,4.8,-24.1,-19.9,-0.4,-2.9,-4.2,-1.8,-4.3,-4.3,-1.9,-3.8,-3,214,159,-160,599,400,-2144,-1529,-32,-220,-376,-174,-377,-309,-101,-163,-298,6420,6520,6831,7842,8311,8885,7648,6689,7524,8894,9312,8664,7161,5336,4244,9933
Pennsylvania,McKean County,42083,0,5.2,-3.6,-1.5,-15.5,-22.5,2.5,-0.4,-5,-6.1,-3.9,-4.8,-2.2,-0.7,1.6,-3.8,-2,122,-97,-47,-491,-692,62,-12,-159,-203,-143,-154,-58,-15,26,-144,2438,2347,2710,3069,3163,3071,2458,2815,3128,3329,3587,3169,2611,2030,1633,3788
Pennsylvania,Mercer County,42085,0.8,6.1,3.7,11.5,-8.7,-34.3,-17.6,4.2,4.5,3,0,-0.9,2.4,4.3,3.5,2,51,393,268,889,-714,-3014,-1235,267,320,248,0,-83,169,237,155,229,6079,6362,7156,7692,8149,8770,7019,6229,7050,8223,9156,8521,6879,5453,4365,10938
Pennsylvania,Mifflin County,42087,-1.7,3.5,0.2,-11.4,-27.8,-13.7,8.6,2.4,0.6,0.1,3,3,7.8,5.7,8.5,4.3,-52,102,8,-368,-921,-391,190,66,20,4,100,93,214,135,154,170,3056,2875,3025,3226,3313,2853,2211,2685,3120,3423,3269,3066,2731,2352,1816,3939
Pennsylvania,Monroe County,42089,10.5,38,48,34.5,1.2,-24.5,7.6,60.7,47.2,25.5,18,16.3,17.4,18.2,13.8,-3.3,858,2946,4119,3729,148,-2540,583,3803,4098,3044,2202,1672,1438,1116,643,-308,8163,7733,8579,10786,11500,10337,7660,6262,8674,11919,12236,10207,8257,6102,4650,9333
Pennsylvania,Montgomery County,42091,3.4,6.8,7.2,-2.1,-15.7,10.6,34.2,13,5,2.5,0.2,-1.7,-3.7,-4.6,-1.7,8.8,1641,3250,3550,-1094,-8175,4726,12299,5928,2758,1602,143,-942,-1753,-1613,-452,5041,47058,47453,49019,51928,51923,44332,35942,45323,54835,62687,63203,55138,46264,34518,25488,56841
Pennsylvania,Montour County,42093,2.8,3.1,-5.6,-10.3,-29.9,-8.4,32,7.4,-4.2,-0.7,-0.9,1.5,7.2,6.1,6.8,33.4,30,33,-61,-128,-391,-103,232,68,-51,-10,-13,20,78,49,47,444,1048,1039,1072,1245,1307,1219,723,919,1210,1413,1508,1338,1078,803,693,1326
Pennsylvania,Northampton County,42095,6,20.6,21,20.5,7.2,-14.2,0.4,29.9,19.5,10.8,6.7,5.3,5.9,5.8,8.7,7.6,961,3108,3242,3675,1349,-2683,73,4243,3425,2253,1479,1034,982,714,769,1688,15852,15039,15414,17918,18509,18860,16068,14147,17555,20810,21954,19333,16563,12193,8758,22113
Pennsylvania,Northumberland County,42097,4.9,11.2,5.8,1.9,-15.8,-8.2,16.3,3.8,1.8,1.3,3.3,4.4,5.8,7.4,5.9,-3.3,255,534,289,106,-985,-493,740,210,111,95,237,296,337,323,217,-307,5171,4773,4967,5463,6226,5980,4533,5438,6059,7017,7113,6652,5727,4363,3679,9091
Pennsylvania,Perry County,42099,3.1,7.6,9.5,3.1,-25.9,-16.8,20.9,17.9,7.8,2.9,4,2.5,6.1,1.8,0.4,-2.9,87,200,263,96,-844,-512,442,445,243,104,143,88,175,37,6,-82,2749,2639,2744,3120,3260,3033,2112,2478,3098,3485,3587,3445,2857,2069,1453,2752
Pennsylvania,Philadelphia County,42101,-8.2,-14.3,-11.6,3.2,33.8,27.9,-4.2,-16,-13,-8.2,-3.8,-3,-3.7,-5.9,-8.4,-21.7,-9429,-15351,-11945,3646,37438,30156,-4976,-18231,-14359,-8916,-3970,-2763,-2813,-3334,-3837,-25061,114727,107101,102585,113440,110571,107948,116903,113477,109662,108255,104373,90331,75131,56152,45353,115256
Pennsylvania,Pike County,42103,23.6,76.2,48.2,15.4,-32.5,-18.6,69,84.9,57.1,31.7,19.5,24.8,38,36.5,16.7,-17.8,557,1523,1362,572,-1260,-530,1068,1508,1570,1262,784,832,1037,865,338,-791,2359,1998,2822,3704,3878,2843,1546,1775,2746,3972,4021,3347,2725,2367,2016,4430
Pennsylvania,Potter County,42105,0.6,-1.1,-3.5,-10.1,-41.4,-31.7,0,-2.2,-2.1,6.6,1.6,4.2,18.4,14,12.4,-0.6,6,-12,-40,-131,-579,-399,0,-21,-23,83,22,53,193,126,89,-10,993,1049,1149,1300,1397,1257,790,939,1087,1252,1319,1263,1053,898,715,1555
Pennsylvania,Schuylkill County,42107,5.2,16.6,10.4,-2.9,-17.1,-1.7,14.8,7,4.5,2.9,2.1,1.1,4.1,7.6,5.5,-4.4,395,1171,797,-264,-1579,-156,1115,634,461,324,245,123,375,502,298,-645,7541,7023,7608,8835,9223,8779,7511,9056,10189,10973,11367,10526,9037,6611,5350,14481
Pennsylvania,Snyder County,42109,12.8,9.9,12.1,30,15.3,-30.2,-25.7,13.5,4.8,-0.5,2.3,3.7,2.6,1.6,4.5,-2.7,284,227,263,745,429,-895,-704,279,118,-15,66,95,58,29,62,-80,2206,2288,2163,2479,2809,2965,2736,2067,2436,2797,2785,2541,2228,1796,1362,2918
Pennsylvania,Somerset County,42111,7.9,6.9,2.9,-9.1,-22.6,-15.2,5.6,3.6,3.5,2.8,2.1,0.7,4.9,6.5,4.4,-1,278,267,127,-448,-1196,-766,239,174,178,165,134,46,243,235,135,-74,3522,3840,4339,4918,5286,5018,4232,4731,5051,5773,6287,5872,4875,3610,3060,7343
Pennsylvania,Sullivan County,42113,4.8,-6.5,-11.6,53.9,-3.1,-55.7,-13.7,3.6,-1.1,10.6,17,30,39.3,40.3,20.4,5.9,12,-16,-33,173,-11,-332,-39,9,-3,47,83,119,150,129,63,40,249,249,288,321,382,595,286,268,333,448,486,398,381,321,309,676
Pennsylvania,Susquehanna County,42115,15,9.4,11.5,-5.6,-36.6,-30.1,16,16.4,11.3,11.5,11.1,8.9,18.2,16.8,13.2,4.4,292,207,285,-170,-1191,-891,290,333,282,369,384,271,473,364,222,142,1939,2198,2480,3022,3250,2956,1810,2025,2490,3201,3445,3023,2588,2169,1680,3197
Pennsylvania,Tioga County,42117,11.9,7.1,4.8,22.8,7,-37.3,-30.2,7.8,6.9,7,8.8,5.1,14.4,10,5.2,-4.2,244,153,111,609,205,-1292,-851,164,164,198,265,144,342,210,92,-148,2043,2150,2308,2673,2896,3464,2811,2089,2367,2828,3016,2812,2370,2107,1750,3483
Pennsylvania,Union County,42119,10.5,19.5,11.4,52.4,67.4,-17,-19.3,11.5,-0.5,-2.4,-6.4,-5.4,-0.9,0.8,3.8,22.8,206,394,235,1213,1702,-587,-725,335,-19,-84,-216,-152,-23,15,54,619,1950,2015,2063,2312,2522,3445,3738,2906,3284,3392,3338,2817,2361,1804,1394,2709
Pennsylvania,Venango County,42121,2.6,7.3,0,-5.9,-35,-31.2,7.4,4.5,2,2.2,1.5,1.6,0.5,6.9,-0.2,-3.9,81,212,0,-221,-1447,-1277,197,131,69,91,71,71,18,185,-4,-193,3091,2896,3373,3761,4133,4091,2654,2904,3332,4060,4675,4368,3594,2662,2221,4926
Pennsylvania,Warren County,42123,8.5,9.8,0.4,-9.6,-38.2,-26.8,14.6,3.5,3.7,2.1,0,0.5,3.6,1.3,-2.1,-0.2,168,210,10,-279,-1215,-776,261,79,97,66,-3,17,101,29,-37,-8,1975,2140,2564,2888,3182,2892,1788,2236,2619,3155,3563,3279,2812,2261,1781,3747
Pennsylvania,Washington County,42125,7.3,14.4,7.9,5.2,-2.4,-19.4,1.6,18.2,11.3,8.2,5.6,3.8,3.9,4,7.3,1,740,1486,924,671,-310,-2447,175,1886,1419,1211,921,580,516,382,554,184,10110,10285,11633,12897,12877,12584,10452,10342,12480,14727,16329,15265,13148,9490,7497,17954
Pennsylvania,Wayne County,42127,2.5,11.2,12,-1.1,-28.5,-10.1,42.9,36.8,28.2,23.6,17.9,18.3,37,37,18.5,3.8,55,268,331,-36,-959,-306,813,826,819,841,681,638,1069,891,365,160,2189,2385,2764,3219,3364,3016,1894,2242,2903,3556,3797,3472,2888,2408,1967,4150
Pennsylvania,Westmoreland County,42129,8.9,13.5,7.5,-0.6,-22,-20.2,7.9,13,7.7,3.4,2.7,0.2,2.7,2.7,3,2.4,1498,2309,1502,-158,-5286,-4558,1311,2399,1813,954,828,68,668,489,434,819,16658,17050,19850,23142,23954,22505,16519,18387,23306,27463,30528,28291,24194,18122,14322,34106
Pennsylvania,Wyoming County,42131,-4.4,7.5,5.4,-0.5,-21.8,-31,3.9,8.4,2.3,3,4.1,5.7,3.8,8.4,0,4.8,-72,114,92,-11,-463,-668,55,138,42,64,90,118,71,123,0,87,1636,1517,1681,1995,2119,2154,1386,1634,1758,2116,2184,2048,1861,1456,1015,1804
Pennsylvania,York County,42133,7.7,21.1,20.1,6.4,-8.8,2.8,31.8,27,18.2,9,5.3,4.3,5,4.3,6.2,3.5,1964,4959,4841,1773,-2423,712,6117,6096,4896,2916,1730,1249,1224,771,812,978,25492,23472,24060,27282,27314,24663,19183,22500,26883,32112,32113,28450,24103,17872,12915,27202
Rhode Island,State Total,44000,-1.3,-3.9,-3.8,8.5,17.6,-10,-13.5,0,-2.7,-3.4,-2.7,-3.3,-3.3,-4.4,-4.7,-0.9,-793,-2489,-2523,6250,12355,-7467,-9678,-56,-2077,-2923,-2270,-2425,-2072,-1975,-1533,-737,60429,63549,66347,72740,70128,73971,71340,64071,75134,84074,82766,72350,61106,44240,32418,78289
Rhode Island,Bristol County,44001,13.3,20.5,10.1,19.3,14.2,-40,-28.3,3.4,11.6,6.1,-3.8,-5.3,-3.1,-5.7,-3.8,4.7,263,493,287,657,489,-1559,-803,83,342,244,-163,-200,-97,-132,-66,199,1977,2399,2823,3398,3438,3891,2837,2428,2942,3993,4302,3776,3116,2317,1737,4217
Rhode Island,Kent County,44003,1,1.9,0.5,-9.7,-19.7,-2.2,19,10.3,2.4,-1.8,-0.6,-3.6,-4.3,-5.6,-5,8.4,89,174,56,-1082,-2235,-213,1544,984,298,-260,-99,-453,-472,-439,-275,1036,8340,9179,10176,11152,11293,9691,8121,9523,11958,14186,14321,12521,10883,7753,5467,12304
Rhode Island,Newport County,44005,2.1,-2.3,-6,-4.6,-2.9,-12.9,-13,1.8,-5.2,-10.6,-7.1,-3.2,-1.7,0.2,2.8,4.1,86,-109,-310,-266,-163,-671,-637,89,-322,-776,-497,-203,-106,11,82,266,4085,4611,5139,5724,5466,5198,4881,4804,6085,7274,7008,6345,5947,4275,2923,6389
Rhode Island,Providence County,44007,-3.3,-8.6,-7,9.5,28.6,-1.8,-13.9,-4.1,-6.2,-5.3,-3.5,-4.3,-4.9,-6.1,-6.9,-5.9,-1330,-3551,-2876,4205,11930,-858,-6558,-1698,-2873,-2584,-1676,-1736,-1644,-1471,-1275,-2810,40301,40975,40694,44082,41683,45365,46886,41391,46083,48531,46745,40095,32969,23887,18304,47136
Rhode Island,Washington County,44009,1.7,7.8,4.2,32.6,28.3,-42.3,-37.4,8.1,5.9,4.4,1.6,1.7,3,0.9,0,6.9,98,503,318,2736,2334,-4165,-3222,484,477,453,166,168,248,56,1,570,5724,6385,7514,8381,8246,9824,8614,5924,8064,10088,10387,9611,8189,6006,3985,8237
South Carolina,State Total,45000,2.4,8.2,7.9,12.5,17.6,7.2,3.8,9.1,8.5,8.5,9,10.9,18.1,21.6,16.4,3.4,7378,22773,21990,36226,50341,21029,10792,24930,24009,26213,27111,29668,42556,37943,21568,8676,305825,275650,275295,288207,284666,288476,280062,273899,281383,307742,298836,271482,234008,175360,131294,252745
South Carolina,Abbeville County,45001,12.6,-1.5,-10.1,2.1,-16.5,-34.8,-23.5,-1.2,-4.1,0,0.3,4.8,9.2,14.5,11.4,-14.4,177,-24,-186,39,-310,-656,-399,-19,-69,0,7,89,150,170,105,-305,1397,1610,1836,1833,1876,1887,1697,1539,1666,1786,1876,1834,1621,1170,926,2109
South Carolina,Aiken County,45003,6.2,9.8,3.2,0.5,-3.7,1.1,10.1,9.7,6.4,7.4,7.7,11.5,20.6,29.2,25.4,14.1,615,912,315,62,-396,120,865,836,605,824,870,1157,1713,1855,1174,1296,9789,9233,9851,10777,10548,10050,8539,8589,9428,11076,11235,10001,8298,6333,4621,9160
South Carolina,Allendale County,45005,-9.9,-21.9,-21.2,-16.9,-15,-11.1,-6.2,-12.3,-1.9,-10.3,-2.8,2.7,1.5,12.8,2.5,-18.5,-70,-180,-172,-145,-123,-94,-47,-96,-14,-85,-22,20,10,53,7,-133,712,824,811,857,819,849,764,781,743,824,790,763,662,419,306,718
South Carolina,Anderson County,45007,4.3,13.4,12.6,6.3,-4.7,0.4,15.6,14.4,11.7,11.9,10.3,10.3,14.4,14.1,14.8,9.9,514,1469,1453,739,-535,48,1504,1550,1329,1484,1290,1138,1469,1120,896,1096,11943,10933,11471,11586,11383,10413,9622,10725,11301,12411,12430,11056,10199,7920,6029,11045
South Carolina,Bamberg County,45009,0.5,-2.2,-6.3,31.9,12.1,-47.9,-43.1,-14.3,-5.3,1.9,6.3,0.7,11.5,13.9,6.3,-9,5,-21,-68,375,147,-739,-597,-132,-52,21,65,8,109,100,34,-114,972,947,1083,1174,1214,1543,1383,922,977,1074,1030,1136,947,720,546,1265
South Carolina,Barnwell County,45011,-4.6,-2.1,-6.3,-5.9,-31.7,-29.1,-4.2,-4.5,-6,-0.9,-3.2,-3.2,4.9,7,6.7,-10.5,-74,-35,-110,-106,-624,-513,-59,-63,-90,-16,-57,-54,66,70,44,-164,1618,1662,1744,1787,1963,1759,1392,1409,1480,1740,1759,1641,1339,995,652,1558
South Carolina,Beaufort County,45013,0.5,-4.3,1.2,21,56,29.4,-6.1,8.4,7.2,9.9,21,44.4,90.7,104.3,58.5,11.8,61,-438,109,1706,4255,2516,-617,719,573,842,1613,3017,5745,5926,3082,1354,11344,10105,8443,8123,7591,8535,10034,8472,7886,8477,7649,6780,6330,5679,5262,11471
South Carolina,Berkeley County,45015,7.4,17.6,12.1,12.8,16.2,13.6,18,19.5,15.7,11.3,9.9,15.2,17.5,18.2,14.4,1.3,951,1866,1296,1433,1887,1688,1931,2008,1663,1336,1120,1404,1384,1061,575,82,12767,10595,10627,11183,11584,12403,10684,10249,10531,11751,11290,9226,7911,5817,3991,6149
South Carolina,Calhoun County,45017,6.3,4.1,-8.1,-9.2,-26.2,-16.5,4,1.3,4.3,10.5,8.2,5.7,10.1,9.2,3.1,-13.8,56,35,-81,-98,-285,-167,30,11,41,113,93,68,103,77,16,-159,886,851,1000,1067,1088,1011,752,832,951,1079,1130,1185,1017,832,543,1147
South Carolina,Charleston County,45019,-5.4,-11.5,-10.7,7,54.4,38.4,-4.5,-8.6,-2.3,1.6,5.4,8.1,15.4,12.6,4.8,0.2,-1377,-2636,-2222,1472,11322,8663,-1180,-2073,-521,379,1227,1690,2708,1647,468,40,25113,22889,20641,20749,20806,22508,26147,23845,22120,23724,22735,20741,17498,13059,9657,19574
South Carolina,Cherokee County,45021,13.8,8,-1.8,1,-2.1,-8.6,-0.3,1.9,2.4,5.3,5.8,6.9,7.2,13.1,9.4,-4.4,469,278,-74,41,-81,-302,-12,71,92,204,212,238,223,295,151,-142,3381,3466,3904,3898,3720,3505,3237,3756,3806,3797,3643,3442,3076,2250,1606,3223
South Carolina,Chester County,45023,-0.8,-2.3,-8.8,-11.9,-27.1,-22.9,-6.7,-2,0.7,2.2,4.8,1.1,7,4.7,5.2,-13.6,-20,-50,-211,-310,-733,-551,-129,-44,17,56,117,26,136,74,57,-321,2298,2160,2385,2611,2698,2405,1923,2148,2268,2497,2449,2348,1938,1560,1085,2348
South Carolina,Chesterfield County,45025,8.8,13.9,10.1,2.1,-15.1,-11.7,7.8,13.1,9.4,10.1,12.2,10.2,13.9,15.2,17,-4.3,251,382,305,71,-491,-343,197,354,293,331,372,297,366,289,229,-115,2843,2733,3011,3326,3240,2924,2513,2686,3089,3252,3035,2904,2629,1894,1348,2644
South Carolina,Clarendon County,45027,10.6,0.9,5.6,12.2,0.6,-22.3,-24.7,-0.4,15.4,16.7,13.9,19.4,26.9,36.1,21.3,-12.5,205,19,117,277,16,-582,-569,-7,274,349,324,413,538,544,276,-319,1922,2097,2055,2270,2528,2606,2305,1837,1774,2084,2331,2130,1998,1503,1295,2537
South Carolina,Colleton County,45029,-4,-3.4,-2,-11.2,-24.6,-23.7,2,1.5,3.2,7.5,6.2,5.9,17.5,14.6,9.8,-4.2,-112,-89,-55,-334,-734,-671,42,35,77,208,166,160,383,269,135,-109,2786,2626,2761,2980,2984,2822,2026,2219,2403,2746,2661,2694,2188,1833,1375,2543
South Carolina,Darlington County,45031,4.7,4.1,-2.7,-6.3,-16.7,-17.3,-4.9,-0.3,2.7,4.3,2.7,5.2,7.6,13.2,7.6,1,204,183,-133,-339,-817,-774,-211,-14,118,211,137,256,317,390,169,42,4310,4404,4860,5352,4868,4454,4237,4447,4298,4832,4971,4848,4140,2944,2214,3972
South Carolina,Dillon County,45033,3.1,0.6,-5.4,-4.8,-21,-15.8,-2.4,1.9,5.5,1.8,8.1,7.1,5.5,16.6,13.3,-0.5,76,16,-128,-123,-535,-376,-50,36,107,40,176,144,96,193,120,-10,2394,2447,2372,2521,2548,2377,2033,1877,1924,2236,2147,2022,1734,1167,902,1761
South Carolina,Dorchester County,45035,13.9,57.1,56.4,23.2,-3.2,33.5,86.2,60.2,41.2,24.5,19,18,25.2,24.2,24.2,17.4,1234,3757,3797,1866,-273,2398,4294,3637,2998,2131,1509,1233,1451,981,684,775,8861,6570,6722,8025,8359,7145,4976,6033,7271,8690,7926,6818,5749,4038,2820,4454
South Carolina,Edgefield County,45037,10.4,16.9,9.9,6.5,-9.5,-3,12.6,9.2,1.2,3.2,7.5,11.3,17.9,17.6,26.6,-1,138,231,153,110,-166,-53,207,160,24,67,154,200,270,185,190,-14,1319,1363,1538,1686,1753,1745,1643,1732,1973,2096,2029,1762,1512,1054,713,1374
South Carolina,Fairfield County,45039,0.9,-3.6,-8,-9.4,-21,-20.4,-7.7,-4.3,7.2,12.3,15.4,14.1,18.1,11,22.9,3.8,14,-56,-131,-166,-371,-331,-106,-63,106,208,271,239,268,117,162,55,1477,1524,1647,1762,1762,1619,1365,1441,1477,1680,1755,1690,1480,1064,711,1436
South Carolina,Florence County,45041,0,1.4,8.9,1.6,2.6,-7.3,4.3,5.6,5.7,5.2,4.9,3.6,8.2,13.2,12,7,7,138,765,149,245,-684,364,469,491,487,453,322,624,706,475,493,9550,9309,8557,9163,9425,9308,8342,8378,8560,9354,9219,8934,7579,5328,3947,6957
South Carolina,Georgetown County,45043,-2,-4.1,5.5,-6.4,-31.5,-25.8,6.8,6.3,6.3,11.3,9.6,21.1,43.4,41.2,23.8,-2.8,-71,-152,199,-252,-1307,-948,205,195,211,417,395,832,1522,1218,597,-134,3546,3674,3611,3908,4149,3668,2989,3087,3309,3666,4086,3946,3501,2956,2507,4692
South Carolina,Greenville County,45045,1.1,10.2,12.8,12.8,17.4,22.7,19.5,14,10.2,8.5,7.9,7.1,10.3,12.5,11.5,8.4,353,2803,3427,3446,4480,5749,4949,3884,2934,2631,2349,1871,2295,2101,1393,1940,31935,27358,26644,26847,25664,25239,25348,27653,28742,30660,29405,26092,22234,16742,12099,22864
South Carolina,Greenwood County,45047,2.5,0.6,-3.6,6.6,9.2,-6.2,-13.1,-4.7,-0.5,3.8,-1,1.6,9.6,9.3,12.1,9,122,27,-172,321,435,-300,-622,-214,-27,178,-51,69,356,267,258,411,4793,4340,4766,4866,4681,4782,4737,4488,4603,4619,4671,4228,3697,2845,2131,4558
South Carolina,Hampton County,45049,-1.9,-4.9,-1.5,-9.9,-28.1,-13.9,9.8,-3.4,-4,-2.8,-2.8,-2.9,5.1,16.5,13.4,-11.2,-27,-70,-23,-165,-487,-218,122,-51,-62,-45,-47,-42,61,138,79,-148,1425,1407,1496,1670,1733,1568,1246,1514,1561,1594,1632,1460,1200,837,591,1317
South Carolina,Horry County,45051,-0.6,16.2,25.2,38.8,60.3,49.1,26.7,22.6,21.4,27.8,31.9,47.7,63.8,67.2,40.1,4.6,-109,2123,2965,4632,6974,5764,3528,3069,2979,4097,4389,5997,7581,6541,3393,782,15962,13097,11729,11929,11554,11734,13178,13573,13900,14696,13748,12562,11872,9728,8452,16795
South Carolina,Jasper County,45053,-3.1,11,-1.3,6.9,30.7,39.9,15.4,8.6,5,10.3,12.3,14.3,18.5,7.4,11.2,-15.6,-64,172,-20,112,469,576,237,130,78,169,193,178,201,65,72,-203,2008,1557,1566,1619,1528,1442,1535,1503,1554,1645,1566,1246,1083,875,650,1296
South Carolina,Kershaw County,45055,2.5,18.5,19.6,6.8,-16.9,-3.3,29.8,27.5,17.8,15.2,15.3,14.5,21.5,22.3,16.6,2.9,104,645,703,262,-675,-120,805,829,624,621,645,556,718,538,300,107,4145,3477,3584,3857,3978,3623,2703,3014,3491,4076,4214,3817,3329,2413,1802,3576
South Carolina,Lancaster County,45057,15.5,25.2,15.6,3.4,-5.1,13.4,36,27.6,18.4,16.1,11.8,18.6,42,50.8,44.6,15.9,722,989,652,158,-224,547,1311,1199,828,766,545,784,1521,1404,922,619,4645,3919,4158,4594,4370,4067,3642,4338,4483,4736,4595,4205,3614,2761,2065,3872
South Carolina,Laurens County,45059,4.4,3,-9.4,-2.7,-10.8,-24.5,-17.8,-7.7,-7.1,-4.3,1.9,0.4,0.2,-1.3,-3.5,-7.6,190,122,-447,-134,-546,-1212,-770,-353,-340,-226,93,23,10,-43,-83,-363,4271,4002,4747,4964,5030,4928,4310,4552,4791,5154,4774,4634,4151,3302,2366,4740
South Carolina,Lee County,45061,0,-6,-13,-12.2,-2.6,-8.1,-12.4,-13.8,-12.2,-4.3,-1.5,-5.2,4.3,13,12.8,-11.7,0,-78,-173,-184,-38,-124,-174,-183,-161,-67,-24,-77,49,95,70,-152,1160,1298,1333,1502,1441,1526,1407,1326,1322,1543,1592,1488,1131,733,548,1289
South Carolina,Lexington County,45063,7.4,17.6,17.5,6.5,3.8,25.7,34.6,22,16,10.7,8.4,8.1,8.5,12.5,13.8,23.4,1253,2679,2681,1057,611,3640,4348,3272,2560,1962,1525,1281,1181,1242,915,2502,16817,15157,15305,16262,15787,14137,12543,14817,15950,18248,17955,15761,13882,9912,6595,10682
South Carolina,McCormick County,45065,-5.8,-11,-8.7,-11.6,-21.2,-6.6,-6.3,-5.7,-7.1,0.6,12.7,24.8,51.8,56.9,39.3,-9,-27,-45,-38,-59,-122,-42,-39,-36,-47,4,91,164,348,339,193,-81,467,410,436,508,578,631,617,628,661,736,714,662,671,594,490,896
South Carolina,Marion County,45067,-1.6,-8.7,-15.2,-15.3,-30,-31.7,-16.4,-15.4,-6.6,-0.5,-1.9,-0.4,8.3,10.5,10.3,-9,-39,-209,-394,-422,-820,-889,-391,-351,-143,-12,-49,-11,181,154,112,-200,2375,2388,2581,2756,2729,2798,2374,2267,2159,2275,2552,2552,2161,1457,1087,2216
South Carolina,Marlboro County,45069,-5.2,-10.6,-8.8,-13.5,-14.7,-0.2,16.3,6.5,3.2,3.6,1.8,4.4,8.7,11.4,13.3,-13.6,-96,-194,-176,-289,-311,-5,313,128,64,80,39,84,143,137,106,-241,1837,1831,1996,2136,2108,2091,1912,1957,1991,2193,2113,1887,1642,1195,795,1770
South Carolina,Newberry County,45071,-4.4,-3,-2.3,7.5,4.2,-15.1,-10.9,0.6,-1,-0.4,9.2,7.8,14,16.4,14.7,-3.6,-117,-75,-55,183,103,-388,-254,15,-24,-13,229,188,303,275,178,-97,2640,2449,2419,2424,2429,2570,2332,2321,2320,2693,2471,2406,2151,1678,1213,2671
South Carolina,Oconee County,45073,5,8.4,8.5,10.1,0.1,-3.2,6.6,6.4,8.1,11.9,16.8,17.5,34.5,30.5,16.6,-3.4,208,331,355,434,6,-128,245,268,344,540,793,787,1412,1115,513,-200,4098,3945,4142,4288,4234,3981,3681,4129,4209,4522,4717,4482,4084,3652,3083,5823
South Carolina,Orangeburg County,45075,-5.6,-7.8,-7.1,11.5,17.3,-27.1,-31.7,-7.3,2,2.9,2.3,7.6,12.7,17.6,7.9,-11.2,-379,-493,-444,764,1169,-2139,-2286,-394,110,193,149,456,653,681,246,-737,6784,6244,6220,6637,6731,7882,7208,5331,5281,6469,6254,5980,5124,3869,3091,6530
South Carolina,Pickens County,45077,-0.1,4.1,0.1,61.3,113.6,-29.3,-50,-7.4,-0.1,0.7,3.9,3.2,9.9,14.2,7.7,2.4,-11,269,8,4287,7866,-2954,-6477,-541,-10,60,295,222,586,647,273,165,6635,6443,6963,6993,6923,10055,12929,7308,7153,7956,7424,6825,5887,4554,3543,6676
South Carolina,Richland County,45079,0.2,10.5,12.2,48.8,90.8,18.2,-10.2,-0.7,2.2,2.7,3.7,3,4.8,7.5,6,1,61,2310,2582,10806,19606,4928,-3111,-185,533,705,931,657,849,876,487,169,25337,21934,21163,22124,21584,27039,30220,25899,24116,25673,24605,21829,17513,11569,8046,16190
South Carolina,Saluda County,45081,6.8,3,-6,-4,-6.6,-2.4,-5.2,3.3,1.5,0.2,2.9,6.7,9.4,12.6,3.2,-6.4,91,37,-78,-54,-85,-35,-62,40,19,4,39,85,104,118,24,-94,1333,1214,1299,1353,1294,1427,1195,1224,1253,1390,1333,1267,1108,937,739,1447
South Carolina,Spartanburg County,45083,2.3,12.8,11.7,12.6,8,3.5,5.5,9.3,7.4,7.8,6.7,4.7,9.5,11.2,10.1,1.4,459,2176,2040,2330,1417,589,894,1632,1374,1533,1261,830,1429,1283,846,229,19180,16948,17388,18407,17583,16691,16083,17372,18556,19494,18599,17548,14977,11405,8338,15836
South Carolina,Sumter County,45085,-1.9,-7.4,-8.1,-6,0.2,-2.6,-13.9,-7.5,-8.1,-8,-1.1,-1.6,4.5,11.1,9.9,-3,-165,-599,-665,-503,16,-215,-1076,-517,-604,-659,-89,-106,240,438,313,-191,8409,8080,8168,8321,8292,8032,7717,6804,7421,8217,7818,6605,5318,3928,3162,6205
South Carolina,Union County,45087,3.3,2.1,-1.9,-3.7,-21.1,-24.4,-2.3,0.2,-1,4,1.8,4.4,4.2,11.9,3.7,-8.8,56,36,-38,-75,-416,-466,-39,3,-20,86,40,89,78,153,42,-207,1673,1720,1971,2026,1975,1905,1691,1808,1968,2132,2219,1992,1838,1286,1134,2327
South Carolina,Williamsburg County,45089,-2,-8.9,-14.9,-17.1,-36.3,-33,-8.3,3.1,0.6,0.5,1.8,3,4.1,11,2.4,-19.6,-45,-218,-403,-504,-1144,-989,-190,66,14,13,48,79,91,168,28,-522,2175,2457,2697,2945,3153,2992,2277,2079,2213,2410,2621,2615,2232,1516,1170,2660
South Carolina,York County,45091,10.9,37,41.2,26.7,15.9,15.4,36.6,51.4,37.8,28.9,24.5,22.6,25.5,26.4,24.3,24.1,1581,4428,4771,3353,1975,1820,3871,5646,4704,3975,3207,2588,2490,1854,1222,2003,14475,11937,11569,12519,12360,11776,10550,10967,12427,13715,13046,11418,9744,7012,5026,8310
South Dakota,State Total,46000,4,4.3,2.2,3.1,-0.4,-8,-3.3,3.7,4.3,3.4,3,4,7,7.2,7,3.4,2412,2321,1208,1752,-235,-4888,-1755,1655,1978,1930,1771,2066,2810,2130,1679,1929,59263,53692,52751,54924,58087,60998,52015,44306,45309,55470,57194,51615,40104,29425,23857,56672
South Dakota,Aurora County,46003,24.6,19.8,18,-9.8,-61.2,-58.4,25.4,14.6,11.1,-5.4,-2.6,-2.9,-1.5,-7,-8.6,-17.4,39,28,32,-20,-151,-170,29,18,14,-10,-5,-5,-2,-9,-12,-60,160,143,178,205,247,292,114,125,134,198,206,189,175,128,144,343
South Dakota,Beadle County,46005,9.8,20.4,7.8,0.8,-19.9,-16.5,2.7,14.3,11.2,7.4,5.9,1.3,-3.5,1.2,5.1,-5.7,120,186,78,9,-248,-213,25,106,97,90,78,17,-34,8,30,-100,1224,914,997,1120,1248,1289,927,742,865,1208,1309,1250,989,701,594,1746
South Dakota,Bennett County,46007,13.5,-1.8,-1.9,-24,-24.8,-32.5,-13.4,-5.4,-5.2,-16,-9.8,5.9,1,-20.6,-17.2,-21,43,-6,-6,-98,-85,-107,-27,-9,-10,-40,-22,10,1,-22,-21,-50,320,336,322,408,342,328,205,183,193,253,233,176,156,110,126,238
South Dakota,Bon Homme County,46009,7.9,19.4,10,-6.2,-19.8,-6.3,9.9,23.7,7.1,-0.8,-3.5,-3.7,8.6,0.5,-0.3,-8,28,53,37,-26,-101,-33,38,84,30,-4,-20,-18,32,1,0,-67,355,275,369,425,509,531,385,355,428,571,572,488,375,316,256,829
South Dakota,Brookings County,46011,3.4,7.3,-6,129.1,298.3,-13.4,-67.4,-17.1,-3.5,0.1,-3.8,-2.8,0.1,-3.4,-4.1,-4.2,64,116,-99,2019,4765,-411,-3688,-314,-53,2,-68,-48,1,-31,-30,-69,1896,1593,1661,1563,1597,3067,5469,1841,1514,1610,1786,1678,1182,936,723,1614
South Dakota,Brown County,46013,8,4.2,-2.7,8.4,22.8,-12.3,-24.1,-6.1,0,3.3,0,-0.1,-3.4,-4.5,4.5,7.9,191,93,-65,188,528,-347,-666,-126,1,84,-1,-4,-70,-66,54,233,2387,2227,2342,2224,2311,2812,2761,2065,2081,2483,2654,2427,2036,1460,1199,2943
South Dakota,Brule County,46015,2.5,11.7,19.9,-14.2,-58.7,-40.3,40.3,11.5,14.5,-0.6,9.4,8.8,3.1,-2.1,5.8,-2.6,9,35,63,-61,-318,-198,82,28,40,-2,36,32,8,-4,11,-13,372,305,317,430,543,492,204,248,280,370,389,368,261,213,202,495
South Dakota,Buffalo County,46017,-18.5,-7.9,-18.5,-17.6,-44.2,-34.3,-10.3,-5.9,-6.5,-8.6,1.7,-7,-19.4,-0.6,1.9,-50.6,-54,-20,-41,-40,-100,-80,-12,-6,-7,-10,2,-5,-14,0,0,-39,293,255,222,231,226,234,119,116,117,118,122,80,75,57,42,77
South Dakota,Butte County,46019,6.4,18.4,8.1,-2.3,-36.5,-15,33.5,18.3,17.6,9.9,11.1,11.6,21.9,29.6,21.2,8.8,46,112,46,-16,-300,-107,135,77,85,64,83,76,123,101,71,59,731,610,573,693,822,714,402,420,486,650,752,662,559,342,335,666
South Dakota,Campbell County,46021,-13.3,0.8,-5.4,-13.7,-78.3,-49.7,33.7,-18.2,-12.7,-1.2,7.6,2.8,13.2,-9.5,-0.6,-30.2,-9,0,-5,-17,-112,-64,11,-10,-10,-1,10,3,10,-8,0,-81,68,55,96,127,143,129,33,58,84,152,134,121,80,93,95,268
South Dakota,Charles Mix County,46023,-2.6,-5,-6.8,-15.7,-46.6,-36.6,7.2,-2.9,2.2,7.6,10,3,12.1,2.5,2.3,-6.3,-22,-38,-56,-129,-385,-265,31,-13,10,43,60,15,51,10,7,-57,831,759,819,820,826,725,433,451,479,571,605,526,424,411,342,891
South Dakota,Clark County,46025,25.1,10.6,7.9,-21.4,-60.5,-47.4,28.1,17.3,1.6,-9.1,2.7,-4.2,6.8,4.5,1.1,-18.9,50,21,18,-59,-206,-166,40,25,3,-25,7,-13,14,7,1,-104,200,204,232,276,340,350,144,148,193,276,278,315,207,175,167,548
South Dakota,Clay County,46027,-3.8,-9,-17.2,127.4,383.3,-34.3,-77,-49.1,-14.2,-5.6,-5.3,-1.6,-1.5,0,3.2,2.6,-29,-69,-130,900,2592,-558,-2315,-529,-101,-39,-37,-11,-9,0,9,18,776,768,754,706,676,1627,3003,1077,708,704,706,678,580,405,290,686
South Dakota,Codington County,46029,10.1,3.6,-6.6,0,-6.8,-16.6,-3.6,-3.8,2.5,1.3,-0.1,-0.2,4.5,13.4,13.3,7,194,65,-127,0,-130,-361,-64,-61,40,27,-2,-5,58,123,107,136,1912,1782,1906,1882,1896,2164,1751,1577,1576,1960,2017,1797,1289,915,805,1928
South Dakota,Corson County,46031,-1.3,-5.8,-9.9,-18.2,-40.4,-24.7,-12.4,3,15.7,-1.9,5.8,-7.2,2.3,-4.3,-13.3,-35.1,-5,-25,-38,-81,-176,-90,-32,5,32,-5,14,-15,4,-6,-16,-97,436,429,389,447,436,365,261,194,206,297,256,212,181,144,121,276
South Dakota,Custer County,46033,1.3,28.2,25.4,24.7,-51.2,-50.4,41.3,22.2,25.1,46.5,31.5,30.3,40.1,42.1,6.8,2.8,5,93,88,96,-257,-351,105,60,83,191,179,197,220,195,28,18,402,331,348,388,503,696,255,273,332,411,568,649,548,464,409,636
South Dakota,Davison County,46035,3.5,-5.8,-1.4,11.5,7.4,-22.3,-20.2,-3.3,-5.1,-0.8,1.3,4.2,2.5,12.1,11.3,22,49,-76,-18,146,100,-364,-295,-35,-53,-10,18,53,24,83,66,334,1385,1298,1263,1269,1347,1632,1459,1054,1044,1301,1386,1260,942,688,582,1517
South Dakota,Day County,46037,10.1,13.8,-8.2,-20.2,-52.4,-39.6,35.9,4.6,3.3,-0.7,7.8,0,14.6,16.7,11,-7.6,31,44,-29,-80,-270,-175,70,10,9,-2,35,0,52,47,24,-59,311,319,355,394,514,442,195,225,285,407,449,447,357,284,224,776
South Dakota,Deuel County,46039,-10.1,10.5,16,-5.5,-53.3,-30.2,49.9,0.7,17.7,7.6,0.3,7.8,12.4,5,13.4,-15.5,-31,26,40,-16,-192,-96,76,1,40,24,1,21,30,10,22,-78,308,248,253,301,360,317,153,224,226,315,355,275,248,209,166,502
South Dakota,Dewey County,46041,-32.6,-31.6,-12.3,-23.2,-48.6,-44.2,-4.2,-16.1,10.1,-11.1,-12,-10.8,1,-5.3,-1.9,-16.4,-258,-229,-70,-151,-324,-266,-14,-56,32,-51,-46,-31,2,-8,-2,-42,792,724,567,652,666,602,327,351,315,461,388,287,221,167,146,255
South Dakota,Douglas County,46043,15.5,6.6,-3.4,-15.6,-62.8,-59.1,26.9,2.9,-8.6,-1.3,3.8,-7.8,-0.3,5.8,12.8,0,22,11,-7,-36,-192,-169,24,3,-14,-2,10,-17,0,8,15,0,146,170,204,233,306,286,89,127,167,203,267,224,210,153,121,421
South Dakota,Edmunds County,46045,3.1,25,7,-19.2,-53,-42.3,49.1,9,9.4,5.5,4.8,6.9,7.1,5.9,-12.9,-9.6,7,55,18,-65,-187,-130,59,15,18,18,14,19,15,13,-25,-50,228,220,257,339,353,307,121,165,198,338,294,272,220,225,196,517
South Dakota,Fall River County,46047,15.1,11.9,5.3,-10.6,-51.7,-49.5,28.8,27.3,22,21.3,14.8,19.9,22.5,16.3,19.9,-13.4,45,39,19,-44,-270,-268,74,66,63,89,80,116,115,64,67,-118,299,326,369,419,522,542,257,242,288,418,538,582,514,392,340,878
South Dakota,Faulk County,46049,20.9,25.1,1.9,-11.2,-54.5,-51.9,28.1,5.3,-9,-7.5,0.2,1.6,2.4,8.9,0.8,-7.4,25,31,2,-19,-122,-112,21,5,-11,-14,0,2,2,10,0,-26,122,124,149,169,224,216,76,98,123,195,187,173,123,119,103,347
South Dakota,Grant County,46051,20.2,7.9,5.9,-10.9,-54.2,-40.6,43.2,11.9,0,7.2,1.7,0.1,-2,2.1,3,-5.1,75,31,28,-60,-330,-245,121,41,0,43,10,0,-9,7,9,-37,373,392,479,549,610,603,280,345,377,596,618,571,472,354,293,722
South Dakota,Gregory County,46053,22.1,34.9,13.7,-11.3,-62.5,-50.2,48.1,17.2,5.3,-4.7,-0.8,1.5,12.5,-0.1,8.1,0.3,46,67,33,-32,-232,-180,63,31,10,-14,-3,5,33,0,16,2,212,192,243,283,372,358,132,180,189,305,353,333,269,216,206,563
South Dakota,Haakon County,46055,30.7,35,-10.9,-23.7,-67.4,-61.4,41.6,-9.9,-7,-9.2,-0.9,-10.4,0.9,6.1,0,26,28,34,-13,-32,-101,-137,33,-9,-6,-13,-1,-18,1,5,0,45,93,97,120,137,150,223,80,97,87,142,215,175,126,89,101,173
South Dakota,Hamlin County,46057,12.1,16.4,19.8,-1.4,-50.1,-31,35.3,36.7,-0.4,1,4.3,-3.3,6.9,7.3,22.5,17.4,61,73,74,-6,-242,-147,85,82,-1,4,16,-10,20,17,37,81,507,449,373,427,484,476,242,225,314,386,374,316,293,241,168,463
South Dakota,Hand County,46059,16.7,21,4.7,-16,-55.4,-42.8,52.7,18.8,16.3,-1.4,1.4,-3.8,-5.1,-1.4,1.4,-3.2,27,32,9,-37,-160,-116,56,21,26,-3,4,-10,-10,-2,2,-17,164,154,200,232,290,271,107,114,163,267,276,264,209,173,174,529
South Dakota,Hanson County,46061,26.9,13.1,16.9,-5.7,-57.5,-26.6,29.9,32.3,8.6,4.7,-6.3,-2.5,-5,8.7,-8.1,-40.3,68,36,41,-14,-153,-63,46,46,18,9,-15,-5,-7,12,-10,-131,254,277,242,259,266,237,155,143,217,205,237,209,144,141,125,325
South Dakota,Harding County,46063,-8.4,8.3,32,0.4,-66.6,-56.3,67.7,53.4,11.5,-11.6,2.1,0.6,4,2,4.1,-39,-6,5,18,0,-89,-86,24,28,7,-11,2,0,3,1,2,-48,72,66,59,113,135,153,35,52,61,102,114,125,79,51,49,123
South Dakota,Hughes County,46065,7.6,8.9,-0.3,-14.1,-41.5,1.9,69.4,14,4.9,2.7,1.3,0.6,-1.3,-8.6,-6.6,-5.5,85,88,-3,-171,-590,22,446,128,52,35,18,8,-13,-64,-33,-65,1115,989,1130,1207,1421,1188,643,920,1059,1293,1364,1287,1027,747,501,1181
South Dakota,Hutchinson County,46067,7.4,8.4,9.1,-8.5,-59.5,-45.6,17.3,8.1,-2.5,6.7,-1,2.7,2.6,-1.4,10.7,7.7,29,35,44,-43,-356,-263,47,28,-9,32,-5,14,10,-4,34,82,399,418,491,506,599,576,276,354,380,480,536,506,399,330,323,1056
South Dakota,Hyde County,46069,61.2,-7.4,-21,-17.2,-50.5,-24.4,9,-26.8,7.3,-8,-14.2,-3,29.5,-5.4,-17.5,2.9,28,-7,-27,-17,-62,-24,5,-22,4,-8,-19,-3,19,-3,-16,5,46,97,130,99,124,98,63,82,63,106,136,118,65,66,95,171
South Dakota,Jackson County,46071,-15.1,-1.4,6.3,-9.3,-34.1,-32.6,15.5,9.9,2.7,0.7,10,-9.7,1.1,6.8,12.1,7.2,-51,-4,15,-26,-109,-96,21,13,4,1,18,-17,1,6,12,13,340,280,251,279,319,294,137,132,162,187,181,175,149,91,100,179
South Dakota,Jerauld County,46073,26.1,24.6,10.2,-27.4,-55.4,-34.8,7.6,32.8,-16.1,-1.1,7.8,-10.6,12.7,-4.1,-1.4,-12.2,30,27,8,-33,-85,-61,7,24,-16,-1,10,-22,15,-4,-1,-43,116,110,88,120,154,175,103,75,104,130,133,208,123,111,101,351
South Dakota,Jones County,46075,3,-2.6,-5.7,-16.5,-55.1,-65.8,14.5,16.1,-17.2,8.3,-18.2,-12.3,-9.5,-21.1,0.7,-30.2,2,-1,-3,-11,-55,-71,6,8,-10,5,-21,-11,-5,-12,0,-46,70,58,59,71,100,108,44,50,58,71,117,95,59,57,52,152
South Dakota,Kingsbury County,46077,-4.5,13.9,2.9,-16.4,-60.4,-37.4,28.2,11.2,-5.4,3.3,-4.7,5.7,3.2,7.2,1.8,0,-14,36,9,-58,-271,-154,62,23,-13,13,-21,23,10,16,4,0,321,260,319,358,450,412,220,204,254,404,446,408,312,226,214,648
South Dakota,Lake County,46079,8.3,16.9,6.3,32,23.7,-49.4,-43.1,9.1,1.4,6.1,6.1,1.8,5.7,12,11.8,-3.1,51,100,40,215,185,-602,-448,44,7,43,53,14,34,51,46,-31,607,594,643,672,778,1218,1039,487,537,707,864,796,594,425,395,988
South Dakota,Lawrence County,46081,9.8,4.5,14.6,36,46.2,-32.2,-30.9,-2.7,14.7,9.7,8.8,13,21.1,20.4,20.4,18.5,126,54,159,480,699,-690,-590,-31,162,142,152,224,266,190,143,310,1288,1202,1093,1332,1512,2140,1904,1152,1106,1465,1720,1718,1260,935,702,1675
South Dakota,Lincoln County,46083,20.6,64.1,59.2,23.9,16.5,125.5,208.6,112.2,67.6,40,35.7,40.6,36.2,47,49.5,74.6,776,1548,1189,475,329,2154,2654,1810,1223,850,733,706,492,408,278,803,3757,2413,2007,1985,1997,1715,1272,1613,1808,2125,2050,1737,1356,868,562,1076
South Dakota,Lyman County,46085,-2.7,-15.1,-9.5,-15.6,-35.8,-26.8,11.9,-2.9,-1.6,-4.5,-2.9,-4.1,-2.1,22,-11.7,-34.4,-8,-54,-32,-54,-119,-82,23,-6,-3,-12,-8,-10,-4,31,-17,-124,305,362,344,350,334,305,194,204,209,269,295,247,192,145,148,360
South Dakota,McCook County,46087,23.3,5.7,-1.9,-28,-65.4,-37.1,60.5,14.7,-2.3,-0.7,-1.9,9.9,13.9,16.2,13.3,2.1,79,22,-8,-132,-330,-158,123,39,-7,-3,-8,35,39,37,26,12,342,387,403,471,504,425,203,266,339,414,449,357,285,228,197,556
South Dakota,McPherson County,46089,45.8,15.6,0.8,-20.6,-66.3,-54.8,18.5,0.4,-0.8,1.5,-2.3,2,10.6,4.3,0.6,-19.4,40,19,1,-36,-124,-92,14,0,-1,2,-4,3,15,6,1,-101,88,122,165,177,187,168,79,114,122,148,184,181,141,144,158,518
South Dakota,Marshall County,46091,26.4,34.1,0,-11.3,-21.6,-6.8,64.9,31.6,5.5,8.3,8.7,11.1,15.2,5.6,0,-14.4,59,68,0,-39,-77,-23,91,52,13,25,27,36,39,12,0,-76,226,200,279,347,359,341,140,164,247,304,311,325,258,219,195,527
South Dakota,Meade County,46093,13.4,-1.8,-16.8,-9.8,-1.2,-7.1,-9.7,-5.8,-14.1,-5.9,2.4,7.9,9.7,11.1,4,11.8,251,-33,-324,-178,-24,-132,-179,-92,-224,-116,45,135,127,96,26,143,1872,1825,1931,1808,1972,1851,1835,1581,1584,1976,1886,1705,1305,862,674,1207
South Dakota,Mellette County,46095,1.6,13.3,-14.1,-22.3,-46,-30.9,6,12.8,-9.5,4,5.6,1,14.2,23.6,21,-4.6,3,22,-27,-49,-98,-48,5,11,-12,5,7,1,15,13,10,-7,201,166,192,221,213,156,97,89,133,126,132,120,111,55,49,151
South Dakota,Miner County,46097,17.9,17.1,2.4,-21.1,-61.7,-58.2,20.9,-0.4,-15.3,-1.8,-3.6,-14.7,-8.3,-4.1,-14,-12.9,24,23,3,-38,-143,-131,20,0,-21,-3,-7,-31,-12,-5,-14,-47,135,136,152,184,232,225,99,104,138,198,202,214,146,126,105,362
South Dakota,Minnehaha County,46099,-1,-2.6,-0.5,4,17.9,30.9,8.5,-2.3,-2.9,0.5,0.1,0.1,3.8,2,2.5,11.9,-147,-319,-60,433,1902,3358,962,-261,-337,64,18,19,293,111,101,983,13477,12120,11171,10812,10576,10854,11301,11140,11269,12560,11742,10127,7694,5298,3927,8259
South Dakota,Moody County,46101,17,7.8,11.5,-8.7,-48.6,-35.9,24.4,-3.3,10.3,5,-2,0.8,7.3,-5,9.9,-17.6,74,31,48,-42,-295,-210,68,-11,39,23,-10,3,28,-14,22,-97,435,402,419,485,606,586,280,343,379,467,529,445,391,290,224,550
South Dakota,Oglala Lakota County,46102,,,,,,,,,,,,,,,,,,,,,,,,,,,,,,,,,,,,,,,,,,,,,,,,
South Dakota,Pennington County,46103,-1.2,-3.7,2.6,2.2,4.3,11.2,1.4,2.8,5.8,3.8,3.4,7,8.9,13.1,14.3,12.8,-99,-272,171,142,292,761,92,164,319,266,254,456,447,454,394,733,7732,7183,6489,6326,6768,6761,6455,5837,5425,6828,7296,6443,4991,3466,2759,5701
South Dakota,Perkins County,46105,-8.4,16.6,-0.2,-21,-62,-36.5,27.3,-6.4,1.7,-7.2,-0.4,2.2,6.1,1.8,3.9,-9,-15,23,0,-44,-144,-89,29,-8,2,-15,-1,5,12,3,4,-39,179,139,201,212,232,243,107,125,163,214,271,241,196,170,115,430
South Dakota,Potter County,46107,17.9,0.7,0.4,-24.2,-64.1,-49.1,97.7,17.6,2.6,-18.4,-1.5,-6.1,1,8.8,6.6,5.4,19,0,0,-40,-125,-91,47,14,2,-37,-2,-11,2,11,7,18,110,128,124,164,195,185,48,79,107,203,197,181,189,129,120,333
South Dakota,Roberts County,46109,6.5,3.8,9.1,-11.5,-41.1,-39.6,22.2,11.6,15.4,8.4,1.3,7.1,12.3,9.9,10,0.5,53,28,63,-99,-356,-332,95,53,80,52,9,46,66,43,37,5,814,737,700,865,866,837,426,455,520,622,674,655,535,440,368,851
South Dakota,Sanborn County,46111,2.5,6.7,-6.9,-11.5,-50.4,-45.3,2.8,5.9,-12,-0.4,2.6,-5.4,4.5,-15,-1.7,-14.4,3,9,-10,-19,-103,-107,3,6,-14,0,5,-11,6,-18,-1,-45,119,135,157,166,206,236,116,108,117,187,206,213,135,122,104,312
South Dakota,Spink County,46115,-4.8,2.9,4.2,-8.4,-52.4,-39.9,-11.3,-16.7,-18.2,-19.4,-9.5,-8.2,-7.6,-1.7,-3.3,-9.2,-20,12,18,-43,-306,-224,-34,-59,-73,-109,-56,-43,-32,-5,-9,-72,418,412,432,513,583,560,300,353,404,563,591,524,421,299,291,777
South Dakota,Stanley County,46117,3.1,17.1,11,-10.3,-42.5,-25,44.3,19.6,7.7,5.6,-7.4,11.5,16.8,17.8,7.9,-23.4,5,32,17,-23,-96,-53,53,26,14,12,-17,23,32,28,8,-48,177,191,156,222,225,213,121,134,187,215,228,199,192,158,112,205
South Dakota,Sully County,46119,-9.4,-13,-9.5,-21.6,-69.1,-30.2,23.5,-12.3,-10.3,-4.8,5.2,12.4,1.7,-3.3,-19.1,-40.5,-8,-13,-8,-22,-85,-34,12,-7,-9,-6,6,13,1,-2,-14,-84,88,102,90,102,123,114,52,64,87,127,123,110,79,80,75,207
South Dakota,Todd County,46121,-9.4,-10.4,-14.6,-25,-25,-14.8,-7.5,-2.1,2.7,2.4,-4.5,5,13,0.2,4.8,-19.9,-133,-135,-164,-286,-267,-134,-43,-11,13,12,-23,20,40,0,6,-61,1420,1295,1124,1145,1064,907,580,570,488,525,520,415,312,201,141,306
South Dakota,Tripp County,46123,-5.3,1.7,-13.2,-25.1,-51.1,-45.2,9.2,-6.1,-2.3,-4.2,-5.8,-2.2,-2.5,0.6,6.2,4.1,-20,6,-55,-125,-268,-221,22,-17,-7,-20,-27,-9,-9,1,15,26,378,358,419,498,523,488,241,294,307,472,472,408,355,262,241,629
South Dakota,Turner County,46125,10.1,28.2,6.7,-15.1,-53.2,-33,37.9,2.3,9.2,-0.3,2.2,-3.1,4.2,-1.5,-2,-4,50,118,35,-92,-384,-203,129,10,39,-2,14,-20,20,-5,-6,-36,496,419,519,609,723,616,342,439,431,644,653,664,472,384,332,900
South Dakota,Union County,46127,18.2,24.8,21.1,-6.6,-40,-10.1,41.5,21.3,18.2,13.6,13.1,7.8,12.5,8.5,6.8,4.6,155,210,190,-65,-369,-92,247,156,155,132,127,79,98,47,26,44,850,848,897,989,923,902,594,732,850,967,968,1012,785,551,394,940
South Dakota,Walworth County,46129,19.6,-7.1,-12.4,-19.2,-44.1,-29.8,2.3,4.3,-0.4,-6,-1.5,-1.9,10.4,-3.8,4.1,5.4,58,-24,-47,-73,-177,-122,5,10,-1,-23,-6,-8,34,-11,12,36,298,344,384,382,403,411,236,243,274,378,404,425,333,298,290,664
South Dakota,Yankton County,46135,4.2,7.2,-0.3,-11.3,-18.3,-7.6,8.1,-0.1,6.7,3.9,0.4,-0.7,1.8,10.4,17.6,10.9,54,89,-4,-183,-287,-118,105,-1,92,66,8,-11,22,95,114,184,1303,1244,1420,1608,1565,1547,1291,1288,1384,1679,1836,1571,1199,911,647,1681
South Dakota,Ziebach County,46137,75.6,45.5,-0.9,-7,-36.1,-19.8,1,18.6,6.8,20.4,-1.5,-10.3,-9.2,-34.2,-7.6,-32.5,160,98,-2,-19,-107,-52,1,24,9,31,-2,-13,-9,-30,-4,-39,212,215,280,274,298,267,169,133,137,153,177,128,99,89,60,120
Tennessee,State Total,47000,1,6.6,7.6,7.7,10.7,9.6,7.2,6.9,5.8,5.7,6,5.9,9.2,11.4,8.8,4.7,4186,25911,29879,30884,41620,37322,27594,27676,23659,25204,25885,23195,31049,28423,16745,16402,417407,389778,389061,399850,386853,385181,381973,397730,406466,441601,430878,387991,334001,248755,188651,347781
Tennessee,Anderson County,47001,1.3,14,12.1,-0.4,-16.7,-9.1,17.7,15.7,9,10.5,9.2,5.9,7.8,6.6,5,2.1,59,568,499,-19,-796,-409,639,616,405,543,493,308,357,236,136,132,4275,4056,4117,4796,4751,4492,3605,3908,4459,5129,5317,5186,4569,3546,2684,6220
Tennessee,Bedford County,47003,7.3,11.4,14.7,14,3.2,16.7,9.1,16.6,13.6,14.8,9.1,17.2,16.9,21.4,21.8,5.6,246,348,423,386,82,425,244,445,369,408,252,384,356,351,255,127,3331,3037,2870,2744,2574,2536,2660,2666,2716,2748,2750,2229,2097,1638,1171,2241
Tennessee,Benton County,47005,-0.4,5.5,16.9,-7.1,-30.4,-20.9,7.8,11,13.6,10.2,6.4,15.7,28,23.6,12.7,-13.3,-3,45,148,-77,-311,-202,60,95,133,113,75,163,295,203,98,-203,867,818,878,1088,1024,970,768,859,977,1117,1167,1039,1051,859,774,1520
Tennessee,Bledsoe County,47007,6,15.4,7.2,12.1,-19.1,-17.8,9.6,5,3.3,3.9,-3.5,7.8,5.5,11.6,7.3,0.9,37,99,54,97,-150,-144,69,40,31,40,-36,65,49,72,35,7,624,646,748,799,784,807,718,812,935,1023,1025,826,882,625,486,731
Tennessee,Blount County,47009,3.4,18.8,26,13.1,0.5,-0.7,17.5,22.2,17.8,15.7,11.7,13.4,19.3,22.7,19.6,15.5,233,1218,1644,911,35,-51,1050,1461,1317,1284,951,1013,1312,1212,786,1114,6820,6457,6312,6938,6902,6696,5970,6582,7390,8179,8080,7514,6781,5330,3991,7161
Tennessee,Bradley County,47011,3.5,10.4,8.7,17,29.8,-3.2,-9.9,8,9,7,7.3,7.3,9.2,11.4,11.1,11.1,210,612,522,1009,1675,-202,-684,483,566,477,470,413,487,480,346,572,5979,5852,5966,5934,5611,6226,6883,6040,6257,6768,6409,5659,5264,4198,3124,5148
Tennessee,Campbell County,47013,1.2,4.5,5.9,-0.8,-19.3,-12.9,1.5,6.9,3.8,5.7,7.9,10,15.9,16.9,7.9,-9.2,30,110,143,-22,-510,-321,35,180,103,157,211,255,384,344,131,-282,2356,2398,2408,2562,2632,2492,2320,2612,2692,2763,2650,2545,2402,2033,1662,3059
Tennessee,Cannon County,47015,0.1,18.6,-1.2,-2.7,-13,-11.4,8.6,9.8,13.1,10.8,16.9,10.9,15.5,12.4,21,10,1,132,-11,-25,-116,-98,61,76,119,107,155,90,110,80,93,85,816,710,888,936,892,857,713,776,911,988,918,826,711,645,445,845
Tennessee,Carroll County,47017,-4,-0.8,-0.4,4.4,-6.3,-28.2,-12.9,-1.7,1.1,1.9,2.7,6.2,14.6,11.1,3.4,5.5,-72,-14,-7,85,-120,-556,-214,-29,20,40,53,112,249,159,38,122,1783,1734,1797,1935,1913,1969,1659,1715,1868,2047,1915,1810,1698,1431,1108,2199
Tennessee,Carter County,47019,1.7,7.4,1.3,6.7,11,-13.1,-12.9,-2.8,-1.7,3.9,6,5.2,11.2,9.9,9,-4.6,54,220,43,223,383,-475,-464,-108,-69,164,244,200,397,288,206,-197,3073,2957,3268,3325,3482,3601,3576,3859,3957,4163,4030,3822,3527,2901,2278,4251
Tennessee,Cheatham County,47021,3.2,8.5,9.2,-2.6,-29.4,-10.4,31.6,24,7.7,0.2,1.4,1.9,8.4,3.5,6.5,3.7,78,206,246,-74,-826,-251,558,548,218,8,44,51,179,51,69,56,2439,2397,2647,2829,2809,2413,1761,2279,2825,3476,3143,2627,2129,1465,1058,1509
Tennessee,Chester County,47023,11.3,17.8,11.6,49.5,50.5,-32.3,-32.4,9.7,14.6,4.9,8.4,5.8,10.9,14.2,14.7,9.6,102,161,126,520,528,-431,-477,96,131,53,85,53,96,94,76,99,898,903,1084,1050,1044,1335,1473,985,898,1097,1005,907,882,660,521,1025
Tennessee,Claiborne County,47025,-7.3,5.6,11.8,9.4,8,-8.8,-1,6.2,10.3,1.7,12.6,13.7,17.9,23.1,17.9,10.1,-135,101,206,195,162,-173,-19,121,212,38,265,280,330,334,198,185,1832,1774,1750,2063,2023,1964,1835,1945,2051,2160,2098,2050,1838,1449,1108,1817
Tennessee,Clay County,47027,-1.6,1.8,6.3,-3.9,-27.2,-24.9,-9.7,0.7,1.5,3.6,9.9,2.9,11.9,17.1,7.6,-1.3,-8,7,26,-19,-136,-121,-40,3,8,22,49,16,61,79,29,-8,498,424,417,497,503,489,411,450,513,621,503,546,516,462,385,614
Tennessee,Cocke County,47029,-2,3,7.3,0.6,-15.5,-12.8,3.7,7.8,7,12.6,14,14.5,18.3,24.4,13.8,3.6,-42,62,150,13,-334,-266,72,166,157,306,342,334,401,410,181,82,2106,2039,2057,2179,2147,2068,1938,2125,2243,2427,2431,2291,2186,1678,1316,2243
Tennessee,Coffee County,47031,-2.9,7.9,12.1,1.9,-12.2,-5.7,17.4,12.1,12.6,9.7,7,11.8,16.3,18,11.1,5.1,-109,258,397,65,-409,-185,461,358,382,354,252,357,441,385,206,178,3727,3244,3258,3461,3341,3244,2645,2961,3030,3622,3552,3017,2694,2134,1856,3487
Tennessee,Crockett County,47033,6.3,8.5,4,-6.5,-18.4,-14.6,9,-1,-5.5,1.4,3.1,-0.7,8.6,9.9,4.1,7.7,59,78,38,-68,-185,-148,70,-9,-52,16,31,-6,65,67,22,76,941,925,964,1053,1001,1014,777,926,943,1121,1001,898,761,670,555,981
Tennessee,Cumberland County,47035,3.5,12.8,19.7,6.3,-12.1,-1.3,18.9,14.1,17.5,17.3,27.4,38.4,69.5,86.7,45.2,2.1,97,325,521,182,-347,-35,397,364,472,539,810,1035,1876,2216,1179,126,2764,2531,2645,2863,2861,2623,2101,2567,2694,3108,2954,2693,2699,2554,2606,5742
Tennessee,Davidson County,47037,-5.1,-13.7,-13.8,6.6,68.5,66.8,11,-12.5,-13.9,-8.4,-3.5,-3.4,-4.2,-7.3,-7.6,-6.5,-2510,-6039,-5458,2408,22325,24977,5245,-6522,-6599,-3990,-1560,-1347,-1305,-1572,-1231,-2122,48970,44022,39362,36113,32552,37359,47343,52093,47414,47053,43789,38578,30691,21364,16156,32361
Tennessee,Decatur County,47039,10.8,13.7,1.2,-3.1,-19.3,-12.2,-3.1,2.6,-0.3,4,12.1,13.4,13.5,24.9,-2.8,2,67,85,8,-22,-134,-85,-21,17,-2,31,92,100,96,158,-16,21,618,625,683,721,691,698,658,650,730,779,756,749,710,634,575,1032
Tennessee,DeKalb County,47041,-8,10,8.9,2.1,-7.2,-4.2,6.9,6.1,5.7,7.3,10.4,9.5,20.4,17.8,8.1,-0.4,-103,111,98,23,-81,-47,72,69,69,100,125,112,210,148,53,-5,1291,1111,1099,1109,1134,1097,1038,1124,1198,1371,1207,1181,1027,834,666,1230
Tennessee,Dickson County,47043,-2.8,9.9,13.4,1.4,-13.8,3.6,29.5,19.4,11.5,12.8,10.1,12.6,14.8,15.3,11,11.3,-99,315,413,49,-449,105,695,547,368,441,350,351,357,292,163,273,3486,3155,3074,3293,3245,2909,2350,2817,3192,3428,3448,2774,2411,1905,1481,2409
Tennessee,Dyer County,47045,-3.6,6.2,3.5,-3,-20.1,-13.7,0.8,6.1,3.6,4.6,3.5,1.7,4.7,7.7,8.9,2.6,-95,154,91,-87,-523,-352,19,147,88,131,96,41,110,126,112,61,2639,2472,2574,2835,2594,2560,2253,2382,2467,2817,2684,2416,2303,1635,1257,2278
Tennessee,Fayette County,47047,5.5,25.4,18,12.6,-14.3,6.6,46.7,52.5,41.7,38.2,38,48.3,49.5,41,38.9,13.4,136,513,364,251,-303,137,734,813,699,825,888,993,911,578,427,256,2441,2019,2018,1981,2111,2073,1571,1546,1674,2157,2337,2057,1840,1408,1098,1905
Tennessee,Fentress County,47049,5.1,15.7,18.3,-0.5,-24.7,-17.4,9.2,8,10.9,14.6,14.9,17.8,27.2,32.5,25.5,4.6,51,156,196,-5,-278,-195,78,83,120,167,167,200,274,275,161,49,1010,997,1068,1129,1124,1118,856,1043,1100,1145,1122,1119,1004,845,630,1055
Tennessee,Franklin County,47051,-0.1,14.1,10.6,16.5,7.7,-31.4,-20.8,14,11.8,5.7,6.8,7.3,15.4,19,9.6,-2.9,-2,319,258,409,199,-940,-581,312,259,163,190,197,352,363,149,-93,2225,2261,2420,2465,2570,2987,2792,2229,2186,2829,2791,2694,2286,1903,1546,3179
Tennessee,Gibson County,47053,6.6,15.5,13.3,-0.2,-21.6,-8.4,10,11.1,6.8,6.2,7.6,5.7,5.5,10.1,11.7,2.8,206,470,416,-9,-690,-259,269,316,199,218,249,173,154,212,198,110,3108,3034,3107,3320,3196,3070,2671,2830,2928,3513,3274,3001,2766,2085,1691,3829
Tennessee,Giles County,47055,6.7,6.2,0.4,-0.2,-15.4,-21.7,-2.7,-0.7,-0.3,2.6,6.4,8.5,11.1,7.3,6.3,4.3,112,102,8,-4,-322,-442,-43,-12,-6,60,139,166,194,109,72,84,1651,1640,1876,2008,2091,2033,1599,1735,1864,2243,2153,1953,1747,1501,1156,1944
Tennessee,Grainger County,47057,2.1,6.3,10.9,3.7,-10.2,-13,9.5,5.9,8,10.8,9.9,16.3,23,23.1,19.1,6.2,28,82,143,51,-133,-164,111,83,126,169,153,224,304,244,155,78,1343,1290,1301,1356,1302,1264,1161,1400,1576,1557,1546,1375,1319,1056,813,1241
Tennessee,Greene County,47059,8.3,10.3,13,12.1,-3.7,-9.9,9.1,11.9,8.7,10.1,15.9,14.2,19.5,23.3,14.8,8.9,292,375,488,484,-145,-386,320,483,377,474,706,600,794,756,395,396,3488,3627,3755,3977,3890,3879,3491,4033,4292,4672,4421,4207,4063,3243,2661,4444
Tennessee,Grundy County,47061,-5.1,-5.2,-10.9,-16.7,-25.7,-21.6,-10.1,-9.3,-3.2,-3.5,3.7,6.1,19.9,16.9,14.6,-1.6,-44,-51,-110,-171,-250,-204,-87,-90,-28,-35,35,52,159,119,80,-16,867,971,1009,1022,971,944,870,975,867,997,942,851,802,706,544,942
Tennessee,Hamblen County,47063,-4.3,1.3,3.6,2.2,0.2,4.5,3.6,2.2,3.4,4.2,4.7,5.3,9.3,9.7,6.8,10,-191,55,143,85,9,169,131,92,141,181,198,192,337,285,159,377,4411,4127,3954,3841,3564,3694,3626,4169,4119,4270,4136,3621,3608,2929,2323,3752
Tennessee,Hamilton County,47065,0.5,2.7,2.6,11,18.4,11.9,1.9,4.7,5.1,6.2,6.6,4.6,3.7,7.3,4.9,6.9,113,547,501,2257,3771,2405,401,969,1063,1409,1573,1045,743,1025,520,1498,20955,19610,19160,20334,20474,20166,20802,20550,20676,22581,23511,22255,19783,13893,10601,21505
Tennessee,Hancock County,47067,-9.7,8.4,7.5,8.2,-30.3,-20.1,1,9.1,-1.6,9.5,11.7,12.7,17.8,19.3,12.6,-12.4,-42,31,28,34,-140,-96,4,34,-7,42,57,58,73,61,32,-69,438,377,370,419,464,478,402,380,424,448,486,456,413,315,254,554
Tennessee,Hardeman County,47069,-5.7,-2.1,-5.4,-11.6,-5.6,7.9,-0.2,-14.5,-7.5,-8.1,-9.6,-4.2,2.6,7.3,11.8,-10.2,-93,-36,-93,-220,-112,144,-5,-298,-156,-196,-210,-80,42,84,100,-184,1633,1644,1736,1894,1986,1814,2059,2051,2060,2412,2179,1891,1612,1137,849,1799
Tennessee,Hardin County,47071,0.4,10.3,7,0.1,-21.5,-21.3,1,7.5,6.5,10.6,10.8,10.2,18.1,16.5,9.7,0.3,5,141,109,1,-351,-335,14,108,106,179,193,177,284,222,103,8,1452,1371,1547,1710,1633,1567,1401,1440,1630,1684,1775,1736,1569,1348,1058,2026
Tennessee,Hawkins County,47073,3.8,12.3,7.5,-0.9,-21.1,-7.3,11.7,6.8,1.5,6.2,9,11.7,13.2,14.4,10.1,5.2,121,395,260,-32,-727,-233,328,248,63,255,346,424,462,412,218,181,3126,3189,3453,3538,3438,3191,2783,3649,4050,4057,3840,3603,3479,2862,2148,3460
Tennessee,Haywood County,47075,6.3,-3.5,-9.2,-15.8,-26.4,-25.5,-12.6,-14,-5.7,3,4.1,0.1,4.4,6.4,3,-14.4,75,-50,-137,-259,-377,-368,-168,-167,-73,41,60,2,45,47,18,-195,1190,1423,1485,1637,1426,1443,1327,1191,1292,1369,1441,1443,1025,730,620,1348
Tennessee,Henderson County,47077,2.9,6,14.4,2.1,-13,-4.7,15.9,6.5,15.6,8.2,8.1,8.1,14,12.5,17.2,1.7,53,105,246,38,-224,-79,242,107,261,163,147,134,218,152,143,30,1821,1731,1707,1763,1711,1667,1517,1644,1665,1976,1809,1654,1549,1218,830,1699
Tennessee,Henry County,47079,8.1,7.2,7.6,0,-20.5,-15.2,4.9,10.5,9.5,9.8,9.7,15.7,22.6,31.9,15.6,-1.9,148,129,139,0,-401,-288,82,176,176,207,216,320,427,496,214,-53,1822,1784,1834,1895,1954,1891,1646,1678,1844,2118,2207,2026,1891,1554,1372,2725
Tennessee,Hickman County,47081,7.1,7.1,7.7,7.3,-6.8,5.8,15.2,12.6,10.6,7.6,11.6,12,15.4,14.6,14.4,1.4,95,99,117,111,-109,82,197,195,174,139,197,182,194,145,113,20,1333,1403,1505,1527,1595,1408,1299,1543,1639,1835,1700,1519,1255,995,787,1346
Tennessee,Houston County,47083,0.4,15.5,4.7,0.2,-22,-9.9,8.1,3.9,11.2,16.9,11.6,16.5,13.5,20.4,6.3,-3.8,2,78,26,1,-121,-45,33,19,54,84,61,87,65,83,21,-25,484,506,558,559,550,462,418,490,482,500,530,529,483,408,347,653
Tennessee,Humphreys County,47085,7.2,10,10.5,7.2,-26.2,-20.3,13.7,6.6,9.2,4.8,5.3,9.6,11.8,10.4,5.4,0,72,109,116,87,-319,-231,127,74,99,62,69,118,131,101,41,-1,998,1082,1106,1215,1217,1137,928,1111,1074,1275,1292,1223,1107,966,755,1312
Tennessee,Jackson County,47087,14.7,19.6,13.3,4.4,-21,-24.4,8.5,9,15.8,15,24.1,21.6,22.6,28.1,12.6,-4.6,74,103,86,30,-140,-167,49,58,112,113,196,156,167,162,56,-39,502,530,650,697,665,684,580,650,712,754,814,720,739,576,449,830
Tennessee,Jefferson County,47089,3.9,17.3,17.3,29.1,23.5,-14.6,-15.3,13.8,13.3,15.1,18.8,25.4,27.1,33.9,23.5,11.8,115,451,487,843,648,-453,-491,403,412,507,580,668,735,759,417,326,2931,2596,2811,2891,2749,3104,3199,2918,3089,3357,3074,2632,2706,2237,1772,2744
Tennessee,Johnson County,47091,6.2,10.4,11.5,3.3,1.3,4,36.8,-2.9,10.8,6,-0.5,0.7,16.5,12.2,4.7,-5.1,54,82,102,31,13,37,341,-35,140,84,-7,8,187,122,36,-69,871,795,884,951,1027,920,927,1199,1297,1388,1337,1213,1133,999,781,1328
Tennessee,Knox County,47093,1.2,10.2,7.7,18.9,57,18.9,-8.4,6.5,5.1,5.1,4.8,3,5.2,5.7,7.7,5.2,325,2485,1867,4596,13306,4976,-2623,1755,1393,1515,1427,813,1186,944,940,1284,26659,24322,24221,24231,23326,26297,31032,26939,27242,29661,29163,26882,22666,16460,12073,24315
Tennessee,Lake County,47095,-6.3,1.3,-14.7,2.7,75.5,59.2,-21.3,-13.3,-13.8,-14.1,-10.7,-1.9,10.9,19.6,1.7,0.8,-24,4,-60,10,287,277,-184,-93,-94,-89,-71,-9,42,57,4,4,386,366,411,389,381,468,864,705,682,633,662,490,392,292,245,460
Tennessee,Lauderdale County,47097,6.2,-2.4,-2.4,-5.2,5.4,12.7,2,-3,-8.2,-2.6,-6.5,-3.2,3.9,3.2,4.7,-11.8,113,-46,-47,-101,98,232,42,-58,-176,-56,-132,-57,55,37,38,-185,1816,1925,1916,1926,1809,1830,2046,1951,2143,2184,2019,1751,1393,1134,811,1565
Tennessee,Lawrence County,47099,0.5,6.4,3.2,-4.9,-24.4,-14.7,3.6,7.2,0,5.6,7.4,7.9,11.1,13.7,11.9,5.3,14,185,89,-150,-726,-396,81,176,0,163,197,193,247,249,177,149,2874,2892,2758,3026,2975,2686,2263,2426,2863,2876,2661,2451,2225,1817,1483,2800
Tennessee,Lewis County,47101,-3.4,6.1,13.4,-0.7,-25.3,-24.4,11.1,20,0.2,5.9,14.3,19.6,17,17.2,18.9,16.1,-26,46,101,-5,-208,-206,68,131,1,49,116,145,120,94,73,117,773,748,760,799,821,845,615,657,699,844,814,743,707,551,389,725
Tennessee,Lincoln County,47103,4.9,7.9,13.6,2.2,-18.1,-14.2,8,11.7,8.7,9.3,12.4,8.6,14,16.7,7.7,1.1,105,155,268,46,-394,-292,136,203,173,222,291,185,257,248,99,28,2113,1958,1968,2031,2181,2055,1698,1728,1986,2381,2340,2146,1834,1484,1295,2345
Tennessee,Loudon County,47105,3.6,10.6,23.2,11.1,-7.7,8.5,30.7,30.2,17.1,19,25.7,33.3,54.9,60.9,36.7,24.1,94,257,545,272,-187,180,560,668,440,520,725,866,1437,1366,737,776,2555,2430,2343,2434,2423,2113,1824,2212,2572,2737,2818,2596,2614,2243,2006,3211
Tennessee,McMinn County,47107,5.1,7.2,7.6,2.4,-14.4,-9.1,2.6,8.3,7.3,8.1,7.6,11.7,13.2,17,17.3,8.3,149,221,243,85,-468,-285,75,254,241,286,280,379,397,413,323,286,2922,3056,3181,3430,3244,3125,2800,3042,3306,3527,3646,3219,3006,2428,1867,3415
Tennessee,McNairy County,47109,2.1,2.8,8.4,2.1,-17.9,-7.9,9.1,7.7,10.7,9.8,11.5,16.4,16.3,16.8,10.3,-1.4,32,49,132,37,-284,-119,126,111,163,169,191,253,251,215,105,-27,1541,1701,1571,1732,1585,1493,1377,1437,1525,1713,1656,1537,1540,1273,1020,1879
Tennessee,Macon County,47111,5.9,13.7,7.4,1.6,-10.9,-5.3,10,6,7.6,7.9,9.8,12.8,13.9,14.2,12.9,8.9,87,180,112,23,-160,-73,120,83,116,118,134,165,162,136,83,105,1481,1311,1496,1475,1460,1375,1208,1373,1524,1496,1358,1287,1162,956,644,1177
Tennessee,Madison County,47113,0.2,-0.9,-3.5,12.2,15.2,-8.5,-10.7,-2.3,-0.6,0.8,4.2,0.8,6.3,8.9,13.5,2.7,17,-61,-233,848,987,-595,-735,-145,-41,60,296,56,322,325,360,158,6869,6589,6629,6907,6485,6977,6859,6151,6170,7010,6923,6349,5082,3642,2665,5693
Tennessee,Marion County,47115,-3.1,3.4,6.2,-7.2,-20.3,-17.2,2.5,-0.1,7.2,5.5,5.1,7.9,13.3,10.5,6.8,1.5,-51,58,106,-130,-397,-308,40,-3,126,111,109,154,240,150,70,28,1664,1671,1708,1806,1959,1792,1606,1783,1745,2021,2112,1950,1803,1418,1029,1755
Tennessee,Marshall County,47117,1.9,17.6,18.9,2.3,-11.4,-4.6,23.8,19.4,13.9,14.2,4.4,12.2,16.5,15.2,17.6,6.3,38,322,343,47,-212,-87,385,334,260,292,94,235,261,183,136,101,1997,1825,1814,1971,1867,1886,1617,1718,1870,2060,2147,1915,1580,1207,771,1583
Tennessee,Maury County,47119,6.4,9,7.3,4.5,-11.5,7.1,31.3,20.5,12.5,9.6,9.1,10.6,16.5,16.1,21,19.5,364,451,361,219,-605,361,1293,878,572,523,545,549,679,465,427,750,5638,4994,4947,4874,5250,5023,4130,4283,4557,5429,5970,5141,4109,2877,2033,3839
Tennessee,Meigs County,47121,-14.2,5.6,-1.8,-7.9,-26.6,-22.4,7.9,6.1,8.2,6.8,22.9,23.5,27.7,20.2,9.3,1.5,-102,38,-14,-60,-199,-160,50,46,62,57,165,165,204,127,37,10,718,689,793,761,747,714,638,751,760,846,721,700,737,629,404,658
Tennessee,Monroe County,47123,3.4,11.8,10.1,-0.2,-14.2,-7.6,9.9,9.8,12.1,13.7,17.1,29.2,36.4,38,22.3,6.2,91,313,260,-5,-388,-195,227,253,331,378,465,697,878,750,334,160,2650,2643,2570,2810,2724,2551,2287,2561,2739,2761,2718,2385,2411,1972,1495,2540
Tennessee,Montgomery County,47125,15.8,13.1,3.2,10.5,62.8,75.3,8.3,-2.1,-4,-3,1.4,5.5,11.3,13.7,12.8,6.4,2165,1563,382,1176,6285,7125,1034,-273,-464,-351,142,416,661,550,404,338,13703,11859,11901,11203,10003,9456,12399,12504,11610,11536,9979,7526,5822,4012,3144,5236
Tennessee,Moore County,47127,12,40.4,27,10.2,-24.6,-17.9,2.3,30.2,20.9,22.5,16.3,15.5,11.6,17.7,17.7,-7.6,33,115,92,37,-98,-67,7,92,76,83,71,59,45,59,42,-40,276,284,342,366,399,378,326,306,365,372,437,378,393,335,240,520
Tennessee,Morgan County,47129,2.3,15.6,16.6,1.7,4.8,15.1,22.8,13.4,8.5,6.5,4.8,6.4,11.9,15.9,10.1,2.6,26,170,197,22,60,199,280,196,129,108,74,89,145,144,69,30,1138,1088,1185,1311,1244,1312,1226,1455,1509,1652,1524,1403,1219,907,689,1146
Tennessee,Obion County,47131,-2,0,2,-6.5,-18.5,-15.6,-3.6,-1.1,3.6,4.4,-0.1,-2,3.4,6.8,3,0.2,-37,1,44,-140,-371,-322,-70,-24,73,95,-3,-47,69,107,38,5,1852,2037,2166,2145,1999,2058,1921,2144,2038,2146,2387,2273,2028,1576,1282,2273
Tennessee,Overton County,47133,8.9,24.8,16.6,7.3,-17.3,-16,14.7,15.8,11,13.9,13.5,16.7,22.9,22,14.1,0.8,110,297,213,95,-222,-207,167,195,149,188,188,219,291,223,120,13,1239,1196,1281,1286,1277,1295,1134,1231,1356,1349,1389,1314,1271,1013,857,1446
Tennessee,Perry County,47135,0.5,3,9.3,-1.4,-22.8,-17.4,10.6,4,4.7,11.5,16.8,13.6,20.2,26.5,10.6,-6.8,2,13,45,-7,-126,-83,41,17,21,53,86,69,97,105,33,-45,472,455,481,513,553,475,386,442,438,461,511,512,479,397,318,658
Tennessee,Pickett County,47137,-9.9,12.5,4.6,-5.3,-29,-29.4,-5.8,2.5,16.2,15.2,9.9,23,37.8,40.2,12,0,-26,33,13,-13,-94,-93,-16,6,45,47,32,70,122,106,32,0,265,265,296,250,325,316,274,256,279,309,324,306,322,265,272,452
Tennessee,Polk County,47139,-4,1.7,8,4.1,-14.5,-12.9,-2.3,8,9.6,9.8,11.6,11.6,15.5,14.9,10,1.1,-39,17,85,41,-143,-116,-21,84,106,114,129,121,161,134,63,13,969,1000,1066,992,986,901,953,1051,1098,1156,1107,1044,1039,899,638,1095
Tennessee,Putnam County,47141,-3.3,2.3,10.1,50.4,98.2,-0.9,-34.9,-4.6,7.2,9.4,10.8,14,19.1,22.6,23,18.2,-154,102,396,1971,3693,-45,-2251,-204,297,405,449,523,649,617,469,711,4628,4274,3904,3908,3760,4899,6441,4386,4108,4286,4137,3728,3395,2730,2038,3903
Tennessee,Rhea County,47143,1.1,9.2,16.7,13.1,7.5,-15.9,-3.7,14,17.7,11.8,12.2,15.6,21.2,19.6,11.4,8.3,22,183,303,247,141,-322,-73,248,315,228,246,282,369,284,125,153,2027,1975,1811,1884,1879,2023,1938,1775,1779,1924,2018,1806,1733,1448,1095,1841
Tennessee,Roane County,47145,5.3,13,9.7,2.8,-22.4,-22.5,6,13,11,15.5,13.5,11.1,16.6,15.5,11,0.2,142,358,305,88,-737,-722,160,372,360,550,513,428,583,430,239,11,2633,2739,3141,3129,3292,3199,2638,2851,3246,3547,3799,3851,3503,2762,2167,4358
Tennessee,Robertson County,47147,-8.6,10.1,25,1.5,-12.1,15.9,37.2,32.9,13.8,14.2,13.4,14,16.6,22.5,15,20.2,-451,449,968,64,-512,594,1185,1138,564,665,589,525,511,480,253,536,5233,4430,3860,4177,4208,3723,3183,3452,4078,4674,4397,3728,3073,2133,1685,2648
Tennessee,Rutherford County,47149,5,27.4,33.7,45.6,81.4,48.8,19.4,35.1,26.1,17.5,17,16.3,18.2,19.5,25.3,32.9,963,4185,4769,6335,10508,6872,3302,5196,3857,2805,2428,1901,1670,1230,1080,2116,18951,15256,14148,13880,12904,14063,17002,14784,14732,16020,14274,11647,9151,6279,4256,6424
Tennessee,Scott County,47151,5.1,2.1,1.1,0.6,-17.8,-17.1,1.3,2.2,4.8,7.7,3.4,5.6,3.4,14.1,10.4,1.3,73,34,17,9,-269,-261,21,31,73,117,50,76,42,131,71,16,1442,1598,1528,1534,1507,1524,1518,1392,1505,1509,1463,1344,1233,931,679,1192
Tennessee,Sequatchie County,47153,7.3,28.2,13.2,14.5,-2,11,20,14.3,25.1,20.4,25.8,28.8,33.8,48.1,27.1,13.5,61,210,107,118,-14,75,134,120,194,176,209,217,235,271,118,94,833,747,812,818,743,676,670,839,773,862,811,755,695,564,437,692
Tennessee,Sevier County,47155,0,13.7,29.3,23,14.6,18.7,29,28.9,28,21.4,24.2,23.3,27.8,34.8,20,9.9,-3,646,1288,1075,671,828,1180,1347,1347,1211,1302,1191,1288,1271,594,481,5440,4695,4398,4660,4588,4410,4071,4648,4803,5644,5374,5105,4625,3647,2965,4830
Tennessee,Shelby County,47157,-5.3,-6.7,-3.3,-4.5,-3.4,6.8,3.2,-6.5,-5.7,-4.9,-4,-5.8,-6,-6.9,-6.9,-6.5,-3901,-4782,-2360,-3406,-2404,4406,1975,-4433,-3846,-3512,-2835,-3637,-3002,-2283,-1626,-2960,73233,70515,71453,74350,69672,64470,61601,68099,66588,70722,69459,62307,49299,32700,23411,45498
Tennessee,Smith County,47159,1.4,19.2,13.6,5.2,-21.4,-7.7,18.1,11.4,13.5,6.3,8.6,10.1,13.7,16.7,16.1,1.7,17,210,163,64,-281,-97,167,126,160,95,118,117,143,127,87,18,1186,1090,1195,1219,1309,1254,919,1105,1178,1498,1363,1156,1043,762,538,1042
Tennessee,Stewart County,47161,2.9,17.7,22.6,6,-23.9,-21.3,19,10.9,16.1,12.4,12.2,15.4,20.1,28.2,7.6,-4.9,19,129,169,52,-207,-172,110,78,127,120,111,129,150,170,39,-46,688,729,750,860,867,811,579,715,789,967,905,837,747,603,512,925
Tennessee,Sullivan County,47163,1.5,8.5,6.1,0.1,-14.4,-11.9,10.9,7.3,6,6,5,4.8,4.5,8.5,8.7,5.1,125,695,542,14,-1373,-1074,834,690,615,676,573,526,462,715,558,635,8341,8106,8837,9500,9483,8987,7610,9401,10201,11164,11355,10826,10088,8380,6408,12259
Tennessee,Sumner County,47165,4.4,25.7,29.2,13.1,-13.4,0.6,46.1,38.2,26.8,17.2,11.6,9.8,12.2,12.9,11.6,23.8,456,2334,2678,1250,-1301,57,3203,3161,2493,1903,1224,940,997,812,509,1563,10332,9063,9150,9534,9661,9413,6948,8264,9296,11038,10538,9505,8142,6260,4381,6556
Tennessee,Tipton County,47167,4.3,28.7,33.8,10.5,-18.9,-7,28,36.4,26.2,11.9,6.1,11.4,14.6,15.4,10.3,13.9,174,1008,1256,451,-842,-276,831,1086,937,524,257,387,402,317,160,321,4044,3506,3712,4294,4456,3946,2963,2977,3575,4406,4194,3375,2742,2048,1549,2308
Tennessee,Trousdale County,47169,10,13.5,27.1,9.2,-12,0.9,6.3,21.7,15.6,13.7,10.7,14.1,9.3,0.4,-0.5,-7.5,46,60,123,48,-57,4,26,89,74,72,58,68,42,1,-1,-36,461,444,454,525,481,474,414,409,472,526,542,484,452,350,268,475
Tennessee,Unicoi County,47171,8.5,18.3,10.8,1.5,-16.2,-5.8,8.6,6.8,9.1,5.7,11.1,8.3,23.3,17.8,15,10.9,75,165,107,15,-168,-58,77,71,100,71,146,107,249,161,116,159,885,902,998,950,1034,1005,894,1042,1090,1241,1305,1287,1071,906,773,1451
Tennessee,Union County,47173,5.7,9.1,-0.4,-0.7,-15.3,-13.5,5.1,9.7,-0.1,3.7,5.9,14.6,13.9,25.8,8.3,-12,71,108,-5,-9,-205,-164,54,105,-1,55,84,166,148,199,54,-128,1236,1187,1230,1230,1338,1218,1061,1082,1347,1474,1421,1130,1062,769,652,1060
Tennessee,Van Buren County,47175,-5.8,18.5,-2.8,-7.1,-31.1,-32.5,-4.8,5.7,6.6,1.1,13.6,17.5,20.8,21.6,11.8,-18.7,-18,52,-9,-26,-109,-118,-17,19,21,4,55,68,78,60,26,-78,309,283,337,363,352,363,350,335,317,398,405,391,378,281,225,415
Tennessee,Warren County,47177,3.1,3.8,3.4,-4.4,-16.7,-6.1,3.7,1.7,-0.2,2.1,3.9,3.9,5.2,14,11.1,1.4,81,106,89,-114,-429,-153,91,46,-6,61,109,98,119,234,149,38,2606,2753,2607,2603,2559,2486,2462,2642,2704,2813,2751,2473,2262,1669,1338,2539
Tennessee,Washington County,47179,2.4,6.8,7.4,26.7,65.4,16.9,-8.6,4.9,6.3,10.3,10.2,10.9,17.4,19.4,17.4,14.4,163,443,489,1734,4000,1164,-709,387,480,823,814,793,1120,969,661,1031,6703,6505,6542,6484,6114,6873,8196,7788,7607,7961,7903,7239,6426,4992,3787,7157
Tennessee,Wayne County,47181,3.7,4.6,8.5,3,-0.4,10.1,9.4,-8.4,-4.4,-3.6,0.5,0.4,8.8,10.3,-0.1,-2.4,31,38,75,31,-5,105,106,-108,-59,-50,6,4,87,77,-1,-29,837,829,880,1026,1033,1036,1118,1274,1350,1378,1240,1080,994,751,697,1177
Tennessee,Weakley County,47183,9.3,3.2,-3,49.5,101.2,-35.2,-52.5,-13.3,-4.9,2.9,0,1.1,7.6,7.7,3.7,2,166,58,-63,1040,2075,-1094,-1950,-291,-108,66,0,24,143,112,46,49,1774,1818,2090,2100,2050,3102,3708,2188,2194,2244,2262,2149,1877,1456,1221,2415
Tennessee,White County,47185,-0.6,8.5,16.4,8.4,-11.9,-7.3,16.5,18.6,11.2,14.4,10.6,19.3,22.9,24.3,17.6,21.3,-10,127,237,124,-186,-110,204,252,173,237,176,295,322,276,169,344,1561,1493,1441,1472,1564,1497,1233,1352,1546,1648,1665,1526,1405,1134,958,1608
Tennessee,Williamson County,47187,24.3,77.5,70.9,19.7,-38.1,-11.4,106.7,105.5,79,42.2,18,6.6,7.5,12.6,16.5,66.7,2490,6918,6740,2124,-4193,-1023,5345,7142,6816,4820,2300,755,682,702,582,2913,10236,8920,9501,10781,10996,8930,5006,6764,8624,11397,12737,11348,9023,5571,3524,4362
Tennessee,Wilson County,47189,8.5,28.6,33.6,13,-17.1,2.3,56.5,54.5,33.5,21.4,16.7,13.7,17.9,18.9,15.9,30.4,594,1805,2103,860,-1153,138,2568,2959,2192,1695,1268,910,1023,801,482,1217,6942,6310,6253,6606,6714,5923,4537,5426,6543,7912,7575,6609,5697,4228,3021,3998
Texas,State Total,48000,2.1,5.8,10.9,11.6,14.3,18.2,15.9,12.4,8.6,6,5,4.2,6.7,8.3,8.1,2.2,42247,107425,186389,194232,230133,292737,245829,197736,135707,100868,80255,58361,73259,65481,46464,24807,1985952,1848674,1695493,1673673,1602835,1602864,1544037,1591770,1575610,1675924,1598562,1359890,1088351,780040,570257,1099575
Texas,Anderson County,48001,-0.9,0,0.1,-0.6,11.8,41.5,27.8,-2,-9.4,-9.2,-7.7,1.7,16.2,29.9,17.5,1.2,-31,1,5,-18,375,1328,1083,-102,-507,-509,-376,65,415,554,259,39,3293,3292,3150,3086,3177,3200,3895,4929,5375,5525,4853,3713,2560,1854,1479,3100
Texas,Andrews County,48003,16.6,19.4,18,7.8,-18.4,-14.8,43.3,27.9,17,8.9,0.9,-0.2,2.8,-4.8,-3.8,-4.7,184,199,179,81,-227,-184,285,192,134,90,9,-1,17,-24,-16,-38,1111,1026,993,1032,1237,1241,659,687,788,1013,1054,841,631,507,422,801
Texas,Angelina County,48005,5.6,2.3,2.8,0,-9.2,-7.4,2.7,3,1.7,2.7,1.5,4.8,6.9,13.4,7,7,362,151,180,0,-559,-446,148,164,97,156,90,248,297,429,185,352,6437,6352,6369,6157,6067,5984,5327,5407,5515,5757,5800,5093,4253,3193,2622,4972
Texas,Aransas County,48007,-4.7,-5.8,0.3,-8.4,-34.7,-32.5,13.2,16,8.3,14.6,14,26.9,39.4,52.1,27.6,-12.8,-61,-73,4,-125,-552,-489,114,154,93,205,216,386,556,647,312,-330,1309,1251,1279,1494,1590,1502,870,964,1127,1406,1540,1436,1411,1241,1129,2559
Texas,Archer County,48009,14.8,21.4,22.7,-3.5,-41.1,-44.5,14.9,30.7,22.5,10.7,2.9,1.5,6.7,12.8,5,-18.2,63,104,131,-24,-304,-310,59,121,106,77,23,9,33,52,17,-135,424,486,575,686,739,697,395,395,473,726,776,629,495,409,351,739
Texas,Armstrong County,48011,-8.1,-8.2,-10.2,-7.9,-66.2,-37.7,30.3,-9.3,-6.1,-14.1,-4.9,-5.8,28.1,6.5,12.8,-20.6,-9,-9,-12,-11,-119,-55,25,-9,-7,-19,-8,-9,32,7,11,-46,120,120,121,146,180,146,85,98,118,136,170,154,116,108,87,223
Texas,Atascosa County,48013,7.9,12.9,13.9,0.9,-25.3,-21.1,15.8,19.3,10.7,13.9,11.5,16,21.3,24.2,20.2,14.1,261,418,464,31,-886,-692,358,461,279,396,317,400,450,366,228,304,3281,3220,3338,3392,3497,3281,2267,2387,2612,2848,2758,2491,2105,1512,1130,2141
Texas,Austin County,48015,2.9,13.6,26.9,13.2,-21.8,-17,28.8,38.5,28.4,25.3,25.6,24.9,26.3,33,25.5,20.7,55,231,438,231,-397,-310,355,469,391,423,471,417,364,371,195,332,1882,1690,1625,1750,1818,1824,1232,1218,1379,1671,1838,1668,1384,1123,763,1603
Texas,Bailey County,48017,-0.1,4.1,0.9,-2.1,-18,-10,23.9,11.1,5.9,-3,-0.9,0.3,-12.2,8.2,1.4,-19.3,0,25,5,-11,-101,-55,85,40,23,-13,-4,1,-42,22,3,-113,726,627,554,543,560,550,358,364,388,435,449,399,346,277,229,583
Texas,Bandera County,48019,7.7,9.1,21.3,6,-47.6,-35.4,33.2,37,27,35,37.9,41,51.5,49.4,19.2,-10.7,68,88,215,68,-678,-420,204,263,262,457,544,545,603,499,161,-189,890,968,1008,1127,1423,1187,613,711,971,1307,1433,1327,1171,1008,842,1759
Texas,Bastrop County,48021,9.1,23,26.4,13.9,-14.4,1.8,60.1,34.9,25,22.1,19,23.2,29.3,28.1,28,9.9,441,1029,1202,623,-658,76,1736,1322,1039,1092,942,982,1022,644,452,310,4834,4463,4548,4483,4551,4065,2889,3781,4151,4923,4959,4230,3481,2292,1616,3124
Texas,Baylor County,48023,9.3,-6.4,0.4,-21.6,-47.8,-31.6,33.2,17.5,7.1,1.7,11.2,6,-13.3,27,14.3,-13.8,20,-14,1,-56,-150,-83,44,24,13,4,30,14,-34,58,25,-72,216,230,204,260,313,263,135,139,196,254,270,235,257,214,180,520
Texas,Bee County,48025,0.3,5.1,-6.3,5.5,20.4,13.3,-20.5,-31.1,-21.3,-8.8,-4.5,-9.2,12.4,1,1.8,-20.2,6,96,-129,113,441,330,-662,-1107,-638,-246,-107,-187,160,11,14,-392,2051,1884,2050,2054,2161,2481,3225,3551,2987,2770,2360,2023,1292,1051,798,1939
Texas,Bell County,48027,-2.7,-7.3,1.1,11.6,70.6,69.6,-1.6,-6.7,0.7,5.1,9.4,10.7,17.7,18.8,18.9,13.9,-843,-1977,245,2276,12509,12475,-400,-1482,138,960,1558,1402,1837,1370,1003,1457,30448,26749,21986,19604,17716,17914,23748,22026,18695,18528,16435,13056,10378,7259,5288,10447
Texas,Bexar County,48029,3.8,8.3,11.3,16.6,25,26.4,17.3,12,9.9,8.2,7,5.1,6.8,6.9,7.1,0.8,5098,10206,13034,18835,27019,28606,18185,12910,10377,9163,7185,4617,5043,3559,2699,645,132867,122379,115082,113137,107766,108135,104538,107491,104043,111202,102373,89503,73519,51588,37951,78738
Texas,Blanco County,48031,10.6,22.6,32.8,10.6,-30.7,-18.7,43,54.9,22.9,42.3,38.1,46.4,51.6,44,30.1,13,55,115,176,58,-186,-102,137,216,112,241,244,304,302,208,103,88,519,510,535,546,604,545,318,392,490,571,641,656,586,474,344,674
Texas,Borden County,48033,54.8,115.7,74.6,0.6,-55.1,-66.2,7.8,30,2.9,-0.6,-33.2,-12.4,41.4,-7.8,-22.7,-40.4,10,17,20,0,-33,-43,2,8,1,0,-23,-5,15,-3,-9,-40,18,15,28,43,60,65,28,26,42,57,71,45,36,42,43,99
Texas,Bosque County,48035,6.1,11.3,19,6.1,-37.7,-23.9,22.3,27.8,15.2,12.3,17.1,23.2,32.6,30.2,28.6,-1.6,60,114,195,69,-478,-273,154,204,143,137,205,238,331,287,209,-27,998,1016,1024,1118,1268,1141,688,733,944,1115,1196,1025,1014,951,731,1658
Texas,Bowie County,48037,2.5,11.3,5.8,-0.1,-8.2,-0.2,7,-0.2,-0.4,-3.4,-1.9,-2.4,2.8,3.1,12.9,2.5,154,644,349,-9,-510,-17,419,-12,-24,-245,-132,-142,144,122,338,149,5978,5660,5947,6297,6202,6195,5952,6221,6092,7036,6658,5931,5091,3891,2616,5892
Texas,Brazoria County,48039,7,18.2,20.9,12.7,-6.6,18,62.6,50.1,27.1,12.6,6.1,5.3,7.2,10,10.3,10.7,1703,3835,4075,2494,-1256,3274,8766,8181,4993,2703,1319,942,960,942,677,1175,24112,20982,19473,19499,18962,18165,14002,16303,18383,21362,21509,17659,13290,9423,6524,10981
Texas,Brazos County,48041,2.2,0,1.3,157.3,404.3,-7.3,-64.4,-18.6,-5.3,5.7,7.3,6.8,11,11.2,16.6,23.2,289,9,136,14205,34361,-1411,-22454,-2325,-513,502,614,482,601,447,465,1183,12787,11347,9882,9027,8496,19275,34830,12493,9677,8762,8383,6999,5440,3987,2792,5086
Texas,Brewster County,48043,-3.4,-6.4,4.9,-12.7,29.2,-12.8,-41.6,-14.6,11.9,32.5,6.7,20.1,25.6,22.4,4.4,-15.8,-20,-36,25,-70,154,-103,-374,-87,55,154,42,120,143,91,16,-121,591,571,503,547,526,805,898,597,463,473,629,598,558,406,365,764
Texas,Briscoe County,48045,-9.6,-10.6,-13.3,-22.5,-54.5,-50.1,40.1,20.1,-4.4,3.3,9.9,-12.1,19.6,23.7,5.3,-11,-11,-10,-15,-28,-82,-68,27,15,-3,4,9,-14,21,18,4,-22,119,102,118,127,150,136,67,75,86,126,99,121,111,76,77,200
Texas,Brooks County,48047,-7.2,-20.1,-23.3,-20.5,-31.1,-38.2,-27.8,-15.9,-14.2,-5.4,-5.8,-1.7,8.9,3.1,-2.1,-17.1,-51,-134,-162,-145,-217,-266,-126,-64,-60,-28,-30,-8,36,10,-6,-115,714,665,694,706,697,697,454,404,421,518,518,486,405,343,321,671
Texas,Brown County,48049,2.4,4.4,6.3,7.8,-15.3,-34.4,-14.1,8.9,6.1,5.4,7,5.2,17.7,28.4,13.5,-1.3,58,108,153,196,-426,-1135,-352,180,128,135,175,122,371,462,188,-38,2412,2460,2429,2510,2786,3297,2495,2016,2073,2495,2499,2323,2098,1624,1393,2920
Texas,Burleson County,48051,8.9,0.5,0.8,-6.7,-32.2,-28.7,-2.1,12.1,10.6,13.9,12.5,16,21.5,20.7,10.3,-7.8,91,6,9,-79,-415,-363,-18,101,106,156,154,176,202,143,66,-123,1030,1119,1141,1185,1285,1261,848,838,996,1126,1236,1098,942,692,635,1574
Texas,Burnet County,48053,2.1,18.4,25.9,22,-13.4,0.9,42.5,40.5,27.8,24.7,25.8,37.8,51.6,48.5,33,0.7,54,438,596,483,-321,22,664,679,530,622,665,842,1032,812,484,26,2557,2383,2301,2193,2398,2301,1564,1675,1907,2516,2577,2225,1998,1673,1466,3416
Texas,Caldwell County,48055,11.5,3.8,12.6,37,16.1,-2.3,22.5,10.4,6.2,4.1,7.3,10.5,6.3,18,9.2,-3.1,286,101,312,918,417,-56,429,235,144,104,182,223,114,211,88,-66,2480,2637,2466,2477,2575,2469,1903,2255,2327,2523,2479,2119,1810,1172,951,2126
Texas,Calhoun County,48057,6,-2.4,-5.6,-5.3,-24.2,-13.3,0.2,-3.6,3.6,2,1.6,9.9,6.1,6.7,4.7,-8.3,91,-39,-95,-91,-386,-197,2,-45,47,31,24,127,69,64,35,-129,1522,1581,1684,1730,1593,1482,1202,1233,1318,1537,1507,1285,1131,952,744,1547
Texas,Callahan County,48059,9.6,40.3,31,-1.7,-40.7,-29,37.6,33.1,12.8,7.8,11.8,9.2,20.7,20.5,14.1,-12.6,70,264,225,-15,-442,-289,196,177,91,74,110,82,156,124,82,-152,733,655,726,858,1087,996,523,535,707,953,933,897,754,606,578,1206
Texas,Cameron County,48061,-6.8,-7.6,12.8,8.6,-10.9,-9.1,10.1,14.6,10.4,7.6,7.7,7,13.6,21.3,16.3,-16.2,-2818,-3234,4301,2820,-3340,-2697,2453,3550,2398,1708,1639,1339,2086,2372,1553,-3928,41249,42348,33358,32764,30421,29522,24231,24252,22900,22478,21051,18939,15309,11133,9514,24132
Texas,Camp County,48063,-1.9,0.8,8.5,0.6,-20.6,-9.5,14.1,-1.7,-0.2,6.3,12.1,24.1,20.6,23.2,10.1,-4.8,-19,8,75,5,-179,-75,93,-11,-1,49,87,165,131,112,48,-44,960,935,881,869,869,789,658,683,681,784,723,681,635,482,478,902
Texas,Carson County,48065,11.1,19.4,17.4,-17,-56,-41.5,26.3,16.6,16.8,-8.6,-7.7,0.2,4.4,-3.5,-1.7,-11.1,37,74,72,-81,-314,-214,65,51,54,-43,-42,1,16,-10,-4,-63,337,382,411,479,561,516,246,307,321,501,546,473,357,289,274,566
Texas,Cass County,48067,2.1,15.2,8.5,-4.7,-31.7,-30.3,7.8,13.8,12.9,6,11.7,7.5,10.6,16.5,13,-6.1,38,254,162,-97,-690,-674,116,211,214,122,240,149,200,264,160,-164,1801,1669,1895,2064,2176,2225,1487,1524,1651,2024,2049,1964,1883,1599,1226,2685
Texas,Castro County,48069,1.8,9.1,-5.4,-16.4,-40.7,-36.1,3.5,7,-4.1,-3.9,-7.2,-4,-11.1,-15.3,-2.8,-15.5,13,60,-40,-121,-318,-280,17,30,-19,-21,-39,-22,-45,-55,-7,-96,728,665,740,736,781,774,481,429,473,548,551,563,406,361,252,617
Texas,Chambers County,48071,17.4,69.3,62,29.8,-16.5,-5.5,73.1,81,46.9,26.1,16.2,7.1,15,4.6,9.7,5.8,377,1139,1147,641,-353,-117,978,1166,858,548,368,152,242,53,68,71,2162,1644,1850,2149,2138,2124,1337,1439,1828,2100,2262,2140,1606,1155,709,1208
Texas,Cherokee County,48073,1.3,3.8,7.1,10.3,-8.2,-12.7,6.3,10.2,-0.9,4.2,5,12.4,20.4,19.7,14.4,-7,52,140,242,357,-281,-438,184,295,-27,139,167,363,495,392,226,-257,3743,3619,3404,3447,3403,3434,2908,2875,3091,3276,3298,2928,2422,1984,1571,3635
Texas,Childress County,48075,-9.1,-3.6,-6.8,-4.9,41.2,31.5,-13.9,-14.9,-34.6,-40.5,-31.4,-14.4,-4.2,0,-0.3,-14.6,-44,-15,-31,-22,183,191,-94,-76,-197,-283,-186,-66,-13,0,0,-89,487,416,457,458,444,607,681,511,570,698,595,462,321,312,226,607
Texas,Clay County,48077,16.8,37.2,10.3,-1.5,-49.6,-38.7,28.7,14.2,12.3,0.9,3.1,13.7,6.5,5.5,-1,-25.4,89,172,68,-11,-414,-304,127,70,74,8,27,106,44,33,-4,-267,531,463,663,731,835,785,443,493,602,862,882,776,680,602,489,1049
Texas,Cochran County,48079,-15.2,-9.6,-2.4,-6.9,-47.6,-48.6,-12.8,-9.6,-17.7,-15.8,-16.6,-15.6,-2.5,-13.8,-13.2,-38.7,-47,-26,-6,-20,-175,-186,-21,-15,-39,-44,-41,-34,-4,-21,-21,-121,310,275,255,294,368,383,169,164,222,280,251,220,164,153,161,312
Texas,Coke County,48081,16.5,25.3,19.1,-21.3,-50.2,-65.2,16.1,10.2,-0.5,17.2,-2.3,5.1,14.7,33,6.9,-24.3,24,39,33,-51,-120,-288,19,11,-1,38,-5,11,29,64,13,-123,148,155,172,242,240,442,122,116,186,224,237,232,198,194,200,505
Texas,Coleman County,48083,-5.3,5.9,8.3,-11.1,-43.1,-36,2.9,22.5,10.1,6.9,15.3,22,36,18,19,-15.6,-29,31,45,-64,-283,-215,11,93,44,39,93,114,180,87,75,-162,550,526,550,583,656,596,387,417,436,570,608,521,501,486,397,1033
Texas,Collin County,48085,12.8,38.4,46.1,25.9,6,70.2,132.7,73.1,42,24.9,16.6,16,18.4,21.1,34.4,85.1,6927,18536,20286,10840,2235,21188,33974,29339,19797,13150,7599,5716,5299,4028,3815,9935,53956,48220,43953,41844,36755,30159,25600,40133,47093,52611,45522,35521,28784,19070,11063,11669
Texas,Collingsworth County,48087,4,18.5,19.9,-9.7,-40.5,-30.1,52,16.1,-1.9,-1.2,4.6,-7.6,-4.6,11.7,-5.3,-17.6,10,34,39,-22,-104,-77,60,21,-3,-2,9,-16,-7,15,-6,-61,258,185,195,228,257,257,117,130,169,213,196,211,170,133,113,346
Texas,Colorado County,48089,1.3,4.7,10.7,0.1,-35.5,-36.7,-2.1,7.4,10.8,11.7,14.3,16,26.5,24.3,18.6,-3.1,18,61,137,2,-555,-628,-22,70,114,155,206,218,285,228,147,-62,1375,1281,1274,1400,1562,1712,1068,956,1059,1320,1438,1357,1078,938,791,1968
Texas,Comal County,48091,1.6,27.9,51.4,31.2,-15.6,2.3,54.3,59.8,56,46,40.3,41.2,52,49,32.1,11.7,102,1576,2599,1682,-947,126,1933,2478,2627,2742,2554,2433,2606,1874,987,736,6390,5636,5054,5378,6061,5321,3557,4137,4683,5957,6331,5901,5006,3818,3073,6241
Texas,Comanche County,48093,3.5,6.9,4.3,-2.3,-35.8,-28.8,-0.5,7.2,11.3,8,15.2,16.2,19.2,20.4,9.5,-15.2,33,56,39,-22,-389,-258,-3,50,88,72,125,123,151,153,64,-226,949,817,916,960,1088,897,671,692,780,892,822,760,787,749,678,1480
Texas,Concho County,48095,13.7,13.3,11.1,-7.5,15.3,69.3,2.4,-8,-0.3,6.7,-10.6,-3.7,28.4,8.5,0.5,-26.5,20,19,16,-12,26,154,8,-35,-1,25,-32,-9,54,15,0,-79,148,145,150,172,174,222,340,435,433,384,301,265,190,176,144,298
Texas,Cooke County,48097,-0.2,3.4,5.2,8.8,-20.7,-27,2.9,5.6,7.3,5.9,8,12.6,15,15.1,9.8,-4,-8,90,132,237,-587,-813,58,114,157,149,208,296,308,246,132,-115,2805,2580,2530,2673,2832,3010,1998,2012,2130,2499,2599,2348,2045,1627,1350,2807
Texas,Coryell County,48099,37.7,33.3,-11.9,-17.5,46.8,30.5,-38.9,-27.2,-28,-30.5,-22.4,-11.5,0.5,5,7.7,0,1903,1520,-731,-1013,2434,1781,-4039,-2136,-1995,-2138,-1182,-415,13,95,106,1,5042,4560,6112,5774,5194,5825,10379,7845,7109,7004,5267,3592,2493,1882,1369,2186
Texas,Cottle County,48101,-0.3,10.8,-2.5,-23.2,-62.1,-43.4,-19.8,-0.5,-8.5,-9.9,-17.7,-0.1,2.5,14.1,11.4,-46.4,0,11,-2,-27,-89,-48,-16,0,-7,-13,-20,0,2,13,8,-143,82,104,100,119,143,112,83,61,86,132,117,118,101,92,75,308
Texas,Crane County,48103,19.7,38.6,12.8,9.1,-30.3,-28.5,38,43.6,12.5,24.3,3.8,-4.4,-13.3,-10.1,-4.8,16.2,58,98,41,32,-109,-110,65,79,34,69,11,-11,-32,-17,-6,30,297,256,321,348,359,385,173,183,277,284,308,266,241,167,127,185
Texas,Crockett County,48105,-4.6,3.8,-10.7,-16.9,-56.3,-33,28.8,3.2,1.1,-11.6,-10.4,-12.6,-13.6,-15,-20.2,-16.1,-15,10,-30,-52,-204,-112,50,7,2,-33,-36,-39,-33,-34,-31,-44,330,265,284,309,362,341,174,219,225,287,348,314,244,225,153,273
Texas,Crosby County,48107,13.7,-14.3,-20.7,-22.6,-52.9,-46.2,-10.6,-19.7,-16.9,-8.4,-8,0.1,-9,-4.5,-0.1,-19.1,64,-78,-119,-140,-324,-268,-43,-82,-69,-32,-38,0,-32,-15,0,-114,470,544,576,617,612,579,408,415,411,389,476,374,353,340,246,595
Texas,Culberson County,48109,5,-9.9,-21.1,-31.4,-44,-55.1,-12.9,-23.5,-22,-15.1,-12.5,-15,-18.9,-15,-32.2,-31.6,9,-20,-49,-84,-117,-155,-18,-44,-43,-30,-23,-28,-33,-20,-40,-70,182,204,234,269,266,281,142,187,196,199,187,190,178,137,126,221
Texas,Dallam County,48111,11.5,14.5,-7.1,-16.6,-12.9,8,15.9,4.9,2.6,-1.1,4.3,-8.4,6.9,-5.1,-12.2,-23.5,67,71,-39,-97,-66,39,59,23,11,-5,16,-35,20,-12,-21,-75,588,491,553,587,516,483,372,468,440,489,374,419,290,235,179,318
Texas,Dallas County,48113,-4.7,-11.8,-8.8,-5.5,6.8,28.5,9.7,-11.9,-14.6,-12.3,-9.7,-10.7,-11.3,-12.6,-11,-7.9,-10242,-25017,-16830,-9917,11121,45088,16890,-24601,-28673,-23581,-16505,-14955,-12562,-9892,-5980,-7813,213598,211294,190233,177958,162319,157887,173868,205918,195733,190687,170139,139294,110591,77976,53927,98597
Texas,Dawson County,48115,3.5,-3.7,-9.4,-11.8,-1.6,19.6,9.3,-10.8,-36.8,-29.9,-26.7,-17.2,-30.8,-2.6,3.9,-18.8,38,-36,-93,-119,-17,224,89,-108,-450,-397,-300,-153,-273,-14,17,-219,1079,974,987,1010,1104,1145,959,1004,1223,1323,1121,892,884,539,433,1164
Texas,Deaf Smith County,48117,8.2,2.2,-4.2,-11.1,-25.7,-16.1,8.7,-0.1,-0.7,-3.9,-0.5,-2.3,-10.7,-6.6,-13.7,-14.1,149,39,-75,-197,-435,-256,105,-1,-8,-47,-5,-25,-95,-44,-83,-175,1814,1749,1747,1774,1693,1590,1214,1157,1185,1230,1165,1094,889,670,605,1239
Texas,Delta County,48119,9.8,0.2,8.8,-8.2,-31.8,-36.1,-1.8,-5.1,12.2,-11.4,24.9,23.9,25.5,12.7,18.5,-6.9,28,0,27,-32,-126,-147,-4,-15,35,-45,85,66,77,38,43,-31,290,297,309,390,397,408,249,298,288,392,343,276,301,298,234,445
Texas,Denton County,48121,11.9,30.7,37.6,37.1,60.4,63,43.1,45.5,33.4,21.5,14.6,12.8,15.1,21.3,28.3,79.2,5540,12675,13826,12796,19196,19445,15283,17405,13272,9271,5570,3744,3543,3148,2435,7421,46180,41272,36741,34485,31751,30838,35413,38206,39656,43117,37907,29100,23379,14724,8578,9369
Texas,DeWitt County,48123,3.6,6.3,10.3,-3.3,-34.9,-19.9,28.6,23.8,9.3,-6.2,-0.5,-0.4,14.3,11,11.3,-0.6,46,73,118,-43,-498,-276,262,233,114,-101,-8,-6,159,99,82,-12,1258,1150,1141,1277,1423,1386,915,977,1219,1636,1579,1431,1112,896,724,1860
Texas,Dickens County,48125,20.1,19.8,6.5,4,-18,8.2,-26.6,-26,-36.6,-23.4,6.7,-10.5,10.3,16.7,3.3,-29.4,23,25,8,5,-27,12,-66,-57,-72,-51,12,-18,13,22,3,-85,115,127,121,129,153,148,248,219,198,220,188,172,131,132,114,289
Texas,Dimmit County,48127,-2.2,-1.8,-9.8,-17.3,-37.7,-41.4,-6.3,-10.7,-1,-2,-0.6,6.2,1.4,6,-1.1,-8.9,-20,-15,-87,-170,-369,-368,-37,-66,-6,-13,-4,37,8,24,-3,-67,896,867,891,979,980,891,592,617,626,669,638,597,613,399,315,747
Texas,Donley County,48129,3.9,8.6,6.3,61,-12.1,-39.1,-20.7,4.5,11,14.4,3.9,-4,18.2,12,-4.2,-22.2,7,14,11,151,-31,-126,-43,7,18,30,9,-9,37,23,-8,-103,201,172,188,247,259,324,209,162,164,211,234,241,203,191,205,463
Texas,Duval County,48131,-3.8,-14.1,-15.7,-13.2,-28.9,-34.7,-19.1,-22.7,-3.3,-8.8,-12,-12.7,-5.3,8.1,3,-19,-35,-136,-160,-141,-321,-382,-163,-206,-24,-85,-107,-97,-36,45,13,-199,939,970,1016,1066,1113,1101,855,907,727,964,895,764,681,550,436,1044
Texas,Eastland County,48133,6.7,6.3,4.6,34.4,-9.2,-37.4,-4.5,9.1,6.8,15.6,15.2,11.8,23.5,21.8,11.8,-6.6,73,68,52,392,-108,-600,-44,71,60,170,185,127,237,191,95,-121,1084,1083,1112,1139,1172,1602,984,777,879,1085,1213,1079,1006,873,804,1815
Texas,Ector County,48135,-0.1,2.6,2.4,2.1,8.2,3.1,8.6,9.3,5.5,3.5,1.1,-2.4,-1.7,0.4,-2.1,-6.5,-25,291,249,219,841,337,734,736,421,312,107,-196,-107,20,-74,-437,12815,11159,10106,10292,10171,10592,8498,7876,7613,8786,9137,7891,6026,4237,3419,6704
Texas,Edwards County,48137,-8.9,15.8,-22.2,-35.8,-47.9,-44,-3.4,-3.1,19,-8.1,-2,30.1,28.2,33.8,-21.1,-28.6,-11,18,-28,-68,-89,-69,-3,-2,16,-13,-3,42,34,41,-26,-70,132,114,129,190,186,157,87,94,87,166,147,142,122,122,123,244
Texas,Ellis County,48139,7.2,28.3,45.4,29.5,-9.5,-2.2,38.8,52,39.7,24.4,19.1,16.6,18.4,20,20.6,27.3,774,2659,3994,2715,-952,-207,2633,3585,3022,2223,1744,1290,1150,881,621,1272,10654,9395,8778,9180,9949,9345,6781,6883,7600,9085,9129,7751,6248,4397,3004,4654
Texas,El Paso County,48141,-2.1,-4.7,9.6,9.4,6.3,1.1,2.1,8.1,7.1,3.1,2.3,1.6,2.2,5.1,5.9,-2.1,-1515,-3370,5956,5960,3768,688,1091,4161,3482,1643,1170,682,747,1186,1106,-844,70542,70816,61925,63366,59147,57778,50378,51015,48651,51611,49433,41044,32569,23138,18719,38769
Texas,Erath County,48143,-0.1,8.6,0.8,62,122.7,-10,-47.3,-5.7,0.2,10.9,7.3,8.5,15,21.4,15.1,4.7,-2,189,18,1375,2875,-298,-1855,-124,4,233,155,158,241,258,140,100,2503,2182,2215,2217,2342,2975,3921,2150,2027,2138,2109,1849,1606,1207,925,2104
Texas,Falls County,48145,17.2,6.8,-7.9,-15.7,-19.4,-26.4,25.9,-1.3,2.4,8.7,-1.2,4.3,14.1,8.5,6.2,-15.6,164,68,-91,-212,-293,-436,231,-15,29,109,-16,49,121,66,38,-250,954,991,1159,1351,1511,1653,893,1128,1203,1253,1304,1131,856,777,625,1598
Texas,Fannin County,48147,0.6,15.8,12.1,5.9,-5.1,1.9,3.9,9,7,2.3,10.9,11.2,20.4,27.7,20.6,29.6,13,286,227,121,-106,41,78,172,149,58,252,217,356,385,236,585,2037,1815,1875,2040,2064,2086,1955,1898,2119,2492,2302,1939,1742,1391,1143,1976
Texas,Fayette County,48149,10.8,15,29.3,4.7,-30.1,-21.3,24.7,33.4,27,25.8,21.2,26.5,36.4,51.4,35.4,8.3,140,192,359,67,-441,-322,234,306,282,382,334,407,458,504,322,193,1299,1279,1223,1407,1466,1512,947,917,1044,1482,1576,1534,1257,979,910,2320
Texas,Fisher County,48151,17.3,35.8,-8.2,6.5,-46.4,-36,-1.6,27.2,8.1,1.2,-4.5,2.2,14.2,6.4,12.1,-22.7,34,58,-21,19,-140,-107,-2,51,16,3,-14,6,33,13,25,-126,196,164,258,294,303,298,159,187,203,273,323,274,231,204,208,553
Texas,Floyd County,48153,6.5,-6.8,-21.1,-27.7,-53.1,-44.6,-9.5,-16.9,-20.1,-19.2,-9.9,-15.5,-10.4,-7.9,0,-16.8,32,-37,-141,-186,-363,-280,-35,-73,-93,-100,-47,-78,-36,-26,0,-116,492,550,668,671,683,628,374,429,466,523,474,506,344,329,261,688
Texas,Foard County,48155,-16.2,8,-19.5,-21.2,-47.5,-45.6,-16,-22.7,5.2,13.3,0.2,-15.2,12,5.9,1.9,-34.9,-11,5,-18,-27,-55,-51,-9,-18,4,13,0,-15,9,4,1,-81,70,72,95,127,116,113,58,80,81,100,97,99,78,78,79,232
Texas,Fort Bend County,48157,21.7,75.2,77.4,40.7,-7.5,20.9,122.8,131.7,82.7,45.4,28.2,19.5,21.3,24.5,31.6,54.8,8123,21317,22078,13079,-2562,6102,21569,26685,21263,14581,10157,6027,4773,3220,2513,5592,37379,28330,28498,32075,33794,29130,17564,20254,25693,32066,35924,30851,22360,13107,7932,10190
Texas,Franklin County,48159,3.3,41,26.2,7.9,-12.7,-25.2,27.7,11.2,17.1,15.9,14.2,14,37.1,28.9,13.9,-13.7,23,223,146,50,-84,-175,117,56,90,103,90,87,201,132,63,-137,703,545,558,629,666,694,423,499,530,652,637,621,543,458,452,995
Texas,Freestone County,48161,8.6,23.3,24.3,6.2,-23.2,-8.4,15.2,-0.5,24.7,7.5,21,24.6,21.1,24.2,22.9,-4.4,102,250,251,71,-291,-105,172,-6,264,103,257,263,219,207,148,-66,1176,1070,1032,1133,1249,1241,1130,1271,1065,1371,1226,1071,1038,853,644,1474
Texas,Frio County,48163,1.5,-7,-13.3,-2,22.6,36.8,-0.1,-21.4,-14,-12.7,-3.1,-1.9,-1.2,5.9,0.8,-13.3,19,-88,-174,-28,283,448,-2,-321,-181,-153,-33,-16,-10,34,3,-134,1268,1255,1310,1382,1254,1216,1408,1495,1293,1204,1072,887,835,575,446,1005
Texas,Gaines County,48165,16.4,28.3,28.4,14.1,-20.7,-9.8,28.6,18.9,21.8,5.2,0.3,0.2,-6.6,-7.9,-3.5,-19,268,387,356,185,-324,-140,252,158,185,57,3,2,-43,-39,-15,-162,1632,1367,1255,1315,1563,1420,879,837,849,1101,1053,815,656,499,431,852
Texas,Galveston County,48167,2.5,8.6,14.5,8.1,-6.1,6.6,30.3,24.8,17.2,12.3,10.7,7.4,5.7,2.8,2,-0.6,519,1651,2644,1556,-1154,1188,4454,3912,2923,2527,2238,1380,840,303,158,-87,20335,19151,18176,19066,18778,17960,14686,15724,16919,20540,20877,18481,14731,10755,7565,13898
Texas,Garza County,48169,2,-1.5,-0.3,28.1,56.3,108,88.6,14.1,9.2,50.8,29.9,45.1,2.7,2.6,4.5,-11,7,-5,-1,106,239,384,231,46,32,187,97,131,6,5,8,-38,394,333,325,378,425,356,261,327,353,369,325,291,245,198,176,345
Texas,Gillespie County,48171,-3.9,20.7,38.5,12.9,-28.3,-18.9,42.6,43.4,32.9,35.1,33.3,39.9,44.8,47.9,39.7,13.3,-52,236,417,158,-377,-241,311,351,315,428,449,548,591,568,426,386,1343,1139,1085,1224,1331,1275,728,809,958,1219,1348,1372,1317,1187,1070,2894
Texas,Glasscock County,48173,25.8,24.9,-10.1,-23.3,-67.3,-52.3,68.1,27.1,-25.2,-25.1,-17.3,-18.8,-2.2,-28.9,-8.1,-40.2,16,18,-11,-31,-85,-74,34,17,-24,-29,-21,-17,-1,-20,-4,-39,65,73,116,132,126,142,50,63,96,118,121,90,82,70,55,97
Texas,Goliad County,48175,6.2,16.7,13.6,7.6,-47.5,-44,9,29.6,18.4,4.9,16.1,15,34.2,27.4,10.7,-13.8,23,64,56,37,-249,-240,25,89,70,25,82,80,139,93,32,-96,381,384,415,485,524,545,277,302,385,513,509,531,408,342,298,694
Texas,Gonzales County,48177,-3.4,-3.5,6.4,-0.6,-19.6,-19.7,6.1,7.5,9.4,6,12.7,12.6,16.7,13.5,13.2,-22,-57,-57,87,-8,-296,-293,67,80,101,77,164,136,157,102,86,-388,1678,1628,1354,1382,1506,1484,1099,1072,1080,1279,1287,1079,939,761,652,1758
Texas,Gray County,48179,0.4,20.2,1.2,-7.1,-17.7,-9.2,15,8.5,4.9,-1.1,-4.2,-2,-0.2,-4,2.2,-19.5,8,271,16,-109,-266,-153,190,113,70,-19,-72,-28,-3,-41,19,-428,1703,1338,1385,1537,1496,1661,1268,1327,1422,1618,1694,1418,1183,1005,844,2185
Texas,Grayson County,48181,3.4,3.6,11.3,9.1,-3.8,-13.4,0.4,11,11.9,9.8,8.4,9,17.5,18,19.7,2.8,272,284,844,715,-305,-1114,32,719,797,799,708,647,1086,895,714,237,7862,7847,7443,7802,7883,8261,6680,6538,6688,8123,8347,7132,6198,4952,3615,8208
Texas,Gregg County,48183,-3.6,-3.9,1.4,4.4,8.8,2.5,4.1,4.1,2.6,2.1,0.6,0.5,3.7,6,8.6,16,-356,-358,118,372,728,223,315,295,185,173,55,38,215,258,298,1111,9838,9112,8153,8391,8227,8695,7682,7203,7097,8009,8424,7326,5802,4305,3452,6928
Texas,Grimes County,48185,-2.3,5.3,12.3,6.1,-6.5,7.4,36.3,35.9,7.6,8.6,7.3,15,10.8,30.9,0,-17.5,-39,87,184,97,-109,123,432,466,124,168,151,256,154,308,0,-313,1692,1643,1501,1602,1682,1644,1190,1300,1625,1951,2053,1708,1432,996,870,1786
Texas,Guadalupe County,48187,23.2,65.5,57.2,44.5,1.2,9.2,59.7,76.7,64.2,41.4,30.2,24.7,30.9,35.8,32,18.6,1819,4009,3878,3150,88,658,3080,4018,3874,3020,2140,1525,1588,1350,908,998,7836,6115,6771,7065,7335,7124,5158,5236,6030,7288,7078,6170,5136,3766,2830,5344
Texas,Hale County,48189,2.7,-5.4,-10.3,-8.5,-3.5,-21.2,-16,-4.8,-5.2,-12.9,-7,-4.1,-5.6,-7.1,-5.1,-18.6,86,-170,-329,-263,-105,-704,-440,-115,-125,-355,-176,-81,-91,-97,-53,-499,3119,3151,3194,3080,3008,3320,2747,2387,2386,2736,2491,1964,1628,1355,1030,2672
Texas,Hall County,48191,7.7,-4.2,-11,-17.7,-53.4,-40.2,-9.3,2.9,-14,-7.8,-4.3,2.9,12.4,17.8,10.1,-10.8,16,-11,-31,-52,-152,-101,-16,4,-26,-18,-10,5,23,31,17,-43,213,260,287,292,284,252,174,163,190,235,238,200,190,176,176,395
Texas,Hamilton County,48193,-0.9,10.4,12.6,-5.6,-37.2,-19.6,26.3,19.8,8.5,17.6,12.7,20.1,34,35.8,22.9,13.5,-4,45,60,-30,-221,-101,83,73,35,89,66,95,141,153,88,123,490,441,477,532,592,518,317,370,418,507,520,475,414,426,387,907
Texas,Hansford County,48195,3.4,8.3,18,-2.6,-37.2,-23.3,37.9,21.5,5.1,3.3,-2.6,-1.3,-2.7,-9.1,-9.9,-11.5,16,39,68,-12,-161,-101,91,62,16,12,-10,-4,-7,-22,-19,-47,474,469,377,449,433,435,240,290,326,372,397,340,281,244,196,408
Texas,Hardeman County,48197,0.2,13.9,-8.6,-10.2,-49.5,-41.4,-5.5,-1.6,-4.5,1.4,-2.6,-8.2,-2.6,10.6,-8.3,-39.6,0,35,-27,-29,-168,-153,-12,-3,-11,3,-8,-28,-7,24,-17,-231,281,257,319,291,340,369,233,232,245,265,313,338,269,232,210,582
Texas,Hardin County,48199,9.1,22.7,19.3,2.1,-16.5,-15.4,29.7,23.1,17.5,11.7,9.4,6.4,12.5,13.4,14.1,15.8,317,732,668,78,-627,-595,782,635,540,427,358,217,334,292,215,427,3481,3216,3449,3648,3782,3846,2632,2746,3072,3633,3784,3385,2674,2168,1525,2688
Texas,Harris County,48201,1.3,0.3,4.2,4.8,14.9,40.1,28.8,6.2,0.8,-0.1,-0.6,-2.6,-4.4,-5.2,-4,-0.6,4770,1139,12481,13742,39018,100148,73306,18346,2439,-403,-1877,-6010,-8056,-6453,-3304,-832,349717,323971,294078,284907,261699,249489,253894,293911,282680,282857,272787,231084,180096,122676,81518,138212
Texas,Harrison County,48203,11,19.9,13,2.5,-13.2,-21.2,0,16.4,8.2,6.4,3.2,3,6.5,2.5,4,-13.5,485,792,543,115,-643,-1120,3,567,297,292,151,125,238,70,83,-584,4379,3976,4164,4549,4850,5278,3960,3453,3625,4557,4717,4164,3658,2724,2049,4315
Texas,Hartley County,48205,15.2,4.9,22.6,-0.9,-49.2,74.2,185.6,94,0.8,-5.2,-20.4,-36.6,-25.4,-29.9,-16.1,16.5,48,18,74,-2,-165,190,340,288,4,-30,-119,-191,-92,-96,-32,50,315,379,328,307,336,256,183,307,540,583,582,521,364,322,203,302
Texas,Haskell County,48207,2.5,11.4,8,-2.8,-36.3,-27.9,73.8,42.2,24.3,11.6,-2.2,7.1,14.7,22.5,12.2,-20.3,8,36,25,-10,-164,-124,153,96,65,45,-9,27,46,63,29,-170,317,318,314,367,452,446,207,229,268,386,433,387,314,279,240,834
Texas,Hays County,48209,13.1,39.5,70.2,117.5,199.6,16.3,-30.2,49.6,63.9,44.1,34.5,33.8,42.9,49,39.3,45.1,1291,3158,4501,7505,13517,1587,-4443,3478,3816,3140,2502,2200,2128,1565,911,1620,9818,7978,6412,6386,6770,9682,14709,7006,5971,7112,7238,6508,4954,3188,2316,3588
Texas,Hemphill County,48211,1.3,40.2,42.6,16.6,-34.2,-30.1,110.6,49.1,41.4,11.9,-11,-7.8,-5.7,-14.2,-14.2,-5.3,4,93,84,37,-93,-101,137,86,68,28,-28,-21,-12,-25,-17,-13,337,232,198,222,272,338,124,175,166,240,259,275,213,180,119,243
Texas,Henderson County,48213,-3.7,5.2,6.2,5.3,-18.1,-16.2,13.1,16.1,13.4,16,14.2,20,30.6,31.6,15.4,-15.6,-187,246,305,257,-917,-800,480,613,557,756,711,906,1260,1161,507,-1163,5033,4715,4895,4838,5044,4915,3656,3799,4155,4717,4981,4514,4112,3664,3290,7450
Texas,Hidalgo County,48215,-5.7,0.3,20.8,17.5,8.5,11.6,22.1,24.1,18.8,12.6,10.1,9.1,18,29.7,27.1,-8.8,-4858,279,12714,10375,4525,5928,9991,10820,7841,4889,3516,2714,4293,4997,3797,-3148,84786,78644,61094,59052,52656,50772,45148,44769,41522,38648,34763,29820,23802,16813,14009,35606
Texas,Hill County,48217,4,0.5,6.9,4.6,-13.5,-23.7,6.1,11,12,11.7,12.9,18.9,31,28.8,28.3,1,92,13,161,104,-313,-598,106,190,225,249,276,370,544,443,343,30,2297,2386,2307,2221,2318,2521,1721,1734,1875,2127,2132,1959,1751,1538,1208,2806
Texas,Hockley County,48219,2.5,1.8,-3.3,18.3,-6.4,-34.7,-18.4,-1.2,-1.6,-1.9,-2.9,0.9,-3.4,-1.4,-1.9,-13.2,45,32,-57,325,-121,-803,-302,-15,-20,-32,-49,13,-38,-13,-14,-196,1807,1736,1715,1775,1878,2313,1641,1241,1282,1637,1653,1411,1143,910,745,1477
Texas,Hood County,48221,4.5,21.5,25.5,12.7,-18.7,2.3,38.8,39.9,31.1,24.3,26.8,38.9,54.5,53.8,33.7,20.6,131,520,628,337,-537,61,679,753,692,703,829,1068,1362,1229,708,766,2890,2417,2461,2648,2865,2671,1751,1883,2222,2891,3091,2744,2498,2285,2101,3706
Texas,Hopkins County,48223,2.6,12,13.2,6.8,-13.8,-12.5,12.4,7.4,10.2,14.8,8.9,9.7,14.4,14,13.6,0,65,271,286,158,-327,-295,221,151,206,327,202,198,263,210,153,0,2468,2263,2166,2323,2368,2348,1785,2035,2015,2204,2263,2021,1815,1501,1125,2412
Texas,Houston County,48225,0.3,2.8,3.7,5.5,-29.5,-18.2,38,28,9.5,1.2,0.7,-4.7,16.8,27,25.3,2,5,35,47,79,-457,-309,376,334,137,23,14,-81,211,290,217,42,1411,1251,1264,1436,1551,1693,990,1190,1438,1831,1859,1724,1259,1072,858,2050
Texas,Howard County,48227,2.6,-0.2,-1.7,11.6,5.8,4,9.3,-17.6,-13,5.7,20.8,2.1,-4.5,9.4,-0.1,-11.9,61,-5,-37,263,139,97,195,-414,-342,161,547,47,-76,119,-1,-294,2325,2222,2084,2254,2368,2395,2086,2345,2629,2824,2623,2271,1677,1262,1045,2455
Texas,Hudspeth County,48229,19.8,20.1,2.6,-3.9,-46,-36.6,-5.6,-23.5,-4.1,8.4,25.7,18.7,13.8,11.4,6.2,-22.3,42,48,8,-13,-141,-118,-10,-53,-9,19,54,35,24,17,7,-51,216,238,300,331,306,322,187,225,232,236,210,188,174,149,117,228
Texas,Hunt County,48231,6.3,11.2,14,9.8,1.7,-8.4,-4.8,12.2,14.5,13.8,11.8,13.1,16.1,12.1,11,-1.3,356,607,750,556,102,-488,-252,576,710,788,664,629,667,432,301,-66,5585,5421,5353,5627,5902,5767,5221,4704,4882,5687,5596,4800,4129,3556,2725,4956
Texas,Hutchinson County,48233,11,2.9,-5.2,-13.1,-35.4,-31.8,7,4.1,0.9,-4.2,-9.5,-5.1,-9.1,-4.1,-6.3,-20.6,166,46,-90,-230,-655,-643,92,54,11,-65,-178,-89,-116,-39,-51,-412,1502,1591,1704,1753,1846,2019,1304,1302,1208,1537,1881,1732,1278,937,806,2000
Texas,Irion County,48235,29.3,58,16.9,17.7,-60.2,-45.9,29.2,13.5,0.5,-6.6,6.8,-22,13.1,-12.3,-17.3,-41.1,16,33,17,19,-95,-56,15,10,0,-10,9,-27,13,-15,-12,-86,54,57,105,112,159,123,52,74,102,157,140,124,101,123,70,209
Texas,Jack County,48237,-1.5,12.2,19.5,8.3,1.6,-3.5,-8.1,13.1,3.2,-1.6,-6,1.2,10.2,19.4,4.1,-17.8,-7,57,101,45,10,-22,-48,71,19,-12,-43,6,46,69,13,-122,512,469,520,545,623,638,594,546,601,741,707,544,457,357,335,684
Texas,Jackson County,48239,0.8,-4.2,-5.6,-5.7,-33,-27.1,5.3,-1.7,-3.1,-1.5,-1.9,-2.3,3.3,24.7,3.7,-8.7,9,-43,-60,-57,-364,-326,40,-14,-25,-16,-20,-24,25,136,19,-103,1071,1028,1061,1006,1101,1200,749,815,803,1045,1043,1049,746,552,517,1171
Texas,Jasper County,48241,8.9,3.4,-5.1,-7.6,-30,-19.6,4.8,-0.2,-2.1,1.8,5.4,7.6,12.4,16.1,7.8,-11.3,206,85,-128,-195,-793,-518,92,-5,-47,45,136,172,247,256,109,-325,2315,2451,2509,2565,2640,2636,1889,2021,2246,2538,2485,2262,1988,1590,1390,2865
Texas,Jeff Davis County,48243,-1.5,24.8,31.3,49.9,-63.2,-59.9,39.5,-7.9,10.1,-2.7,28.8,32.6,52,62.2,6.4,-18.5,-1,21,29,61,-116,-118,22,-7,10,-5,44,64,80,80,8,-45,95,87,92,123,184,196,56,88,107,182,152,197,154,128,125,242
Texas,Jefferson County,48245,2,-2.8,-7.1,-1.1,6.5,2.2,-2.2,-4.3,-8.2,-4,-3.3,-5.2,-6.1,-5.1,-6.4,-9.7,361,-488,-1270,-211,1189,431,-394,-734,-1429,-787,-660,-887,-820,-480,-488,-1722,17564,16863,17662,18397,18138,18843,17684,16783,17337,19250,19581,16855,13271,9343,7598,17574
Texas,Jim Hogg County,48247,4.6,7.9,-3.1,-21.3,-33.5,-22.2,4.4,8.8,-7,-6.7,-0.7,11.6,13.7,10.8,0.3,-23.1,21,30,-13,-96,-167,-96,13,25,-24,-24,-2,32,41,23,0,-101,470,390,438,452,498,432,300,284,350,359,320,274,299,217,211,436
Texas,Jim Wells County,48249,4.1,0.2,-0.4,-4.9,-25.1,-21.7,1,4.7,-0.3,-1.5,2.7,3.7,7.9,5,1,-11.5,141,8,-13,-168,-880,-729,24,113,-9,-41,77,90,162,76,13,-313,3431,3105,3382,3397,3500,3357,2377,2406,2466,2761,2777,2397,2033,1520,1302,2720
Texas,Johnson County,48251,3.6,19.4,21.1,9,-15.4,-3.9,30.6,25.9,19.5,10.6,7.3,5.4,12.5,13.1,13.6,12.7,398,1896,2058,913,-1620,-396,2248,2086,1730,1106,752,473,891,697,531,763,10814,9774,9737,10042,10491,9990,7331,8043,8872,10433,10204,8649,7120,5304,3882,6006
Texas,Jones County,48253,6.4,11.4,3.1,-8,17.2,-5.8,-2.6,-4.8,13.9,2.4,-18.7,-12.8,20.2,-3.7,-0.5,-21.5,60,105,33,-98,218,-105,-44,-81,191,40,-342,-185,176,-33,-3,-331,930,916,1054,1223,1268,1794,1648,1677,1375,1670,1823,1435,873,883,690,1538
Texas,Karnes County,48255,0.6,-7.2,-5.9,-1.9,16.5,28.4,-10.6,-31.8,-26.8,-15.9,-6.5,1.1,14.8,3.6,8.7,-11.3,5,-63,-51,-17,167,296,-144,-495,-363,-221,-71,9,94,18,39,-133,877,877,874,889,1012,1041,1360,1557,1353,1386,1083,903,637,500,455,1176
Texas,Kaufman County,48257,10.3,42.2,60.4,29.9,-8.6,13.9,85.2,82.3,52.9,34.1,29,29.2,31.3,28.9,21.7,32.9,757,2518,3240,1738,-517,782,3240,3427,2572,1980,1668,1407,1212,849,460,1034,7310,5963,5363,5813,5999,5626,3802,4163,4860,5790,5741,4812,3865,2934,2121,3136
Texas,Kendall County,48259,6.9,39,66.4,30.1,-28.7,-17.8,66.2,79.1,62.3,55.7,36.6,40.1,50.1,49.8,38.1,77.6,119,623,1035,537,-580,-297,588,817,820,1019,731,752,809,622,353,1043,1719,1594,1558,1784,2018,1668,888,1032,1314,1828,1995,1873,1615,1248,926,1344
Texas,Kenedy County,48261,6.9,-35,-20,-15.9,43.9,-27.6,-27.7,-16.2,-7.8,13.6,17.3,45.7,-4.5,-15.2,-18.1,40,1,-11,-7,-5,10,-10,-5,-3,-2,4,4,8,-1,-2,-3,8,26,33,38,35,23,39,21,19,33,29,27,17,35,14,19,20
Texas,Kent County,48263,52.2,86,89.6,8.8,-68,-44.1,59.4,86.6,27.7,3.2,-12.8,-0.2,23.4,-1.3,-27.5,19,13,26,27,3,-46,-26,10,18,9,1,-9,0,12,0,-15,19,26,31,31,42,69,61,17,21,35,51,77,41,55,44,57,100
Texas,Kerr County,48265,-4.5,10.2,16.7,20.1,-12.9,-17.1,13.8,23.9,24.8,24.2,22.9,32.9,58.9,58.6,43.7,2.7,-128,259,404,530,-384,-488,269,437,529,641,656,854,1339,1200,885,160,2842,2537,2420,2634,2972,2851,1953,1824,2133,2640,2861,2589,2273,2047,2021,5902
Texas,Kimble County,48267,-2.3,-0.7,4.6,-5.9,-49,-30.1,32.8,17.5,7.5,12.5,24.7,30.3,40.6,45.2,14.4,-7.5,-5,-1,13,-15,-152,-89,53,36,16,36,67,93,116,102,33,-37,251,243,280,269,311,297,162,208,219,288,271,308,285,225,230,488
Texas,King County,48269,41.6,39.5,4.4,-31.3,-79.3,-56,52.3,16,41.6,-36.8,10.3,-13.6,-51.5,-10.1,-8.1,-35.7,3,5,1,-10,-30,-14,4,2,7,-13,3,-3,-14,-1,0,-10,8,13,24,34,38,25,7,13,19,36,33,24,28,10,10,28
Texas,Kinney County,48271,-1.9,-5.7,3,-4,-14.5,-19.5,48,36.4,19.7,17.6,23.8,32.3,26.7,53,29.6,-27.8,-3,-10,6,-9,-35,-45,56,59,35,31,47,57,52,78,51,-161,205,175,215,238,243,232,118,162,178,176,200,176,197,148,173,578
Texas,Kleberg County,48273,4.8,-7.8,-19.1,32.1,70.6,-7.2,-50.2,-29.2,-22.3,-11.2,-3.4,-4,-5.3,-4,-4.5,-13.5,121,-195,-480,739,1694,-210,-1800,-765,-480,-233,-64,-69,-82,-47,-45,-249,2519,2488,2512,2301,2397,2903,3581,2614,2147,2065,1885,1743,1534,1178,1000,1833
Texas,Knox County,48275,23.4,12,-10,-22.5,-59.5,-28.4,25.3,12.1,-1.4,-17.3,-6.9,0.7,-7.8,16.7,8.1,-16.8,55,28,-28,-68,-225,-86,40,21,-3,-49,-20,1,-16,24,14,-83,236,235,283,304,378,302,158,177,211,285,294,221,215,147,184,494
Texas,Lamar County,48277,0.6,0.4,-1.7,1.9,-13.4,-19.1,1.6,5.5,3.6,3.2,5.2,4.8,14.2,18.1,13.2,-2,21,13,-62,69,-478,-654,43,157,116,109,173,141,373,402,232,-76,3281,3278,3552,3519,3559,3424,2743,2821,3192,3363,3285,2932,2614,2218,1756,3673
Texas,Lamb County,48279,-3,-2.5,-1.5,-8.6,-35.7,-35.5,3.2,-1.1,-0.2,-1.3,1.2,-4.6,-2.9,-2.1,-3.7,-18.4,-37,-29,-17,-101,-430,-446,25,-8,-2,-13,11,-40,-20,-13,-20,-247,1245,1166,1136,1173,1202,1258,777,714,876,975,942,874,675,603,552,1340
Texas,Lampasas County,48281,-7.2,12.5,15,8.2,-33.5,-24.1,16,23.7,20.2,21.7,13.2,15.1,27,23.7,19.4,4.6,-99,144,187,107,-486,-328,141,231,226,285,172,173,261,195,125,57,1379,1143,1249,1305,1449,1356,881,974,1120,1316,1308,1149,966,822,644,1232
Texas,La Salle County,48283,-12.4,-14.5,-11.2,11.2,105.8,47.5,-3.7,-15,5.2,-7.9,-10,-7,13.6,5.1,13.5,-9.1,-62,-67,-51,50,536,244,-15,-58,23,-34,-38,-25,43,14,24,-35,503,466,453,447,506,513,409,390,444,433,383,358,316,285,182,381
Texas,Lavaca County,48285,4.9,5.2,4.8,-4.1,-40.3,-31.6,8.3,18.2,12.8,6.1,6.6,9.8,29.4,19.8,12.8,-5,60,62,56,-50,-553,-435,70,151,124,78,88,128,309,180,104,-108,1219,1178,1175,1200,1372,1374,848,830,970,1285,1324,1294,1050,912,814,2156
Texas,Lee County,48287,9.6,5.4,7.8,21.6,-33.4,-42.4,6.4,11.5,12.5,10.8,11.2,9.1,11.6,23.3,22.4,-0.5,99,57,88,248,-425,-648,56,94,115,122,132,93,96,149,117,-6,1030,1073,1126,1149,1274,1525,867,822,920,1128,1174,1015,825,640,522,1179
Texas,Leon County,48289,6.8,6.4,17.5,6.4,-30.8,-25.5,25.8,29.6,18.7,28.5,17.1,22.9,36,50.7,26.8,-15.6,68,61,157,63,-336,-277,171,197,136,278,188,224,315,399,197,-273,995,942,893,982,1087,1084,666,666,725,973,1097,976,875,786,736,1741
Texas,Liberty County,48291,0,-0.4,6.2,0.7,-9.6,1.1,14.6,2.6,0.2,-0.3,0.6,6.7,8.2,6.6,11.8,1.9,0,-22,325,43,-532,56,655,130,13,-20,34,307,308,185,212,66,5405,5252,5176,5517,5500,5068,4464,4945,5218,5821,5524,4524,3738,2783,1797,3386
Texas,Limestone County,48293,1.7,3.1,2.9,4.1,-5.5,1.1,1.4,1.4,3.1,9.5,10.6,12.9,18.5,29,21,-6.7,28,45,44,63,-89,16,20,20,41,144,158,179,219,277,151,-118,1572,1440,1479,1537,1611,1513,1448,1380,1309,1508,1490,1381,1187,954,720,1756
Texas,Lipscomb County,48295,11.1,21.1,35.1,-2.4,-17.8,0.6,51.7,42.2,12.9,6.5,1.8,4.7,-1.5,-12.9,7.2,-25.1,26,41,69,-5,-42,1,63,53,20,15,4,10,-2,-19,7,-79,240,194,199,230,238,230,122,127,160,240,218,210,171,148,107,314
Texas,Live Oak County,48297,10.7,10.4,7.3,-6.3,-29.5,-16.9,-18.1,-2.6,-9.8,-0.4,-4.7,-10.8,1.3,16.4,-0.2,-26.5,58,60,46,-48,-244,-139,-161,-18,-81,-3,-43,-101,9,100,-1,-348,544,575,627,766,827,824,887,701,822,907,919,936,733,608,534,1310
Texas,Llano County,48299,5.2,16.3,32.3,9.2,-28.6,-3.3,45.8,41.3,42.2,36.9,43.4,62.1,67.8,56,24.7,-16.5,42,121,216,66,-241,-25,223,219,257,316,440,641,776,660,292,-523,813,744,669,718,843,754,486,530,609,854,1012,1030,1145,1178,1183,3161
Texas,Loving County,48301,4.2,0.7,-5,46.3,70.4,-30.3,100.3,-4.1,692.5,1.1,-19.4,85.1,15.7,21.4,-49.5,0,0,0,0,0,4,0,1,0,6,0,-2,6,1,1,-1,0,3,2,2,2,5,2,1,1,1,5,11,8,6,4,3,3
Texas,Lubbock County,48303,2.1,-0.6,-0.7,34.3,104.5,8.9,-36.6,-11.2,-2.1,3.4,4.2,2.1,4.2,4.8,11.3,4.1,444,-122,-136,5945,17532,1916,-10403,-1995,-339,588,700,320,488,415,730,561,20728,19656,18100,17320,16765,21332,28413,17777,15596,16829,16475,14926,11375,8590,6462,13652
Texas,Lynn County,48305,3.7,1.1,-5.7,-20.5,-57.5,-42.1,1.2,-0.9,-3.2,-4,-11.1,0.1,1.8,-1.4,-7.3,-18,16,5,-28,-109,-360,-246,3,-2,-12,-19,-56,0,5,-3,-19,-91,445,458,495,530,627,583,312,313,388,482,511,395,299,277,260,504
Texas,McCulloch County,48307,5.2,11.8,4.3,-8.5,-45.6,-26.5,16.2,20,8,10.1,10.2,10.9,15.7,26.7,12.5,4,27,58,25,-47,-312,-152,54,75,35,50,55,59,80,101,41,30,533,494,577,554,684,573,338,378,438,491,540,545,513,380,329,748
Texas,McLennan County,48309,0.9,2.2,2.5,29.9,47.9,-17.8,-30.3,-1,6.2,3.2,4.6,6.1,7.5,8.7,9.7,0.5,164,364,400,4699,7568,-3577,-6270,-137,788,474,669,789,780,674,596,74,17260,16329,15874,15678,15788,20062,20650,13742,12626,14734,14393,12816,10397,7687,6107,13921
Texas,McMullen County,48311,-42.9,24.8,18.1,-23.9,-56.1,-44.4,-10.3,21.4,22.9,-17.9,-13.3,-8.9,-27.7,-10.1,24,-29.1,-22,6,6,-10,-42,-26,-3,4,8,-11,-10,-5,-15,-5,11,-30,51,26,35,45,76,60,36,20,37,62,76,61,55,58,48,103
Texas,Madison County,48313,-1.3,8.6,16.3,21.5,53,78.2,-23.1,-31,-14,-15.4,-5.5,4.3,16.4,9.9,14.8,-5.2,-11,64,118,158,419,594,-325,-440,-140,-143,-45,30,100,51,63,-46,865,749,727,739,790,759,1403,1417,1001,927,823,709,612,518,431,868
Texas,Marion County,48315,-1.5,-11.9,-6.5,-9.3,-37.7,-31,4.5,6.7,11.6,18,23.9,18.2,37.4,27.4,-4,-23.3,-8,-67,-41,-60,-278,-209,20,31,65,124,177,130,253,156,-26,-278,575,567,636,651,736,675,454,471,556,685,742,715,678,570,639,1193
Texas,Martin County,48317,-0.8,19.3,-3.5,-9.6,-38.5,-28.9,34.9,9,0.1,0,11.2,-2.2,12.7,8.1,-12.8,-19.8,-3,63,-15,-42,-181,-114,69,25,0,0,33,-6,27,14,-20,-63,416,331,423,438,472,396,197,282,309,342,296,276,211,179,158,318
Texas,Mason County,48319,19.1,41.2,39.6,10.2,-49.6,-41.1,66.8,12.9,32.4,32,34.9,28.8,23,33.9,17.3,-12.1,33,65,78,21,-124,-97,73,20,55,67,77,68,67,80,35,-57,174,159,199,206,250,237,109,160,171,210,222,238,292,236,206,468
Texas,Matagorda County,48321,1,-3.1,-7.4,-13.9,-33.2,-30.4,-5,-4.9,-4.4,-1,-3,-0.9,4.9,7.8,7.3,-7.2,29,-86,-219,-440,-1100,-968,-110,-103,-100,-29,-91,-25,100,117,91,-178,2690,2739,2948,3166,3312,3174,2208,2083,2244,2793,2966,2580,2011,1501,1244,2443
Texas,Maverick County,48323,-2.6,0,5.3,-2.1,-20.6,-19.5,14.4,9.1,6.9,-0.2,1.9,5.1,4.5,10.8,16.4,-6.4,-136,0,265,-111,-976,-830,412,305,223,-9,58,141,100,175,202,-172,5246,5154,4952,5251,4729,4241,2858,3332,3235,3250,2988,2759,2182,1617,1229,2672
Texas,Medina County,48325,5.9,21.2,18.9,6.6,-9.9,-9.3,5.7,2.2,15.4,21,20.9,19.7,27.1,21.8,20.5,3.3,177,583,559,212,-322,-278,134,60,417,628,604,495,590,358,255,87,2963,2747,2942,3214,3256,2991,2352,2671,2698,2987,2885,2504,2173,1638,1243,2592
Texas,Menard County,48327,-4.6,1.4,11.5,-13.9,-52.3,-41.5,12.5,9.2,-10.6,1.4,19.4,13.2,10.7,49.8,19.1,6.8,-6,1,13,-18,-95,-80,9,7,-12,2,29,19,17,63,20,18,141,108,114,134,182,193,72,76,120,156,152,150,160,127,106,261
Texas,Midland County,48329,5.3,13.2,9.8,5.8,-5.2,12,37.8,20.4,14.5,9.4,3.6,1.4,1.1,1.6,2.7,1.1,587,1221,900,563,-537,1177,2503,1432,1014,811,368,125,68,68,91,85,10990,9250,9109,9704,10163,9757,6618,7006,6991,8633,9980,8512,6001,4111,3342,7314
Texas,Milam County,48331,3.2,-0.3,4.7,0.2,-37.7,-30.3,5.8,7.6,10.1,9.2,4.9,14.7,15,10.7,13,-3.9,56,-6,81,3,-706,-556,72,96,134,145,85,218,200,120,116,-84,1722,1836,1715,1844,1869,1832,1246,1259,1326,1575,1702,1478,1329,1117,890,2113
Texas,Mills County,48333,11.4,34.8,29,9.2,-61.3,-44.9,69.6,34.9,12.4,7.1,7,10.2,0.4,18.8,4.3,-16.6,31,74,83,28,-279,-161,91,57,33,22,20,33,1,56,10,-108,278,215,286,311,455,359,131,163,269,311,295,321,344,299,243,647
Texas,Mitchell County,48335,2.2,9.3,7.7,13,75,19.9,8.5,-8.7,-4.3,-14.6,-31.9,-20.1,-23.1,-16.6,9.1,-19.5,11,41,36,67,386,162,61,-64,-29,-102,-284,-142,-139,-73,23,-141,503,447,476,513,514,814,720,742,668,699,889,709,599,441,253,721
Texas,Montague County,48337,5.2,5.1,5.7,-2.6,-29,-17.8,17.6,21.5,17.9,11.2,13.5,15.5,25.7,22.6,12.4,-7.2,64,63,68,-31,-405,-220,146,199,183,140,172,174,286,219,106,-132,1213,1232,1190,1197,1397,1231,830,925,1021,1248,1268,1124,1113,966,855,1830
Texas,Montgomery County,48339,12.2,45.8,51.8,29.2,3.8,34.5,94.2,80.3,62.4,43.2,34.1,30.6,33.2,34.5,38,52.7,3786,11330,12249,7278,919,7550,14743,14605,12772,10522,8584,6663,5908,4453,3187,6257,30835,24702,23602,24887,24142,21828,15649,18167,20450,24306,25113,21739,17766,12872,8377,11863
Texas,Moore County,48341,2.5,-3.9,-4.2,-7,-15.9,-4.1,17.6,6.6,-6,-5.2,-1.6,-5.7,-3.1,-14.2,-7,-18.9,54,-82,-83,-134,-286,-70,226,89,-90,-78,-22,-72,-27,-100,-38,-229,2087,2085,1947,1921,1793,1713,1280,1337,1501,1492,1371,1258,862,707,541,1211
Texas,Morris County,48343,-3.4,0,9.3,-2.7,-35.3,-21.5,8.8,13.7,5.3,4.1,8.1,-0.6,11.9,21,18.9,-3.9,-30,0,75,-25,-349,-203,56,91,34,34,75,-6,85,123,101,-47,898,762,803,893,990,947,631,667,641,826,928,924,715,585,532,1194
Texas,Motley County,48345,10,6.7,-8.3,-22.9,-51.8,-53.2,3.7,-4.7,-15.9,-2.1,-15.3,-4.6,19.8,18.1,36.8,-26,6,4,-7,-20,-49,-53,2,-3,-7,-1,-14,-4,14,15,21,-50,59,72,86,87,95,99,58,63,47,85,92,96,72,86,58,192
Texas,Nacogdoches County,48347,-6.1,-4,0.2,65.8,123.8,-26.6,-54.6,-11.6,-1.8,4.9,5.7,5.9,6.7,11.7,9.1,-2.8,-304,-180,10,2603,4858,-1611,-4384,-437,-64,177,205,203,192,248,146,-100,4938,4443,4029,3951,3922,6044,8029,3765,3397,3580,3589,3405,2855,2112,1587,3571
Texas,Navarro County,48349,1.2,5.2,10.1,5.4,-15.6,-26.6,-0.8,6.4,4,0.3,11.7,8.9,17.2,13.1,10,-2,46,178,343,185,-536,-1010,-22,180,114,11,343,239,403,256,146,-61,3598,3381,3373,3372,3433,3789,2798,2796,2856,3338,2934,2673,2335,1953,1466,3050
Texas,Newton County,48351,24.4,24.9,-3.9,0.6,-26,-30.4,-13.3,1,2.8,-2.2,6.9,-0.3,3.8,10.2,13.8,-22,170,179,-40,7,-288,-358,-121,9,26,-24,70,-3,34,73,72,-267,696,718,1020,1060,1107,1178,913,870,928,1070,1009,994,900,713,521,1210
Texas,Nolan County,48353,5.8,0.6,-4.7,-6.7,-30.7,-32.8,-1.4,0.5,2.2,-4.7,-8.5,2,7.9,9.2,7.8,-12.3,65,7,-52,-78,-384,-413,-12,4,19,-48,-98,21,67,63,43,-163,1119,1132,1108,1167,1248,1259,851,886,891,1009,1147,1027,848,685,558,1315
Texas,Nueces County,48355,3.6,-0.2,-2.7,-0.4,3.7,-0.4,-2.7,-0.8,1,1.9,2.5,1.8,3.5,5.1,2.7,-2.9,907,-50,-704,-100,913,-113,-616,-178,212,466,602,403,601,620,244,-580,24654,25132,25372,24868,24377,25369,22688,21683,20536,23951,24072,21443,17183,12052,8991,19423
Texas,Ochiltree County,48357,10.5,17.3,11.1,-0.9,-15.4,0.3,40,14.5,10.3,-2,-7.8,-9.2,-12.5,-7.2,-17.9,-10.4,96,145,84,-7,-116,2,208,87,56,-14,-55,-54,-60,-25,-50,-57,913,838,756,749,749,741,520,600,553,714,702,593,482,350,282,547
Texas,Oldham County,48359,-10.1,30.4,67.6,48.1,-77,-61.5,31,3.8,8,-1.7,-5,-12.9,-16,-22.3,2.8,-27,-11,37,100,80,-195,-157,29,4,7,-2,-7,-18,-23,-21,1,-39,115,123,148,166,253,256,94,111,95,141,154,145,145,97,69,144
Texas,Orange County,48361,-0.5,4.4,-2.2,-9.1,-25.9,-23.5,-1.3,4.6,-0.5,-0.2,-4.5,-6.4,-5.5,-1.6,-3.7,-6,-32,239,-131,-594,-1691,-1546,-66,228,-29,-18,-295,-377,-260,-59,-108,-324,5573,5371,5916,6520,6523,6562,4882,4938,5310,6225,6548,5858,4730,3635,2897,5339
Texas,Palo Pinto County,48363,-4.3,4.4,8,-3.3,-23.1,-16.4,2.6,9.7,9.8,11.2,10,14.7,14.8,20.3,11.2,-15.2,-90,80,151,-64,-463,-309,40,143,150,210,195,235,235,255,118,-336,2091,1815,1876,1944,2003,1884,1490,1465,1522,1863,1937,1594,1585,1252,1049,2206
Texas,Panola County,48365,5,20.8,8.6,8.3,-17.3,-19.9,13.9,21,8,6.1,4.7,5.1,4.2,6.9,9.3,-14.5,77,300,126,128,-284,-369,180,241,97,94,79,85,56,73,80,-273,1519,1441,1463,1542,1643,1849,1297,1147,1217,1535,1670,1676,1327,1057,863,1876
Texas,Parker County,48367,13.5,45.1,53.5,25.9,-13.5,-4.3,50.5,59.9,44.5,29.6,20.7,20.1,23.3,24.3,22,26.3,907,2572,3091,1783,-1006,-294,2260,2875,2592,2247,1580,1333,1265,1001,644,1143,6696,5695,5774,6862,7417,6732,4468,4797,5813,7573,7630,6611,5423,4113,2919,4339
Texas,Parmer County,48369,8,4.6,-4.6,-3.9,-29.6,-20,19.8,2.2,4.2,-3.6,-1.1,-11.8,-7,-5.6,-12.6,-19.9,71,39,-41,-36,-280,-177,103,13,26,-26,-8,-71,-33,-22,-43,-138,896,850,897,914,947,886,523,605,619,716,673,602,473,388,339,692
Texas,Pecos County,48371,7.6,-5.3,-16.7,-18.5,-21.7,-31.4,-29.9,-1,5.3,12.6,-10.6,-15.4,-4.8,-17.1,-12.1,-27.1,89,-59,-192,-233,-284,-535,-472,-12,55,137,-139,-176,-38,-120,-65,-285,1166,1113,1153,1256,1304,1701,1576,1176,1039,1085,1308,1140,793,701,535,1049
Texas,Polk County,48373,2.3,3.8,9.2,4.7,-8.8,1,15.7,3.5,20,17.6,27.5,33.3,45,45.2,28.8,-11.4,62,95,232,123,-238,26,363,96,479,491,725,780,931,887,507,-449,2653,2504,2519,2592,2693,2578,2305,2737,2393,2783,2634,2340,2069,1960,1754,3919
Texas,Potter County,48375,-0.5,-11.6,-11.4,-7.9,5.9,14.8,-1.5,-11.6,-1,-2.3,-1.2,0.1,1.8,0,0.9,9.3,-60,-1287,-1125,-725,494,1271,-136,-1037,-86,-202,-107,7,92,1,26,540,10912,11023,9788,9072,8367,8538,8721,8906,7882,8553,8368,6814,5141,3813,2902,5771
Texas,Presidio County,48377,-18.1,-22.8,14,-4.5,-47.4,-42,-4,12.9,7.7,-2.6,0.1,22.7,20.4,15.3,33.1,-7.9,-134,-176,84,-30,-338,-272,-15,55,35,-13,0,86,81,53,83,-56,743,772,596,679,713,647,394,427,459,514,451,381,398,345,251,707
Texas,Rains County,48379,-5.4,11.3,44.4,23.6,-29.2,-24.1,20.9,34.2,34.1,22.7,34.9,35.9,46.1,46.1,31.5,3.3,-34,59,233,133,-193,-157,89,154,168,139,226,207,280,253,143,26,627,524,525,563,661,649,425,450,492,615,646,578,608,548,456,775
Texas,Randall County,48381,11.4,27.6,14.6,19,19,4.5,1.3,13.2,11.6,7.4,2.7,1.4,6,6.1,5.2,-4.8,875,1843,1085,1414,1460,382,109,876,758,572,232,110,354,263,182,-340,7667,6661,7406,7416,7678,8339,8011,6635,6517,7698,8331,7633,5846,4316,3452,7074
Texas,Reagan County,48383,17.3,14,3.8,-10.1,-41.9,-27.4,42.1,8.2,1.5,-10.6,-4,-14.3,-6,-5.6,5.6,-6.7,43,34,10,-28,-142,-91,65,14,3,-29,-10,-36,-9,-5,5,-11,251,245,285,281,339,332,155,179,224,276,260,250,158,99,96,162
Texas,Real County,48385,-5.9,1.3,17.3,20.7,-54.2,-37.4,27,17.4,25.2,20.2,32.7,47.9,73.6,49.2,22.6,-15.8,-10,1,26,41,-122,-75,25,21,34,38,61,85,131,91,44,-61,180,147,154,199,226,201,93,122,137,191,187,178,178,186,198,385
Texas,Red River County,48387,-4.9,-6.1,-7.4,-15.1,-38.3,-34.1,-13,-11.4,4,-6.7,8,8.5,16,21.4,15.3,-11.6,-39,-47,-64,-142,-378,-338,-94,-93,29,-64,72,76,122,148,87,-157,789,767,864,942,987,991,726,813,738,943,897,897,768,690,573,1350
Texas,Reeves County,48389,0.5,-10,-15,-12.5,10,-18.3,11.4,42.2,20.4,36.7,-0.7,-12.2,-5.3,-9.8,-14.3,-22.9,4,-96,-144,-132,111,-232,118,340,159,295,-7,-102,-33,-54,-66,-227,972,953,964,1055,1114,1268,1038,806,777,805,909,832,620,547,464,987
Texas,Refugio County,48391,4.6,3.9,3.4,-6.2,-40.4,-42.6,-7.2,4.8,-4.8,-6.9,-1.3,1.9,5.6,16.3,7.3,-4.7,20,18,17,-35,-249,-257,-25,19,-23,-40,-7,9,25,59,25,-31,451,479,487,572,618,605,350,400,477,575,567,488,460,363,354,659
Texas,Roberts County,48393,25,70,76.4,-10.7,-46.5,5.7,110.2,32.7,48.9,-3.1,0.1,-16.2,-22,10.3,1.8,-25.3,15,24,32,-5,-38,3,24,9,21,-2,0,-13,-16,5,0,-18,60,35,43,48,82,64,21,27,44,71,68,82,74,56,32,71
Texas,Robertson County,48395,9.5,-3.2,-2.1,-7.9,-30.6,-18.9,16,12.6,12.3,9.1,22.2,14.6,23.1,11.1,13.5,-10,105,-37,-25,-105,-385,-215,128,102,113,93,227,144,201,81,83,-138,1108,1138,1196,1323,1259,1141,796,809,915,1022,1024,987,870,730,615,1379
Texas,Rockwall County,48397,20.8,75,109.4,55.1,-14.9,35.8,177.6,176.6,102.4,63.9,41.9,37.5,33.1,44.3,44.6,109.9,1028,2926,3655,2031,-569,1145,3448,3937,3149,2524,1660,1227,887,839,555,1540,4943,3897,3340,3681,3805,3197,1940,2229,3074,3949,3955,3272,2680,1893,1245,1401
Texas,Runnels County,48399,17.2,-1.8,3.5,-17.7,-43.1,-36.9,0.7,-9.1,-1,-3.4,-0.6,4.6,3.6,14.4,3.3,-10.7,108,-13,27,-147,-383,-325,3,-55,-6,-25,-4,32,23,75,14,-118,626,730,759,830,888,881,477,605,637,750,755,704,629,521,436,1099
Texas,Rusk County,48401,10.2,15.8,11.2,10.4,2.7,6.7,34.6,19.9,26.4,10.2,9.2,11.1,9.9,9.5,3,-14.9,333,472,340,330,93,235,905,561,743,369,346,357,272,200,51,-595,3241,2980,3019,3167,3376,3487,2612,2817,2811,3611,3723,3200,2745,2096,1690,3993
Texas,Sabine County,48403,5.2,4.6,13.4,3,-32.2,-32.2,11.2,2.8,16.2,22.3,36.8,53.3,63.4,56.2,11,-20.6,27,23,75,18,-208,-188,43,12,78,133,225,268,373,357,72,-302,530,509,562,592,648,582,389,434,482,599,612,503,587,634,653,1463
Texas,San Augustine County,48405,-11.4,-2.8,-1,-10.2,-29.1,-36.7,4.4,1.1,4.7,22.2,24.6,20.3,33.8,33.9,22.3,-9.5,-63,-15,-5,-61,-181,-210,17,4,22,117,134,108,167,157,88,-97,558,536,534,596,624,571,396,421,463,530,544,532,495,464,396,1020
Texas,San Jacinto County,48407,21.9,36.3,34.5,15.6,-20.7,-19.3,25.5,39.6,26.3,24.7,40.7,36.9,45.7,29.9,11.7,-23.1,299,459,479,242,-338,-303,268,412,314,376,631,531,601,387,124,-505,1362,1265,1388,1547,1635,1572,1050,1041,1191,1519,1548,1436,1314,1295,1058,2177
Texas,San Patricio County,48409,-9.9,-8.9,-9.9,-14.1,-34.2,-30.8,-15.6,-7.3,-9.7,-8.7,-6.2,-1.3,3.3,3.4,0.2,-4.4,-554,-514,-565,-843,-1992,-1763,-721,-311,-451,-456,-295,-54,114,89,4,-171,5595,5728,5678,5937,5824,5717,4623,4227,4654,5241,4762,4144,3414,2606,1973,3813
Texas,San Saba County,48411,10.8,-1.1,6.5,0.9,0.1,-37.8,62.9,24.6,1.9,6.4,2.8,5.8,31,22.3,9.4,-15.4,36,-3,22,3,0,-303,137,59,6,21,10,23,100,64,21,-103,334,326,339,388,471,800,217,239,313,341,374,406,324,288,229,668
Texas,Schleicher County,48413,41.7,66.2,45,24.3,-28.7,-16.6,77.2,56.6,30.1,0.7,-2.4,5.7,10.2,16.1,0.5,-23.8,106,130,85,46,-76,-44,85,74,44,1,-5,12,18,19,0,-56,254,197,189,193,264,265,111,132,148,205,214,216,181,121,115,235
Texas,Scurry County,48415,5.2,6.3,4.8,10.3,-2.3,-20.5,3.6,6.3,15.6,6.3,-3.5,-9.1,-3.2,-0.1,-0.7,-15.6,66,69,51,113,-26,-311,38,60,141,71,-44,-113,-27,0,-4,-214,1275,1099,1069,1096,1148,1512,1062,966,901,1119,1260,1240,855,642,578,1365
Texas,Shackelford County,48417,27.2,29.4,21.9,9.7,-45.9,-41.2,36.7,45.1,18.2,6.9,10.7,7.1,10.8,9.4,8.9,-7.1,48,50,40,23,-124,-107,40,62,31,17,25,15,21,14,11,-22,179,170,183,240,271,259,110,137,172,249,241,220,203,148,125,306
Texas,Shelby County,48419,-1.4,0,-3.8,-3.5,-18.8,-15.4,-1.6,3.8,4.8,0.6,6.4,1.5,13.5,13.7,7.1,-23.1,-30,0,-70,-65,-361,-276,-25,57,71,10,106,24,169,149,67,-516,2035,1951,1835,1858,1913,1793,1509,1507,1496,1668,1645,1514,1251,1087,942,2229
Texas,Sherman County,48421,14,26.5,7.3,-6.9,-58.5,-36.1,15.2,16.4,7.1,-3.3,3.5,-24.6,-12.9,-21,-23.5,-12.5,28,56,16,-20,-181,-88,21,30,14,-8,7,-51,-22,-32,-22,-29,200,211,228,294,309,243,143,187,206,245,202,208,169,156,97,232
Texas,Smith County,48423,3.2,11.5,14.4,21.3,21.4,6.6,13.9,15.7,13.6,11.3,9.8,8.6,15.5,18.5,18.1,7.1,492,1591,1863,2770,2762,905,1574,1759,1523,1386,1233,991,1478,1373,1087,913,15113,13717,12905,12996,12891,13585,11280,11199,11178,12244,12562,11442,9496,7426,5990,12845
Texas,Somervell County,48425,0.2,29.5,55.7,30.6,-29.1,-31.4,35.4,49.8,39.6,30.4,16.7,5.9,46.6,44.6,39.4,40.2,1,134,250,158,-168,-176,122,166,164,158,86,32,174,121,85,157,514,457,450,517,578,561,344,334,414,520,515,555,374,272,217,390
Texas,Starr County,48427,-16.5,-20.6,1.5,-5.2,-14.1,-18.4,-2.9,6,2.4,-4.7,-1.6,0.5,13.3,10.9,22.7,0,-1175,-1515,90,-317,-737,-943,-120,236,95,-174,-54,14,292,191,311,-1,7087,7336,5848,6013,5219,5113,4028,3935,3903,3665,3256,2628,2197,1753,1370,2657
Texas,Stephens County,48429,-5.3,-0.8,12.4,-2.9,-11.1,-20.2,-3,-3.2,0,-5,-1.2,9.9,6.9,15.9,6,-10.2,-36,-5,69,-19,-75,-153,-17,-17,0,-34,-7,59,36,70,23,-93,694,645,561,658,681,755,567,544,531,695,656,597,529,441,385,907
Texas,Sterling County,48431,42,32.8,-6.9,-36.3,-52.1,-45.7,63.3,-35.5,-2.4,-34.5,-26,-23.7,-9.9,5.6,-20.9,-13.5,27,19,-5,-39,-70,-57,28,-22,-1,-46,-34,-21,-8,2,-9,-16,64,58,74,107,134,125,45,62,78,133,130,92,86,46,44,118
Texas,Stonewall County,48433,-20.5,29.5,-3.8,-7.4,-47.4,-48.7,24.8,-0.1,-1.4,0.6,-3.5,-12.1,3.9,4.8,7.9,-16.2,-22,25,-3,-6,-49,-70,13,0,-1,0,-3,-13,3,3,5,-36,107,85,88,92,105,145,55,80,79,107,111,112,96,78,74,222
Texas,Sutton County,48435,-1.8,-3.6,2.4,-2.1,-42.8,-24.1,31.9,1.4,3,8.5,-4.4,-15.3,-0.7,-0.2,6.4,-14.9,-6,-11,7,-7,-141,-73,56,3,8,23,-14,-55,-1,0,8,-46,334,319,307,326,330,301,176,245,268,273,331,361,238,175,125,308
Texas,Swisher County,48437,11,-10.9,-16.5,-13.8,-23,-20.7,-16.8,-22.3,-14.1,8.2,-17.2,-1.7,-0.1,-1.3,0.4,-10.7,64,-72,-107,-82,-157,-141,-101,-110,-77,41,-100,-8,0,-4,1,-82,583,659,648,596,681,682,604,494,552,503,580,484,383,349,307,761
Texas,Tarrant County,48439,4.1,9.7,15.6,11.1,12.9,34.6,28.4,15.3,10.6,6.7,4.8,2.5,1.6,0.9,4.1,14.6,5995,13021,18731,13038,14226,35800,29222,17900,12657,8504,5702,2496,1276,532,1494,8818,143612,133114,119934,116561,109895,103323,102658,116554,118867,126759,117686,96479,77812,53400,35651,60379
Texas,Taylor County,48441,-0.5,-10.9,-11.5,8.9,47.6,-4.9,-35.1,-14.9,-8.9,-7,-4.1,-1.5,3,7.5,11.3,6.5,-55,-1101,-1089,826,4382,-543,-4272,-1262,-719,-650,-371,-119,180,333,415,519,10348,10087,9471,9268,9205,11044,12147,8441,8039,9239,8867,7541,5907,4427,3661,7867
Texas,Terrell County,48443,9.3,87.6,-18.1,-15.5,-62.8,-28.2,33,34.7,44.7,-21.9,-11.8,-19.1,9.8,-8.3,-5.2,-20.3,5,28,-10,-11,-59,-21,12,15,19,-15,-10,-14,8,-4,-3,-24,62,33,59,74,95,75,36,44,44,71,85,76,81,56,62,118
Texas,Terry County,48445,-1,-5.9,-7.4,-7.5,-5.7,-9.8,-8,-7,-8.2,-5.6,-5.4,-2.5,-9.3,3,2.8,-17,-11,-57,-72,-68,-62,-104,-66,-53,-66,-54,-49,-19,-60,16,11,-171,1072,956,973,906,1083,1058,828,762,808,966,911,754,646,538,415,1005
Texas,Throckmorton County,48447,9.4,35.1,4.9,-10,-58.3,-38.4,23.8,16.9,4.2,-9.6,-3.1,-7.3,16,3.3,-6.6,-16.4,8,21,5,-12,-86,-48,14,11,3,-14,-3,-8,15,3,-7,-36,87,62,102,123,148,127,61,68,80,149,112,111,94,105,115,219
Texas,Titus County,48449,5.4,2.4,5.4,7.6,-5.4,-2.2,11.1,5.7,6.8,3.8,4.8,9.6,12.2,11.4,-0.5,-6.8,160,64,137,181,-126,-49,209,116,136,77,86,153,164,121,-4,-122,2947,2662,2526,2373,2327,2184,1875,2017,1984,2017,1779,1586,1346,1061,875,1772
Texas,Tom Green County,48451,1.6,-6.4,-7.6,16.7,40.2,-5.8,-28.5,-9.1,-3.8,-4.3,0,2.3,7.5,9.9,10.4,2.3,131,-509,-571,1240,3058,-527,-2586,-607,-247,-328,0,156,399,387,335,165,7993,7895,7436,7426,7591,9053,9069,6639,6416,7488,7295,6556,5278,3888,3224,7161
Texas,Travis County,48453,-1.6,-1,2.2,23.3,99.3,76.6,2.7,-4,-3.1,-1.3,-0.5,-1.4,0,0.6,-0.9,7.6,-1315,-776,1402,12792,49026,44683,2442,-3492,-2323,-929,-357,-799,22,158,-154,2260,80870,72454,61386,54849,49334,58283,90277,87247,74563,70120,64042,54378,40488,25532,16963,29529
Texas,Trinity County,48455,-2.4,-0.9,7,3,-26.6,-25.9,7.6,14.4,15.5,20.7,39.4,48.3,57.7,45.3,25.5,-20.4,-21,-7,59,24,-236,-241,46,92,106,177,311,372,418,331,166,-352,868,804,844,818,886,933,604,635,684,853,787,769,724,730,651,1719
Texas,Tyler County,48457,0.3,2.1,0.6,-3.1,-3.7,16.6,19.1,-3.3,-0.5,-1.1,14.2,22.5,24,25.6,9.2,-15.5,3,24,8,-42,-51,224,223,-44,-7,-17,191,276,265,271,86,-322,1170,1132,1258,1332,1383,1345,1167,1312,1377,1501,1343,1224,1103,1058,929,2071
Texas,Upshur County,48459,4.5,15.5,14.6,5.8,-26.4,-19.7,23.4,27,17.3,13.8,15.6,17,23.5,17.1,14.6,9.6,114,363,353,148,-730,-530,433,484,351,357,418,404,459,296,195,227,2505,2333,2415,2554,2768,2686,1851,1792,2029,2577,2668,2369,1952,1726,1332,2362
Texas,Upton County,48461,-4.2,15.8,21.8,-7.9,-47.7,-31.9,61.9,21.8,4.8,-15.1,-3.4,-9.4,-6.7,-8.7,-22.8,-13.9,-11,38,42,-20,-153,-108,91,30,8,-33,-10,-22,-13,-13,-35,-37,275,241,196,259,322,339,147,137,172,223,312,238,193,154,154,266
Texas,Uvalde County,48463,-1.1,-5.4,-4.2,-4.9,-26.8,-33.9,-7.9,-0.2,-2.9,-0.2,-1.5,-0.4,9.7,10.8,8.8,-3.3,-25,-124,-97,-114,-607,-746,-132,-3,-47,-3,-26,-7,136,112,71,-65,2196,2304,2273,2325,2267,2199,1666,1565,1644,1688,1673,1473,1394,1034,805,1920
Texas,Val Verde County,48465,-7.6,-9,-3.3,-8.6,-6.3,-1.8,5,-1.1,-6.8,-5.2,0.9,0.9,3.3,3.4,0.8,-8.8,-362,-410,-142,-360,-250,-65,148,-39,-233,-168,26,24,75,61,12,-257,4717,4555,4202,4159,3928,3552,2944,3308,3397,3210,2703,2483,2256,1784,1524,2914
Texas,Van Zandt County,48467,8.4,13.9,18.3,10.3,-29.3,-22.6,22.5,25.2,20.3,15.6,16.8,18.9,20.4,28.7,16.5,-6,255,424,579,338,-1050,-784,507,607,550,514,559,576,594,659,346,-254,3002,3042,3151,3266,3576,3470,2250,2409,2704,3292,3328,3049,2911,2297,2093,4226
Texas,Victoria County,48469,-2.3,-2.5,-4.9,-10.1,-20.5,-12.4,3.3,-1.6,-5.5,-1.5,-1.8,-1.2,1.8,2,5.5,2.2,-169,-169,-333,-683,-1425,-842,175,-85,-302,-98,-122,-68,85,69,141,119,7062,6694,6717,6766,6924,6788,5177,5336,5404,6269,6473,5679,4698,3411,2564,5287
Texas,Walker County,48471,9.3,-0.9,-4,80.1,242.6,-16.6,-54.3,-2,0.5,6.8,0.4,5.3,2.6,24.3,-0.3,-6,288,-28,-127,2446,7157,-1066,-5337,-95,25,335,20,203,82,459,-5,-185,3090,3047,3133,3052,2949,6402,9824,4711,4790,4916,4845,3789,3075,1889,1732,3044
Texas,Waller County,48473,10,15.2,19.5,105.9,103.5,-28,-40.9,20.8,33.4,33.3,29.9,26.7,27.8,28,15.6,8.3,301,387,458,2465,2421,-976,-1588,418,662,739,682,561,468,354,141,131,3004,2539,2342,2326,2339,3478,3878,2011,1981,2217,2279,2102,1682,1262,904,1573
Texas,Ward County,48475,-0.1,8.3,5.6,-9.2,-34,-37.5,22.9,15.4,3.8,-1.5,-4.4,-5.5,-3.1,-0.2,-4.8,-13.7,-1,63,42,-76,-327,-426,116,79,23,-11,-35,-38,-18,0,-18,-122,859,766,747,833,963,1135,505,514,606,777,795,693,602,437,385,885
Texas,Washington County,48477,-5,2.6,8.6,42.6,-8.5,-36.2,-9.9,8,13,16.6,12.7,19.1,29,36.5,30.9,21.8,-113,52,163,841,-193,-1024,-189,128,224,338,275,387,472,463,323,549,2218,2009,1899,1972,2259,2823,1895,1606,1726,2036,2162,2028,1627,1265,1043,2508
Texas,Webb County,48479,-11.3,-12.5,11.8,11,4.2,6.2,17.2,14.4,10.8,7.3,6.6,3.5,8,9.7,9.8,-1.3,-3370,-3690,2542,2329,764,1077,2644,2340,1639,1008,812,348,633,552,424,-118,29575,29483,21486,21046,17820,17237,15372,16246,15041,13795,12262,9924,7842,5695,4292,8652
Texas,Wharton County,48481,0.3,-0.6,0,-9.1,-25.7,-25.8,-0.5,-0.9,2.7,-3.3,-2.1,0,1.4,2.5,2.6,-1.4,11,-21,-1,-298,-864,-921,-12,-22,67,-98,-67,1,30,42,35,-43,3156,3223,3017,3277,3356,3567,2491,2342,2430,2983,3088,2761,2141,1669,1357,2923
Texas,Wheeler County,48483,16.9,32.6,16.4,3.4,-34,-16.2,39.7,43.3,17.3,5.7,8.7,1.6,8.7,5.4,8.1,-19.7,59,92,53,12,-128,-62,83,101,41,18,32,6,25,16,18,-106,352,282,328,347,378,387,209,233,237,317,373,365,293,295,225,538
Texas,Wichita County,48485,-1.9,-8.8,-13.6,12.6,44.1,-14,-26.3,-15.2,-13.8,-11.4,-5.2,-3.6,0.5,5,2.6,-0.7,-188,-829,-1301,1168,3954,-1659,-3043,-1385,-1205,-1172,-489,-292,33,230,100,-63,9508,9341,9546,9215,8949,11823,11569,9077,8723,10202,9389,8006,6001,4558,3834,8386
Texas,Wilbarger County,48487,-6.7,-6.3,-12.9,2.5,-18.8,-42.6,-10.1,-8.9,-4.9,-0.4,-3.2,0.3,0.9,-4.6,-5.5,-7.5,-73,-66,-131,25,-207,-641,-85,-72,-38,-4,-32,2,7,-29,-27,-83,1085,1041,1015,1017,1099,1506,843,808,791,978,995,905,737,642,491,1097
Texas,Willacy County,48489,-2.7,-14.4,-6.2,2.1,12.4,-0.5,-2.8,15.1,2.5,-3.8,-6.3,1.8,5.8,9.8,-3.5,-24.5,-47,-285,-107,39,219,-10,-48,207,32,-55,-86,21,54,70,-22,-388,1728,1967,1725,1834,1762,1839,1687,1374,1274,1432,1361,1143,930,723,615,1582
Texas,Williamson County,48491,14.5,44.5,52.4,29.3,9.6,69.6,151.7,93.6,48.3,27.6,21.7,24.9,40.7,60.3,66.7,64.5,4439,11082,11630,6356,1958,12162,20904,17716,11056,6857,4718,4308,5190,5025,3667,5833,30468,24877,22162,21645,20247,17470,13773,18916,22885,24827,21650,17243,12742,8332,5490,9039
Texas,Wilson County,48493,17.6,46.6,48.5,18.6,-28.6,-18.2,46.8,65,48.5,36.2,31.4,31.2,33.3,29.2,18.3,31.5,416,1012,1129,496,-797,-476,718,1105,1032,987,820,727,664,409,196,553,2358,2171,2327,2659,2784,2610,1534,1700,2129,2725,2607,2332,1991,1398,1069,1752
Texas,Winkler County,48495,12.9,8.3,6.4,-5.6,-33.2,-27.3,6.2,8.9,0,14.9,-5.6,-7.9,0.8,-5.1,-7.6,-30.3,76,43,33,-32,-203,-177,25,34,0,73,-30,-36,3,-13,-17,-164,593,521,520,579,612,649,409,386,419,494,537,464,356,265,224,541
Texas,Wise County,48497,5.8,25.5,31.3,12.5,-20.2,-3.3,36,30.8,22.9,16.5,17.4,13.1,22.6,21.2,9.8,8.4,228,862,1077,469,-856,-120,903,885,786,687,694,436,614,469,161,212,3912,3377,3433,3739,4239,3627,2506,2870,3424,4160,3983,3315,2716,2208,1645,2518
Texas,Wood County,48499,0.3,7.4,25.4,12.6,-9.7,-24.7,-0.4,19.7,23.8,20.1,24.7,35.6,56,65.4,39.7,2.9,8,162,506,275,-226,-623,-8,329,444,457,589,799,1197,1318,755,118,2266,2192,1992,2180,2311,2522,1865,1667,1865,2266,2381,2241,2136,2013,1899,3959
Texas,Yoakum County,48501,2.9,12.9,16.4,0.2,-32.4,-27.6,34.9,29.3,13.9,-6.8,-4.8,-11.3,-10.3,-10.4,-12.9,-13.8,22,81,94,1,-223,-204,126,102,60,-39,-28,-55,-41,-31,-31,-66,753,631,572,603,688,740,360,349,433,580,589,492,399,298,243,476
Texas,Young County,48503,-1,14.1,11.5,-2.5,-26.9,-12.7,13.1,24.7,14,9.2,10,6.8,9.8,19.4,6.8,2.4,-13,159,129,-29,-361,-158,106,208,130,111,131,82,97,152,47,41,1268,1129,1123,1172,1345,1240,810,843,926,1200,1316,1206,988,783,687,1681
Texas,Zapata County,48505,2,-3.4,8.1,8.6,0.5,-4,9.2,18.6,6.5,6.4,-5.6,-0.7,4.1,10.9,-11.1,-50.3,30,-47,96,100,5,-41,78,138,50,48,-40,-4,24,48,-45,-616,1539,1375,1171,1163,1079,1034,843,742,768,750,720,644,582,440,406,1223
Texas,Zavala County,48507,3.2,-2.2,-11.8,-8,-17.3,-26.7,-14.4,-18.7,-11.8,-6.3,1.1,-1.9,4,7.5,5.4,-14.6,35,-23,-127,-93,-191,-281,-113,-157,-91,-44,7,-12,23,30,16,-112,1090,1042,1080,1165,1104,1055,782,839,770,704,685,678,572,398,311,762
Utah,State Total,49000,0.8,3.1,5,11.7,20.5,9.3,-2.3,1.5,4.3,4.2,4.1,3.8,7.6,9.9,11.2,9.3,2432,7589,10989,22920,38723,19782,-5183,2765,6443,6280,5992,4880,7539,7117,5915,9415,270520,244386,216961,195067,188427,211426,222757,176344,147487,148265,145072,126914,97957,71367,52468,101181
Utah,Beaver County,49001,5.9,4.6,8.5,-0.1,-48.7,-14.4,16.9,3.6,9,3.1,13.7,0.7,6.2,32.9,26.2,-15.1,35,28,49,0,-265,-72,65,13,28,11,51,2,17,69,37,-65,599,608,577,554,545,497,390,365,314,367,374,367,280,210,144,428
Utah,Box Elder County,49003,9.4,20.7,10.1,-5.7,-36.2,-18.8,23.9,21.6,9.3,4.2,5.7,4.6,8.9,11.8,11.4,5.3,444,829,415,-242,-1584,-810,698,529,224,123,167,113,155,170,140,129,4684,3993,4108,4195,4366,4296,2916,2446,2401,2881,2936,2453,1740,1443,1224,2408
Utah,Cache County,49005,-2.9,-10.9,-4.8,35.7,97.4,7.5,-43.5,-23.8,-1.1,4.4,5.3,3.4,10.1,9.2,13.5,16.8,-366,-1262,-457,2664,7015,751,-6442,-1950,-61,220,261,154,311,217,247,573,12260,11568,9362,7445,7197,9960,14807,8184,5230,4988,4892,4429,3069,2342,1833,3407
Utah,Carbon County,49007,11.3,6.5,-0.3,6,-12.4,-28.2,-7.4,11.8,-1.1,1,0.3,-1.1,10.3,9.7,17.4,8.4,179,101,-4,93,-208,-587,-113,127,-11,12,4,-17,112,75,97,107,1588,1540,1527,1534,1671,2077,1522,1077,1004,1244,1501,1467,1080,775,556,1266
Utah,Daggett County,49009,26.4,45.3,-5.1,-15.3,-21.5,7.6,33.2,-11.5,14.8,3.2,-3.6,23.7,23.7,49.3,9.6,-23.1,14,23,-3,-8,-11,5,18,-8,7,2,-2,16,15,24,4,-22,54,52,63,55,51,68,55,69,48,62,71,71,64,49,47,95
Utah,Davis County,49011,6.3,18.6,14.9,5,-10.9,-1.2,25,20.1,11.8,5.7,3.8,2,4.9,2.6,5.3,18.5,1940,4865,3610,1146,-2485,-299,5007,3452,1867,962,646,290,518,206,296,1729,30381,26072,24148,22814,22627,23507,19958,17120,15789,16857,16590,14100,10553,7693,5539,9322
Utah,Duchesne County,49013,7.3,22.8,18.2,-0.2,-19.4,-2.4,60.5,32,22.2,17.6,13.1,12.1,13.8,14.6,9.5,18.1,140,332,246,-3,-295,-36,512,256,166,156,130,99,93,82,44,124,1914,1456,1349,1409,1520,1450,846,800,747,890,991,820,676,565,466,682
Utah,Emery County,49015,13,23.6,1.9,-19.1,-51.1,-37.7,10.2,8.2,-5.2,-2.3,-8.8,-1.8,0.5,7,1,-4.6,121,193,17,-192,-589,-439,67,43,-28,-15,-73,-13,3,31,3,-26,935,817,921,1004,1152,1162,655,525,549,668,829,715,580,441,347,558
Utah,Garfield County,49017,12.8,10.5,-6.3,-6.3,-37,-34.6,25.4,7.8,-1.5,13,20.9,25.6,24.1,44.8,16.6,3.8,44,36,-26,-25,-152,-155,59,20,-3,36,62,83,70,74,29,14,343,343,413,395,411,447,235,266,233,282,299,324,291,165,175,365
Utah,Grand County,49019,-7.3,7.5,-3.3,-8.7,-26.8,-0.7,32,19,13.6,12.6,11.1,11.8,13.9,5.3,9.5,-10.5,-49,41,-20,-50,-171,-5,149,101,65,75,74,80,74,19,26,-64,670,553,603,581,635,627,464,530,480,593,661,677,536,369,280,609
Utah,Iron County,49021,-6.6,-0.9,11.3,60.1,95.7,-0.7,-37.8,1.8,21.7,29.1,26,26.5,40.4,47.1,44.1,20,-312,-39,371,1696,2591,-28,-1839,44,384,510,483,456,529,490,358,299,4728,3907,3275,2820,2706,3759,4862,2393,1766,1749,1851,1721,1306,1041,811,1493
Utah,Juab County,49023,9.1,24.1,13.2,-0.2,-35.8,-22.4,44.5,18,8.2,19.5,11.2,12.1,28.3,23,25.9,15.9,91,208,126,-2,-286,-177,224,98,41,92,54,52,97,59,54,62,995,863,949,894,799,789,504,544,505,473,487,433,342,257,209,389
Utah,Kane County,49025,8.4,14.6,13.5,0.4,-47.4,-28.3,58.7,18.9,31,36.5,26.5,30.4,55.8,62.8,26.7,-9.1,39,60,55,2,-265,-141,145,51,79,123,100,140,201,201,72,-52,470,414,411,460,558,498,247,273,254,338,380,460,361,320,269,566
Utah,Millard County,49027,15.5,13.2,8.7,-16,-56,-48.7,34.3,15.7,6.6,-2.4,-3.2,0.1,6.5,12.7,7.8,8.5,154,126,90,-198,-757,-690,192,91,36,-19,-28,1,39,62,28,64,991,960,1039,1238,1350,1415,561,585,552,780,878,757,607,490,359,748
Utah,Morgan County,49029,31.7,79.1,57.9,22.7,-45.5,-42.3,41.7,79.6,71.5,22.4,16.4,18.8,16.2,12.5,14.1,4.9,223,420,345,151,-367,-357,164,268,231,114,86,86,55,38,31,18,705,531,596,667,805,844,393,337,323,509,525,457,342,306,224,367
Utah,Piute County,49031,12.9,47.5,20.2,6.5,-61.1,-43.8,28.5,27.9,-5.3,12.4,19.6,9.3,41.7,28.8,14.1,17.4,12,43,24,6,-72,-56,16,16,-3,9,16,8,30,24,11,19,100,91,121,104,118,129,59,57,66,75,81,92,72,84,78,109
Utah,Rich County,49033,15.2,48.2,25,-14.5,-48.9,-36.9,107.8,44.6,21.3,-0.9,6.8,21,11.9,12,27.8,-12.1,29,65,36,-24,-101,-79,77,38,18,-1,9,26,13,13,16,-19,194,136,147,169,208,215,71,86,86,125,134,126,111,111,59,157
Utah,Salt Lake County,49035,-2.5,-5.1,-4.8,-1.2,11.8,19.8,4.6,-5.9,-5.3,-3.7,-3.5,-3.7,-3.4,-3.6,-2.8,2.7,-2433,-4721,-4041,-931,8524,15155,3888,-4582,-3592,-2428,-2254,-2085,-1450,-1076,-605,1070,95871,91145,82824,74758,71660,76532,83138,77026,66585,64841,62868,55500,42452,29735,20960,38573
Utah,San Juan County,49037,23.1,12.3,-2.1,-15,-39.9,-34.9,-3.7,2,-1.1,-2.8,1.8,-0.1,8,2.8,17.6,-13.2,265,151,-30,-244,-670,-492,-34,18,-9,-27,16,0,49,15,61,-99,1148,1224,1445,1621,1677,1409,917,896,795,961,885,756,618,526,346,746
Utah,Sanpete County,49039,5.5,21,14.2,72,15.2,-46.1,-12.1,33.5,19.9,14.4,9.7,6.4,27.4,38.1,28.7,0.7,121,410,280,1473,315,-1433,-251,397,227,186,122,82,263,291,184,10,2171,1949,1963,2046,2068,3104,2061,1187,1140,1287,1259,1270,958,765,643,1273
Utah,Sevier County,49041,7.7,12.9,5.9,-5.3,-38.7,-32,21.8,20.6,11.2,6.8,0.1,5.4,12,22.6,21.5,10.4,134,216,102,-90,-681,-635,264,195,98,80,1,58,108,167,134,125,1738,1677,1726,1682,1759,1980,1210,947,882,1172,1188,1070,897,742,626,1192
Utah,Summit County,49043,-3.7,14.2,34,1.7,-28.8,-5.6,30.6,24.8,30.8,19.1,2.9,1.5,-2.4,1.6,-8.3,0.8,-99,360,747,42,-750,-130,537,513,676,515,91,40,-46,20,-59,7,2655,2540,2195,2484,2604,2308,1750,2065,2195,2694,3084,2557,1938,1254,710,810
Utah,Tooele County,49045,13.6,23.4,24.5,14,-12.7,5.1,53,37.2,22.3,15.3,23.6,20.1,21.9,15.6,19.3,18,737,1189,1137,553,-435,196,1642,1235,665,453,606,445,379,201,170,275,5424,5079,4640,3933,3423,3839,3093,3313,2972,2957,2565,2215,1731,1286,881,1526
Utah,Uintah County,49047,13.3,27.4,23.1,6.5,-11.2,6.8,49,39.7,27.1,13.3,4,0.9,5.5,3.4,0.8,-7.7,421,685,505,150,-285,178,840,561,348,220,74,15,65,30,6,-111,3150,2493,2181,2283,2530,2612,1714,1411,1286,1651,1850,1601,1168,887,729,1431
Utah,Utah County,49049,0.1,1.1,10.1,38.7,89.9,17.4,-25.8,-4.8,10.2,10.9,13.2,11,14.8,16.7,22.8,27,98,583,4243,13241,27709,7082,-14216,-1591,2346,2199,2425,1715,1821,1510,1449,3172,60115,52474,41804,34209,30800,40623,55079,32822,22857,20177,18258,15585,12231,9004,6333,11707
Utah,Wasatch County,49051,15.3,34.6,47,18,-14.3,7.9,83.5,81.5,40.4,28.3,26,26.5,41.2,37.4,30.2,17.2,321,615,680,258,-206,108,846,808,433,314,303,248,295,201,113,113,2094,1778,1445,1431,1437,1357,1013,991,1071,1110,1164,936,716,538,374,656
Utah,Washington County,49053,-3.5,19.1,28.9,40.3,21.9,12,31.1,36.1,38.3,34.8,39,55.5,91,112.3,84.2,16.8,-476,1930,2465,3016,1650,1010,2075,1922,1806,1693,1908,2404,3373,3601,2678,1580,13303,10071,8521,7483,7505,8384,6671,5313,4710,4865,4883,4332,3707,3204,3177,9390
Utah,Wayne County,49055,-3.7,32.7,3.8,-12.5,-52.9,-21.8,17.5,14.3,16.8,23.6,20.5,17.8,11.1,24.6,11.5,-9.7,-8,65,8,-27,-114,-43,24,20,19,32,32,28,17,27,9,-20,214,199,229,220,216,201,140,143,115,135,156,161,160,112,85,206
Utah,Weber County,49057,2.8,0.1,0,2.8,10.4,11.3,1.1,0.4,3,4.6,4.6,3,3.4,3.9,5.4,3.7,606,26,12,465,1677,1968,194,70,379,624,619,343,320,263,272,397,21013,19849,18365,16566,16017,17323,17411,14561,12518,13520,13417,11450,9356,6639,4971,10662
Vermont,State Total,50000,3.6,8.1,7.1,9,-1.3,-20.6,-8.2,7.9,4.5,2.5,1.6,-0.2,0,-0.2,-1.3,2.3,1163,2638,2519,3750,-597,-9269,-3063,2669,1826,1244,850,-114,2,-58,-266,933,31663,32278,35117,41500,44493,44788,37334,33637,39906,48542,51105,48265,40567,29061,20281,40352
Vermont,Addison County,50001,4.2,8.4,5.8,26.3,18.2,-50.9,-36.4,23.3,10.5,8.3,5.2,-0.6,1.8,0.7,-0.8,4.5,73,150,123,674,475,-1691,-1021,388,237,228,151,-19,45,12,-9,98,1746,1787,2122,2559,2599,3320,2804,1658,2253,2720,2873,2915,2418,1669,1125,2161
Vermont,Bennington County,50003,2.3,10.6,7.9,6.6,-20.9,-30.9,-11.4,7.7,13.3,7.1,4.5,2.9,6.3,6.3,3.8,9.6,44,193,157,165,-564,-785,-213,134,282,194,132,81,156,122,55,299,1884,1812,1989,2468,2698,2539,1857,1735,2112,2728,2933,2803,2468,1914,1431,3110
Vermont,Caledonia County,50005,5.7,10.6,13.2,16.8,-17.4,-31.6,-0.9,19.3,9,10.4,9,7.6,3.2,9.6,6.5,-0.1,96,178,220,340,-415,-735,-15,293,153,224,205,186,67,130,63,-3,1677,1678,1673,2024,2374,2325,1646,1513,1708,2149,2268,2435,2061,1354,969,2238
Vermont,Chittenden County,50007,0.5,4.1,2,33.3,64.8,-4.6,-26.5,-8.4,-2.8,-4.9,-4.5,-6.5,-8.6,-7.2,-4.3,18.7,43,339,178,3372,6484,-536,-3462,-861,-304,-619,-577,-715,-765,-433,-174,1294,8049,8203,8779,10120,9992,11628,13042,10145,10849,12501,12794,10935,8852,5966,3971,6905
Vermont,Essex County,50009,9.1,6.3,6.8,-20.1,-47.2,-40.3,2.9,19.1,4.3,1.1,15.8,20.3,24,15.7,20.4,-12.8,21,18,24,-94,-249,-174,7,56,17,5,78,93,99,56,47,-76,239,290,355,465,527,433,260,295,416,505,497,458,414,359,231,590
Vermont,Franklin County,50011,6.6,6.5,5,-13.9,-35.2,-11.8,40.5,24,3.1,0.2,0.9,1.1,-0.7,-1.3,-3.5,2.2,192,193,167,-514,-1284,-372,851,632,107,11,35,39,-19,-26,-46,57,2897,2959,3327,3684,3642,3148,2099,2634,3474,4032,3872,3348,2671,1941,1310,2519
Vermont,Grand Isle County,50013,9.6,4.7,11.6,-9.5,-44.8,-27.6,43.4,35.3,14.8,7.3,5.5,11.3,14.2,-8,-15.1,-32.8,28,16,45,-43,-244,-117,111,106,63,42,34,69,70,-32,-44,-170,298,356,395,456,545,425,255,300,430,581,626,613,497,406,295,517
Vermont,Lamoille County,50015,4.5,10.3,13.7,4.6,-6.2,-18.6,-1.8,7.2,10,2.9,3.3,-3,-3.7,-0.3,-5.5,0.8,66,138,182,77,-105,-310,-29,109,151,55,65,-54,-56,-4,-44,11,1469,1340,1326,1665,1678,1663,1583,1508,1506,1883,1926,1776,1532,1099,803,1369
Vermont,Orange County,50017,0.2,14.8,9.1,0.3,-31.8,-31,7.9,18.8,18.6,7,4.6,6.8,6.8,3.1,-1.2,-6.7,3,211,150,6,-723,-673,108,261,302,158,116,154,136,43,-12,-133,1507,1424,1635,1941,2275,2171,1370,1386,1626,2245,2526,2250,1982,1392,982,1967
Vermont,Orleans County,50019,9.9,13.1,11.3,-6.9,-31,-21,18.1,18.6,6.1,8.4,4.2,4.3,14.4,13.7,9.3,7.9,130,184,174,-123,-624,-387,230,251,100,159,85,90,245,190,91,157,1320,1404,1539,1771,2011,1845,1268,1345,1635,1889,2020,2065,1696,1384,971,1985
Vermont,Rutland County,50021,0.3,4.9,5.1,3.2,-11.5,-29.3,-13.7,7.8,0.5,4,1.1,0.3,1.9,-0.2,0,-3.8,10,151,173,129,-533,-1303,-475,240,21,194,60,17,85,-6,0,-189,2898,3081,3378,4044,4618,4441,3456,3081,4010,4840,5212,5038,4299,3242,2263,4858
Vermont,Washington County,50023,7.3,10.8,9.7,7.9,-12.8,-25.2,-3.6,21.3,7.9,3.6,2.5,-3.7,-2.4,-5.6,-3,2.9,216,332,313,298,-529,-1045,-127,647,306,167,126,-185,-104,-157,-60,114,2954,3058,3228,3777,4131,4136,3476,3036,3877,4560,4915,4936,4222,2776,1999,3871
Vermont,Windham County,50025,5.4,8.2,8.3,-1.8,-20.9,-21.3,12.3,7.4,3.8,5.6,4.3,2.9,2.1,1,-4.7,-3.4,113,181,203,-53,-668,-646,248,162,103,196,165,111,70,24,-77,-113,2094,2184,2420,2846,3184,3030,2014,2171,2722,3482,3788,3829,3244,2339,1639,3294
Vermont,Windsor County,50027,4.5,12.9,13.7,-13.1,-38.2,-13.2,32.9,8.8,8.5,5,3.4,0.3,-0.6,0.6,-2.3,-8.3,119,348,404,-484,-1613,-489,724,248,280,225,168,15,-28,22,-53,-414,2626,2701,2944,3674,4213,3678,2197,2824,3282,4421,4848,4857,4206,3216,2287,4949
Virginia,State Total,51000,0.2,3.5,6.4,8.6,18.2,20.8,11,10.1,5.9,3.1,2.6,0.6,0.5,0.6,2.1,2.5,1166,17564,31142,43106,88841,98592,52701,50161,31815,19129,15002,3526,2490,2178,4828,10749,526021,498737,480103,500553,486745,473625,478587,493479,538142,603474,575938,505295,433700,314739,223683,414107
Virginia,Accomack County,51001,-12.2,-13.1,-24.6,-29,-33.5,-26.1,-20,-16.6,-6.3,-15.1,-2.4,-0.3,10.9,3.7,-8,-16.1,-283,-302,-600,-789,-873,-659,-434,-356,-136,-426,-66,-9,232,70,-131,-544,2307,2299,2433,2720,2603,2521,2169,2136,2142,2818,2748,2635,2130,1891,1646,3360
Virginia,Albemarle County,51003,,,,,,,,,,,,,,,,,,,,,,,,,,,,,,,,,,,,,,,,,,,,,,,,
Virginia,Alleghany County,51005,,,,,,,,,,,,,,,,,,,,,,,,,,,,,,,,,,,,,,,,,,,,,,,,
Virginia,Amelia County,51007,4.6,9.3,9.8,-1.3,-20.4,-10.4,27.5,13.4,24.9,13,13.5,21.1,17.9,16.7,7,14.5,33,66,72,-10,-171,-79,145,85,177,125,129,160,129,102,32,99,734,714,739,777,839,755,527,635,713,961,960,761,719,613,457,680
Virginia,Amherst County,51009,3.2,12.9,9.5,13.6,1.2,-34,-15,6.9,2.5,3.5,7.5,1.6,6.9,4.8,4.4,-4,56,203,179,285,26,-838,-288,125,52,85,180,38,136,77,56,-96,1749,1574,1886,2099,2194,2465,1916,1791,2071,2425,2381,2276,1966,1605,1271,2378
Virginia,Appomattox County,51011,6,25.4,14.7,-5.4,-17.4,-3.8,17.7,19.6,5.4,15.2,11.8,17.3,13.2,16.6,5.8,3,47,189,128,-52,-166,-35,113,152,47,153,127,152,121,123,35,32,786,743,869,966,955,916,636,775,866,1007,1078,877,912,739,606,1050
Virginia,Arlington County,51013,,,,,,,,,,,,,,,,,,,,,,,,,,,,,,,,,,,,,,,,,,,,,,,,
Virginia,Augusta County,51015,,,,,,,,,,,,,,,,,,,,,,,,,,,,,,,,,,,,,,,,,,,,,,,,
Virginia,Bath County,51017,12.1,15.8,15.6,-8,-31,-30.6,18.5,4,2.8,-6.3,-1.6,-2.6,7.7,8,9.5,-4.3,17,27,35,-24,-102,-83,34,10,9,-27,-6,-9,28,23,24,-20,145,174,227,308,329,271,188,269,324,436,369,345,365,298,257,458
Virginia,Bedford County,51019,,,,,,,,,,,,,,,,,,,,,,,,,,,,,,,,,,,,,,,,,,,,,,,,
Virginia,Bland County,51021,15.7,13.8,12.3,6.7,-27.3,-3.3,18.4,12.7,10.4,-7.1,-3.4,-4.5,5.7,8.5,7.2,-3.3,39,41,39,24,-110,-12,67,57,55,-37,-18,-24,28,31,21,-16,252,301,315,359,402,386,367,453,533,528,545,542,490,364,291,481
Virginia,Botetourt County,51023,22.3,47.3,29.4,7.4,-37,-32.4,30,50,25,12.6,3,6.5,4.8,1.8,1.6,3.6,306,661,532,142,-796,-615,331,680,486,323,85,170,113,32,21,78,1370,1397,1808,1901,2145,1895,1101,1359,1945,2558,2763,2595,2358,1773,1315,2158
Virginia,Brunswick County,51025,-3.6,1.6,4,15.4,9.5,-0.6,-14.2,-16.1,-22.7,-12.8,-7.6,-4.4,6.8,3.3,0.9,-10.1,-32,15,39,156,109,-8,-183,-208,-325,-191,-110,-59,72,28,6,-142,890,894,954,1012,1142,1219,1289,1288,1430,1493,1439,1332,1058,871,706,1397
Virginia,Buchanan County,51027,-1.3,-1.6,1.5,-12.6,-19.1,-22.4,-7.6,-10,-7.8,-10.2,-10.7,-6.9,-6,-0.9,-1.6,-5,-16,-19,20,-201,-312,-419,-118,-170,-147,-225,-247,-142,-110,-12,-18,-75,1159,1204,1328,1592,1631,1869,1546,1690,1877,2196,2313,2055,1819,1346,1117,1474
Virginia,Buckingham County,51029,8.2,21.4,14.6,8,-6.1,23.6,34.9,10.5,11.7,4.2,6.4,5.8,18,20.2,5.4,-2.5,72,148,117,75,-69,215,300,109,142,59,85,64,180,137,31,-26,883,693,803,939,1135,910,858,1036,1211,1401,1326,1111,1001,679,580,1034
Virginia,Campbell County,51031,,,,,,,,,,,,,,,,,,,,,,,,,,,,,,,,,,,,,,,,,,,,,,,,
Virginia,Caroline County,51033,5.9,34.6,27.9,6.1,-3.2,38.5,71,48.9,22.7,20.4,28.2,25.6,20.2,20.4,9.1,2,117,501,401,97,-50,533,815,636,364,375,499,382,289,222,73,31,1957,1445,1436,1575,1576,1384,1147,1301,1602,1836,1769,1493,1430,1084,804,1506
Virginia,Carroll County,51035,,,,,,,,,,,,,,,,,,,,,,,,,,,,,,,,,,,,,,,,,,,,,,,,
Virginia,Charles City County,51036,-14.3,0.8,-4.3,-4.3,-19.1,-14.6,-3.7,5.8,24.6,16.5,19.5,13.4,5.9,13.2,6.3,-0.2,-53,2,-17,-18,-80,-66,-13,20,108,101,111,78,32,51,17,-1,370,352,403,427,421,456,353,341,442,615,567,588,542,389,275,477
Virginia,Charlotte County,51037,-1.1,6.3,21.9,-2.2,-25.6,-27.6,-0.9,6.5,0.6,11.6,10.9,10.3,18.1,11.7,11.4,-6.9,-8,46,157,-19,-227,-224,-5,41,5,102,101,82,127,74,58,-79,728,728,715,899,888,813,597,631,762,880,933,801,703,631,509,1144
Virginia,Chesterfield County,51041,,,,,,,,,,,,,,,,,,,,,,,,,,,,,,,,,,,,,,,,,,,,,,,,
Virginia,Clarke County,51043,7.9,36.8,41.4,3.1,-39.1,-16.7,20.6,39.3,30.5,15.8,12.5,14.3,7.6,0.8,-3,22.1,55,229,282,29,-340,-120,101,209,246,177,145,136,69,6,-16,187,702,621,681,926,869,717,493,533,807,1120,1160,948,915,698,546,846
Virginia,Craig County,51045,30.2,21.4,8.5,-3,-38.3,-22.8,13.6,7.8,6.3,5.8,2.1,10.7,9.3,13.8,-4,-4.3,61,56,25,-10,-140,-67,30,21,22,23,9,39,33,38,-8,-16,204,263,299,329,366,295,226,277,347,407,439,367,355,280,219,364
Virginia,Culpeper County,51047,4,38.1,46.6,23.1,-0.9,21.2,57.6,50,40.9,29.4,20.2,22,24.8,26.8,26.2,25.2,130,966,1057,589,-24,494,1095,1050,1030,880,586,526,507,417,280,471,3260,2533,2265,2545,2511,2324,1900,2099,2517,2988,2889,2381,2044,1554,1067,1863
Virginia,Cumberland County,51049,15.5,18.9,8.4,7.2,-5.5,9.5,11.6,10,12.4,10.9,10.7,19.1,25.8,17.7,6.3,-17.5,86,93,49,47,-36,51,53,51,75,77,70,110,150,81,24,-140,559,495,583,657,653,537,457,510,607,705,655,574,583,462,381,799
Virginia,Dickenson County,51051,0,13.4,7.3,-0.9,-28.3,-21.4,1.1,9.9,2.6,5.3,1,-4.8,1.5,11.1,6.8,-10.8,0,108,66,-9,-298,-251,10,90,25,62,13,-61,17,88,42,-133,897,812,903,951,1053,1172,945,908,970,1169,1266,1263,1101,793,625,1222
Virginia,Dinwiddie County,51053,,,,,,,,,,,,,,,,,,,,,,,,,,,,,,,,,,,,,,,,,,,,,,,,
Virginia,Essex County,51057,-4.8,12.8,24.1,12.9,-11.2,2.1,22.6,18,11.8,10.3,19.3,14.3,23.6,27.9,18.7,2.2,-34,74,129,87,-80,12,109,93,78,77,142,103,155,133,72,19,707,580,538,676,711,572,484,516,664,743,735,723,654,478,386,834
Virginia,Fairfax County,51059,,,,,,,,,,,,,,,,,,,,,,,,,,,,,,,,,,,,,,,,,,,,,,,,
Virginia,Fauquier County,51061,-3.7,29,36.8,6.9,-29.2,-18.2,47.8,55.6,35.9,20,10.7,7.6,1,1.4,3.9,14.3,-153,1042,1348,290,-1293,-688,1062,1421,1334,1021,544,331,38,41,73,415,4094,3586,3657,4203,4425,3773,2221,2552,3706,5091,5076,4320,3892,2907,1890,2895
Virginia,Floyd County,51063,7.6,24.4,19,-1.4,-21.4,-5,30.1,19.2,11.7,21.7,11.9,15.9,13.3,12.3,9.2,-3.1,61,188,152,-12,-191,-41,193,155,109,215,118,160,132,99,56,-36,806,772,801,863,891,819,642,806,932,990,990,1002,995,804,607,1129
Virginia,Fluvanna County,51065,-1.8,14,25.3,6.5,-20.7,40.1,92.1,53.2,26.3,13.6,16.3,14.7,34.2,37,23.1,-2.3,-31,201,340,92,-270,414,813,635,417,247,270,211,396,361,191,-40,1672,1433,1342,1405,1306,1033,883,1194,1586,1814,1656,1440,1155,977,830,1668
Virginia,Franklin County,51067,12.1,19.9,21.7,26.9,1.4,-11.9,7.6,26.5,22.5,18.1,21.3,23.5,30.5,27.9,16.5,5.6,352,525,579,806,46,-359,191,680,681,666,786,804,996,761,344,206,2888,2631,2663,2996,3119,3005,2512,2567,3023,3680,3681,3417,3259,2727,2086,3669
Virginia,Frederick County,51069,,,,,,,,,,,,,,,,,,,,,,,,,,,,,,,,,,,,,,,,,,,,,,,,
Virginia,Giles County,51071,14,7.3,10.2,0.3,-19.6,-12.1,17.2,14.3,6.8,4.8,5.2,12.6,11.1,10.5,6.8,1.4,115,75,99,3,-206,-115,133,143,79,60,61,137,125,99,42,20,824,1020,973,1019,1053,954,772,997,1150,1251,1180,1090,1122,943,621,1360
Virginia,Gloucester County,51073,5.9,10.6,15,-0.7,-32.9,-16.2,21.5,27,15.4,6.1,2.6,5.9,7.5,9.1,7.1,3.6,107,214,315,-18,-917,-393,330,500,340,192,83,147,168,154,89,76,1787,2012,2098,2588,2787,2416,1538,1852,2212,3123,3182,2503,2225,1698,1248,2099
Virginia,Goochland County,51075,3.6,33,47.4,19.2,-27.8,1.3,83.6,61.3,42.6,28.9,27.3,30.8,27,20,15.2,8.1,36,311,429,190,-301,11,517,560,529,458,441,433,362,204,102,92,1006,944,905,986,1081,872,618,913,1240,1582,1615,1406,1339,1019,670,1125
Virginia,Grayson County,51077,,,,,,,,,,,,,,,,,,,,,,,,,,,,,,,,,,,,,,,,,,,,,,,,
Virginia,Greene County,51079,7.4,8,5.2,-8.1,-26.7,20.8,68.2,32,4.1,4.1,14.3,11.1,24.8,25.9,17.5,24.8,94,99,62,-98,-326,182,469,313,52,63,174,117,229,175,83,181,1256,1227,1189,1213,1217,877,688,980,1262,1514,1218,1050,922,676,476,729
Virginia,Greensville County,51081,,,,,,,,,,,,,,,,,,,,,,,,,,,,,,,,,,,,,,,,,,,,,,,,
Virginia,Halifax County,51083,,,,,,,,,,,,,,,,,,,,,,,,,,,,,,,,,,,,,,,,,,,,,,,,
Virginia,Hanover County,51085,8.2,28.7,32.3,10.8,-24.4,-31.1,27.2,59,28.8,13.9,4.6,3,2.8,5.4,6.3,26.3,427,1551,1883,741,-1650,-1915,1015,2423,1729,1108,372,205,164,225,176,1187,5204,5397,5814,6815,6753,6156,3722,4102,5995,7972,8030,6826,5774,4127,2783,4498
Virginia,Henrico County,51087,,,,,,,,,,,,,,,,,,,,,,,,,,,,,,,,,,,,,,,,,,,,,,,,
Virginia,Henry County,51089,,,,,,,,,,,,,,,,,,,,,,,,,,,,,,,,,,,,,,,,,,,,,,,,
Virginia,Highland County,51091,-6,24.2,15.6,-18.1,-46.3,-42.5,30.6,4.4,3.1,-0.4,10.1,14.5,16.9,13.1,-4.9,-18.4,-4,18,15,-24,-76,-54,20,4,3,0,21,27,35,21,-7,-54,69,77,95,136,164,129,67,100,114,179,216,188,206,163,157,292
Virginia,Isle of Wight County,51093,2.2,28.7,29.2,9.5,-28.6,-12.6,28.3,47.4,34.2,25.3,18.9,17.9,22,14.9,7.9,22,41,492,544,205,-650,-237,374,662,637,676,519,421,424,235,92,374,1868,1715,1859,2147,2271,1881,1321,1396,1862,2670,2748,2355,1924,1568,1161,1697
Virginia,James City County,51095,,,,,,,,,,,,,,,,,,,,,,,,,,,,,,,,,,,,,,,,,,,,,,,,
Virginia,King and Queen County,51097,5.7,23.5,4.6,0.6,-22.3,-14.5,6,23.5,13.9,9.8,17.6,21.7,16.7,8.8,0,-6.1,20,80,17,2,-100,-58,20,74,53,53,89,110,68,33,0,-35,352,341,369,421,450,401,330,316,382,540,507,506,407,382,248,567
Virginia,King George County,51099,8.3,38.7,41.8,18.3,-3.2,20.4,63.8,60,45.2,35.4,28.5,19.5,15,17.4,20.3,7.4,143,506,552,243,-42,236,601,631,568,546,396,227,149,132,103,61,1716,1308,1319,1326,1311,1157,941,1051,1256,1541,1390,1164,991,759,506,814
Virginia,King William County,51101,2.5,21.9,19.6,9,-18.4,14.6,91,32.2,17.5,19.1,17.9,7.1,10.5,2.3,12.6,9.8,26,202,185,86,-175,122,469,270,176,220,193,72,86,15,51,73,1004,923,946,958,951,832,515,837,1008,1149,1079,1015,820,662,409,742
Virginia,Lancaster County,51103,-2.9,0.5,5.9,-7.1,-37.1,-35.2,8.3,19.4,18.4,12.3,15.3,30.8,44.1,40.2,19,5.4,-14,3,29,-42,-250,-222,30,71,83,81,116,221,312,282,127,90,480,523,502,595,675,630,360,366,450,657,756,718,706,702,670,1654
Virginia,Lee County,51105,11.2,18.6,7.5,1.4,-11.9,4.1,40.8,33.1,20.5,13.9,12.5,12.7,9.4,20.9,11.1,-5.8,136,225,107,20,-191,59,533,468,304,221,220,208,142,239,105,-102,1217,1211,1417,1451,1593,1446,1304,1415,1480,1585,1753,1639,1505,1144,940,1739
Virginia,Loudoun County,51107,10.4,38.2,48,22.9,3.9,115.1,263,142,67.9,40.7,30.8,27,21.9,14.9,22.5,80.6,2689,8082,8207,3547,479,10186,18007,17324,11964,8031,4958,3200,2075,982,846,3632,25656,21147,17065,15450,12304,8845,6844,12191,17598,19706,16054,11849,9445,6553,3759,4504
Virginia,Louisa County,51109,8.1,25.8,22.1,10.4,-13.7,18.8,70.9,54.2,34.9,25,30,36.9,37,37.3,23.1,1.7,157,424,349,188,-248,298,812,702,606,582,636,694,627,475,235,31,1935,1640,1582,1799,1813,1581,1145,1295,1736,2322,2120,1879,1692,1271,1013,1735
Virginia,Lunenburg County,51111,4.4,17,3.1,-3.3,-15.2,-14.9,14.4,10.9,1.7,0.6,-4.8,5.8,6.8,19.5,1.5,-19.4,30,100,20,-24,-134,-125,104,78,15,6,-51,58,57,116,8,-230,681,590,667,734,885,839,722,713,875,1014,1072,1007,838,597,530,1184
Virginia,Madison County,51113,4,20.8,15.6,0.4,-27.8,-23.8,18.1,19.8,12,10.8,6.4,9.2,9.5,7.8,8.8,-0.8,30,142,117,3,-246,-202,101,119,92,105,66,86,82,53,46,-9,748,682,746,820,885,850,560,603,768,971,1028,936,860,686,526,1008
Virginia,Mathews County,51115,7.9,21.2,19.4,1.2,-35.1,-37.2,-0.8,25,15.3,13.4,6.1,15.5,11.9,15.6,6.6,-8.3,26,75,84,6,-190,-192,-2,94,71,79,40,96,82,99,35,-88,336,355,434,491,542,517,313,376,463,592,664,622,686,636,532,1056
Virginia,Mecklenburg County,51117,3,2.1,3.9,-4,-17.2,-6.5,5.3,-1,-0.8,1.2,6.7,11.3,23.3,26.1,15.7,0.5,48,36,70,-78,-354,-121,88,-19,-16,30,159,248,461,437,229,17,1584,1709,1811,1931,2053,1855,1652,1863,2032,2483,2380,2194,1980,1670,1454,2933
Virginia,Middlesex County,51119,6.7,28.4,23,10,-26,-3.8,20.9,23.8,26.1,29.7,39.7,35.5,43.5,33.5,21.6,-8.5,28,108,89,52,-168,-19,69,88,132,196,273,244,297,238,115,-107,420,383,387,526,644,513,331,369,506,660,688,689,682,712,532,1248
Virginia,Montgomery County,51121,,,,,,,,,,,,,,,,,,,,,,,,,,,,,,,,,,,,,,,,,,,,,,,,
Virginia,Nelson County,51125,-4.8,4.8,10.8,-5.2,-31.2,-18.5,17.7,14.3,14.5,12.9,9.4,13.9,21,24.4,14,-12.4,-37,37,84,-42,-296,-165,106,95,114,131,107,162,236,200,96,-166,787,774,778,808,949,896,599,660,789,1016,1135,1168,1123,820,682,1331
Virginia,New Kent County,51127,19.6,44.7,56,26.3,-18.8,-0.1,108,84.9,48.2,31.6,29,28.4,34.5,29.6,14.2,15.6,163,343,441,245,-193,-1,534,577,470,414,373,329,351,211,69,98,833,768,787,930,1025,884,494,680,974,1310,1284,1157,1019,714,485,628
Virginia,Northampton County,51131,-13.5,-13,-11,-18.4,-32,-24.6,-5.3,0.2,1.4,8.9,2.7,10.3,26.5,31,11.9,-3,-111,-102,-83,-150,-297,-212,-33,1,8,71,28,92,199,189,65,-43,820,789,756,812,928,862,615,581,609,800,1025,892,753,608,551,1392
Virginia,Northumberland County,51133,5.4,4.3,7.1,-7.9,-26.7,-24.3,14.2,13.4,6.2,14.4,19.8,33.6,55.4,30.4,9.3,-20.9,28,23,39,-50,-180,-153,54,51,34,103,155,240,428,284,80,-405,516,542,549,633,676,628,382,382,555,714,783,714,772,934,858,1934
Virginia,Nottoway County,51135,0.8,3.8,-0.4,-8.8,-6.4,14.8,11,-7.5,0.3,1.6,0.5,-0.2,9,17.9,12.6,-3.8,7,33,-4,-87,-70,140,104,-78,4,20,6,-2,74,120,72,-50,916,877,913,987,1089,941,948,1039,1075,1245,1207,1065,817,671,572,1302
Virginia,Orange County,51137,5.6,29.4,40.2,22.8,-10.4,12,70.4,52.6,42.6,26.3,24.9,28.4,42.1,39.1,32.3,7,109,474,648,373,-179,184,781,694,707,547,493,494,638,528,390,167,1960,1613,1609,1636,1724,1530,1109,1319,1659,2075,1973,1738,1514,1350,1207,2368
Virginia,Page County,51139,4.8,9.4,7.9,-5.5,-19.1,-13.9,12.2,9.5,4.4,8,5.6,7,9.9,9.6,9,-1.8,62,128,105,-85,-293,-206,147,131,69,144,96,112,142,118,86,-35,1290,1357,1329,1532,1534,1479,1200,1379,1569,1790,1697,1586,1434,1229,954,1856
Virginia,Patrick County,51141,8,9.6,-8.4,-14.4,-33.6,-31.3,-4.9,-2.6,-3.2,2.8,2,6.4,12.2,16.6,8.8,1.9,70,82,-96,-171,-389,-351,-48,-32,-40,39,28,83,156,183,80,31,879,851,1149,1186,1156,1121,967,1209,1262,1402,1411,1284,1271,1105,908,1631
Virginia,Pittsylvania County,51143,,,,,,,,,,,,,,,,,,,,,,,,,,,,,,,,,,,,,,,,,,,,,,,,
Virginia,Powhatan County,51145,13.8,30.5,41.3,40.6,-17.1,-17.1,45.9,41.5,22.4,16.5,14.1,14.6,19.4,15.5,18.4,22.9,177,405,561,630,-251,-266,487,588,447,374,290,259,302,185,128,219,1282,1325,1356,1550,1468,1552,1060,1415,1991,2264,2057,1776,1557,1191,695,956
Virginia,Prince Edward County,51147,2.3,16.1,11.5,151.8,246.5,-51.8,-60.6,18.9,21.9,19.9,15.4,15.8,23.4,31.8,24.2,18.4,24,163,117,1703,2905,-1325,-1649,175,229,230,187,185,208,223,143,245,1027,1013,1023,1121,1178,2557,2718,926,1044,1157,1209,1169,889,701,594,1326
Virginia,Prince George County,51149,,,,,,,,,,,,,,,,,,,,,,,,,,,,,,,,,,,,,,,,,,,,,,,,
Virginia,Prince William County,51153,,,,,,,,,,,,,,,,,,,,,,,,,,,,,,,,,,,,,,,,,,,,,,,,
Virginia,Pulaski County,51155,2.6,6,-1.3,-2.3,-13,-4.6,2.3,1.7,1,4.2,4.6,4.2,5.1,5.3,4.7,-0.9,45,105,-27,-47,-263,-86,41,42,26,107,118,108,131,103,69,-24,1719,1747,1997,2055,2015,1860,1810,2405,2460,2522,2536,2568,2560,1947,1473,2606
Virginia,Rappahannock County,51157,-8.9,3.2,26.4,0,-39,-30.2,31.1,15.7,21.5,11.6,7.7,4.6,9.3,11.2,0.8,1.5,-33,12,98,0,-198,-121,78,50,84,60,48,27,56,50,3,8,372,377,371,431,509,403,252,320,392,525,624,594,607,447,361,526
Virginia,Richmond County,51159,-3.3,4.6,22.4,13.7,5.1,21.4,24.6,6.7,8.7,9,-5.4,-5.8,7.2,16.4,19.1,19.8,-14,20,83,58,24,109,132,40,57,70,-41,-38,34,62,62,139,423,436,369,425,473,508,537,598,656,782,769,661,476,379,326,699
Virginia,Roanoke County,51161,,,,,,,,,,,,,,,,,,,,,,,,,,,,,,,,,,,,,,,,,,,,,,,,
Virginia,Rockbridge County,51163,,,,,,,,,,,,,,,,,,,,,,,,,,,,,,,,,,,,,,,,,,,,,,,,
Virginia,Rockingham County,51165,,,,,,,,,,,,,,,,,,,,,,,,,,,,,,,,,,,,,,,,,,,,,,,,
Virginia,Russell County,51167,4.5,8,-0.1,-2.5,-12.8,-17.5,4.1,-0.8,1.2,1.9,5.1,1.4,3.4,6.2,5.5,-2.8,68,119,-2,-45,-225,-333,67,-15,23,42,120,30,66,91,62,-57,1522,1481,1680,1769,1755,1897,1617,1933,1908,2148,2345,2187,1905,1460,1126,2011
Virginia,Scott County,51169,3.5,5.9,6.4,-6.2,-17.4,-10,5.7,10.1,6.4,6.8,6.2,4.8,8.4,11.9,7.6,-3.7,41,65,80,-85,-245,-134,67,135,97,110,103,78,129,153,79,-77,1163,1109,1244,1366,1405,1336,1191,1332,1521,1611,1665,1611,1534,1288,1040,2046
Virginia,Shenandoah County,51171,4.9,14.9,28.7,14.1,-6.1,13.3,40.2,29.9,26,19.9,17.9,19.4,26.3,24.1,17.7,14.7,120,326,580,321,-138,268,619,573,594,521,477,479,578,464,276,448,2436,2191,2017,2267,2254,2017,1538,1918,2279,2614,2657,2467,2198,1923,1559,3028
Virginia,Smyth County,51173,1.6,8.6,4.3,-4,-12.7,-20.8,-0.7,2.6,1.5,1.5,-2.2,2.3,4.6,5.7,3.2,0.9,29,144,79,-85,-256,-409,-12,56,33,37,-55,54,98,93,45,24,1772,1677,1829,2124,2011,1966,1800,2085,2157,2344,2430,2281,2086,1639,1416,2573
Virginia,Southampton County,51175,,,,,,,,,,,,,,,,,,,,,,,,,,,,,,,,,,,,,,,,,,,,,,,,
Virginia,Spotsylvania County,51177,,,,,,,,,,,,,,,,,,,,,,,,,,,,,,,,,,,,,,,,,,,,,,,,
Virginia,Stafford County,51179,6.2,34.5,49.3,22.5,2.1,21.1,57.1,62.7,50.9,29.9,13,2,-0.9,-0.5,12.7,36.7,534,2600,3673,1951,185,1442,2853,3441,3695,2801,1133,141,-54,-21,253,950,8497,7530,7443,8659,8471,6817,4994,5487,7254,9361,8677,6912,5422,3628,1992,2587
Virginia,Surry County,51181,3.2,11.8,7.6,-0.2,-26.7,-28.1,-0.6,24.4,13.5,19.2,11.1,15.2,17.6,0.5,-3.3,-12.4,12,39,30,-1,-147,-129,-2,69,56,110,67,75,71,2,-9,-65,372,336,402,477,551,460,322,285,417,574,608,496,407,386,278,523
Virginia,Sussex County,51183,-2.6,-5.1,-7.2,-9.6,26.1,70.9,-1.2,-20.1,-11.7,-14.5,-10.2,-7.9,-3.1,6.5,3.2,-3.3,-14,-30,-43,-68,187,475,-10,-215,-120,-169,-108,-74,-22,33,13,-27,558,589,599,716,716,670,884,1070,1023,1166,1053,945,734,504,419,800
Virginia,Tazewell County,51185,2.7,10.9,8.2,0.6,-11.8,-14.3,12.2,8.7,14.6,4.8,5.9,1.4,5.2,6.8,2.4,4,64,252,201,18,-313,-413,303,233,359,149,204,49,160,154,44,134,2322,2299,2439,2701,2653,2886,2485,2659,2455,3072,3443,3489,3044,2250,1776,3327
Virginia,Warren County,51187,-2.2,12.5,18.8,11.6,-5.8,3.4,36,39.7,26.1,17.5,18.8,14.5,10.4,9.7,9,9.9,-56,276,408,276,-135,67,577,697,581,493,480,322,195,142,95,179,2552,2201,2169,2364,2298,1947,1599,1757,2227,2818,2544,2214,1875,1462,1064,1793
Virginia,Washington County,51191,,,,,,,,,,,,,,,,,,,,,,,,,,,,,,,,,,,,,,,,,,,,,,,,
Virginia,Westmoreland County,51193,2.2,5.8,6.2,-1.9,-23.3,-10.8,17.4,26.7,6.2,15.1,20.1,21.4,28.2,23.9,4.8,-13.6,20,52,56,-20,-281,-111,122,189,56,164,239,251,292,236,42,-234,936,894,899,1058,1204,1019,703,708,915,1090,1186,1170,1034,984,878,1713
Virginia,Wise County,51195,,,,,,,,,,,,,,,,,,,,,,,,,,,,,,,,,,,,,,,,,,,,,,,,
Virginia,Wythe County,51197,10,7.4,6.8,1.9,-17.9,-6.2,12,11.7,5,10.5,10.7,7.2,15.4,18.2,14.6,4.2,148,120,107,32,-306,-104,175,208,99,210,213,145,266,255,163,91,1486,1613,1560,1679,1710,1677,1455,1769,1980,1989,1982,1996,1728,1397,1112,2147
Virginia,York County,51199,,,,,,,,,,,,,,,,,,,,,,,,,,,,,,,,,,,,,,,,,,,,,,,,
Virginia,Alexandria city,51510,,,,,,,,,,,,,,,,,,,,,,,,,,,,,,,,,,,,,,,,,,,,,,,,
Virginia,Bristol city,51520,,,,,,,,,,,,,,,,,,,,,,,,,,,,,,,,,,,,,,,,,,,,,,,,
Virginia,Buena Vista city,51530,,,,,,,,,,,,,,,,,,,,,,,,,,,,,,,,,,,,,,,,,,,,,,,,
Virginia,Charlottesville city,51540,,,,,,,,,,,,,,,,,,,,,,,,,,,,,,,,,,,,,,,,,,,,,,,,
Virginia,Chesapeake city,51550,,,,,,,,,,,,,,,,,,,,,,,,,,,,,,,,,,,,,,,,,,,,,,,,
Virginia,Colonial Heights city,51570,,,,,,,,,,,,,,,,,,,,,,,,,,,,,,,,,,,,,,,,,,,,,,,,
Virginia,Covington city,51580,,,,,,,,,,,,,,,,,,,,,,,,,,,,,,,,,,,,,,,,,,,,,,,,
Virginia,Danville city,51590,,,,,,,,,,,,,,,,,,,,,,,,,,,,,,,,,,,,,,,,,,,,,,,,
Virginia,Emporia city,51595,,,,,,,,,,,,,,,,,,,,,,,,,,,,,,,,,,,,,,,,,,,,,,,,
Virginia,Fairfax city,51600,,,,,,,,,,,,,,,,,,,,,,,,,,,,,,,,,,,,,,,,,,,,,,,,
Virginia,Falls Church city,51610,,,,,,,,,,,,,,,,,,,,,,,,,,,,,,,,,,,,,,,,,,,,,,,,
Virginia,Franklin city,51620,,,,,,,,,,,,,,,,,,,,,,,,,,,,,,,,,,,,,,,,,,,,,,,,
Virginia,Fredericksburg city,51630,,,,,,,,,,,,,,,,,,,,,,,,,,,,,,,,,,,,,,,,,,,,,,,,
Virginia,Galax city,51640,,,,,,,,,,,,,,,,,,,,,,,,,,,,,,,,,,,,,,,,,,,,,,,,
Virginia,Hampton city,51650,,,,,,,,,,,,,,,,,,,,,,,,,,,,,,,,,,,,,,,,,,,,,,,,
Virginia,Harrisonburg city,51660,,,,,,,,,,,,,,,,,,,,,,,,,,,,,,,,,,,,,,,,,,,,,,,,
Virginia,Hopewell city,51670,,,,,,,,,,,,,,,,,,,,,,,,,,,,,,,,,,,,,,,,,,,,,,,,
Virginia,Lexington city,51678,,,,,,,,,,,,,,,,,,,,,,,,,,,,,,,,,,,,,,,,,,,,,,,,
Virginia,Lynchburg city,51680,,,,,,,,,,,,,,,,,,,,,,,,,,,,,,,,,,,,,,,,,,,,,,,,
Virginia,Manassas city,51683,,,,,,,,,,,,,,,,,,,,,,,,,,,,,,,,,,,,,,,,,,,,,,,,
Virginia,Manassas Park city,51685,,,,,,,,,,,,,,,,,,,,,,,,,,,,,,,,,,,,,,,,,,,,,,,,
Virginia,Martinsville city,51690,,,,,,,,,,,,,,,,,,,,,,,,,,,,,,,,,,,,,,,,,,,,,,,,
Virginia,Newport News city,51700,,,,,,,,,,,,,,,,,,,,,,,,,,,,,,,,,,,,,,,,,,,,,,,,
Virginia,Norfolk city,51710,,,,,,,,,,,,,,,,,,,,,,,,,,,,,,,,,,,,,,,,,,,,,,,,
Virginia,Norton city,51720,,,,,,,,,,,,,,,,,,,,,,,,,,,,,,,,,,,,,,,,,,,,,,,,
Virginia,Petersburg city,51730,,,,,,,,,,,,,,,,,,,,,,,,,,,,,,,,,,,,,,,,,,,,,,,,
Virginia,Poquoson city,51735,,,,,,,,,,,,,,,,,,,,,,,,,,,,,,,,,,,,,,,,,,,,,,,,
Virginia,Portsmouth city,51740,,,,,,,,,,,,,,,,,,,,,,,,,,,,,,,,,,,,,,,,,,,,,,,,
Virginia,Radford city,51750,,,,,,,,,,,,,,,,,,,,,,,,,,,,,,,,,,,,,,,,,,,,,,,,
Virginia,Richmond city,51760,,,,,,,,,,,,,,,,,,,,,,,,,,,,,,,,,,,,,,,,,,,,,,,,
Virginia,Roanoke city,51770,,,,,,,,,,,,,,,,,,,,,,,,,,,,,,,,,,,,,,,,,,,,,,,,
Virginia,Salem city,51775,,,,,,,,,,,,,,,,,,,,,,,,,,,,,,,,,,,,,,,,,,,,,,,,
Virginia,Staunton city,51790,,,,,,,,,,,,,,,,,,,,,,,,,,,,,,,,,,,,,,,,,,,,,,,,
Virginia,Suffolk city,51800,13.1,19,27.2,13.6,-10.3,18.4,76.2,68.6,36.4,25.7,22.6,22.1,22.1,19.6,20,24.1,718,1001,1313,699,-529,772,2309,2534,1726,1485,1195,943,795,537,393,786,5452,5266,4815,5135,5137,4177,3027,3693,4737,5781,5284,4258,3595,2735,1962,3261
Virginia,Virginia Beach city,51810,,,,,,,,,,,,,,,,,,,,,,,,,,,,,,,,,,,,,,,,,,,,,,,,
Virginia,Waynesboro city,51820,,,,,,,,,,,,,,,,,,,,,,,,,,,,,,,,,,,,,,,,,,,,,,,,
Virginia,Williamsburg city,51830,,,,,,,,,,,,,,,,,,,,,,,,,,,,,,,,,,,,,,,,,,,,,,,,
Virginia,Winchester city,51840,,,,,,,,,,,,,,,,,,,,,,,,,,,,,,,,,,,,,,,,,,,,,,,,
Washington,State Total,53000,3.9,8.7,7.1,5.9,8.6,15.8,18,12.7,5.6,3.1,2.8,2.9,4.3,5.7,6,7.1,17374,34821,29146,25561,36708,66349,70018,51133,24535,14945,13502,12708,15676,14581,10640,24734,438030,399228,409086,430643,426589,418679,386927,399560,434850,477248,478670,436067,360825,252752,175085,343721
Washington,Adams County,53001,6.2,4.5,2.2,0.2,-12.7,-12.3,19.2,7.4,-3,-4.2,-3.4,-7,-8.5,-6.3,-6.1,-10.4,125,80,35,3,-186,-179,207,80,-33,-46,-36,-71,-68,-40,-29,-101,2018,1764,1611,1637,1461,1458,1076,1086,1103,1095,1041,1024,795,633,476,965
Washington,Asotin County,53003,9.4,8,-12.6,-5.6,-15,-16,7.8,-1.2,1.7,8.2,8.1,13.2,23.4,23.8,27.3,1.3,112,100,-184,-82,-210,-238,85,-13,20,116,123,186,275,240,222,24,1187,1246,1457,1454,1400,1488,1087,1108,1186,1411,1509,1407,1176,1009,813,1824
Washington,Benton County,53005,13.9,23.5,19.3,7.9,-8.9,5.6,38.5,29,18.5,12.9,9.6,9.1,7.8,8.8,10,23.9,1666,2526,2161,940,-1086,651,3105,2414,1733,1422,1108,974,691,547,428,1744,11959,10705,11188,11813,12092,11459,8060,8320,9325,10997,11432,10670,8791,6157,4271,7271
Washington,Chelan County,53007,2.2,7,2.6,-1.1,-19.9,-13.9,14.6,7.7,3.2,5.1,6.8,3.8,12.1,14.6,15.7,11.5,111,325,130,-57,-1070,-712,531,297,135,247,349,191,472,409,349,552,5044,4605,4941,5204,5357,5095,3618,3819,4169,4792,5140,4971,3873,2787,2216,4772
Washington,Clallam County,53009,9.7,14.3,11.2,4.3,-14.1,-16.9,25.3,23.3,22.2,15.1,20.3,27,40.2,47.6,35.2,7.8,309,430,387,163,-594,-739,707,639,650,590,920,1283,1687,1673,1027,578,3174,2999,3434,3769,4210,4367,2785,2740,2924,3896,4517,4742,4190,3514,2912,7348
Washington,Clark County,53011,5.9,17.2,17.8,3.4,-11,9.3,44.3,31.3,17,10.2,7.4,8.8,13,13.9,16.8,33,1702,4616,4976,974,-3033,2272,8799,7104,4347,2899,2087,2266,2749,2043,1603,5098,28671,26798,27863,28611,27475,24313,19819,22647,25557,28427,28107,25546,21130,14635,9524,15409
Washington,Columbia County,53013,8.6,6.3,10.1,-14.5,-43.8,-37,-8,24.3,14.2,22,6.1,11.9,18.7,29.3,33.7,-2.6,17,11,22,-38,-123,-107,-14,37,28,58,17,36,54,68,55,-11,205,187,224,265,282,290,181,155,199,264,285,302,291,232,165,418
Washington,Cowlitz County,53015,3.6,12.5,8.8,-2.2,-19.9,-13.7,16.3,14.5,9.5,8.1,10.9,10.2,14.7,18.8,16.4,22.7,238,763,568,-159,-1421,-918,841,780,555,540,764,675,860,808,507,1294,6556,6062,6425,7208,7120,6660,5148,5370,5843,6667,7006,6586,5844,4299,3087,5677
Washington,Douglas County,53017,5.3,30.5,15.3,5.7,-20.3,-5.6,39.4,32,20.6,3.3,4.5,5.9,14.2,19.4,19.2,5.4,148,672,392,155,-562,-144,670,574,397,83,116,139,264,280,207,123,2796,2199,2563,2709,2769,2545,1701,1792,1929,2512,2554,2349,1858,1445,1076,2266
Washington,Ferry County,53019,12.8,7.5,6.9,6.1,-29.2,-49.2,2.7,13.1,16.3,23.1,13.8,17.8,27.8,27.5,9.3,-2,46,26,27,30,-167,-330,8,39,56,101,74,114,146,111,32,-11,357,353,402,503,573,671,313,303,345,438,538,639,525,405,343,535
Washington,Franklin County,53021,11,27.6,34.1,25.5,29.8,50.1,69.5,50,35.4,25.2,24.6,22.7,20.4,21.9,15.7,7.5,875,1695,1757,1256,1308,2216,2586,1854,1241,871,808,687,469,347,181,167,7896,6132,5154,4921,4389,4422,3717,3702,3503,3449,3277,3030,2291,1582,1154,2225
Washington,Garfield County,53023,-3.1,18.6,40,-10.9,-61.2,-55.6,44.6,44,0.3,7.9,2.9,0.3,22.5,25.9,5.6,0.7,-3,16,45,-17,-119,-112,32,35,0,12,5,0,34,25,4,2,101,91,113,163,194,201,72,80,105,151,176,217,151,99,88,279
Washington,Grant County,53025,8,8.6,8,6.8,-6.5,-3.8,17.7,13.5,7.3,5.8,6,7.3,14.9,20.4,12.1,-3.6,637,602,549,457,-433,-244,871,665,357,303,308,333,553,583,257,-175,7875,6932,6800,6672,6585,6383,4900,4901,4860,5152,5076,4564,3714,2848,2112,4828
Washington,Grays Harbor County,53027,0.7,4.2,3.7,0.9,-14.5,-13.6,25.7,20.7,11.5,14,13.4,16,24.7,23.7,20.9,-3.2,32,169,161,44,-735,-685,883,730,454,637,670,769,1033,746,505,-164,4391,4013,4331,4654,5068,5031,3426,3513,3932,4530,4995,4807,4173,3141,2414,5114
Washington,Island County,53029,-0.5,-6.9,-8.8,-13.1,0,9.2,-5.2,-7.7,-6,-4.8,9.3,24.4,42.6,38.6,24.6,2.6,-26,-329,-438,-690,4,428,-230,-343,-280,-264,486,1206,1794,1373,688,152,4712,4704,4956,5238,5169,4628,4375,4404,4678,5494,5191,4927,4209,3556,2791,5760
Washington,Jefferson County,53031,7.9,12.6,24.7,-6.3,-31,-25.2,44.4,40,26.9,24.6,22,32.6,50.9,60.7,32.2,-6.2,81,127,271,-90,-498,-380,370,358,312,382,458,744,1126,1064,454,-205,1020,1009,1095,1422,1607,1508,833,896,1159,1550,2079,2282,2211,1752,1412,3299
Washington,King County,53033,1.5,2.8,1.3,3.3,20.6,52.8,32.3,6.5,-3,-4.1,-5.1,-6.9,-10.2,-11.9,-9.4,-2.7,1880,3215,1501,3716,22320,56056,37467,9272,-4659,-6329,-7748,-9402,-11440,-9059,-4730,-2729,122135,111018,109287,112438,107975,105994,115674,140529,152223,154050,150262,134602,112009,75664,49938,100189
Washington,Kitsap County,53035,0.4,3.3,-0.7,-3.6,5,1.3,-3,3.2,2.6,0,2.1,3.6,6.2,10.6,8.8,19.1,73,501,-119,-649,908,228,-460,447,422,0,417,662,954,1104,607,2256,15231,14766,16106,17664,17859,16785,14950,13925,15719,18968,19188,18025,15263,10405,6857,11809
Washington,Kittitas County,53037,14,15,21.3,101.8,249.2,-12.9,-61.2,-1.9,18.5,17.4,19,21.2,21.8,23.3,8.8,3.9,258,269,378,1928,4878,-414,-3197,-40,327,354,424,439,403,337,101,82,1846,1790,1768,1892,1957,3197,5222,2054,1766,2033,2224,2066,1848,1447,1147,2051
Washington,Klickitat County,53039,11.2,8.2,5.3,-12,-46.8,-33.8,33.9,29.7,16.4,8.2,4.8,19.8,23.9,32,18.7,-13.4,116,92,67,-166,-738,-478,262,274,170,108,75,303,319,319,142,-214,1039,1127,1268,1380,1574,1414,774,925,1035,1311,1566,1528,1335,997,760,1589
Washington,Lewis County,53041,1.4,6.1,11.7,8.9,-20.1,-20.8,16.6,18.5,16.5,16.6,10.3,11.2,19.2,29.7,19.6,6.9,68,266,535,431,-1077,-1135,604,646,631,756,526,548,812,944,508,373,4684,4318,4558,4799,5332,5437,3622,3483,3805,4536,5081,4870,4224,3171,2589,5382
Washington,Lincoln County,53043,6.5,40,24,-2.4,-50,-42.8,50.5,26.1,17.8,11.9,20.3,14.8,29.8,19.5,7.8,-11.9,34,186,144,-16,-392,-304,155,99,85,76,158,117,196,111,39,-129,532,464,599,681,783,710,308,380,478,638,780,788,658,570,506,1081
Washington,Mason County,53045,9.5,24.5,27.3,13.2,-9.1,4.1,37.9,33.3,24.7,24.1,22.7,38.1,50.1,52.7,31.2,0.7,297,667,753,425,-315,142,936,856,703,852,880,1364,1514,1269,673,34,3104,2722,2759,3206,3456,3430,2467,2564,2840,3526,3868,3580,3017,2406,2152,4487
Washington,Okanogan County,53047,4.8,3.6,0.9,-13,-38.2,-28,20,8.3,6.1,9.3,7.2,9.8,26.6,24.3,16.8,-10.3,135,91,25,-397,-1263,-858,363,176,133,235,219,296,661,467,254,-333,2809,2472,2590,3038,3305,3064,1817,2111,2174,2527,3015,3028,2486,1918,1512,3202
Washington,Pacific County,53049,1.4,3.2,2,0.4,-37.4,-34.2,22.1,14.3,15.7,15.1,13.9,25.4,46.6,40.6,8.2,-18.5,14,30,20,5,-534,-475,167,113,147,174,196,399,607,492,97,-492,1017,957,995,1150,1426,1387,754,786,941,1152,1410,1566,1304,1211,1183,2650
Washington,Pend Oreille County,53051,12.7,24.6,31.5,-5.3,-51.1,-39.8,44.1,57.7,38.3,20,20.6,26.9,33.5,35.2,16.6,6.2,81,138,208,-43,-512,-340,164,236,201,165,194,261,290,240,86,55,639,563,659,821,1001,854,372,409,525,824,939,970,867,681,518,883
Washington,Pierce County,53053,2.3,7.7,6,2,4.6,14.2,14.6,11.5,5.5,1.6,3.2,1.8,3.1,2.5,3.3,7.2,1318,3886,3104,1104,2511,7359,6923,5487,2930,946,1867,886,1254,715,645,2630,56266,50182,51733,54445,53929,51561,47223,47581,52636,58722,57042,48768,39506,27912,19201,36030
Washington,San Juan County,53055,13.2,35.1,43.1,0.1,-44.5,-16.1,65.4,59.9,51.9,29.9,21.5,25.8,30.1,25.2,3.4,-21.8,65,169,233,0,-411,-114,265,274,286,257,245,346,418,275,29,-384,492,483,542,733,923,706,406,457,550,860,1139,1340,1386,1089,856,1760
Washington,Skagit County,53057,1.4,7.8,10.2,3.9,-14.6,-4.5,18.5,17.8,9,8,10.9,12.6,19.4,29.3,24.3,14.1,109,544,715,301,-1133,-356,1073,1036,585,589,836,942,1238,1336,834,1061,7817,6959,6980,7649,7745,7768,5776,5811,6440,7337,7672,7473,6378,4561,3426,7506
Washington,Skamania County,53059,16.3,38.2,11.6,3.8,-43.3,-32.2,65.7,47.9,20.6,12.6,12.1,17,17.2,18,2.4,-7.2,87,180,76,25,-345,-239,254,218,121,105,108,148,117,93,8,-48,535,473,653,679,796,742,387,455,585,832,894,869,682,516,353,659
Washington,Snohomish County,53061,4.2,11.3,8.1,1.6,-4.9,18.9,40.8,26.1,12.9,5.1,3.7,2.3,1.4,-0.4,3.3,17.6,1985,4835,3674,806,-2323,8005,14408,10538,6163,2852,2005,1059,515,-105,541,4845,46954,42649,45030,48086,46883,42261,35309,40313,47564,55167,53837,46021,35977,24260,15939,27493
Washington,Spokane County,53063,4.7,9.6,6.9,13.9,24.6,4.4,-2.9,6.9,7,6.2,3.6,4.3,4.9,9.3,12.5,13.2,1418,2645,1991,4198,7544,1415,-893,1851,1919,1969,1194,1326,1236,1574,1493,3353,29755,27355,28449,30080,30557,32135,29966,26505,27383,31530,32682,30553,25218,16902,11868,25280
Washington,Stevens County,53065,7.5,24.7,29.6,0.5,-52.2,-46.8,31.3,42.6,25.6,17.9,11.4,17.3,22.4,30.5,22.9,5.3,168,551,740,16,-1843,-1529,475,680,525,478,388,557,626,647,355,141,2217,2228,2503,3135,3525,3265,1519,1594,2047,2663,3402,3219,2794,2118,1551,2642
Washington,Thurston County,53067,7.7,24.1,24.5,16.4,8.9,12.6,26.9,26.7,20.1,12.2,11,9.7,10.5,13.3,16.3,22.6,1141,3062,3268,2403,1341,1963,3541,3441,2802,1963,1865,1622,1494,1279,1013,2658,14739,12702,13290,14572,15027,15560,13165,12873,13889,16088,16926,16665,14101,9597,6216,11737
Washington,Wahkiakum County,53069,-2.7,43.7,11.3,-9,-57.7,-41.6,20.2,24.1,21.3,9.2,19.7,38.9,39.6,51,26.9,3.9,-4,58,23,-20,-154,-105,26,32,37,23,47,105,118,126,55,14,168,134,209,225,267,252,130,135,177,249,240,271,298,247,206,356
Washington,Walla Walla County,53071,3.7,4.9,4.3,29.5,34.3,-18.8,-28.2,1.5,-0.6,0.6,2.7,2.7,9.9,8.6,9.9,14.3,132,173,157,1099,1340,-901,-1390,49,-22,23,108,101,293,189,155,579,3539,3485,3606,3727,3907,4789,4916,3276,3489,3787,3919,3656,2936,2193,1569,4021
Washington,Whatcom County,53073,7.8,13.5,13.9,37,77,3.3,-26.3,11.2,15.2,14.5,13.1,10.6,18.3,24.2,21.1,21.5,849,1352,1476,4237,8842,459,-4377,1188,1627,1719,1587,1314,1886,1687,1026,2111,10878,10018,10582,11438,11483,13656,16604,10525,10663,11776,12105,12366,10260,6965,4848,9791
Washington,Whitman County,53075,-3.8,-7.2,-12.3,193,467.1,-26.6,-75.4,-40.5,-18.7,-7.6,-0.7,-5.1,-2.5,-1.9,-4.4,-2.9,-81,-142,-252,3940,9399,-1323,-7188,-1233,-428,-164,-17,-105,-42,-25,-41,-62,2116,1967,2041,2041,2012,4958,9523,3042,2284,2156,2209,2051,1694,1351,920,2080
Washington,Yakima County,53077,5.3,1,-2.1,-3.3,-12.5,-8.1,6.5,1.5,-1,-1,-2.2,-0.9,0.4,3.2,4,-1.1,1145,208,-445,-676,-2404,-1478,978,226,-157,-166,-346,-128,52,275,244,-143,21538,20590,20304,20500,19098,18215,14913,14973,14801,15672,15329,13710,11343,8460,6097,12997
West Virginia,State Total,54000,1.7,4,3.5,5.2,3.4,-10.8,-4.4,5.5,5.7,5.2,4.2,3.8,6.9,8.6,6.2,-1.7,1809,4196,3789,5886,3878,-13304,-5280,6106,6506,6582,5727,5061,8035,7170,4185,-2347,105153,102628,105255,112199,113513,122114,117937,110971,113184,125602,136146,132685,115393,83361,67139,135364
West Virginia,Barbour County,54001,11.7,22.7,18.9,15.9,-1.4,-22.7,-6.3,13,13,13.5,12.3,8,12.8,17.5,9.4,3,102,181,161,161,-15,-261,-59,121,122,147,134,87,125,131,57,35,871,798,849,1013,1045,1149,940,930,940,1084,1086,1087,976,752,604,1155
West Virginia,Berkeley County,54003,9.2,31.4,39.3,17.4,3.9,38.7,67.3,44.5,36.3,30,25.9,28,30.7,27.2,24.4,8.1,633,1785,2046,975,216,1945,2911,2278,2081,1846,1573,1475,1425,893,576,350,6830,5677,5202,5578,5529,5023,4323,5112,5727,6146,6071,5265,4637,3280,2360,4293
West Virginia,Boone County,54005,-4.8,-4.4,-3.7,-7.5,-25.1,-22.6,-1.5,7.5,7.8,1.4,-4,-3.3,0.1,-1,10,-3.8,-79,-73,-62,-123,-398,-369,-25,127,116,24,-83,-69,2,-11,83,-59,1647,1657,1658,1624,1584,1627,1640,1681,1485,1635,2049,2060,1727,1090,835,1518
West Virginia,Braxton County,54007,5.2,9.9,7,-6.7,-23,-14.9,1.9,-1.1,-2.3,4.1,1.1,4.2,14.6,11.1,13.3,-5.6,40,74,56,-62,-231,-133,15,-10,-22,43,12,47,135,80,75,-65,772,742,801,918,1004,890,783,907,956,1043,1105,1117,925,725,562,1146
West Virginia,Brooke County,54009,4.4,8.4,0.8,11.6,-1.4,-38,-18,0.6,0.3,-1,0.6,-0.6,3.2,4.8,1.3,0,49,97,11,173,-20,-648,-289,8,5,-17,11,-13,55,55,14,1,1104,1151,1329,1486,1458,1704,1604,1365,1497,1662,1889,1991,1715,1145,1033,2311
West Virginia,Cabell County,54011,-6.8,-9,-6.5,15.7,63.4,2.1,-34.2,-10.1,-1.1,1.1,1.6,-0.2,4.3,4.9,2.1,-0.9,-421,-518,-354,857,3322,147,-3148,-670,-66,71,104,-14,242,209,73,-71,6123,5724,5440,5460,5234,6978,9185,6620,5808,6059,6516,6517,5598,4218,3431,7369
West Virginia,Calhoun County,54013,7.9,9.8,4.5,3.1,-27.2,-28.3,9,23,12.1,8.8,-0.6,5.9,18.1,11.8,11.2,-6.5,31,38,18,13,-135,-162,36,76,52,48,-4,34,95,44,34,-43,392,389,398,414,496,572,399,334,435,549,596,571,524,376,305,655
West Virginia,Clay County,54015,-14.8,-8,0,-17.6,-42.9,-38.7,-8.3,-3,-4.5,-8.4,-1.3,-1.4,2.6,6.7,-3.1,-0.1,-101,-54,0,-129,-334,-295,-51,-19,-29,-60,-10,-10,15,29,-11,-1,684,672,646,732,779,763,616,619,656,716,753,721,604,435,354,651
West Virginia,Doddridge County,54017,21.3,19.9,7.6,32.4,-11.8,-30.4,37.2,32.3,28.6,17,9,12,29.7,28.8,19.5,-3.3,70,70,34,151,-60,-194,144,117,121,93,52,65,134,98,58,-18,330,351,451,467,511,640,387,363,425,549,576,545,450,343,298,537
West Virginia,Fayette County,54019,-5.7,-8.3,-3.8,-5.2,-11.7,-22.6,-8.7,-0.4,3.1,1.5,2.6,4.4,8.7,15.3,9,-2.6,-163,-232,-107,-149,-331,-727,-278,-13,89,49,94,162,257,307,143,-102,2868,2792,2777,2832,2818,3209,3177,2931,2806,3162,3554,3613,2955,2006,1591,3787
West Virginia,Gilmer County,54021,16.7,4.5,1.8,62.6,98.6,-2.1,3.3,93.4,64.3,41.6,23.3,26.8,8,8,12.8,1.1,53,13,6,221,420,-14,25,362,242,194,109,116,33,25,34,6,321,295,360,353,425,695,766,388,376,467,470,435,423,323,266,525
West Virginia,Grant County,54023,5.4,10.8,3.6,-1.4,-22,-12.8,4.9,1.8,7.4,10.1,14.7,10.6,17,15.1,4,4.5,33,69,27,-10,-156,-81,31,13,58,80,112,86,132,99,20,39,617,639,735,711,708,634,636,697,785,795,763,811,779,651,499,859
West Virginia,Greenbrier County,54025,-2.2,4.6,6.5,-3.6,-7.4,-10.4,8.7,6.1,11.1,10.4,8,7.4,14.6,16.1,15,4.8,-43,84,128,-75,-155,-224,152,110,219,243,208,189,342,289,215,141,1940,1842,1969,2062,2094,2156,1754,1807,1962,2325,2580,2539,2334,1790,1432,2911
West Virginia,Hampshire County,54027,4,30.3,24.1,8.3,-26,-8.5,43.7,32.6,27.6,27.4,24.6,25.2,37.9,32.9,13.4,-5.6,50,343,309,117,-395,-112,412,372,362,406,359,357,482,349,108,-92,1264,1132,1282,1408,1518,1313,942,1139,1310,1480,1454,1413,1271,1060,805,1633
West Virginia,Hancock County,54029,-3.2,1.5,0.9,-12,-33.9,-16.3,4.6,2.9,5.4,0.7,0.3,0.1,-1.2,0.9,-1.2,-0.9,-52,26,16,-232,-650,-302,75,55,102,16,8,3,-26,13,-16,-29,1629,1727,1778,1919,1914,1843,1625,1878,1891,2305,2530,2586,2167,1422,1403,2911
West Virginia,Hardy County,54031,1,16.9,8.6,-6.2,-17,0.4,27.5,28.6,13.8,11.5,10.5,15.1,19.2,23,11.4,-2,8,120,67,-54,-147,3,177,203,123,115,100,131,160,147,61,-19,808,711,781,876,860,727,643,711,887,995,953,871,834,640,536,941
West Virginia,Harrison County,54033,0.5,3.1,4.5,-4,-21.6,-10.8,7.9,7.2,6,6.1,5.5,4.4,4.2,4.2,4.9,1.1,22,126,182,-179,-962,-503,302,299,254,302,282,209,187,134,123,63,4115,3994,4056,4481,4440,4638,3821,4152,4209,4917,5076,4737,4361,3144,2479,5365
West Virginia,Jackson County,54035,1,10.8,6,2.8,-24.6,-14.5,8.7,11.1,9.5,7.2,6.3,5.1,9.1,12.3,9.4,7.5,17,172,105,52,-483,-265,132,185,166,146,135,101,147,163,116,159,1714,1589,1753,1857,1961,1818,1516,1666,1733,2010,2148,1966,1611,1323,1236,2117
West Virginia,Jefferson County,54037,6.2,26.4,28,35,22.8,-6.6,15.5,52.8,37.6,24.2,20.6,12.3,15.8,13.2,13.7,6,205,790,769,972,650,-204,427,1274,1129,859,684,391,451,260,189,141,3277,2986,2738,2776,2850,3093,2745,2411,2999,3545,3317,3173,2845,1975,1376,2318
West Virginia,Kanawha County,54039,-5.8,-5.7,-6.4,-6.7,-8.8,-0.6,3.6,-5.4,-3.7,-1.1,0.5,-2.2,-1.1,1.2,0.7,-2.6,-693,-679,-762,-806,-1034,-78,432,-689,-457,-161,92,-355,-154,114,54,-412,11793,11825,11850,11885,11729,11865,11861,12584,12253,14016,15579,15550,13002,9084,7423,15778
West Virginia,Lewis County,54041,-1.3,-1.4,-1.9,-12.1,-24.2,-12.7,9.4,5.8,-2,-0.6,-0.4,3.9,2.2,11.1,9.8,2.7,-13,-13,-17,-136,-258,-127,82,56,-23,-8,-5,46,25,90,65,34,979,932,917,1120,1067,1003,869,978,1128,1231,1255,1180,1125,809,661,1239
West Virginia,Lincoln County,54043,0.7,-5.4,-0.2,-2.2,-26.3,-22.7,-4.1,-0.6,1.3,3.4,0.7,4.8,5.3,13.9,10.4,-6.6,10,-77,-3,-31,-379,-358,-56,-8,20,54,13,75,72,130,81,-94,1334,1422,1366,1427,1439,1574,1374,1455,1467,1577,1675,1557,1365,936,778,1423
West Virginia,Logan County,54045,-9.2,-8.2,-0.7,-7,-17.4,-20,1.8,5.4,5.4,4.6,3.4,5.8,7.6,7.3,7.6,-1.4,-194,-185,-16,-161,-385,-510,46,132,125,108,105,174,186,116,94,-37,2103,2243,2229,2297,2206,2539,2451,2414,2284,2351,3056,3008,2444,1580,1247,2522
West Virginia,McDowell County,54047,-16.6,-19.1,-15.9,-24,-37.7,-37.5,-2.2,-8.6,-4.9,-8.9,-11.6,-8.5,-8.4,-7.1,-5.9,-28.1,-246,-280,-232,-410,-732,-710,-31,-129,-72,-150,-256,-175,-146,-85,-57,-636,1480,1466,1454,1707,1941,1893,1408,1500,1478,1689,2196,2044,1736,1191,957,2259
West Virginia,Marion County,54049,4.8,1,2.2,13.1,18.9,-9.2,-15,2.6,2.8,3.7,3.8,5.1,1.5,3.4,5.7,-6.6,148,33,68,428,625,-355,-619,90,101,129,156,200,55,91,119,-319,3062,3048,3001,3260,3302,3863,4108,3463,3521,3477,4066,3891,3618,2696,2060,4811
West Virginia,Marshall County,54051,15,6.6,-0.6,-12.4,-30.7,-24,2.3,-2.2,-2.4,-5.9,-1,-2.2,1.1,2.8,-0.4,-12.2,234,115,-12,-291,-727,-531,41,-45,-54,-147,-29,-63,29,46,-5,-379,1554,1752,1966,2343,2366,2210,1773,2009,2192,2471,2738,2787,2499,1637,1368,3097
West Virginia,Mason County,54053,7.2,15,7,-3.3,-18.9,-8.4,18.8,13.9,6.5,11.8,8.6,7.1,9.2,15.1,5,-0.7,109,215,111,-56,-305,-142,271,212,100,214,178,134,152,188,56,-15,1504,1432,1574,1673,1608,1692,1443,1522,1536,1818,2055,1883,1644,1246,1116,2017
West Virginia,Mercer County,54055,-5.6,-6.6,-3.6,5.2,11.8,-16.3,-14,-2.3,-1.4,3.9,3.6,6.1,11,13.2,7.5,-2.6,-217,-243,-137,192,417,-663,-597,-91,-53,155,160,281,443,382,181,-144,3882,3647,3762,3686,3518,4063,4254,3872,3773,3886,4348,4585,4001,2896,2415,5385
West Virginia,Mineral County,54057,3.3,10.1,6.3,18.5,-15,-24.2,2.3,9.5,8.4,8,6.9,7,10.8,13.1,11.1,-0.2,50,151,97,335,-284,-467,33,151,148,146,136,133,193,190,124,-4,1511,1489,1549,1808,1892,1925,1427,1585,1764,1828,1954,1886,1786,1444,1112,1982
West Virginia,Mingo County,54059,-3.4,-11,-3,-15.1,-25.7,-24.4,0.5,3.4,-3.8,-2,-0.5,1.5,2.7,5.2,8.3,-1.9,-58,-202,-51,-285,-496,-511,10,59,-71,-40,-12,33,49,59,68,-30,1715,1839,1710,1886,1929,2095,1735,1720,1884,2006,2206,2159,1826,1116,826,1549
West Virginia,Monongalia County,54061,2.2,-4.3,-3.1,129,354.3,3.7,-54.9,-18.1,-3.1,0.3,2.5,1.2,0.6,0.8,0,4.3,100,-193,-130,5419,14441,306,-7315,-1157,-167,18,135,68,29,26,0,185,4488,4406,4186,4198,4075,8104,13313,6368,5236,5330,5352,5336,4279,3033,2195,4301
West Virginia,Monroe County,54063,9.8,21.8,6.2,-4.4,-27.2,-22.2,3.8,6.5,6.1,10.2,17.3,9.1,15.8,14.9,14.1,-3.9,69,141,46,-35,-237,-180,26,48,49,88,156,81,146,109,81,-46,705,648,742,804,870,809,693,744,810,865,901,887,924,733,572,1176
West Virginia,Morgan County,54065,4.4,31.6,19.7,4,-15,-1.5,24.5,35.6,38.1,23.7,28.3,26.3,30,44.2,22.5,1.7,37,233,184,38,-136,-12,176,288,347,265,308,297,298,323,148,23,828,737,931,971,904,804,716,809,910,1119,1086,1128,992,732,658,1301
West Virginia,Nicholas County,54067,6.1,5,2.8,-2.1,-30.7,-25.8,3.1,11.7,1.8,0.1,0.4,6.1,8.1,16.8,8.5,-4.9,93,68,42,-35,-573,-465,44,178,31,3,9,123,141,208,89,-97,1522,1361,1483,1670,1868,1801,1446,1511,1653,1872,2065,2011,1741,1239,1045,1950
West Virginia,Ohio County,54069,-2.5,-3.1,-3.6,13.6,8.8,-31.2,-28.5,-1.4,-4.1,0.5,0,-2.5,2.8,2.9,1.9,-3.7,-59,-74,-91,382,261,-1074,-935,-34,-107,18,3,-89,84,58,32,-169,2367,2329,2537,2800,2949,3441,3274,2428,2609,3026,3575,3576,2913,2014,1726,4480
West Virginia,Pendleton County,54071,5,-4.6,-11.3,-15,-27.4,-22.6,-12.6,-20.5,-5.6,0.1,1.3,1.7,9.5,16,-0.2,11.4,18,-19,-51,-76,-146,-102,-54,-99,-27,1,7,10,49,65,-1,82,374,427,453,508,533,455,429,483,495,570,610,624,518,405,394,719
West Virginia,Pleasants County,54073,0.2,12.7,4.5,-4.4,-20.7,-15.2,14.8,19.9,12.3,5.9,4.1,-2.9,7,12.6,14.5,-0.3,0,45,20,-23,-99,-74,60,88,60,33,25,-16,34,45,37,-2,366,355,456,519,480,489,406,446,487,563,605,541,484,356,260,519
West Virginia,Pocahontas County,54075,-14,-0.2,-0.2,-19.5,-29.3,-3.7,5.3,-2.8,-6.2,6.1,11,12.1,14.8,5.2,3.9,-6.2,-66,0,-1,-102,-170,-17,24,-13,-35,39,77,77,94,26,16,-47,470,422,463,524,579,480,468,492,568,644,704,640,641,503,415,758
West Virginia,Preston County,54077,10.3,14.7,10.7,0.4,-12.1,8.8,47.9,30,29,18.6,13.2,19,17.1,19.9,17.8,3,172,224,181,8,-243,190,747,496,552,389,304,414,324,285,196,65,1673,1521,1682,1827,1999,2142,1558,1656,1901,2083,2304,2173,1898,1428,1103,2132
West Virginia,Putnam County,54079,11.1,20.1,11.2,-8.8,-33.8,-11.1,35.1,22.5,11.4,2.7,-1.5,2,1.9,4.9,14.3,12.7,341,633,392,-318,-1246,-370,911,709,405,114,-69,82,66,124,253,365,3062,3144,3477,3622,3679,3323,2593,3140,3549,4184,4453,4041,3435,2517,1770,2870
West Virginia,Raleigh County,54081,8.2,3.4,-1,-6.6,-5.1,-3.6,9.9,-1.7,-3.1,-2.8,-2.4,-0.5,6,3.3,6,-3.4,371,149,-49,-316,-244,-181,491,-96,-155,-150,-154,-34,316,117,172,-212,4528,4342,4511,4723,4772,4929,4933,5582,5028,5251,6197,6175,5258,3540,2837,6101
West Virginia,Randolph County,54083,-4.9,0.6,3.4,-0.9,-7.7,-6.8,-2.7,5.1,2.8,4.9,8.8,9,15.6,18.2,14.9,19.2,-80,9,53,-17,-141,-125,-46,89,53,104,183,176,284,264,163,359,1628,1567,1527,1823,1819,1831,1727,1730,1910,2136,2066,1956,1817,1451,1093,1868
West Virginia,Ritchie County,54085,8.4,10.3,3.8,-3.6,-30.2,-24.1,5.8,8.8,6.3,9.6,7.4,6.2,11.9,13.1,8.6,1.8,45,60,22,-24,-201,-169,31,50,40,72,62,44,86,65,38,13,539,585,579,669,665,700,531,571,645,746,834,707,720,496,444,722
West Virginia,Roane County,54087,8.8,8.6,6.7,-7.1,-37.3,-32.9,-6.5,8.8,5.3,8.6,1.6,3.3,10.2,4.9,3.3,-3,69,72,61,-65,-391,-369,-59,77,47,88,18,38,98,37,21,-33,779,838,911,926,1047,1123,910,875,894,1023,1171,1159,966,769,650,1097
West Virginia,Summers County,54089,13.2,20.8,5.4,4.2,-23.6,-6,11.4,2.4,-4.8,-1.3,-0.1,-0.7,16.8,11.3,6.1,-15.1,75,123,34,32,-174,-50,89,21,-44,-14,-1,-8,152,81,36,-220,569,592,623,763,737,834,781,900,911,1095,1114,1133,903,718,587,1455
West Virginia,Taylor County,54091,24,29.9,6.5,-7.2,-22.8,-7.1,25.1,18,7.6,9.6,6,4.6,12.5,14.4,10.5,1.3,192,234,58,-73,-253,-74,218,172,83,113,74,56,126,104,61,17,802,783,891,1012,1108,1048,865,959,1085,1183,1219,1219,1003,721,583,1230
West Virginia,Tucker County,54093,2.1,13.1,10.5,0.1,-27.1,-28.8,6,12.9,1.5,6.2,0.6,3.9,12.2,15.7,2.1,-9.2,7,41,38,0,-113,-136,19,46,7,32,3,20,62,63,8,-64,332,316,363,451,416,474,325,355,474,523,525,514,510,403,386,691
West Virginia,Tyler County,54095,19.7,16.2,13.1,-6.8,-42.1,-37.7,9.7,8.3,7,2.6,9.5,6.5,3.1,4.1,-2.3,-7.8,80,70,67,-42,-288,-224,40,44,41,17,67,46,20,20,-10,-64,405,436,516,611,685,596,420,533,586,657,714,717,652,491,433,813
West Virginia,Upshur County,54097,9.5,-1.2,2.7,22.6,23.8,-35.1,-31.2,7.7,11.5,10.5,6.1,6.2,10.4,22.3,10.7,3.9,127,-17,35,340,354,-708,-580,101,154,161,102,103,151,239,95,65,1330,1387,1286,1506,1486,2015,1854,1313,1341,1535,1655,1654,1449,1068,893,1644
West Virginia,Wayne County,54099,10,10.3,8.7,-2.4,-22,-21.8,0.7,2.9,2.9,4.2,2.3,2.5,1.7,3.6,-1.8,-10.6,225,247,223,-69,-626,-637,18,80,83,122,70,75,47,75,-33,-365,2251,2385,2556,2838,2836,2913,2526,2734,2796,2894,3035,2915,2790,2059,1785,3429
West Virginia,Webster County,54101,5,12.4,-4.4,-5.6,-34.8,-31.1,-9,8.5,4.9,4,-3.6,-3.2,1.7,12.7,4.9,-6.1,26,57,-22,-36,-228,-200,-47,46,27,24,-28,-23,12,57,19,-44,530,466,515,637,655,642,528,544,561,611,781,728,706,452,384,720
West Virginia,Wetzel County,54103,-1.5,-2.7,-1.3,-8.2,-34.8,-32.1,7.8,2.2,3.1,0,-1.3,-3.8,-1.3,0.7,4.3,3.4,-13,-26,-14,-95,-426,-380,59,21,33,0,-17,-50,-15,6,34,47,884,946,1041,1151,1224,1182,764,944,1054,1258,1298,1297,1167,942,802,1375
West Virginia,Wirt County,54105,-0.4,10.2,7.1,-15.1,-40.3,-32.4,-1.5,2.3,3.2,0.7,7,20.5,21.9,14.5,0.1,-17.1,-1,29,24,-63,-174,-142,-4,7,12,3,34,74,77,39,0,-65,312,287,339,421,433,437,296,320,378,491,491,363,351,271,261,380
West Virginia,Wood County,54107,7.3,1.8,3.5,-5.5,-21.4,-11.8,5.2,4.2,1.1,1.5,1.3,-2.9,1.6,1.2,1.4,-3.4,354,93,188,-316,-1251,-660,249,221,65,99,91,-186,92,57,52,-227,4823,5026,5263,5659,5831,5589,4802,5198,5673,6474,6621,6371,5630,4528,3517,6656
West Virginia,Wyoming County,54109,2.6,3.2,1,-5.4,-23.4,-33.3,-3.4,5.1,3.6,1.2,-7.7,-7.1,-3.1,1.2,-7.4,-16.9,34,43,15,-81,-377,-577,-53,76,52,20,-165,-160,-58,14,-70,-311,1331,1353,1514,1481,1613,1732,1547,1494,1434,1646,2133,2242,1836,1134,954,1836
Wisconsin,State Total,55000,4,7.9,5.9,2.5,-1.9,-5.8,-0.5,4.9,2.6,1.7,0.7,-0.2,0.2,0.2,1.1,2.6,14283,27436,21048,9727,-7527,-23200,-2010,16191,9679,7371,3145,-770,698,650,1954,9756,356063,344440,354878,383527,395283,398398,353655,330115,369551,428692,429492,382665,308240,223496,170446,364835
Wisconsin,Adams County,55001,6.1,11.1,10.8,-2.2,-28.9,-3.4,30.8,14.8,3.9,6.2,9.9,27.7,43.2,49.5,10.7,-21.5,50,90,99,-23,-344,-36,254,150,46,97,153,376,521,554,125,-521,823,806,919,1065,1187,1043,826,1015,1170,1559,1550,1358,1207,1117,1167,2414
Wisconsin,Ashland County,55003,2.8,3.6,-1.6,0.2,-9.3,-34.8,-23,-3.5,-3.6,4.1,-0.2,0.6,12.4,5.9,6.2,1.1,28,35,-18,2,-115,-512,-275,-29,-35,48,-3,7,105,41,32,14,1007,987,1102,1114,1241,1470,1191,840,978,1185,1251,1149,850,703,519,1235
Wisconsin,Barron County,55005,6.1,10,7.7,-6.5,-31.1,-26,10,13.6,4.7,3.7,0,4.2,11,17.9,11.5,6.3,163,254,204,-198,-1060,-929,229,303,124,128,-1,136,295,372,189,238,2652,2529,2627,3038,3405,3574,2277,2217,2623,3400,3577,3174,2683,2076,1643,3756
Wisconsin,Bayfield County,55007,6.4,15.5,6.1,-17.1,-58.6,-34.5,28.2,13.3,17,13.8,12.6,20.6,21,24.2,13.1,-13.9,41,102,50,-169,-687,-350,134,78,134,144,161,257,221,210,90,-201,645,657,822,988,1172,1015,477,589,788,1046,1271,1242,1055,866,683,1440
Wisconsin,Brown County,55009,5,6.9,5.5,1.9,5.9,6.7,-0.2,0,-1.6,-0.4,-2.1,-2.9,-3.5,-2.4,2,8.5,860,1121,904,327,986,1132,-46,-7,-291,-93,-392,-478,-448,-208,132,1081,16906,16183,16218,16868,16477,16654,16498,15748,17427,19450,18631,16171,12622,8565,6394,12587
Wisconsin,Buffalo County,55011,6.5,3.5,8.3,-8.6,-38.2,-29.5,9.6,3.2,2.7,4.1,-2.4,2.3,8.5,13.1,11.9,-13.7,49,27,69,-80,-390,-294,59,23,23,42,-27,23,71,79,63,-184,747,768,826,932,1020,994,618,719,870,1026,1140,999,833,602,536,1340
Wisconsin,Burnett County,55013,7.9,3.1,14.8,-6.9,-46.4,-37.3,14.6,13.7,17.6,12.4,16.5,13.6,29.4,27.7,2.8,-25.4,59,23,117,-65,-487,-384,83,89,131,125,184,158,286,253,26,-484,757,748,789,939,1050,1029,568,649,746,1009,1115,1166,972,914,921,1905
Wisconsin,Calumet County,55015,9.7,26.3,24.9,1.3,-38.1,-12.4,71.5,43.3,23,14.3,4.7,7.5,4.3,3.8,4.6,7.2,311,804,733,43,-1291,-371,1372,1004,742,528,174,223,98,62,55,177,3205,3054,2944,3290,3384,2997,1917,2318,3222,3687,3652,2968,2259,1645,1182,2452
Wisconsin,Chippewa County,55017,5.1,19,13.2,-1.6,-23.3,-2.7,40.4,33.4,21.8,11.2,9.9,6.2,10,10.9,6.5,0.2,207,648,474,-63,-1016,-115,1112,963,758,503,445,256,329,257,123,11,4021,3405,3570,3912,4357,4180,2747,2881,3479,4477,4465,4120,3283,2353,1880,4232
Wisconsin,Clark County,55019,4,8,5.1,-7,-36.9,-31.5,16.7,6.7,1.4,0.2,-2,0.4,5.8,8.2,5.4,1.3,116,210,135,-184,-1065,-895,264,120,28,5,-51,10,93,106,58,38,2882,2611,2636,2612,2884,2840,1581,1786,1943,2405,2505,2172,1611,1294,1068,2801
Wisconsin,Columbia County,55021,10.7,16.7,15.7,-2.8,-31.4,-6.8,42,22.5,12.9,5.5,5.4,6,3.8,5.7,4,1.2,339,524,524,-103,-1217,-244,1035,669,468,246,236,230,123,132,74,47,3168,3141,3329,3618,3874,3580,2465,2972,3623,4427,4373,3812,3234,2314,1823,3830
Wisconsin,Crawford County,55023,-0.8,6.2,-0.5,-13.5,-39.8,-40.7,1,6.4,2.3,12.5,3,3.6,8.9,12.2,8.3,-7.7,-8,59,-6,-158,-517,-619,8,50,22,145,38,47,95,102,55,-116,981,962,1052,1169,1298,1521,844,779,980,1161,1284,1300,1058,838,665,1490
Wisconsin,Dane County,55025,1.6,6.1,7.9,19.9,74.2,32.4,-16,-5.4,-3.8,-0.6,-1.1,-2.9,-3.5,-4.8,-1.3,11.5,501,1756,2114,5397,20178,10468,-6976,-1858,-1289,-211,-375,-946,-888,-801,-148,2434,30706,28373,26758,26992,27177,32229,43598,34131,33764,34995,33968,32184,25273,16494,10739,21009
Wisconsin,Dodge County,55027,10.6,13.8,5.9,-3.8,-23,-4.1,16.6,6,2.3,0.4,-0.6,-3.3,1,1.6,4.3,21.2,499,663,313,-216,-1459,-255,804,324,151,32,-48,-206,47,57,123,1162,4675,4773,5282,5664,6345,6168,4827,5349,6329,7390,7359,6133,4568,3450,2872,5476
Wisconsin,Door County,55029,2.2,8.7,10.7,-10.2,-46.8,-29,18.1,9.6,6.8,4.7,6.9,12,21.4,19.4,8.5,-2.2,28,105,141,-177,-891,-517,196,117,99,95,159,264,413,310,115,-65,1280,1209,1323,1734,1901,1782,1077,1212,1451,2025,2287,2201,1931,1600,1338,2892
Wisconsin,Douglas County,55031,5.9,4.7,1.6,4.4,9.9,-8.4,-10.9,0.3,3.4,4.1,0.9,-1,1.3,4.5,1,-7.5,149,118,42,125,292,-272,-324,10,90,135,30,-32,34,85,14,-242,2519,2462,2633,2830,2938,3235,2957,2552,2616,3270,3408,3269,2636,1854,1411,3185
Wisconsin,Dunn County,55033,4.1,9.2,8.5,69,115.9,-35.1,-56.9,2.1,5.3,9.7,9.9,4.4,5.9,5.9,9.4,4.9,99,212,202,1681,3222,-1439,-3095,50,126,258,265,113,130,89,97,120,2387,2303,2363,2436,2778,4091,5439,2379,2372,2653,2670,2553,2171,1506,1031,2432
Wisconsin,Eau Claire County,55035,0.8,3.4,-0.9,35.9,98.1,-13.3,-47.7,-10.2,-3.5,-0.4,-0.7,-1.8,-2,1,1.9,3.8,49,189,-57,2154,6135,-1138,-5294,-602,-203,-26,-49,-111,-111,38,49,231,5969,5527,5755,5997,6247,8524,11077,5856,5793,6474,6412,6208,5334,3527,2541,5942
Wisconsin,Florence County,55037,8.4,12.5,-8,-26.5,-55.8,-48.9,21.3,-4.8,-3,2,3.4,7.4,7.1,9.8,-14.3,-24.4,14,22,-19,-89,-198,-163,33,-9,-9,8,14,26,23,27,-40,-122,177,179,237,334,355,333,158,201,312,405,434,363,326,278,282,498
Wisconsin,Fond du Lac County,55039,5.4,12,8.1,4.8,-11.5,-16.8,0.2,7.5,5.2,3.6,1.2,0.6,2,1.9,6.5,11.4,320,682,495,327,-820,-1297,15,419,343,273,98,42,115,80,193,791,5868,5654,6057,6699,7129,7677,5953,5550,6518,7582,7798,7079,5669,4167,2954,6908
Wisconsin,Forest County,55041,1.7,2.1,-2.7,0.5,-29.8,-46.1,-3.6,4.7,4.2,-2.1,6,10.4,11.7,16.3,-5.5,-20,8,11,-16,3,-223,-367,-16,21,23,-14,39,62,64,76,-27,-217,510,541,593,691,748,796,464,447,548,680,659,600,548,466,493,1083
Wisconsin,Grant County,55043,3.2,9.7,9.3,46.1,65,-40.7,-45.1,-0.9,3.7,1,0.9,-0.1,-0.1,0.9,6.6,7.1,96,270,248,1472,2332,-1924,-2146,-22,97,33,32,-4,-3,19,114,270,2974,2777,2658,3187,3588,4719,4757,2502,2625,3327,3613,3269,2642,2011,1730,3759
Wisconsin,Green County,55045,16.5,29.3,13.2,-7.2,-38.4,-14.7,47.3,25.8,17.2,7.5,6.4,6.5,8.2,8.5,5.2,8.7,344,572,292,-181,-1000,-346,685,478,375,211,184,164,165,122,59,219,2078,1955,2218,2512,2601,2350,1448,1851,2177,2787,2833,2507,2001,1430,1123,2493
Wisconsin,Green Lake County,55047,6.5,13.3,14.5,-6.1,-39.6,-33.2,22.7,14.8,5.5,2.4,0,2.7,10.6,11.2,15.5,4.3,70,150,161,-73,-538,-465,181,131,58,33,0,38,122,102,108,75,1071,1126,1111,1188,1356,1398,796,885,1069,1412,1534,1382,1157,911,695,1726
Wisconsin,Iowa County,55049,2,12.5,6.2,-18.3,-42.6,-19.5,43.1,19.8,0,-2.4,3.1,3,3.7,6.3,3.5,-0.8,33,187,94,-318,-769,-318,407,243,-1,-50,61,51,53,57,24,-13,1621,1500,1520,1735,1806,1626,944,1225,1618,2032,1942,1694,1419,898,704,1569
Wisconsin,Iron County,55051,-6,23,7.1,-12.8,-54.9,-47.2,-7.5,3.3,4.6,-4,-1.2,2.8,23.4,6,-12.3,-16,-14,46,20,-45,-234,-194,-19,8,15,-20,-6,13,97,22,-44,-150,233,203,282,355,426,411,255,264,343,504,538,488,416,370,357,934
Wisconsin,Jackson County,55053,7.9,16.9,14.7,-3.3,-24,-2.3,6.7,2.8,8.8,5.3,3.2,11.1,20.5,20,14.5,-3.4,94,188,163,-42,-339,-29,80,34,115,80,49,142,214,171,99,-52,1196,1116,1113,1267,1412,1262,1201,1191,1302,1490,1546,1273,1043,858,685,1513
Wisconsin,Jefferson County,55055,8,17.5,13.9,28.9,0.1,-21.6,6.5,15.9,6.1,3.9,3.2,2.8,4.2,4.9,3.6,-5.3,403,840,676,1467,7,-1371,317,741,325,243,192,156,187,159,94,-280,5007,4800,4860,5075,5439,6340,4839,4639,5330,6221,5993,5426,4407,3229,2555,5186
Wisconsin,Juneau County,55057,5.5,12.1,9.8,-7.7,-30.2,-12,36.6,34.2,28.4,19.5,19,17.1,24.5,25.7,12.5,-5.5,78,168,146,-132,-554,-207,400,400,402,362,352,277,341,298,125,-121,1420,1392,1475,1706,1831,1717,1091,1170,1414,1854,1852,1616,1389,1158,1003,2174
Wisconsin,Kenosha County,55059,3.6,13.5,14.4,9.2,-2.1,-3.4,11.8,16.1,9.6,4.2,0,0.3,-2.5,-4.6,0.4,4.5,398,1424,1551,1084,-248,-378,1119,1554,1060,562,10,39,-198,-267,19,384,11018,10549,10758,11762,11598,10865,9462,9627,10994,13170,12293,10107,7845,5790,4099,8499
Wisconsin,Kewaunee County,55061,15.3,15.8,14.7,-8,-39.8,-29.1,11.8,14.1,3.8,2.9,3,3.3,4.7,3.6,6.6,3.6,160,191,180,-112,-631,-447,124,154,51,47,48,47,56,33,45,59,1046,1203,1230,1397,1583,1532,1055,1089,1326,1615,1582,1425,1178,910,686,1631
Wisconsin,La Crosse County,55063,4.5,6.1,3.5,31.8,76.3,-13,-42,-7.1,-0.9,2.3,0.6,-1.1,2.4,3.9,7.1,15,303,384,236,2267,5469,-1223,-4870,-474,-66,174,55,-86,143,154,219,1005,6621,6225,6579,7130,7167,9337,11574,6614,6919,7532,7926,7344,5914,3965,3071,6657
Wisconsin,Lafayette County,55065,13.8,22.3,19.3,2.3,-31.5,-29.9,13,20.4,11.5,3.1,0.8,2.5,5.6,4.4,3,-13.8,148,217,190,27,-410,-401,100,149,107,40,12,29,47,28,18,-205,1075,973,987,1170,1300,1340,773,730,935,1271,1387,1167,838,644,615,1478
Wisconsin,Langlade County,55067,1.8,6.1,5.6,-8.8,-42.9,-29.7,16.1,4,4.3,5.8,4,8.6,7.7,12.9,4.9,-9.8,18,66,65,-120,-678,-415,137,40,51,91,64,120,94,124,47,-203,1042,1075,1158,1364,1579,1394,850,996,1171,1565,1580,1401,1223,960,957,2065
Wisconsin,Lincoln County,55069,-5.7,6,6.3,-2.2,-44.3,-40.4,6.3,3.1,5.7,6.8,6.3,4,9.2,4.2,4,1,-91,91,110,-45,-933,-940,85,49,106,157,154,81,149,60,48,26,1603,1523,1759,2008,2103,2322,1335,1558,1845,2285,2436,2021,1607,1397,1206,2485
Wisconsin,Manitowoc County,55071,4.8,12.8,4.9,-7.7,-35.9,-26.1,7.9,6.7,0,1.3,0,0,-0.2,1.7,4.1,1.9,216,559,245,-456,-2264,-1590,326,284,3,89,5,4,-11,63,117,134,4468,4354,5008,5854,6302,6085,4094,4212,5429,6610,6773,6090,4864,3694,2845,6741
Wisconsin,Marathon County,55073,9.7,18.4,11.3,-3.3,-27.9,-11.2,19.5,11.9,7.1,1.4,1.8,-1.5,-1,-0.5,2.4,3.2,802,1393,946,-317,-2754,-1069,1310,886,626,152,190,-141,-76,-32,99,288,8200,7557,8373,9483,9863,9478,6693,7421,8717,10322,10131,9327,7315,5453,4054,8968
Wisconsin,Marinette County,55075,6.8,12.1,9.2,-3.2,-31.4,-36.7,-3.9,8.6,6,3,2,2.9,8.2,10.8,4.1,-2.2,137,253,211,-88,-1001,-1212,-84,165,138,99,71,93,211,240,75,-90,2016,2091,2296,2698,3184,3303,2130,1913,2303,3255,3477,3141,2566,2207,1825,3928
Wisconsin,Marquette County,55077,1.8,6.7,15.3,-0.9,-33,-32.7,18.7,16.1,18.7,22.9,19.1,25.3,39.8,45.8,14.5,-20.8,14,51,120,-7,-341,-318,111,103,148,243,213,254,314,318,104,-366,810,763,790,843,1033,972,593,642,793,1060,1115,1004,787,694,716,1753
Wisconsin,Menominee County,55078,-28.4,-16.9,-22.6,-23.3,-45.5,-38.2,-7.7,0.3,9.7,9.6,4.7,1.6,-3.4,2,-14.1,-30.3,-173,-77,-101,-120,-240,-151,-18,0,25,28,13,3,-6,3,-23,-70,609,455,447,516,528,397,238,227,258,300,276,213,199,175,165,231
Wisconsin,Milwaukee County,55079,-3.6,-10.3,-9.8,-4.1,15.3,18.2,-1,-13.8,-14.9,-10.7,-7.2,-8,-10.1,-12.4,-11.5,-10.6,-2703,-7500,-6884,-3012,10467,12293,-699,-9752,-10465,-7566,-5032,-4959,-4965,-4107,-2943,-6786,74977,72470,70016,72130,68041,67197,69586,70608,69857,70499,69536,61303,48788,33004,25530,63716
Wisconsin,Monroe County,55081,4.4,10.6,13.7,-5.5,-33.4,-13.8,26.8,19.6,14.4,8.2,9,6.8,8.1,9.3,9.4,1,142,312,388,-174,-1121,-444,544,423,362,261,285,198,197,163,117,31,3193,2944,2832,3147,3354,3215,2028,2159,2508,3169,3172,2884,2429,1750,1245,2862
Wisconsin,Oconto County,55083,16.1,18.2,14.8,-3.5,-43.1,-31.6,44.3,34.5,16.7,9.8,9.8,12.5,17.2,11.2,4.1,-14,300,354,311,-89,-1209,-798,636,562,396,300,294,316,353,190,61,-417,1856,1942,2096,2529,2806,2526,1436,1629,2372,3050,2987,2533,2046,1684,1475,2978
Wisconsin,Oneida County,55085,8,9.9,2.8,-8.9,-38.6,-25.6,19.1,14.2,5.8,7.6,5.9,7,16,13.9,5.2,-10,129,156,51,-202,-998,-586,251,227,123,216,179,195,360,282,94,-393,1600,1573,1799,2259,2581,2290,1311,1596,2105,2823,3001,2795,2248,2029,1818,3902
Wisconsin,Outagamie County,55087,4.6,10,8,-3,-16.5,1.5,22.1,7.7,2.8,1,0,-1.8,-0.7,-2.9,2.4,7.6,532,1145,927,-386,-2123,184,2153,812,351,156,-5,-213,-61,-189,110,707,11513,11365,11512,12703,12845,11956,9719,10502,12473,14365,13369,11280,8620,6370,4469,9190
Wisconsin,Ozaukee County,55089,11.2,28.7,18.4,-1.5,-36.7,-30.7,14.8,37.6,26.6,6.7,0.9,-4.1,-5.8,-7.8,-2.4,14.5,471,1263,970,-93,-2458,-1810,522,1313,1297,459,71,-290,-332,-336,-72,797,4204,4399,5250,6162,6695,5894,3513,3489,4873,6797,7616,6952,5710,4285,2959,5461
Wisconsin,Pepin County,55091,11,6.6,9.2,-5.3,-41.9,-39.3,7.5,22.2,10.2,16.7,6.1,24.4,8.7,12.4,10.9,3.2,47,27,40,-26,-228,-248,25,72,45,82,35,118,39,37,31,21,432,414,440,506,546,630,339,324,446,491,578,481,448,304,291,638
Wisconsin,Pierce County,55093,16.8,18.4,17.1,50,75.8,-32.6,-46,11.3,17.5,7.3,6.2,1.8,-1.8,-4.1,-3.4,1.9,358,398,374,1258,2011,-1219,-1878,246,390,210,184,48,-39,-57,-37,37,2123,2155,2181,2513,2650,3734,4083,2169,2226,2866,2932,2549,2104,1363,1070,1870
Wisconsin,Polk County,55095,3,18.2,16.5,-2.2,-41,-25.5,38.9,25.5,18.7,10.9,7.5,8.6,11.3,10.6,7.7,0,82,439,413,-67,-1323,-785,682,524,474,357,252,268,282,201,123,0,2707,2410,2506,2993,3226,3070,1751,2050,2528,3283,3335,3092,2481,1891,1593,3193
Wisconsin,Portage County,55097,10.4,8.5,0.4,31.8,74.4,-26.9,-48.2,-6.3,-0.2,-0.2,0.1,-1.5,-3,0.2,3,4.6,378,317,17,1392,3492,-1686,-3631,-251,-12,-14,5,-73,-115,6,60,188,3622,3688,4103,4374,4692,6248,7524,3990,4234,5083,5019,4790,3722,2601,2006,4015
Wisconsin,Price County,55099,13.2,10.1,1.9,-20.7,-61.4,-47.7,12.4,8.3,-4.4,7.8,4.1,3.2,7.4,7.9,1.4,-3.2,73,67,15,-215,-723,-518,69,57,-39,90,52,38,75,60,10,-47,558,666,795,1040,1176,1086,556,689,900,1151,1260,1207,1010,766,696,1456
Wisconsin,Racine County,55101,0.7,5.5,1.8,-8.2,-21.8,-11.6,13.3,9.8,2.4,1.6,0.3,-2.8,-5.8,-7,-3.1,-2.2,94,701,258,-1174,-3155,-1598,1408,1086,327,259,58,-386,-660,-569,-189,-286,13156,12669,13732,14223,14413,13714,10538,11030,13361,15640,15704,13480,11251,8079,5957,12550
Wisconsin,Richland County,55103,6.2,14.6,6.6,2.4,-38.3,-34.5,3.2,13.9,2.9,1.4,3.1,6,8.9,8.2,4.4,-3.2,70,152,68,28,-536,-494,29,121,29,18,42,83,89,65,31,-54,1137,1041,1034,1203,1399,1430,905,871,991,1254,1369,1393,1000,796,710,1670
Wisconsin,Rock County,55105,5.7,12,7.4,-1.5,-18.6,-4.6,13.1,8.4,1.8,-0.2,-1.9,-2.3,-4.5,-2.9,3.1,1.8,583,1210,792,-174,-2160,-493,1170,811,205,-30,-240,-250,-399,-191,155,188,10225,10011,10634,11581,11596,10701,8918,9559,10805,12095,12139,10540,8781,6464,4921,10041
Wisconsin,Rusk County,55107,9.8,8.2,11.3,-7.1,-48.8,-44.8,-10.7,10.8,5,8.3,9.1,8.8,12.8,14.5,7.2,-7.4,75,66,97,-75,-548,-522,-83,72,43,90,100,95,113,103,46,-116,759,808,856,1062,1124,1165,775,667,868,1080,1101,1075,879,712,637,1555
Wisconsin,St. Croix County,55109,12.8,34.8,39.8,6,-21.6,20,71,52.9,36.4,21.5,16.6,12.6,8,6.3,9.5,25.9,723,1745,1823,301,-1084,927,2497,2145,1707,1221,943,597,304,166,161,777,5613,5011,4572,4970,5013,4630,3515,4050,4688,5666,5670,4717,3779,2601,1693,2993
Wisconsin,Sauk County,55111,5.1,11.7,13,-0.7,-22.3,5.2,39.5,19.1,11.4,7.5,6.9,6.4,11.2,12.2,9.7,9,201,424,479,-30,-960,198,1064,620,426,331,310,258,362,294,178,374,3904,3624,3690,3896,4303,3814,2694,3246,3731,4382,4446,3983,3221,2413,1832,4116
Wisconsin,Sawyer County,55113,-2.1,4.9,1.4,-6.2,-40.4,-27.6,21.4,22.3,18.5,11.9,12,18.4,25.5,25.2,6.3,-13.2,-22,43,13,-64,-496,-295,124,152,152,134,148,213,265,234,50,-211,1032,868,920,1030,1229,1069,583,681,819,1131,1239,1155,1038,928,802,1598
Wisconsin,Shawano County,55115,10.9,14.3,5.6,-4.3,-34.3,-20.8,17.5,13.1,9.2,3.6,6.7,11.1,9.1,14.9,10.9,2.8,248,334,146,-122,-1058,-596,322,282,241,117,201,292,208,299,174,100,2277,2336,2578,2799,3081,2855,1838,2141,2621,3228,3005,2614,2276,1998,1592,3454
Wisconsin,Sheboygan County,55117,5.3,10.6,6.5,-5.3,-24.9,-13.4,8.4,3.7,2.7,0.6,-1.5,-1.5,0.2,-0.2,3,6.2,371,728,490,-429,-2061,-1092,536,255,218,62,-148,-125,15,-9,109,490,7001,6855,7465,7962,8275,8141,6360,6742,7817,9201,9355,8214,6385,4686,3551,7853
Wisconsin,Taylor County,55119,10,20.5,15.2,-8.6,-40.1,-32,18.6,14.3,14.4,7.5,6.7,2.1,8,10.1,9.1,5.9,127,248,180,-124,-656,-498,182,147,175,119,113,29,83,78,66,93,1269,1208,1186,1443,1635,1553,979,1027,1214,1577,1669,1379,1038,768,727,1571
Wisconsin,Trempealeau County,55121,6.2,20.9,12.8,-7.8,-31.5,-5,38.6,17.3,12.6,2.8,7.3,4.1,7,5.4,5.2,3.9,114,341,220,-153,-620,-92,465,258,224,62,149,81,106,66,51,83,1833,1630,1717,1959,1970,1819,1205,1492,1771,2155,2042,1963,1511,1230,975,2123
Wisconsin,Vernon County,55123,0.5,13.2,15.7,-6.3,-44.2,-29.9,28.7,28.4,12.6,12.2,10.9,7.9,8.3,7.2,5.1,-1.4,12,266,298,-131,-1015,-636,330,349,195,239,243,158,137,94,53,-35,2166,2008,1891,2084,2297,2128,1149,1228,1539,1961,2222,1985,1639,1305,1049,2453
Wisconsin,Vilas County,55125,14.8,12,14.5,-2.7,-46.5,-31.2,29.8,26.7,17.9,18.7,17.4,25.9,33.8,33.7,8.8,-15.4,128,110,134,-32,-647,-373,193,211,183,265,262,361,458,428,113,-440,864,913,927,1196,1391,1192,648,789,1024,1412,1505,1395,1353,1270,1282,2857
Wisconsin,Walworth County,55127,7.3,19.3,18.6,17.4,29.6,-16.6,-28.4,16.4,12.7,8.8,7,6.9,8.8,5.5,1.3,11.1,441,1108,1069,1111,1988,-1156,-2291,856,749,636,499,446,458,220,41,636,5982,5728,5726,6363,6714,6944,8055,5210,5890,7198,7129,6406,5206,3979,3045,5721
Wisconsin,Washburn County,55129,-0.5,5.3,4.5,-10.8,-50.7,-36.3,34.1,18.3,13.7,7.7,7.2,12.7,22.4,20.1,4.4,-12.1,-4,43,38,-108,-599,-415,189,127,109,90,88,156,223,186,33,-200,901,823,851,998,1181,1141,556,694,793,1159,1223,1228,996,923,755,1652
Wisconsin,Washington County,55131,15.8,23.6,15,-4.8,-34.5,-11.2,37.2,28.5,15.6,7.5,4.3,2.3,2.5,2.3,5.2,21,1150,1739,1241,-427,-3125,-907,2074,1854,1374,837,443,211,186,122,197,1433,7264,7360,8245,8776,9051,8051,5575,6492,8767,11066,10271,8883,7344,5285,3788,6820
Wisconsin,Waukesha County,55133,11.6,22.5,17.8,-1.4,-34.8,-20.1,27.7,28.4,19.1,8.9,2.2,-2,-4,-8.1,-0.7,23.9,2300,4863,4261,-376,-9793,-5013,4444,5143,4557,2795,749,-607,-986,-1440,-96,5180,19803,21572,23919,26466,28124,24872,16021,18073,23830,31134,33191,29493,24536,17707,12281,21585
Wisconsin,Waupaca County,55135,8.5,11.8,6,-8.8,-39.9,-26.4,21.5,11.8,5.1,4.2,2.7,4.3,8,15.8,11.4,47.4,236,342,195,-330,-1567,-972,506,317,165,176,113,158,232,349,199,1576,2761,2892,3228,3717,3920,3681,2351,2677,3251,4124,4119,3661,2871,2204,1736,3321
Wisconsin,Waushara County,55137,6.4,13.5,17.5,-3.2,-40.9,-18.9,48.4,37.7,29,20.3,15.2,17.9,25.7,22.5,4.5,-13.3,73,162,210,-46,-712,-291,422,361,349,345,268,292,363,261,53,-336,1136,1195,1199,1449,1737,1539,872,958,1205,1697,1761,1628,1414,1162,1185,2517
Wisconsin,Winnebago County,55139,7.5,9.8,2.8,12.5,31.6,-3.1,-17.8,-0.7,1.7,-0.4,-1.8,-0.9,-1.4,-1.3,1.8,9.7,712,899,274,1323,3416,-381,-2280,-81,197,-62,-228,-102,-128,-84,89,988,9445,9127,9697,10519,10791,11947,12745,10244,11034,12994,12675,11016,8694,6248,4788,10120
Wisconsin,Wood County,55141,-2.3,6.4,1.1,-7.6,-31.5,-22.6,4.6,1,-0.2,0.7,-0.8,-2.4,-1.3,3.3,4.1,4.2,-110,271,53,-404,-1808,-1259,177,40,-12,46,-53,-132,-60,109,111,262,4722,4214,4794,5273,5725,5550,3806,4057,4853,6005,6181,5442,4454,3274,2720,6179
Wyoming,State Total,56000,7.1,16.3,12.3,9.1,7.8,1.9,11.1,15,12.7,10.5,7,3.9,4.8,3.4,2,-1.2,2763,5267,3959,3136,2943,785,3669,4431,3728,3762,2873,1524,1475,756,337,-393,38824,32299,31995,34423,37495,40781,32942,29535,29296,35580,40889,39002,30610,21940,16159,30736
Wyoming,Albany County,56001,0,-15.5,-14.4,129.9,391.8,5.1,-64.8,-36.4,-12.3,-1,2.9,-5.6,-4.8,-5.1,-7.4,-7.7,-1,-297,-243,2070,6154,183,-4158,-994,-224,-17,56,-115,-82,-56,-58,-114,2111,1913,1686,1593,1570,3565,6412,2723,1823,1710,1946,2062,1688,1099,793,1478
Wyoming,Big Horn County,56003,12.9,18.2,8,-10,-42.8,-36.7,19.8,26,5.3,16.4,8.5,7,18.3,18.1,11.1,1.2,93,125,64,-90,-410,-347,96,125,32,111,65,57,122,101,51,11,719,686,806,900,956,945,484,481,604,680,763,812,667,556,464,905
Wyoming,Campbell County,56005,17.5,33.5,32.9,13.2,8.1,35.2,69.9,42.4,36.9,26,9.9,0.5,-7.7,-11.9,-11.8,14.6,626,899,845,368,245,1078,1474,927,767,729,350,17,-156,-133,-83,126,3567,2683,2568,2781,3034,3060,2108,2186,2080,2802,3534,2975,2014,1116,705,861
Wyoming,Carbon County,56007,13.6,16.6,6,-9.4,-14.5,-2.4,19.5,19.7,3,-0.8,-6.4,-7.5,-8.8,-11.6,-9.5,-26,141,151,56,-90,-155,-29,178,158,28,-10,-86,-101,-93,-93,-52,-285,1035,913,930,963,1072,1195,911,803,939,1235,1342,1337,1060,808,557,1095
Wyoming,Converse County,56009,10.7,38.6,21.8,-0.1,-31.1,-11.5,60.4,31.8,29.6,12.7,4.2,-2.7,4.8,-0.3,8.7,8.3,97,269,173,-1,-316,-113,323,200,202,115,46,-27,40,-2,34,59,903,698,795,927,1016,983,534,629,684,908,1112,1014,828,563,399,705
Wyoming,Crook County,56011,20.3,47.9,39,11.6,-37.9,-24.3,58,75.7,47.6,24,22.2,27.6,27.5,30.2,5.8,-20.4,86,148,121,46,-186,-122,138,158,130,109,106,126,108,99,15,-114,426,310,312,396,491,503,238,208,273,452,481,457,393,327,256,557
Wyoming,Fremont County,56013,8.9,15.7,8.3,0.4,-15.1,-9.1,28.9,22.6,21.9,11.5,11.2,10,11.3,10.1,2.4,-2.4,268,392,200,12,-439,-266,514,405,420,279,307,275,246,168,34,-63,3012,2482,2416,2624,2906,2895,1776,1795,1918,2425,2738,2736,2180,1661,1365,2599
Wyoming,Goshen County,56015,4.6,3.3,6,21.5,-6.2,-33.1,-1.1,18.8,18.6,11,17,6.2,16.1,17.5,15.1,-4.4,32,22,45,172,-57,-341,-7,112,117,88,162,55,125,111,80,-52,691,684,752,798,913,1028,691,597,630,799,953,894,778,634,529,1176
Wyoming,Hot Springs County,56017,10.6,27.5,21.3,-6.5,-35.1,-30.9,33.1,7.5,16.1,12.2,7.4,9.2,14.9,11.7,6.3,-9.9,25,56,51,-17,-119,-103,54,15,32,38,29,35,43,34,17,-51,234,204,242,264,341,335,163,199,198,311,397,384,293,292,272,511
Wyoming,Johnson County,56019,13.9,46.9,29.8,4.3,-30.6,-8.5,115.9,50.4,33.4,48,27.6,17.9,33.6,21.1,15.7,1.4,72,160,111,20,-152,-43,257,169,112,190,152,111,159,87,50,10,517,341,373,468,496,516,222,335,336,395,550,619,473,413,323,689
Wyoming,Laramie County,56021,4.3,6,5.3,-1.8,10.1,15.3,5.4,1.8,-2.7,1.1,7.1,6.9,7.1,6.5,6.9,4.1,289,357,296,-111,600,890,296,102,-162,74,457,405,350,223,176,200,6685,5940,5589,5986,5937,5782,5480,5609,5851,6586,6373,5826,4896,3435,2546,4833
Wyoming,Lincoln County,56023,6.5,37.1,40.7,-1.2,-42.1,-21.7,109.4,75.2,42.5,28.7,13.9,16.2,21.1,20.6,2.1,-16.6,91,375,415,-15,-565,-287,669,489,317,277,174,187,184,134,12,-173,1399,1010,1017,1202,1340,1321,611,649,746,967,1248,1149,873,652,559,1037
Wyoming,Natrona County,56025,6.6,9.4,5.7,6.2,4.2,7.7,14,18.1,12.7,13.4,8.2,4.3,2.4,-3.1,-0.1,0.1,345,432,253,290,213,416,615,709,506,627,453,224,97,-87,-2,9,5205,4588,4445,4675,4983,5376,4395,3916,3985,4663,5503,5167,3962,2740,2106,4547
Wyoming,Niobrara County,56027,-18.8,42.1,25.3,-7.5,-36.9,-14,55.8,81.7,7.4,2.5,5.4,6.8,14.1,18.4,29.2,-18.2,-22,40,29,-10,-61,-23,48,76,9,4,11,13,19,23,31,-49,121,95,118,140,166,168,87,93,129,169,213,190,136,125,108,268
Wyoming,Park County,56029,-0.2,23,13.1,18.4,-15.7,-23.9,5.9,27.2,12.9,10.8,7,10.8,17.2,15.7,8.3,8.1,-4,296,193,295,-299,-533,80,309,174,192,150,231,301,224,84,163,1692,1288,1473,1607,1897,2227,1370,1134,1353,1770,2116,2134,1751,1422,1016,1988
Wyoming,Platte County,56031,11.2,10.2,7.7,-10.8,-46.9,-41.2,9.6,14,13.8,10.2,9.6,8.4,12.6,18.9,11.4,-3.5,44,44,36,-64,-322,-280,34,54,60,59,64,58,76,93,44,-28,396,430,466,592,687,680,355,387,437,581,668,695,606,495,383,791
Wyoming,Sheridan County,56033,10.1,16.5,18.2,11.9,-14.8,-17.1,21.5,23.2,29.6,15.8,13.3,8.9,6.7,3.5,6.8,4,176,249,265,198,-277,-366,292,312,381,279,286,204,125,48,66,79,1742,1504,1454,1657,1867,2135,1359,1344,1287,1757,2141,2279,1859,1379,960,1974
Wyoming,Sublette County,56035,14.6,93,81.2,42.9,18.6,81.1,240.7,158.9,110.7,78.1,66.5,41.2,35.6,24.8,10.5,0.2,94,323,290,171,88,318,562,453,340,384,339,227,161,77,24,1,648,348,356,400,476,392,233,285,307,491,509,550,452,313,235,377
Wyoming,Sweetwater County,56037,5.5,22.2,17.1,1.1,-0.8,6.1,40.4,24.2,15.5,7.5,-1.9,-7.6,-11.7,-18.1,-14.3,-5.3,201,619,457,31,-26,215,970,547,339,212,-69,-249,-277,-287,-139,-84,3601,2781,2669,2865,3141,3492,2398,2253,2180,2800,3513,3251,2366,1579,974,1573
Wyoming,Teton County,56039,-11.3,0.3,7.6,-2.5,32.4,136.2,38.6,-14.6,-3.6,-2.2,-7.9,-8.3,-3.6,-1,-12.3,-7.8,-170,3,74,-24,341,1325,549,-302,-58,-35,-136,-137,-46,-8,-69,-63,1503,1098,974,975,1053,972,1421,2058,1606,1544,1722,1657,1273,851,563,804
Wyoming,Uinta County,56041,10,20.6,4.5,-6.8,-44.3,-23.4,31.5,21.8,5,-2.3,-5.1,-5.7,-6.9,-4.2,-0.8,7,167,309,75,-114,-866,-457,338,252,58,-33,-93,-92,-76,-30,-3,49,1671,1495,1680,1659,1952,1955,1074,1154,1146,1459,1841,1601,1100,721,423,697
Wyoming,Washakie County,56043,9.8,29.8,15,-6.5,-50.7,-29.5,56.8,15.1,11.4,1.7,1.9,-2.7,5.7,6.2,6.9,3.1,55,142,76,-38,-350,-202,180,56,50,10,12,-17,29,27,22,21,567,477,506,581,691,686,317,376,437,584,640,643,517,432,326,666
Wyoming,Weston County,56045,14.1,44.2,18,10,-18.6,-21.6,53.6,29.6,26.7,15.4,5.6,6.3,3.5,0.7,0.4,-6.9,52,145,64,36,-93,-121,156,91,89,74,32,35,15,2,1,-40,369,329,360,361,498,560,292,309,335,480,577,560,434,317,286,572