fips,net_migration_rate_65plus,net_migrants_65plus,total_expected_65plus,total_pop_2010,pop_65plus_2010,pct_65plus_2010,pct_55_64_2010,seasonal_housing_share_2010,total_pop_2020,pop_65plus_2020,pct_65plus_2020,change_65plus_pct,median_hh_income_2010,median_house_value_2010,healthcare_share_2010,manufacturing_share_2010,Scale,land_area_sqmi,state_fips,state_income_tax_2010,log_pop_2010,pop_density,is_rural,is_metro,is_south,is_west,is_coastal
01001,18.742742083104524,1027.0,5463.0,54571,6546,11.995382162687141,10.73830422752011,0.2800993901061667,55639,8490,15.259080860547458,3.263698697860317,53.255,13.39,0.13052031080948165,0.0,0.78,594.444,01,5.0,10.907257885099419,91.80175087981375,0,0,1,0,0
01003,26.246244845253468,6309.0,24007.0,182265,30568,16.771184813321263,13.461169176748141,0.32961436080760326,218289,44716,20.484770189977507,3.713585376656244,50.147,17.72,0.13445115397393054,0.07076273670633758,1.82,1589.794,01,5.0,12.113216951010822,114.64692909899017,0,1,1,0,1
01005,-6.481304138594804,-270.0,4156.0,27457,3909,14.236806643114688,13.169683505117092,0.32969819934060357,25026,4777,19.08814832574123,4.851341682626542,33.219,8.82,0.09587059442398738,0.45423461336138876,0.19,885.002,01,5.0,10.22037642353585,31.02478864454544,0,0,1,0,0
01007,5.902061096797938,161.0,2717.0,22915,2906,12.68164957451451,11.935413484617063,0.3785769958801915,22374,3676,16.429784571377493,3.748134996862982,41.77,8.12,0.20676691729323307,0.11859193438140807,-0.15,622.461,01,5.0,10.039546996943224,36.813551371089915,0,0,1,0,0
01009,9.119958202716825,703.0,7656.0,57322,8439,14.722096228324203,12.693206796692369,0.33072382467450917,57755,10382,17.975932819669293,3.25383659134509,45.549,11.37,0.13632830716617442,0.21731695942794962,0.23,644.831,01,5.0,10.956439773168713,88.89460959538235,0,0,1,0,0
01011,-3.1910773298083273,-48.0,1513.0,10914,1469,13.459776433938062,12.891698735568994,0.5564210994880926,10173,1638,16.10144500147449,2.6416685675364295,31.602,6.63,0.18017578125,0.0,-1.08,622.806,01,5.0,9.297801647746176,17.52391595456691,0,0,1,0,0
01013,6.1684629516227805,200.0,3266.0,20947,3489,16.65632310116007,13.486418102830955,0.351264552388599,19726,4092,20.744195478049274,4.087872376889205,30.659,7.02,0.0,0.1966028189374774,-1.16,776.839,01,5.0,9.949750717005767,26.964403177492375,0,0,1,0,0
01015,2.50049863180298,408.0,16445.0,118572,16990,14.328846607968154,12.742468710994165,0.3940775769858695,114324,20245,17.70844267170498,3.379596063736825,38.407,9.82,0.16795215285107304,0.16218776217152445,0.22,605.868,01,5.0,11.683275649982964,195.70599536532708,0,1,1,0,0
01017,-1.0262386601535243,-61.0,5732.0,34215,5706,16.676896098202544,13.938331141312291,0.4645965655139967,33427,6530,19.53510635115326,2.858210252950716,31.467,8.22,0.20560443141088303,0.18784620397523624,-0.34,596.561,01,5.0,10.440419423386597,57.353732476645305,0,0,1,0,0
01019,3.739225399684756,167.0,4441.0,25989,4651,17.896032937011814,15.094847820231635,0.47949837093502184,26035,5969,22.926829268292686,5.030796331280872,40.69,9.71,0.12233121754183497,0.2556260819388344,0.64,553.525,01,5.0,10.16542865055825,46.95180886138838,0,0,1,0,0
01021,2.898071866783523,165.0,5705.0,43643,5921,13.566895034713472,12.130238526224137,0.5135387488328664,44147,7318,16.576437810043718,3.009542775330246,39.486,10.37,0.1378034339846063,0.17569567791592658,0.38,692.852,01,5.0,10.683798181855538,62.990364464560976,0,0,1,0,0
01023,-9.761856783015475,-273.0,2779.0,13859,2519,18.17591456815066,14.16408110253265,1.0180217361397716,12755,2948,23.112504900039198,4.936590331888539,31.076,6.34,0.10306704707560628,0.0,0.92,913.467,01,5.0,9.536690120068803,15.171867182941474,1,0,1,0,0
01025,-3.400069816150803,-148.0,4297.0,25833,4174,16.157627840359233,12.526613246622537,0.7437885741414781,23866,4745,19.88184027486801,3.724212434508779,27.439,7.33,0.14504283965728273,0.23194614443084455,1.26,1238.42,01,5.0,10.159408023364275,20.859643739603687,0,0,1,0,0
01027,0.5523159636062862,12.0,2418.0,13932,2449,17.578237151880565,13.063451047947172,0.5608028335301062,13285,2706,20.368837034249154,2.790599882368589,35.595,8.29,0.20592923175007968,0.4341727765380937,0.21,603.961,01,5.0,9.541943631485891,23.067714637203395,0,0,1,0,0
01029,6.231468849477036,137.0,2199.0,14972,2361,15.769436281057974,13.698904621960995,0.5656445370646026,14952,3074,20.55912252541466,4.789686244356687,36.077,8.79,0.0,0.30093071354705275,0.21,560.105,01,5.0,9.61393706902432,26.730702279036965,0,0,1,0,0
01031,6.6852155751156195,450.0,6703.0,49948,7210,14.435012412909426,12.080563786337791,0.5239587998208688,52238,8860,16.960833109996553,2.525820697087127,42.253,11.67,0.1542793686047434,0.25541365907828983,-0.66,678.986,01,5.0,10.818737743235035,73.5626360484605,0,0,1,0,0
01033,0.8724782468578797,78.0,9309.0,54428,9463,17.386271771882118,13.28360402733887,0.5668141936485751,54957,10900,19.833688156194842,2.4474163843127243,39.61,9.47,0.15427807486631015,0.2190374331550802,0.7,592.745,01,5.0,10.904634006310749,91.82363410910257,0,0,1,0,0
01035,-0.8345715491768688,-21.0,2369.0,13228,2362,17.856062896885394,14.854853341397037,0.4088537995206542,12219,2771,22.677796873721253,4.8217339768358585,26.944,7.25,0.0,0.1884278644842025,-1.0,850.2,01,5.0,9.490091074101683,15.558692072453539,1,0,1,0,0
01037,-2.8769612711022843,-60.0,2014.0,11539,1970,17.07253661495797,15.573273247248462,0.2778635381290522,10696,2497,23.345175766641734,6.272639151683766,35.56,7.31,0.023785926660059464,0.6551040634291377,1.59,650.911,01,5.0,9.353487881194667,17.727461972527735,0,0,1,0,0
01039,5.527346625766872,360.0,6520.0,37765,6939,18.37415596451741,13.462200450152256,1.0409474746401828,37096,7857,21.180181151606643,2.806025187089233,33.852,8.57,0.16822519083969464,0.22280534351145037,-0.17,1030.557,01,5.0,10.539138026747548,36.64523165627908,0,0,1,0,0
01041,0.9081379310344823,19.0,2175.0,13906,2210,15.892420537897312,13.469006184380843,0.9205642167780254,13826,2664,19.268045710979315,3.3756251730820033,35.14,7.19,0.14446952595936793,0.32247662044501774,-0.91,608.865,01,5.0,9.540075680658964,22.839217232062936,0,0,1,0,0
01043,6.405754550792719,769.0,11921.0,80406,12810,15.931646892022982,12.834863069920155,0.493873805796945,83345,15341,18.40662307276981,2.474976180746829,38.567,10.22,0.15881916767077578,0.1877838539252943,0.64,734.781,01,5.0,11.294844079248284,109.42852360090967,0,0,1,0,0
01045,0.0671142942405251,3.0,6702.0,50251,6759,13.450478597440846,11.766930011343057,0.5820875777219209,49293,8331,16.900979855151846,3.450501257711,43.353,9.39,0.10632314941480468,0.03625170998632011,-0.47,561.101,01,5.0,10.824785726220822,89.55785143851107,0,0,1,0,0
01047,-5.333821038040967,-350.0,6493.0,43820,6165,14.06891830214514,12.592423550890006,0.361243072050673,38184,6868,17.986591242405193,3.9176729402600543,26.029,7.03,0.18291078164751293,0.32704623212562506,-0.18,978.738,01,5.0,10.687845613149458,44.771941009749284,0,0,1,0,0
01049,2.2890502559816106,215.0,9571.0,71109,9875,13.887131024202281,12.13207892109297,0.678260310521071,71430,12124,16.973260534789304,3.086129510587023,35.065,8.44,0.1341812029636544,0.40137681582171403,-1.6,777.099,01,5.0,11.171969190058952,91.50571548798801,0,0,1,0,0
01051,14.954920751935127,1220.0,8139.0,79303,9436,11.8986671374349,11.921364891618223,0.35826928376764555,81526,12641,15.505482913426391,3.6068157759914907,53.128,13.65,0.15260023242300988,0.2349651365485183,2.11,618.447,01,5.0,11.281031237928802,128.22925812559524,0,1,1,0,0
01053,-1.32451282051282,-79.0,5850.0,38319,5812,15.167410423027741,12.338526579503641,0.44886570423389544,36775,6642,18.061182868796738,2.893772445768997,31.927,8.38,0.13648490022409562,0.15291857859353325,-0.03,945.223,01,5.0,10.553701135710886,40.53963985218303,0,0,1,0,0
01055,2.464749687108886,393.0,15980.0,104430,16508,15.807718088671837,13.54687350378244,0.5837231845576769,102721,19538,19.020453461317548,3.21273537264571,36.422,9.82,0.23676889672954268,0.15578775953317953,0.96,535.282,01,5.0,11.556272269473594,195.09342738967496,0,1,1,0,0
01057,-3.5713745271122312,-114.0,3172.0,17241,3084,17.887593527057597,14.076909692013222,0.7467109162024416,16406,3427,20.888699256369623,3.0011057293120267,34.56,7.15,0.2336244541484716,0.19159388646288208,-0.38,627.684,01,5.0,9.75504554717585,27.467642954097922,0,0,1,0,0
01059,0.8678481012658229,41.0,4740.0,31704,4825,15.218899823366137,11.749306081251577,0.4350306660961346,31587,5221,16.528951783961755,1.3100519605956187,33.942,7.82,0.12794927762186883,0.0,0.16,633.919,01,5.0,10.364198134870271,50.01269878328304,0,0,1,0,0
01061,3.2289438502673797,145.0,4488.0,26790,4674,17.4468085106383,13.829787234042554,0.5202175455190352,26383,5365,20.33506424591593,2.8882557352776317,34.14,7.72,0.1694016662458975,0.0,-0.51,574.481,01,5.0,10.195783962538654,46.63339605661458,0,0,1,0,0
01063,-4.07526455026455,-63.0,1512.0,9045,1454,16.07517965726921,15.035931453841902,1.378070701018574,8221,1834,22.308721566719377,6.233541909450167,22.222,7.15,0.0,0.28343023255813954,-0.04,647.023,01,5.0,9.109967397829395,13.9794103146256,1,0,1,0,0
01065,0.7577958137548056,17.0,2341.0,15760,2370,15.038071065989847,13.445431472081218,0.2873938602220771,14754,2850,19.31679544530297,4.278724379313122,29.299,7.06,0.0,0.0,1.43,643.983,01,5.0,9.66523036341187,24.472695707805954,0,0,1,0,0
01067,14.534609552691432,384.0,2638.0,17302,3044,17.593341810195355,15.304589064847995,0.2811832189854909,17123,3859,22.536938620568826,4.943596810373471,38.379,8.97,0.0,0.0894603404563564,0.07,561.75,01,5.0,9.75857738074032,30.800178015131287,0,0,1,0,0
01069,9.225476369092272,1234.0,13330.0,101547,14675,14.451436280737,12.438575241021399,0.28685540281118294,105319,18669,17.72614627939878,3.2747099986617805,41.022,11.63,0.2097198612113732,0.10704887874624502,-0.79,579.869,01,5.0,11.528277024474665,175.12058758098811,0,1,1,0,0
01071,4.300347972162226,360.0,8334.0,53227,8773,16.48223645894001,13.848234918368496,0.43169531186960386,51765,10356,20.005795421616924,3.523558962676912,36.312,8.63,0.13397825528636248,0.4106668949576235,1.25,1077.987,01,5.0,10.882321065382621,49.37629117976376,0,0,1,0,0
01073,-4.83765035243607,-4429.0,90371.0,658466,86443,13.127936749961275,12.249835223079096,0.2838111208709308,658615,104327,15.840361971713367,2.712425221752092,45.244,13.83,0.1690754375071281,0.07734783875913981,0.51,1111.382,01,5.0,13.397668166334368,592.4749546060671,0,1,1,0,0
01075,2.242544356360891,58.0,2649.0,14564,2732,18.758582806921176,14.144465806097225,0.5439216752787599,13854,2987,21.56056012703912,2.8019773201179454,33.887,6.82,0.0,0.0,-0.85,604.846,01,5.0,9.586308009295324,24.078856436183756,0,0,1,0,0
01077,8.540299978874728,1220.0,14201.0,92709,15553,16.77614902544521,13.063456622334401,0.6302664931150236,92870,18553,19.97738774631205,3.20123872086684,39.345,10.74,0.1748479497743771,0.14369236805964292,0.9,668.013,01,5.0,11.437220834219913,138.78322727252313,0,1,1,0,0
01079,0.8247254981699877,41.0,4918.0,34339,4999,14.557791432482018,13.098808934447712,0.4859150305338499,32969,5937,18.007825533076527,3.450034100594509,40.516,9.76,0.16313993174061434,0.0,0.54,690.684,01,5.0,10.444037013468341,49.71738161011403,0,0,1,0,0
01081,15.012269826800365,1652.0,10970.0,140247,12716,9.066860610209131,9.531041662210244,0.466413425013223,163461,19710,12.057922073155064,2.9910614629459324,40.894,13.95,0.1551417931824692,0.13712403322830136,-0.24,607.551,01,5.0,11.851160432781834,230.83988010883036,0,1,1,0,0
01083,16.244669583237396,1413.0,8686.0,82782,10187,12.305815273851803,11.942209659104636,0.5289190039168596,96921,14833,15.304216836392525,2.9984015625407228,46.682,12.23,0.1333670301104773,0.16138349339302477,-0.42,559.955,01,5.0,11.323965925436088,147.83687974926556,0,1,1,0,0
01085,-13.75700104493208,-264.0,1914.0,11299,1655,14.64731392158598,13.355164173820691,0.3501945525291829,9936,1882,18.94122383252818,4.293909910942201,29.714,6.4,0.050662878787878785,0.5478219696969697,-0.41,715.911,01,5.0,9.332469505209247,15.782688071561969,1,0,1,0,0
01087,-12.07320754716981,-417.0,3445.0,21452,3031,14.12921872086519,13.397352228230469,0.7505604834779218,18437,3672,19.916472311113523,5.7872535902483335,27.544,7.92,0.0,0.0,-0.56,608.827,01,5.0,9.973573160102816,35.234968225784996,0,0,1,0,0
01089,9.222211450422792,3438.0,37134.0,334811,40873,12.207782898411343,11.266356242775775,0.3229837415583795,367686,55157,15.001115081890525,2.7933321834791816,55.851,15.56,0.13200686332739392,0.12200884313337293,-1.25,801.583,01,5.0,12.72132147249381,417.68725135138845,0,1,1,0,0
01091,-1.828147507922789,-64.0,3471.0,21027,3424,16.2838255576164,13.287677747657773,0.30282309270294033,19138,3779,19.746054969171283,3.4622294115548833,32.94,7.9,0.16115351993214588,0.2676844783715013,-0.72,976.893,01,5.0,9.953562605168434,21.524363466623264,0,0,1,0,0
01093,5.843697956093868,309.0,5284.0,30776,5645,18.34221471276319,13.679490512087341,0.6853497998235732,29818,6325,21.21201958548528,2.8698048727220886,32.769,7.47,0.18430241384545318,0.3283740701381509,-0.31,742.342,01,5.0,10.33449044443213,41.45798028402003,0,0,1,0,0
01095,11.247901474639441,1394.0,12342.0,93019,13862,14.902331781679013,12.045926101119127,0.4387486986267414,96137,16497,17.1598864120994,2.257554630420387,37.661,10.13,0.11206706375468785,0.30607292553023857,0.37,565.845,01,5.0,11.440559052344039,164.38954130548117,0,1,1,0,0
01097,0.8929187696409868,480.0,52505.0,412992,53321,12.910903843173719,12.055923601425693,0.41751778940043544,413977,67171,16.22578065931199,3.3148768161382716,40.996,12.07,0.14892929292929294,0.10135353535353535,1.52,1229.37,01,5.0,12.93118350129551,335.93791942214307,0,1,1,0,1
01099,0.2216434540389974,6.0,3590.0,23068,3618,15.684064504941912,13.347494364487602,0.7500220594723374,21006,4211,20.046653337141766,4.3625888321998545,30.235,8.04,0.14432191913329465,0.17372799380924744,1.27,1025.669,01,5.0,10.046201654735302,22.490686566523895,0,0,1,0,0
01101,-4.287321178120617,-1242.0,28520.0,229363,27421,11.955284854139508,11.245928942331588,0.23120591100048207,226451,34045,15.034157499856482,3.0788726457169737,43.725,12.1,0.1582774437058538,0.11733354467372675,-0.28,785.3,01,5.0,12.343061180346144,292.0705462880428,0,1,1,0,0
01103,7.448569775663688,1169.0,15557.0,119490,16871,14.119173152565068,12.445392919909617,0.27738167327564317,119352,20840,17.460955828138616,3.3417826755735476,44.349,11.53,0.14621121000721674,0.2572047149386577,1.09,579.39,01,5.0,11.6909879648438,206.23414280536426,0,1,1,0,0
01105,0.2374076179647529,3.0,1759.0,10591,1769,16.702860919648757,12.000755358323104,0.7177538526493561,9104,1777,19.518892794376097,2.81603187472734,25.95,6.1,0.0,0.26339285714285715,0.84,719.656,01,5.0,9.267759862843668,14.71675356003424,1,0,1,0,0
01107,-0.04571773220747845,-2.0,3316.0,19746,3336,16.89456092373139,13.638205206117696,0.2952652114309818,20049,3791,18.908673749314183,2.0141128255827923,28.28,8.11,0.26462196861626247,0.17796005706134094,0.13,881.43,01,5.0,9.890706218171395,22.402232735441274,0,0,1,0,0
01109,4.025043521512062,162.0,4021.0,32899,4211,12.799781148363174,11.003373962734429,0.6943079845418222,33274,5115,15.372362805794316,2.572581657431142,29.181,9.39,0.12067803139747664,0.13830299528074738,-0.93,672.068,01,5.0,10.401197541154744,48.95189177285632,0,0,1,0,0
01111,6.729958506224067,242.0,3615.0,22913,3888,16.968533147121722,13.577445118491685,1.026539809714572,22732,4692,20.640506774590886,3.671973627469164,34.593,8.81,0.21271742229826063,0.25349301397205587,0.71,580.549,01,5.0,10.039459714059342,39.467814086321745,0,0,1,0,0
01113,-2.245441241036148,-153.0,6833.0,52947,6720,12.691937220239108,11.666383364496571,0.32526936369180726,57938,8281,14.29286478649591,1.6009275662568019,32.481,9.33,0.12449383181090498,0.0,-0.24,641.153,01,5.0,10.877046692200675,82.58091282424007,0,0,1,0,0
01115,23.886313617606604,2086.0,8724.0,83593,10909,13.05013577691912,12.508224372854187,0.47269350890520806,88929,14901,16.756063826198428,3.705928049279308,48.837,12.65,0.13211066210755362,0.16739198010568854,1.39,631.603,01,5.0,11.333715063509652,132.35054298348805,0,1,1,0,0
01117,25.735234403839055,4192.0,16254.0,195085,20627,10.573339826229592,11.808186175256939,0.31369643077683096,216350,33229,15.358909174948002,4.785569348718409,68.38,19.39,0.07966069694681195,0.0716231524436293,1.12,785.375,01,5.0,12.181190640006093,248.3972624542416,0,1,1,0,0
01119,1.8921704658077312,38.0,2018.0,13763,2063,14.989464506284966,12.468211872411539,0.5452402004126142,12595,2296,18.229456133386265,3.2399916271012987,25.338,6.63,0.17718715393134,0.0,-0.48,903.826,01,5.0,9.529739110979532,15.227488476764332,1,0,1,0,0
01121,0.27729649642670423,34.0,11474.0,82291,11591,14.085379932191856,13.198284137998078,0.5635245901639344,80244,14305,17.8268780220328,3.7414980898409453,36.948,8.7,0.1325894322284214,0.3744198040226921,1.34,736.782,01,5.0,11.318017024670775,111.68975354989671,0,0,1,0,0
01123,2.898097434419141,201.0,6938.0,41616,7193,17.284217608612074,14.381487889273355,0.5020125729275021,40450,8650,21.38442521631644,4.100207607704366,36.904,9.13,0.21069889451002435,0.14165261382799327,2.19,716.522,01,5.0,10.636239987688432,58.080561378436386,0,0,1,0,0
01125,6.241092407058943,1237.0,19663.0,194656,21050,10.81394870951833,10.71788180174256,0.3381562824017344,208854,27715,13.270035527210396,2.456086817692066,42.311,14.84,0.1653316520268818,0.1719661254961526,0.5,1320.859,01,5.0,12.178989177120432,147.37076402553188,0,1,1,0,0
01127,-2.0724519405150534,-231.0,11028.0,67023,10894,16.254121719409756,13.919102397684377,0.7658359293873312,63802,12370,19.3881069558948,3.1339852364850422,37.191,8.36,0.22930431403031482,0.11711361575333593,0.51,791.002,01,5.0,11.112791123046865,84.73177058970774,0,0,1,0,0
01129,-3.114043674698795,-84.0,2656.0,17581,2590,14.731812752403162,13.201751891246232,0.8802188652313547,16336,3227,19.753917727717923,5.022104975314761,36.431,8.52,0.08484162895927602,0.4157239819004525,-0.49,1080.206,01,5.0,9.774574052442789,16.275599283840307,1,0,1,0,0
01131,-8.533752620545075,-163.0,1908.0,11670,1752,15.012853470437019,13.453299057412169,1.5932023366967605,10552,2059,19.512888551933283,4.500035081496264,23.491,5.42,0.14107235814679855,0.28474752732951586,1.58,888.45,01,5.0,9.364776725280601,13.135235522539253,1,0,1,0,0
01133,6.389541511771996,257.0,4035.0,24484,4333,17.69727168763274,14.290965528508416,0.6162298611626699,23712,5179,21.841261808367072,4.143990120734333,33.685,8.37,0.10306233483600187,0.46308098865226177,0.88,612.979,01,5.0,10.10577512197096,39.942640775622,0,0,1,0,0
02013,-39.244881889763775,-99.0,254.0,3141,155,4.934734161095192,13.84909264565425,0.6693440428380187,3389,381,11.242254352316317,6.307520191221125,54.375,12.16,0.0,0.0,,6985.073,02,0.0,8.052296499538647,0.44967318165465126,1,0,0,0,1
02016,-52.67598039215687,-214.0,408.0,5561,193,3.4705988131631003,14.134148534436253,9.694142042509073,5708,430,7.533286615276805,4.062687802113705,72.917,16.34,0.023610530714584205,0.6815712494776431,,4392.109,02,0.0,8.623533227187563,1.266134333187086,1,0,0,0,1
02020,-13.532720391624503,-3299.0,24309.0,291826,21139,7.243700013021457,11.317703014810194,0.15747752848750796,292090,32377,11.084597213187717,3.8408972001662596,73.004,26.95,0.14985696067280185,0.01914314272912143,,1706.403,02,0.0,12.583913013226207,171.01821785357856,0,1,0,0,1
02050,-19.047714949651432,-246.0,1291.0,17013,1041,6.118850290953977,8.540527831658144,0.33789491468153404,18263,1349,7.386519191808574,1.2676689008545976,52.214,15.34,0.0,0.0,,40629.075,02,0.0,9.741733036682138,0.4187395356650379,1,0,0,0,1
02060,-15.502083333333331,-14.0,96.0,997,83,8.324974924774322,15.947843530591776,0.10319917440660474,739,86,11.637347767253045,3.312372842478723,84.0,17.11,0.0,0.09717868338557993,,481.981,02,0.0,6.904750769961838,2.0685462704961397,1,0,0,0,1
02068,0.0,0.0,0.0,1826,137,7.502738225629792,17.305585980284775,0.282326369282891,2502,262,10.471622701838529,2.9688844762087365,72.5,17.4,0.0,0.0,,12636.961,02,0.0,7.509883061154913,0.14449676627157432,1,0,0,0,0
02070,-18.386000000000003,-82.0,450.0,4847,367,7.571693831235817,10.563234990715907,0.4120313143798929,4934,557,11.289014997973247,3.71732116673743,60.8,19.91,0.0,0.0,,18331.368,02,0.0,8.486115235845377,0.26441016295128655,1,0,0,0,1
02090,-3.2093993580926186,-214.0,6543.0,97581,6375,6.533034094752052,11.145612363062481,0.22018524280209653,98455,10268,10.429130059418009,3.8960959646659568,66.598,20.68,0.19580265095729013,0.022569955817378497,,7329.518,02,0.0,11.488438081318957,13.313426612773172,1,0,0,0,0
02100,-2.0335243553008597,-8.0,349.0,2508,345,13.75598086124402,20.574162679425836,0.18393623543838136,2547,585,22.968197879858657,9.212217018614638,47.981,20.54,0.1918876755070203,0.0,,2339.591,02,0.0,7.827240901752812,1.0719822396307732,1,0,0,0,1
02110,-18.202216671870126,-584.0,3203.0,31275,2635,8.425259792166267,14.180655475619504,0.19149751053236308,32099,4376,13.632823452444,5.207563660277733,75.517,29.16,0.2036743448661755,0.02033013149305232,,2703.863,02,0.0,10.350574335335113,11.566784263847689,1,0,0,0,1
02122,7.4459347488348016,433.0,5793.0,55400,6276,11.328519855595667,15.824909747292418,0.33684348224213484,58809,10227,17.39019537825843,6.061675522662762,57.454,19.3,0.2409294143516822,0.04573774096606318,,16023.312,02,0.0,10.922334872735375,3.457462477170762,1,0,0,0,1
02130,0.0,0.0,0.0,13477,1367,10.143206945165838,14.083252949469466,0.3567953292247811,13833,2126,15.369045037229812,5.225838092063974,61.695,24.25,0.0,0.07808882340559882,,4856.873,02,0.0,9.508739807769159,2.774830636913916,1,0,0,0,1
02150,-23.733305439330543,-284.0,1195.0,13592,915,6.731901118304886,11.14626250735727,0.22628700735432775,13383,1410,10.53575431517597,3.803853196871084,60.776,18.21,0.13455328310010764,0.3567276641550054,,6615.367,02,0.0,9.517236663351769,2.054610122159511,1,0,0,0,1
02164,-29.826373626373623,-53.0,182.0,1631,127,7.786633966891478,10.177805027590434,0.1997336884154461,1156,122,10.55363321799308,2.766999251101601,40.909,15.64,0.0,0.0,,23897.395,02,0.0,7.396948602621014,0.0682501168014338,1,0,0,0,1
02170,26.35395709392464,1463.0,5547.0,88995,7069,7.943142873195123,11.964717118939266,0.3460040165501222,107360,12861,11.979321907600596,4.036179034405473,67.703,21.2,0.21115908336100964,0.010760544669545001,,24713.791,02,0.0,11.396335467360853,3.6010258401877717,1,0,0,0,1
02180,-23.572278481012656,-186.0,790.0,9492,603,6.352718078381796,9.428992836072482,0.6487025948103792,10009,776,7.753022279948047,1.400304201566251,53.899,14.46,0.44974003466204504,0.0,,22971.968,02,0.0,9.158204617555654,0.41319925223646486,1,0,0,0,1
02185,-21.257421875000002,-109.0,512.0,9430,402,4.262990455991517,13.711558854718984,0.6,9375,673,7.1786666666666665,2.9156762106751497,68.517,13.58,0.0,0.0,,88824.397,02,0.0,9.151651375627504,0.10616452594662704,1,0,0,0,1
02188,-10.882421875,-56.0,512.0,7523,455,6.048119101422305,8.214807922371396,0.07388252678241596,7709,593,7.6923076923076925,1.6441885908853875,55.217,12.9,0.0,0.0,,35648.458,02,0.0,8.925720273560222,0.21103297090718484,1,0,0,0,1
02220,-8.245004582951422,-90.0,1091.0,8881,1008,11.350073189956086,13.602071838756896,0.31691857630424186,8569,1388,16.19792274477769,4.847849554821602,62.024,30.98,0.281421647819063,0.10662358642972536,,2870.015,02,0.0,9.091669442258505,3.0944089142391245,1,0,0,0,1
02240,0.0,0.0,0.0,7029,664,9.446578460662968,13.899558969981504,1.532567049808429,6911,980,14.180292287657359,4.733713826994391,59.596,16.87,0.0931422722620266,0.022517911975435005,,24822.774,02,0.0,8.857799727175905,0.2831673849183818,1,0,0,0,0
02282,-26.536470588235293,-22.0,85.0,662,64,9.667673716012084,16.012084592145015,0.2222222222222222,597,84,14.07035175879397,4.402678042781886,65.75,15.19,0.0,0.0,,7623.278,02,0.0,6.495265555937008,0.08683928357328698,1,0,0,0,1
02290,0.0,0.0,0.0,5588,569,10.18253400143164,13.976377952755906,0.2971768202080238,5305,793,14.948162111215835,4.7656281097841955,33.712,9.95,0.0,0.0,,145573.899,02,0.0,8.628376720376853,0.038386002150014545,1,0,0,0,0
04001,6.230270755806493,485.0,7793.0,71518,8268,11.560725971084203,10.956682233843228,0.1384019191732792,71714,11091,15.4655994645397,3.904873493455497,30.184,8.09,0.4106999195494771,0.0,3.45,11197.473,04,4.54,11.177704445250573,6.386976775920782,1,0,0,1,0
04003,10.064478632478632,2062.0,20475.0,131346,22688,17.273460935239747,13.358610083291458,0.32350400569096055,126442,28101,22.224419101248003,4.950958166008256,44.876,15.49,0.16480793060718713,0.015386204047914085,7.13,6164.573,04,4.54,11.785590341661784,21.306585224962053,0,0,0,1,0
04005,-3.4004070335395635,-419.0,12284.0,134421,11924,8.870637772371877,11.426785993259982,0.151608471123324,142254,17955,12.621789193976971,3.751151421605094,49.51,25.77,0.17421345985535952,0.0,4.93,18618.674,04,4.54,11.808731944865427,7.219687073311451,1,0,0,1,0
04007,9.656178479552915,1088.0,11273.0,53597,12450,23.22891206597384,16.293822415433702,0.39451954247966237,53846,15571,28.917654050440145,5.688741984466304,37.58,15.61,0.20533621777537409,0.0,7.5,4757.996,04,4.54,10.889248375343252,11.264616447764983,1,0,0,1,0
04009,-3.9450793650793656,-176.0,4410.0,37220,4261,11.448146157979581,9.881783987103708,0.3389830508474576,38304,5308,13.857560568086885,2.4094144101073045,41.683,11.95,0.16312931885488646,0.0,5.2,4622.7,04,4.54,10.524601530196241,8.051571592359444,1,0,0,1,0
04011,-9.380789946140036,-104.0,1114.0,8437,1016,12.04219509304255,11.603650586701434,1.7840805123513266,9465,1209,12.77337559429477,0.7311805012522203,48.696,6.58,0.0,0.0,5.18,1841.978,04,4.54,9.040382074165628,4.580402154640283,1,0,0,1,0
04012,7.935475996745321,488.0,6145.0,20489,6683,32.61750207428376,16.028112645809948,0.29908405508131347,21035,8368,39.78131685286427,7.163814778580509,32.147,10.0,0.15065211605003992,0.05030609528879425,4.24,4499.629,04,4.54,9.9276434357472,4.553486520777602,1,0,0,1,0
04013,13.268331737838878,53940.0,405308.0,3817117,462641,12.12016817928295,10.43481245138674,0.3738838843174347,4412779,671096,15.208012909778624,3.0878447304956733,55.054,23.86,0.13843959213393056,0.0653524913658527,4.87,9199.251,04,4.54,15.155005983602367,414.93780308853405,0,1,0,1,0
04015,38.95563830745668,12998.0,33299.0,200186,46658,23.30732418850469,15.739861928406581,0.43368105958831854,210998,64146,30.401236030673278,7.093911842168588,39.785,17.06,0.21251951452888151,0.06854006143929094,5.84,13311.067,04,4.54,12.207002213348106,15.039064862343492,1,0,0,1,0
04017,9.577702232867187,1240.0,12943.0,107449,14241,13.25372967640462,12.037338644380124,0.28276370789279565,110271,19944,18.086350899148464,4.832621222743844,39.774,13.43,0.2007769016697588,0.0,1.91,9949.889,04,4.54,11.584771595373091,10.799014943784801,1,0,0,1,0
04019,15.655465135078954,20391.0,129887.0,980263,151293,15.433919264523906,12.483078520764325,0.3349897597917031,1038476,205320,19.771280222171722,4.337360957647816,45.521,19.83,0.18627864426815782,0.09098757766037635,4.04,9187.223,04,4.54,13.795576181989619,106.69850944077443,0,0,0,1,0
04021,49.27620340157663,17054.0,34631.0,375770,52071,13.857146658860472,11.392074939457647,0.5759254374395498,447559,91822,20.51617775533505,6.659031096474578,51.31,16.4,0.16048936733858343,0.06808274931965416,3.36,5365.839,04,4.54,12.836732533078296,70.03005494574101,0,0,0,1,0
04023,13.955649458019472,758.0,5443.0,47420,6224,13.125263601855758,11.85153943483762,0.27762354247640203,46594,8335,17.88856934369232,4.763305741836563,36.519,14.82,0.0972911102632583,0.038057993132392214,5.95,1236.922,04,4.54,10.766799359619396,38.33709805468736,0,0,0,1,0
04025,29.121648030365204,11367.0,38992.0,211033,50767,24.0564271938512,17.171248098638603,0.42560127499275574,232396,73498,31.62618977951428,7.5697625856630815,43.29,23.1,0.21463702537871335,0.04812118827464096,5.21,8123.511,04,4.54,12.25976979833356,25.97805308566702,0,0,0,1,0
04027,-2.0525081998842376,-642.0,31098.0,195751,30646,15.655603291937206,9.720512283462153,0.2663631189527604,211931,40440,19.081682245636554,3.4260789536993475,40.34,14.24,0.15650076305814012,0.06387535076059667,4.24,5513.975,04,4.54,12.184598722396833,35.500886384142106,0,0,0,1,0
05001,-6.216792967565929,-207.0,3299.0,19019,3115,16.378358483621643,14.064882485935119,0.52988554472234,17761,3406,19.17684815044198,2.7984896668203376,37.23,7.89,0.1271641063155328,0.38819800048768593,-0.87,988.764,05,7.0,9.85319375848166,19.235125874323902,0,0,1,0,0
05003,-7.206726457399103,-273.0,3791.0,21853,3544,16.217452981284033,13.238456962430787,0.5622965374371115,20000,4095,20.474999999999998,4.2575470187159645,34.934,6.21,0.1127443774805233,0.0,-1.12,925.357,05,7.0,9.992093490870152,23.615750461713695,0,0,1,0,0
05005,18.263417876866438,1782.0,9778.0,41513,11659,28.08517813696914,15.75410112494881,0.3852967227635075,41673,12998,31.190459050224366,3.105280913255225,35.606,11.84,0.2621509403240251,0.16754864446796386,2.64,554.226,05,7.0,10.633761910177357,74.90265703882531,0,0,1,0,0
05007,6.868083067092651,1721.0,25040.0,221339,26986,12.192157730901467,9.838302332621002,0.36311288728460317,273510,36834,13.467149281561916,1.2749915506604488,50.434,15.5,0.07998945773209462,0.10508225165272013,2.39,847.558,05,7.0,12.307450741872364,261.1490895018394,0,1,1,0,0
05009,7.636723071916694,467.0,6146.0,36903,6673,18.08254071484703,13.21843752540444,0.4100552683187734,37525,7838,20.88740839440373,2.8048676795567005,36.977,10.57,0.1913946587537092,0.14317507418397626,1.98,589.991,05,7.0,10.516048127536894,62.548411755433555,0,0,1,0,0
05011,-4.369528301886792,-93.0,2120.0,11508,2041,17.735488355926314,12.678136948209943,0.614334470989761,10805,1990,18.41739935215178,0.681910996225465,29.908,6.48,0.18867924528301888,0.21226415094339623,-1.06,649.236,05,7.0,9.35079772467144,17.725449605382327,0,0,1,0,0
05013,-14.356460674157304,-152.0,1068.0,5368,923,17.194485842026825,13.9903129657228,0.2416292716603383,5160,1091,21.143410852713178,3.9489250106863523,32.45,5.17,0.0,0.0,-1.35,628.565,05,7.0,8.588210678651517,8.540087341802359,1,0,1,0,0
05015,8.274627501064282,388.0,4698.0,27446,5131,18.69489178751002,15.55782263353494,0.5678884873515746,28062,6449,22.981255790749056,4.286364003239036,34.235,11.95,0.09226576693485596,0.0,1.75,629.965,05,7.0,10.219975716829579,43.5674997817339,0,0,1,0,0
05017,-4.108878923766816,-92.0,2230.0,11800,2149,18.21186440677966,13.338983050847459,0.6825308983582365,10433,2171,20.808971532636825,2.597107125857164,21.676,5.07,0.3443680137575236,0.0,-0.45,644.336,05,7.0,9.375854810453756,18.313426535223858,0,0,1,0,0
05019,1.3615038945476334,44.0,3338.0,22995,3410,14.829310719721677,11.006740595781691,0.38517091959557054,22341,3688,16.507765990779287,1.6784552710576097,31.968,7.89,0.1414654226125137,0.23819978046103182,1.15,866.077,05,7.0,10.043032079974024,26.550757034305263,0,0,1,0,0
05021,-7.2802092414995645,-252.0,3441.0,16083,3220,20.021140334514705,13.330846235155134,0.4109077325364214,14710,3139,21.339225016995243,1.3180846824805386,29.066,5.98,0.20768526989935956,0.25221103995120464,-2.3,639.468,05,7.0,9.685518092495647,25.150593931205314,0,0,1,0,0
05023,6.963280423280424,394.0,5670.0,25970,6118,23.557951482479783,14.32422025413939,0.5560470112473145,25063,6725,26.832382396361172,3.274430913881389,35.753,11.0,0.13864256480218282,0.22356753069577082,2.19,553.735,05,7.0,10.164697304656794,46.89969028506415,0,0,1,0,0
05025,5.458721804511279,73.0,1330.0,8689,1416,16.296466797099782,13.292668891702153,0.22145669291338582,8063,1657,20.550663524742653,4.254196727642871,36.957,6.69,0.04772234273318872,0.13232104121475055,-1.59,597.784,05,7.0,9.069813136839207,14.535350561406796,1,0,1,0,0
05027,-2.699850411368736,-110.0,4011.0,24552,3928,15.998696643857935,11.571358748778103,0.3276992066229734,23620,4085,17.294665537679933,1.295968893821998,35.148,7.67,0.168141592920354,0.3036586976621318,-1.63,765.984,05,7.0,10.108548596299572,32.05288883318711,0,0,1,0,0
05029,4.3465885797950214,147.0,3415.0,21273,3592,16.88525360785973,12.682743383631834,0.5246913580246914,20895,4008,19.1816223977028,2.2963687898430685,32.7,8.21,0.10965661164864351,0.0,-0.42,552.255,05,7.0,9.965193941972107,38.52024879810957,0,0,1,0,0
05031,11.910501491962654,1243.0,10389.0,96443,11740,12.172993374324731,10.451769438943211,0.23448105639886463,109081,14967,13.720996323832749,1.5480029495080174,39.233,10.73,0.22798689762380636,0.15559071729957805,-2.24,707.288,05,7.0,11.476707439235586,136.3560529798328,0,1,1,0,0
05033,17.103202642539138,1194.0,6963.0,61948,8233,13.290178859688769,11.993930393233034,0.42887229561554663,63118,10592,16.78126683354986,3.4910879738610916,40.197,9.88,0.0898040303198373,0.20387317433906452,1.44,591.195,05,7.0,11.034050602436064,104.7843774050863,0,0,1,0,0
05035,-4.335341647637449,-250.0,5693.0,50902,5477,10.759891556323916,10.944560135161684,0.1535669412257434,48381,6694,13.836010003927163,3.076118447603246,33.716,10.11,0.1490786009778112,0.11034223392252726,-1.05,610.333,05,7.0,10.83765749449752,83.40037323887124,0,0,1,0,0
05037,-3.2284098939929327,-93.0,2830.0,17870,2759,15.439283715724677,12.865137101287075,0.6366993505666625,16576,3061,18.466457528957527,3.0271738132328494,37.021,7.58,0.18319691863264323,0.13384689455946075,-0.95,616.382,05,7.0,9.790878608153474,28.99176160238294,0,0,1,0,0
05039,-0.3978201634877384,-7.0,1468.0,8116,1474,18.161655988171514,14.526860522424839,0.18583042973286876,7114,1639,23.03907787461344,4.877421886441926,29.602,5.92,0.3335928376800311,0.2238224990268587,-1.85,667.386,05,7.0,9.001592700945706,12.160878412193243,1,0,1,0,0
05041,-13.328514588859417,-302.0,2262.0,13008,1970,15.144526445264454,13.138068880688808,0.2236064526433477,11538,2164,18.755416883342,3.610890438077547,29.051,5.55,0.17713960762013078,0.0,-1.04,768.135,05,7.0,9.473319831787592,16.93452322833877,1,0,1,0,0
05043,0.7769030820646122,21.0,2693.0,18509,2735,14.776595169917336,11.761845588632557,0.49952426260704097,18263,3282,17.970760554125828,3.1941653842084925,32.558,7.31,0.21431670281995663,0.16095444685466379,-1.24,828.357,05,7.0,9.826012379256717,22.344230808697215,0,0,1,0,0
05045,22.085518292682927,2034.0,9184.0,113237,11318,9.994966309598453,9.771541104056094,0.33038702480048054,124800,15584,12.487179487179487,2.492213177581034,45.287,12.75,0.14239149585951724,0.10985493627767663,-0.08,647.939,05,7.0,11.637238246469396,174.7649084250215,0,1,1,0,0
05047,2.8065217391304356,80.0,2898.0,18125,3007,16.590344827586208,12.838620689655173,0.4488218426630096,17785,3543,19.92128197919595,3.330937151609742,32.064,8.14,0.1625842008573178,0.2887323943661972,2.05,608.85,05,7.0,9.805047479722875,29.769237086310255,0,0,1,0,0
05049,8.8734375,221.0,2496.0,12245,2742,22.392813393221722,15.859534503879132,0.45736205370315725,12301,3202,26.030404032192507,3.637590638970785,30.598,7.82,0.34449093444909346,0.07461645746164575,0.51,618.193,05,7.0,9.412872969386267,19.80772994841417,0,0,1,0,0
05051,10.506141906873616,1894.0,18040.0,96024,20098,20.930184120636508,14.294343080896443,0.43918651578697476,99043,23496,23.723029391274498,2.79284527063799,36.844,12.69,0.2315672350034362,0.06950944137186242,1.64,677.721,05,7.0,11.47235343920518,141.68662325647279,0,1,1,0,0
05053,11.396739130434783,263.0,2300.0,17853,2591,14.512967008345937,12.434884893295244,0.4382572828048466,18229,3196,17.532503154314554,3.019536145968617,51.589,9.66,0.08692744901370779,0.40488131059846205,-1.77,631.812,05,7.0,9.789926840312962,28.25682323222731,0,0,1,0,0
05055,5.406405505558496,307.0,5667.0,42090,6034,14.335946780708007,11.869802803516274,0.5477308294209703,45197,7229,15.994424408699693,1.6584776279916866,38.209,8.89,0.12761933580452378,0.30319993948105,-2.0,577.688,05,7.0,10.647565461764616,72.85939815263603,0,0,1,0,0
05057,-0.9562500000000009,-33.0,3408.0,22609,3396,15.02056703082843,12.05714538458136,0.34552260293694215,21695,3937,18.147038488130907,3.126471457302477,35.708,6.81,0.1483830057070387,0.30770450221940393,-0.65,727.52,05,7.0,10.026103336076316,31.07680888497911,0,0,1,0,0
05059,-0.3784393850943762,-19.0,5139.0,32923,5164,15.685083376363028,13.665218843969262,0.3628244487859336,33667,6309,18.739418421599787,3.0543350452367584,37.15,7.74,0.20351464435146444,0.21104602510460252,0.49,615.208,05,7.0,10.401926780651069,53.5152338721213,0,0,1,0,0
05061,2.185455435847209,44.0,2042.0,13789,2104,15.258539415476106,12.002320690405394,0.5610772683552421,13267,2374,17.894022763247154,2.635483347771048,34.554,7.18,0.12464255677039529,0.5771236333052986,0.99,588.567,05,7.0,9.531626451841742,23.42808890066891,0,0,1,0,0
05063,7.486467020470054,398.0,5276.0,36647,5730,15.63565912625863,12.505798564684694,0.3768456168530302,37585,6517,17.33936410802182,1.7037049817631882,34.625,8.24,0.22282314764737696,0.27643320713899405,0.09,763.954,05,7.0,10.509086848575649,47.97016574296359,0,0,1,0,0
05065,10.786317977138898,310.0,2887.0,13696,3229,23.57622663551402,15.17231308411215,0.4286504424778761,13596,3461,25.45601647543395,1.8797898399199333,31.673,7.69,0.35376884422110555,0.10954773869346733,1.44,580.576,05,7.0,9.524859098381523,23.59036543019346,0,0,1,0,0
05067,-4.641621803499327,-139.0,2972.0,17997,2856,15.869311551925321,12.846585542034783,0.4473095645309828,16908,3021,17.867281760113556,1.9979702081882351,27.615,6.01,0.23672687465790915,0.2547892720306513,-1.85,633.923,05,7.0,9.797960356321203,28.389883313904054,0,0,1,0,0
05069,-11.97592863914505,-1396.0,11603.0,77435,10255,13.243365403241429,12.717763285336089,0.2423801733018239,68123,11786,17.30105837969555,4.057692976454122,35.998,7.62,0.20783717591419643,0.2139599695971624,-1.08,869.982,05,7.0,11.257194153750275,89.00758866275395,0,0,1,0,0
05071,3.5419894120925046,126.0,3589.0,25540,3749,14.678935003915427,11.609240407204386,0.43320661303156216,26475,4351,16.434372049102926,1.7554370451874988,30.592,8.34,0.13639517136117663,0.0,2.37,659.889,05,7.0,10.14800112958653,38.70347891842416,0,0,1,0,0
05073,-5.365275994865211,-85.0,1558.0,7645,1483,19.398299542184436,13.28973185088293,0.32161727544222374,6728,1593,23.677170035671818,4.278870493487382,27.515,4.96,0.2571428571428571,0.0,-0.59,528.295,05,7.0,8.941807118363164,14.471081498026672,1,0,1,0,0
05075,0.04821086261980993,1.0,3130.0,17415,3160,18.145277060005743,12.529428653459663,0.375,16511,3220,19.502150081763673,1.3568730217579308,30.288,5.76,0.23376146788990826,0.1258715596330275,-0.1,587.601,05,7.0,9.765087182800102,29.637458071038,0,0,1,0,0
05077,-12.659019073569482,-233.0,1835.0,10424,1607,15.416346891788182,13.420951650038374,0.34435261707988984,8963,1732,19.323887091375656,3.9075401995874746,30.494,5.42,0.3081395348837209,0.0,-0.42,602.621,05,7.0,9.251866118804681,17.297770904100588,0,0,1,0,0
05079,-7.069222577209798,-133.0,1878.0,14134,1758,12.438092542804585,11.334371020234894,0.22633744855967078,13278,2049,15.43154089471306,2.9934483519084747,35.737,7.19,0.19433719433719435,0.2554697554697555,-1.24,561.562,05,7.0,9.5563385212508,25.169081953550986,0,0,1,0,0
05081,-3.0239809193408496,-71.0,2306.0,13171,2253,17.10576266039025,13.95490091868499,0.24767801857585142,12345,2659,21.53908464965573,4.43332198926548,33.416,7.31,0.11521214211797172,0.0,-0.06,532.246,05,7.0,9.485772721999046,24.74607606257257,0,0,1,0,0
05083,2.1133279699651384,79.0,3729.0,22353,3842,17.187849505659194,13.134702277099269,0.48476454293628807,21619,4332,20.037929598963874,2.8500800933046797,37.551,7.82,0.18935361216730037,0.0,1.75,708.122,05,7.0,10.014715819221838,31.566594456887376,0,0,1,0,0
05085,18.71527341294783,1193.0,6364.0,68356,7625,11.15483644449646,10.64866288255603,0.3230661918572635,73163,9951,13.60113718682941,2.4463007423329497,50.757,11.79,0.17801344569643027,0.14013824448442383,-0.79,770.902,05,7.0,11.1324846217668,88.67015522076736,0,0,1,0,0
05087,7.363809102960673,166.0,2263.0,15717,2452,15.600941655532226,13.74308074059935,0.7886646170298088,16393,3116,19.008113219056916,3.40717156352469,36.502,9.77,0.11914148050810337,0.0,-0.43,834.254,05,7.0,9.662498208076329,18.839586025359182,0,0,1,0,0
05089,0.8151655119322548,31.0,3897.0,16653,3964,23.8035188854861,17.774575151624333,0.36348086380158223,16586,4651,28.04172193416134,4.238203048675242,34.109,9.16,0.14547728220091705,0.30387661525635684,2.74,596.956,05,7.0,9.720345659358271,27.896528387351832,0,0,1,0,0
05091,1.2471009549795362,72.0,5864.0,43462,5982,13.763747641617966,12.288896047121623,0.16078004252891448,43515,7197,16.53912443984833,2.775376798230363,40.307,8.64,0.09386410187906313,0.0,-0.3,625.728,05,7.0,10.67964227207968,69.45829497800962,0,0,1,0,0
05093,-14.337509479751251,-948.0,6593.0,46480,5685,12.23106712564544,11.52538726333907,0.48878244293464984,41396,6089,14.709150642574162,2.478083516928722,33.407,6.87,0.11213377362467505,0.3495398018688962,-1.76,900.576,05,7.0,10.746777391525793,51.61141314003482,0,0,1,0,0
05095,-14.306599552572708,-255.0,1788.0,8149,1541,18.91029574180881,14.750276107497854,0.24691358024691357,6879,1573,22.866695740659978,3.956399998851168,29.964,5.56,0.19138149556400508,0.057034220532319393,-1.13,607.138,05,7.0,9.00565049932022,13.421989728859007,1,0,1,0,0
05097,9.600208333333335,184.0,1920.0,9487,2126,22.40961315484347,15.010013702961947,0.38174561860142286,8964,2446,27.286925479696567,4.877312324853097,35.705,7.53,0.07628004179728318,0.0,1.32,779.858,05,7.0,9.157677719392877,12.16503517306997,1,0,1,0,0
05099,-3.2317177914110427,-52.0,1630.0,8997,1588,17.65032788707347,13.71568300544626,0.5040543502081963,8249,1702,20.632803976239543,2.9824760891660738,38.375,6.23,0.0,0.0,-2.12,617.838,05,7.0,9.104646467417119,14.56206966874812,1,0,1,0,0
05101,5.015730337078653,80.0,1602.0,8330,1701,20.42016806722689,16.158463385354143,0.7933104631217838,7753,2075,26.76383335483039,6.3436652876035,27.441,7.77,0.37089201877934275,0.06885758998435054,-0.26,820.909,05,7.0,9.027618735160889,10.147287945436096,1,0,1,0,0
05103,-3.580575539568345,-165.0,4587.0,26120,4451,17.040581929555895,14.188361408882082,0.3200975535401265,23597,4811,20.388184938763402,3.347603009207507,31.259,6.19,0.1483549836105378,0.33385941483549836,-0.88,732.783,05,7.0,10.170456583390367,35.64493171921292,0,0,1,0,0
05105,2.942797619047619,50.0,1680.0,10445,1747,16.72570607946386,13.374820488271899,0.5094762584063582,10342,2058,19.899439180042545,3.173733100578687,43.635,8.02,0.20042872454448016,0.04072883172561629,0.89,551.564,05,7.0,9.253878673990666,18.937058981369344,0,0,1,0,0
05107,-13.51024,-508.0,3750.0,21757,3254,14.956106080801582,12.386818035574757,0.34564487458028836,18151,3409,18.781334361743156,3.825228280941573,27.361,6.02,0.27207325049051667,0.06823632003488118,-0.68,695.628,05,7.0,9.987690823818202,31.276774367909283,0,0,1,0,0
05109,-3.7642892521050033,-77.0,2019.0,11291,1962,17.37667168541316,12.266406872730494,0.9318996415770611,10714,2157,20.132536867649804,2.7558651822366436,32.806,7.94,0.1604132680804785,0.19086460032626426,1.15,600.626,05,7.0,9.331761227180522,18.79872000213111,0,0,1,0,0
05111,-0.6608483290488434,-27.0,3890.0,24583,3900,15.864621893178214,12.960175731196355,0.31126979767463153,23747,4269,17.97700762201541,2.1123857288371966,32.267,6.49,0.1503823279524214,0.17417162276975362,-2.26,758.362,05,7.0,10.109810426119994,32.415917464218936,0,0,1,0,0
05113,10.768527777777777,386.0,3600.0,20662,4025,19.48020520762753,14.291936888974929,0.8598280343931213,19999,4564,22.821141057052852,3.340935849425321,32.525,7.93,0.20475638051044084,0.2202242846094354,1.08,857.681,05,7.0,9.936051543409391,24.090541821493073,0,0,1,0,0
05115,5.813623798867974,444.0,7597.0,61754,8113,13.137610519156654,11.349872073064093,0.2857031035967281,63926,9858,15.420955479773488,2.2833449606168337,39.841,9.95,0.13833701250919794,0.19862950699043413,2.29,812.52,05,7.0,11.030914029720199,76.00305223256044,0,0,1,0,0
05117,-1.4720069404279932,-26.0,1729.0,8715,1717,19.70166379804934,14.34308663224326,0.5996002664890073,8138,1937,23.80191693290735,4.100253134858011,35.346,7.42,0.2002164502164502,0.0,-0.86,647.887,05,7.0,9.07280095795412,13.451419769188147,1,0,1,0,0
05119,-2.8339843666801556,-1348.0,46951.0,382748,45908,11.994314797203382,12.182166856521784,0.26259576770812565,393078,60942,15.503793140292766,3.509478343089384,45.121,13.43,0.2276518069464447,0.0634117866592663,0.85,758.915,05,7.0,12.855132088163366,504.33579518127857,0,1,1,0,0
05121,2.2238796807857586,71.0,3258.0,17969,3361,18.704435416550727,13.044688073905059,1.1511805473980972,17934,3565,19.87844318055091,1.1740077640001836,30.222,6.85,0.25319396051103366,0.2145760743321719,-0.32,652.224,05,7.0,9.796403329926454,27.550350799725244,0,0,1,0,0
05123,-6.301420376946189,-232.0,3661.0,28258,3447,12.198315521268313,12.258475475971405,0.4310740163257819,25477,4170,16.367704203791654,4.169388682523341,27.019,6.61,0.24673932463819903,0.09076290870108987,-1.28,634.803,05,7.0,10.249131882325754,44.51459744204107,0,0,1,0,0
05125,23.520521479619887,3000.0,12733.0,107118,15875,14.820104931010661,12.373270598778916,0.30572850416192454,120990,21655,17.89817340276056,3.078068471749898,51.502,13.01,0.21630214328783642,0.06331195527051472,0.49,723.547,05,7.0,11.581686309541016,148.0456694589294,0,1,1,0,0
05127,2.84853579175705,52.0,1844.0,11233,1915,17.04798361969198,12.365352087599039,0.44290390910841515,10269,2150,20.936800077904373,3.8888164582123927,36.417,6.95,0.11994669035984007,0.0,1.02,892.307,05,7.0,9.326611153641569,12.588716663659481,1,0,1,0,0
05129,-1.5119589977220957,-27.0,1756.0,8195,1745,21.2934716290421,16.14399023794997,0.326530612244898,7898,2025,25.63940238034946,4.34593075130736,28.811,6.95,0.3488372093023256,0.12403100775193798,1.26,666.095,05,7.0,9.01127949117793,12.30304986525946,1,0,1,0,0
05131,1.1954770143351456,194.0,16184.0,125744,16518,13.136213258684313,11.626797302455785,0.526980293132788,127670,20470,16.03352392887914,2.8973106701948286,39.482,10.8,0.19202446330504244,0.24929792810783824,1.1,531.895,05,7.0,11.742003373105955,236.40756164280546,0,1,1,0,0
05133,-4.373070017953321,-99.0,2228.0,17058,2147,12.586469691640287,10.493610036346581,0.27588209670393493,16947,2379,14.037882811117012,1.4514131194767241,34.383,7.31,0.11313518696069032,0.0,-0.13,565.13,05,7.0,9.744374580879056,30.184205404066322,0,0,1,0,0
05135,2.4023238380809593,94.0,4002.0,17264,4134,23.94578313253012,15.008109360518999,0.570148645896966,17217,4493,26.09630016843817,2.1505170359080488,31.135,7.8,0.1928728875826598,0.0,0.49,604.428,05,7.0,9.756378687497916,28.562541775033587,0,0,1,0,0
05137,10.892950495049504,274.0,2525.0,12394,2826,22.80135549459416,15.757624657092142,0.7598331346841478,12582,3406,27.070418057542522,4.269062562948363,30.38,8.9,0.23800564440263405,0.10206961429915334,1.55,606.404,05,7.0,9.424967763522053,20.438519534831563,0,0,1,0,0
05139,-8.793457943925233,-624.0,7062.0,41639,6481,15.564734984029396,13.29762962607171,0.3409148730473719,39089,6914,17.68784056895802,2.1231055849286236,36.464,7.12,0.12459839943921958,0.16321046790116245,-0.5,1039.216,05,7.0,10.636792507070695,40.06770488522117,0,0,1,0,0
05141,0.0002827036751474029,-2.0,3891.0,17295,3923,22.682856316854583,14.478172882335935,0.37699371677138716,16578,4290,25.87766920014477,3.1948128832901865,31.96,7.92,0.1932259855635758,0.0,2.41,709.733,05,7.0,9.758172721371269,24.36831879030565,0,0,1,0,0
05143,10.505417991821899,1861.0,17608.0,203065,19641,9.672272425085565,9.467411912441829,0.2585185860058309,236198,27557,11.666906578379157,1.9946341532935925,42.303,15.49,0.16580884245200472,0.1494415564362551,1.22,942.014,05,7.0,12.221281403816127,215.56473682981357,0,1,1,0,0
05145,13.31617802151445,1268.0,9482.0,77076,10848,14.074420052934766,11.037158129638279,0.5171140113272593,78725,12825,16.290885995554145,2.2164659426193793,39.178,9.27,0.16414754835807469,0.10260908681961313,-0.84,1035.083,05,7.0,11.252547227045794,74.4635937407918,0,0,1,0,0
05147,0.837844217151849,11.0,1271.0,7260,1293,17.8099173553719,15.399449035812673,0.4109940919599281,6477,1534,23.68380423035356,5.8738868749816575,27.186,5.51,0.1545253863134658,0.0,-1.47,586.768,05,7.0,8.890135107818843,12.372862869140784,1,0,1,0,0
05149,3.6919498010407095,120.0,3267.0,22185,3417,15.402298850574713,11.701600180302005,0.4511894995898278,21425,3715,17.33955659276546,1.9372577421907486,36.606,7.53,0.1907639188605956,0.0,1.63,930.138,05,7.0,10.00717166381301,23.85129948459261,0,0,1,0,0
06001,-9.449745764088568,-17585.0,184671.0,1510271,167746,11.10701324464285,11.48813689728532,0.24839112246351808,1661584,231186,13.913590886768286,2.8065776421254363,69.384,59.09,0.13939240983277318,0.11289453993519939,5.13,737.3,06,10.55,14.227799662886934,2048.380577783806,0,1,0,1,1
06003,-8.721787709497207,-16.0,179.0,1175,166,14.127659574468085,20.0,0.6818181818181818,1159,337,29.076790336496984,14.949130762028899,63.478,45.36,0.03168044077134986,0.0,7.41,738.34,06,10.55,7.069023426578259,1.5914077525259365,1,0,0,1,0
06005,9.19664194767035,655.0,7147.0,38091,7865,20.64792208133155,17.841484865191255,0.2828305235137533,39023,10537,27.00202444712093,6.35410236578938,54.758,34.14,0.169452596656884,0.0,7.23,594.572,06,10.55,10.5477333127379,64.06457081732742,0,0,0,1,0
06007,9.435439775544827,2908.0,30652.0,220000,33817,15.371363636363636,13.126363636363635,0.3558198987843689,223344,40663,18.206443871337488,2.8350802349738515,43.17,26.54,0.2432156702713732,0.0669807645934967,5.11,1636.47,06,10.55,12.301382825334498,134.43570612354642,0,1,0,1,0
06009,-1.160222893448601,-112.0,9601.0,45578,9565,20.986002018517706,18.557198648470756,0.5013428827215757,45828,12840,28.017805708300603,7.0318036897828975,54.971,35.08,0.17879380893079524,0.05942003202277175,8.27,1020.016,06,10.55,10.727180422942716,44.68361280607363,0,0,0,1,0
06011,0.9562347188264053,22.0,2454.0,21419,2495,11.648536346234652,11.07894859704001,0.31713814537612584,21491,3142,14.62007351914755,2.971537172912898,48.016,27.54,0.1143371017471737,0.13797533401849948,4.34,1150.713,06,10.55,9.972033657571142,18.613676911619145,0,0,0,1,0
06013,-3.3951395300354412,-4626.0,134308.0,1049025,130438,12.434212721336479,12.2740640118205,0.2818147068302591,1147788,181578,15.819820384949137,3.3856076636126584,78.385,54.82,0.16786437488494502,0.05740135952382576,8.36,717.082,06,10.55,13.863371719315614,1462.9080077313333,0,1,0,1,1
06015,2.9595818815331016,111.0,3731.0,28610,3873,13.5372247465921,12.991960852848655,0.31289111389236546,27692,4924,17.78130868120757,4.244083934615469,36.118,24.09,0.2892873997168476,0.0,10.75,1006.228,06,10.55,10.261511586044156,28.43291977563733,0,0,0,1,1
06017,7.585573502351258,1860.0,24455.0,181058,26524,14.649449347722829,15.528725601740877,0.27450402114361555,190345,40418,21.23407496913499,6.584625621412162,70.0,44.57,0.15087625222414508,0.06056986862310186,6.1,1707.842,06,10.55,12.106572700906344,106.01566187036036,0,0,0,1,0
06019,4.267734805390061,3823.0,89127.0,930450,93421,10.040410554032993,9.549572787360955,0.2826980550247044,990204,121129,12.232731841115568,2.1923212870825743,46.43,25.7,0.17698230399104314,0.10409678379591165,6.03,5958.099,06,10.55,13.743423619069373,156.1655823443014,0,1,0,1,0
06021,-1.2725046579717854,-49.0,3757.0,28122,3737,13.288528554156887,11.560344214493991,0.26906661718315084,28060,4593,16.368496079828937,3.07996752567205,43.074,24.42,0.10694315004659832,0.14189189189189189,4.38,1313.968,06,10.55,10.244307467150762,21.402347697965247,0,0,0,1,0
06023,3.412173452577077,590.0,16996.0,134623,17725,13.166398015197997,14.390557334185095,0.22579963937036013,136101,24287,17.84483582045687,4.678437805258872,40.089,32.47,0.20955081331144607,0.06360244739591106,11.15,3568.174,06,10.55,11.810233558266628,37.72882152047518,0,0,0,1,1
06025,5.707552235321583,976.0,17134.0,174528,18152,10.4006233956729,9.513086725339202,0.5457755899192038,180580,23306,12.90619116181194,2.5055677661390394,38.685,19.26,0.15320124559422374,0.10762070971495055,6.45,4176.58,06,10.55,12.06984046620526,41.787299656656884,0,0,0,1,0
06027,-1.565629380431736,-57.0,3567.0,18546,3535,19.060713900571553,15.744634961716814,0.21101498206372651,17930,4172,23.26826547685443,4.207551576282878,44.808,29.0,0.20688980230964965,0.0,7.08,10180.938,06,10.55,9.82800941136017,1.821639617096185,1,0,0,1,0
06029,7.16645790436971,5060.0,69936.0,839631,75437,8.984542019053608,9.204638704383235,0.34146015536261237,892458,97864,10.965670093158446,1.9811280741048378,47.089,21.71,0.15383252155221697,0.06581715487869018,4.84,8132.26,06,10.55,13.640717788590976,103.24694488371006,0,0,0,1,0
06031,1.7983327662470228,210.0,11756.0,152982,12030,7.863670235714006,8.448052712083774,0.2735541523240705,151090,15564,10.301145012906215,2.437474777192209,48.684,22.04,0.20206450469608364,0.1627237285132022,3.48,1390.309,06,10.55,11.93807554639479,110.03453189183124,0,0,0,1,0
06033,-2.5518016472203158,-304.0,11656.0,64665,11440,17.6911776076703,16.430835846284698,0.49306886058830157,64276,14685,22.846785736511297,5.155608128840996,39.491,26.54,0.2526103065005052,0.027730998091388796,6.55,1256.517,06,10.55,11.076975375849345,51.46368891149105,0,0,0,1,0
06035,-7.018098572582817,-262.0,3713.0,34895,3474,9.955581028800689,11.786788938243301,0.1809598741148702,30600,4421,14.447712418300654,4.492131389499965,50.317,21.73,0.23187571921749137,0.0,6.35,4541.185,06,10.55,10.460098831451251,7.684117691747858,1,0,0,1,0
06037,-7.722468364326216,-89487.0,1151232.0,9818605,1065699,10.853873844604198,10.31873672481987,0.19523517042875108,10040682,1370141,13.645895766841337,2.7920219222371383,55.476,50.88,0.13407989291820516,0.10496647129788353,10.33,4058.193,06,10.55,16.099789613213115,2419.452450881464,0,1,0,1,1
06039,6.467359602854484,1042.0,16115.0,150865,17262,11.442017697941868,10.494813243628409,0.3378103378103378,155925,21858,14.018278018278018,2.57626032033615,46.039,27.6,0.23884739398391902,0.1249744908371087,6.0,2136.928,06,10.55,11.924140676170074,70.59900941912878,0,0,0,1,0
06041,-6.925507188409661,-3132.0,45003.0,252409,42192,16.71572725219782,15.882159510952462,0.19601848688114804,259441,57834,22.291773466799775,5.576046214601956,89.268,86.8,0.15637398654476453,0.019007676384336727,8.14,520.457,06,10.55,12.438806066699687,484.9757040447146,0,1,0,1,1
06043,1.6972900456130944,63.0,3727.0,18251,3821,20.935839132102352,17.988055449016493,0.3042795445622301,17319,4881,28.18292049194526,7.247081359842909,49.098,27.85,0.14882333443818363,0.028173682466025852,8.25,1448.838,06,10.55,9.811975152030021,12.596991520100936,1,0,0,1,0
06045,-3.375856596696242,-472.0,13863.0,87841,13493,15.36070855295363,16.412609146070743,0.37199613124023506,87110,19234,22.08012857306853,6.719420020114901,43.759,41.06,0.19404076409834567,0.1143862535417238,10.93,3506.359,06,10.55,11.383283641013712,25.051912824670833,0,0,0,1,1
06047,0.21153005464480887,47.0,23790.0,255793,23960,9.366949056463625,8.852861493473238,0.354847188702239,273661,30765,11.242011101326094,1.875062044862469,43.844,24.1,0.16212667353244078,0.2117147270854789,4.51,1935.646,06,10.55,12.45212380262344,132.1486470150017,0,1,0,1,0
06049,-1.0608695652173898,-21.0,1909.0,9686,1905,19.667561428866406,16.869708858145778,0.3659476117103236,8853,2427,27.414435784479835,7.7468743556134285,34.588,15.86,0.33308660251665434,0.0,4.99,3915.447,06,10.55,9.178436822963175,2.4737916258348025,1,0,0,1,0
06051,-27.22554550292709,-513.0,1879.0,14202,1377,9.695817490494296,13.322067314462751,0.14376078205865442,14395,2198,15.269190691212225,5.5733732007179295,55.087,48.13,0.0,0.0,8.21,3048.987,06,10.55,9.561138078742038,4.657940489742987,1,0,0,1,0
06053,-11.308432623259918,-5666.0,49854.0,415057,44422,10.702626386255382,10.412545746728764,0.2639376330475807,432977,59061,13.640678373216128,2.9380519869607458,59.271,56.63,0.15074646995964186,0.05710313631506323,9.24,3281.721,06,10.55,12.93617113917886,126.475407263445,0,1,0,1,1
06055,2.4479005912416074,495.0,19958.0,136484,20594,15.088948155095103,13.073327276457313,0.33784400737778264,138572,26610,19.203013595820224,4.1140654407251205,67.389,57.15,0.18693238693238692,0.17657657657657658,7.53,748.31,06,10.55,11.82396267061959,182.3896513477035,0,1,0,1,0
06057,3.812911323328786,696.0,18325.0,98764,19174,19.413956502369285,18.20703900206553,0.27952082144894463,99417,27250,27.409799128921613,7.995842626552328,57.121,44.41,0.16896723129277713,0.07119642106068137,7.26,957.76,06,10.55,11.500488444866546,103.11977948546608,0,0,0,1,0
06059,-3.6085802359620334,-13061.0,360736.0,3010232,349677,11.616280738494575,10.691999819283032,0.19982705807092527,3170345,468842,14.788358995629814,3.1720782571352384,74.344,60.79,0.10902728708223852,0.11194329581297302,8.74,792.782,06,10.55,14.917527710166784,3797.0488734607998,0,1,0,1,1
06061,50.02674760022586,17727.0,35420.0,348432,53562,15.372296459567433,12.661868025898885,0.31510403018709715,391799,76618,19.555435312494417,4.183138852926984,74.447,42.76,0.1333986917056845,0.03208194587650648,6.0,1407.082,06,10.55,12.761198368192732,247.62735931523534,0,1,0,1,0
06063,-12.686358822283415,-600.0,4721.0,20007,4154,20.762733043434796,19.618133653221374,0.10278812797121933,18844,5217,27.685204839736787,6.922471796301991,44.0,28.91,0.2595710019006245,0.0,6.55,2553.062,06,10.55,9.903837491300417,7.83647243976057,1,0,0,1,0
06065,27.318865007877765,55218.0,201834.0,2189641,258586,11.809515806472385,9.761371841320107,0.4065157417132609,2437864,352375,14.45425175481487,2.6447359483424844,57.768,32.53,0.13772714920623788,0.08835479544518177,6.64,7206.559,06,10.55,14.599248161414554,303.8400157412157,0,1,0,1,0
06067,2.493307271000559,3883.0,153734.0,1418788,158551,11.175101565561592,10.969714996179839,0.24679277321686824,1537948,216519,14.078434381396509,2.9033328158349168,56.439,32.42,0.1799477974739915,0.04821187793020695,3.65,965.445,06,10.55,14.165313543994131,1469.5689552486158,0,1,0,1,0
06069,-9.957791659631944,-590.0,5923.0,55269,5360,9.69802239953681,10.74743527112848,0.2965864577504197,61547,7812,12.692738882480056,2.994716482943245,65.771,54.23,0.12565130260521043,0.19829659318637274,5.2,1388.652,06,10.55,10.919967451665618,39.800468367884825,0,0,0,1,0
06071,4.325239191549915,7584.0,172874.0,2035210,181348,8.910530117285195,9.681703607981486,0.36018678257439213,2162532,250032,11.562002319503248,2.651472202218054,55.845,31.9,0.15362122718145854,0.09518819683125157,3.57,20059.898,06,10.55,14.526109565637881,101.45664748644285,0,0,0,1,0
06073,-1.6774407364269115,-6006.0,355446.0,3095313,351425,11.353456015595192,10.648874604926869,0.2032991467960638,3323970,467737,14.071637228976194,2.7181812133810013,63.069,48.6,0.12990001125917533,0.08316535370154468,9.78,4208.764,06,10.55,14.945399589843673,735.444657861548,0,1,0,1,1
06075,-10.162103537320162,-12465.0,121985.0,805235,109842,13.640986792675431,11.996001167361081,0.20135723798356248,874784,138157,15.79327011010718,2.152283317431749,71.304,78.52,0.12460744934287886,0.014599521908453417,10.52,46.863,06,10.55,13.59888943926459,17182.74544950174,0,1,0,1,1
06077,7.335689914016651,4871.0,65943.0,685306,71181,10.38674694224186,10.024281124052612,0.2810635066629591,751615,95949,12.76571116861691,2.37896422637505,54.341,31.86,0.16757870621120718,0.11799861793324991,4.77,1392.386,06,10.55,13.437620732825241,492.18104749688666,0,1,0,1,0
06079,4.195851142791328,1644.0,39071.0,269637,41022,15.213787425316259,13.765173177271665,0.26083621020329883,282517,56700,20.06958873271343,4.855801307397172,57.365,51.39,0.1837048805918276,0.06679161908544759,7.87,3300.638,06,10.55,12.504831888959776,81.69238795651023,0,0,0,1,1
06081,-13.813725701846705,-15397.0,111171.0,718451,96262,13.398547708890376,12.413790223689576,0.22875612014861768,765623,123817,16.172058571908106,2.77351086301773,85.648,78.48,0.09479736746732936,0.0,8.19,448.636,06,10.55,13.484852784541692,1601.4118349842634,0,1,0,1,1
06083,-5.0780433866891315,-2918.0,56976.0,423895,54398,12.83289493860508,10.619375081093194,0.20676027585484905,444895,68020,15.289000775463874,2.4561058368587947,60.078,57.65,0.1456050084018618,0.08888872366053505,10.97,2735.139,06,10.55,12.95724106203644,154.9811545226769,0,1,0,1,1
06085,-11.47488466573376,-25518.0,221530.0,1781642,196944,11.054072591463381,10.414325661384273,0.2183820736802127,1924379,259988,13.51022849449095,2.456155903027568,86.85,70.1,0.10476570505706852,0.1057432129314375,5.95,1291.086,06,10.55,14.393045968962648,1379.956098974042,0,1,0,1,1
06087,-8.724093386685151,-2785.0,31739.0,262382,29158,11.112804994245032,13.695680343926032,0.23163214518166853,273170,44913,16.44141011091994,5.3286051166749075,65.253,64.87,0.1686929198602179,0.0645758082988283,8.49,445.124,06,10.55,12.477556736138174,589.4582183840907,0,1,0,1,1
06089,14.528609419563711,3779.0,25946.0,177223,29967,16.909204787189022,14.392037150934133,0.3401756496320153,179267,36923,20.596651921435623,3.6874471342466,43.944,26.76,0.22458315519452757,0.04486960239418555,5.69,3775.396,06,10.55,12.085164105569966,46.94156586487881,0,0,0,1,0
06091,-12.177952755905512,-92.0,762.0,3240,676,20.8641975308642,21.38888888888889,0.1718213058419244,2898,817,28.191856452726014,7.327658921861815,52.95,32.33,0.0,0.0,5.9,953.168,06,10.55,8.083328608786376,3.3991909086331056,1,0,0,1,0
06093,-0.41175194152581035,-40.0,8756.0,44900,8782,19.55902004454343,17.48552338530067,0.36804684232538687,43516,10983,25.238992554462726,5.6799725099192955,36.981,23.74,0.19810104325401476,0.08428085804712226,3.36,6278.768,06,10.55,10.712193073730345,7.1510844165607015,1,0,0,1,0
06095,-0.1384696106566154,-71.0,46694.0,413344,46847,11.333659131377255,12.393309204923744,0.2495121088684855,444538,69968,15.739486838020596,4.405827706643342,68.409,38.98,0.1945334339992246,0.09911849327647071,5.88,821.752,06,10.55,12.932035455031743,503.0033392069627,0,1,0,1,1
06097,1.8355979461551357,1224.0,65633.0,483878,67364,13.921691004757397,14.165554127280016,0.26201044131161644,496801,97461,19.61771413503596,5.696023130278563,63.274,52.44,0.15980790336448727,0.1198646655435398,7.93,1575.873,06,10.55,13.089588087809064,307.0539313764497,0,1,0,1,1
06099,6.532833864752255,3356.0,51121.0,514453,54831,10.658116484887833,10.136980443305802,0.3537545333504175,546235,71230,13.040175016247584,2.3820585313597515,51.094,28.52,0.18571487314445495,0.14991570377071425,7.21,1496.016,06,10.55,13.150859479257456,343.88201730462777,0,1,0,1,0
06101,8.053304284676834,895.0,11016.0,94737,11990,12.656090017627749,10.666371111603704,0.24514147321164867,96315,14791,15.356901832528683,2.700811814900934,50.944,26.22,0.2070433240435774,0.07413225234355207,1.72,602.53,06,10.55,11.45885991036523,157.23200504539193,0,1,0,1,0
06103,5.926923892304431,556.0,9434.0,63463,10071,15.86908907552432,13.01230638324693,0.4150146366769185,64176,12707,19.800236848666167,3.9311477731418467,38.137,22.14,0.17043917395617278,0.14383623410587068,3.24,2949.137,06,10.55,11.058212337893119,21.519176626925095,0,0,0,1,0
06105,-4.281685236768802,-124.0,2872.0,13786,2769,20.08559408095169,19.563325112432903,0.4492569980417003,12541,3507,27.964277170879516,7.878683089927826,38.725,26.82,0.0,0.0,4.07,3179.268,06,10.55,9.531408863445597,4.336218274143608,1,0,0,1,0
06107,0.8003954007374345,321.0,41224.0,442179,41779,9.448436040607989,9.058548687296321,0.257593721770551,463955,52826,11.386018040542725,1.9375819999347357,43.851,21.12,0.16974329560219598,0.14093574781397417,5.65,4824.379,06,10.55,12.999470056454197,91.6551125025625,0,0,0,1,0
06109,-0.4015729138896289,-47.0,11253.0,55365,11294,20.399169150185134,17.102862819470786,0.20483932915119704,54147,14109,26.056845254584744,5.657676104399609,47.462,33.25,0.23310725948254207,0.0640542577241899,7.1,2220.89,06,10.55,10.921702904132209,24.929195052433936,0,0,0,1,0
06111,-1.1754634408158207,-1160.0,96884.0,823318,96309,11.697667244005354,11.353571766923594,0.21122135643160156,845599,131672,15.571446986100975,3.8737797420956213,75.348,56.87,0.12896665336311067,0.09297911907814849,11.17,1842.467,06,10.55,13.62109779628085,446.8563073314203,0,1,0,1,1
06113,8.35422597373938,1519.0,18126.0,200849,19771,9.843713436462217,10.036893387569766,0.19452660750926,218774,27314,12.485030213827969,2.641316777365752,57.077,39.13,0.10889367916000278,0.09357833252207774,5.1,1014.732,06,10.55,12.210308660935103,197.93305030293715,0,1,0,1,0
06115,0.9193724611290088,64.0,7139.0,72155,7255,10.054743261035272,10.487145727946782,0.412520354622761,77524,9588,12.367782880140343,2.313039619105071,46.807,22.42,0.24391039582427143,0.053175293605915615,4.97,632.016,06,10.55,11.186571861870178,114.16641350851877,0,1,0,1,0
08001,0.8969780522774898,336.0,36268.0,441603,36862,8.347316481092747,9.497218089551023,0.18512161632012553,509844,53302,10.454570417617939,2.1072539365251917,54.666,19.61,0.15028420906696244,0.06757089822388589,2.48,1166.257,08,4.63,12.998166567400208,378.64981732156804,0,1,0,1,0
08003,0.5792943898207058,8.0,1729.0,15445,1752,11.3434768533506,12.126901910003237,0.42722001830942935,16153,2242,13.879774654862873,2.536297801512273,35.935,13.11,0.3117094325984821,0.016263100831225154,1.59,722.577,08,4.63,9.645040605352682,21.37488461437328,0,0,0,1,0
08005,1.6459031557974886,938.0,56214.0,572003,57580,10.066380770730223,11.690672951015992,0.199327740966257,649980,85418,13.141635127234686,3.0752543565044625,58.719,23.23,0.1198872666398254,0.03440062723824458,2.35,797.931,08,4.63,13.256899515103425,716.8577232868506,0,1,0,1,0
08007,13.452756756756756,248.0,1850.0,12084,2116,17.510758027143332,20.46507778881165,0.330974663318877,13588,3501,25.7653812187224,8.254623191579068,56.068,30.44,0.08314350797266515,0.02050113895216401,5.58,1350.087,08,4.63,9.399637542506563,8.950534298900738,1,0,0,1,0
08009,-2.9568669527897,-28.0,932.0,3788,911,24.049630411826822,14.65153115100317,0.400355871886121,3570,938,26.27450980392157,2.224879392094749,36.017,7.27,0.0,0.0,0.48,2554.993,08,4.63,8.239593454305968,1.4825872321372309,1,0,0,1,0
08011,-1.9458888888888881,-19.0,900.0,6499,888,13.663640560086169,12.417294968456686,1.2042818911685995,5677,1087,19.147437026598553,5.483796466512384,36.412,6.94,0.10082644628099173,0.0,2.45,1512.847,08,4.63,8.77940359789435,4.295873938342741,1,0,0,1,0
08013,4.034349463511689,1135.0,28146.0,294567,29521,10.021828650188242,12.047174327063113,0.22900583138560335,324682,46593,14.350348956825448,4.3285203066372056,64.839,35.33,0.13716794236830257,0.1019585772174696,5.82,726.37,08,4.63,12.593261760443095,405.53299282734696,0,1,0,1,0
08014,78.90222950819671,2408.0,3050.0,55889,5508,9.855248796722075,10.764193311742918,0.22078954340722423,69444,9587,13.805368354357467,3.950119557635393,75.59,27.05,0.036979586771731715,0.07355587268102004,,33.004,08,4.63,10.931122859815252,1693.400799903042,0,1,0,1,0
08015,6.238309516570386,204.0,3289.0,17809,3523,19.78213262956932,17.5753832331967,0.3592814371257485,19977,5037,25.213996095509838,5.43186346594052,42.941,24.81,0.13410496906805028,0.030333266813011375,6.46,1013.408,08,4.63,9.787459226476006,17.573376172282043,0,0,0,1,0
08017,-4.3257396449704135,-14.0,338.0,1836,328,17.86492374727669,14.270152505446623,0.10256410256410256,1999,355,17.75887943971986,-0.10604430755683225,47.125,8.07,0.0,0.0,-0.04,1778.276,08,4.63,7.515344571180436,1.0324606529020242,1,0,0,1,0
08019,-14.750873196659075,-194.0,1317.0,9088,1132,12.455985915492958,19.773327464788732,0.38698328935795956,9533,1921,20.151054232665476,7.6950683171725185,60.426,28.0,0.016568047337278107,0.011439842209072978,6.96,395.199,08,4.63,9.114710140960932,22.996009605287462,0,0,0,1,0
08021,-8.540922401171303,-118.0,1366.0,8256,1254,15.188953488372093,13.214631782945737,0.25664955669622025,8130,1545,19.00369003690037,3.814736548528277,33.627,11.22,0.0,0.0,4.98,1287.437,08,4.63,9.018695487721343,6.412740972956347,1,0,0,1,0
08023,-0.44071782178217644,-4.0,808.0,3524,807,22.900113507377977,17.082860385925088,1.2629161882893225,3810,1001,26.272965879265094,3.3728523718871166,24.388,10.52,0.0,0.0,4.96,1227.593,08,4.63,8.16735198705607,2.870658271919113,1,0,0,1,0
08025,1.8026800670016747,10.0,597.0,5823,614,10.544392924609308,11.385883565172591,1.2828736369467608,5733,839,14.63457177742892,4.090178852819612,38.189,8.14,0.0,0.0,2.6,787.428,08,4.63,8.66957087183712,7.39496182508115,1,0,0,1,0
08027,14.167835550181378,117.0,827.0,4255,954,22.420681551116335,24.08930669800235,0.2527805864509606,4941,1681,34.02145314713621,11.600771596019872,39.909,21.84,0.0,0.04085257548845471,5.61,738.626,08,4.63,8.355850041007475,5.760696211614539,1,0,0,1,0
08029,8.345430672268906,475.0,5712.0,30952,6239,20.157017317136212,15.704962522615663,0.26763656327202856,30758,7959,25.87619481110605,5.719177493969838,40.451,19.39,0.2514705882352941,0.08823529411764706,3.64,1142.127,08,4.63,10.34019289638035,27.100313712923345,0,0,0,1,0
08031,-9.928129280447644,-6853.0,68626.0,600158,62132,10.35260714678468,10.287790881734477,0.25822524379192224,715878,84203,11.76219970441891,1.4095925576342303,45.501,24.09,0.12504920899092384,0.043010694301530976,2.88,153.292,08,4.63,13.304948232865481,3915.129295723195,0,1,0,1,0
08033,4.910928961748633,18.0,366.0,2064,388,18.7984496124031,15.64922480620155,0.20435967302452315,1896,711,37.5,18.7015503875969,43.058,13.62,0.17616580310880828,0.0,4.38,1067.17,08,4.63,7.6324011266014535,1.9340873525305244,1,0,0,1,0
08035,41.53569723353461,5922.0,14242.0,285465,20343,7.126267668540802,10.702187658732244,0.2844870343162485,344280,41364,12.014639247124434,4.888371578583632,99.198,33.87,0.10016430900361993,0.01821519344817848,5.15,840.25,08,4.63,12.561874708619237,339.7381731627492,0,1,0,1,0
08037,-11.516732462799878,-379.0,3293.0,52197,2938,5.628675977546602,10.642374082801693,0.11816555952989269,54960,6290,11.444687045123727,5.816011067577125,71.337,53.09,0.06363239100473965,0.006756529631248109,4.57,1684.472,08,4.63,10.862780300954826,30.987157993721475,0,0,0,1,0
08039,6.004929233772573,122.0,2049.0,23086,2193,9.499263622974963,16.195962921250974,0.346794943505985,26230,4234,16.141822340831112,6.642558717856149,78.958,34.64,0.08362369337979095,0.06172224987555998,0.9,1850.836,08,4.63,10.046981652174857,12.473282343762495,1,0,0,1,0
08041,7.994233165441113,4592.0,56981.0,622263,62051,9.971828631945014,10.859395464618657,0.19022985778241816,710499,91065,12.817048299856863,2.8452196679118487,56.268,21.68,0.13972686458406788,0.047156994100086974,5.15,2126.845,08,4.63,13.341118111936073,292.5756225771037,0,1,0,1,0
08043,16.413905114688703,1156.0,7019.0,46824,8244,17.60635571501794,14.40714163676747,0.5196964972456085,47725,10265,21.50864326872708,3.90228755370914,37.847,15.28,0.25447619047619047,0.06209523809523809,4.82,1533.082,08,4.63,10.754151170971056,30.54239760169384,0,0,0,1,0
08045,-4.554209989806321,-225.0,4905.0,56389,4717,8.365106669740552,11.537711255741367,0.16302715689218758,59605,7758,13.015686603472862,4.65057993373231,64.902,34.16,0.13712228646231045,0.012544998363695865,3.81,2947.545,08,4.63,10.940029383003269,19.130836000807452,0,0,0,1,0
08047,-3.2551330798479094,-18.0,526.0,5441,514,9.446792868957912,19.88605035839,0.5617977528089888,6108,1036,16.96136214800262,7.514569279044709,58.036,31.64,0.007021517553793885,0.0,6.97,149.896,08,4.63,8.601718146485926,36.298500293536854,0,0,0,1,0
08049,-9.10048309178744,-150.0,1656.0,14843,1519,10.233780233106515,16.034494374452603,0.13697777224332233,15536,2711,17.44979402677652,7.216013793670005,60.433,26.91,0.051800146950771495,0.0159808963997061,7.47,1846.441,08,4.63,9.605283652624765,8.038707979296387,1,0,0,1,0
08051,-8.309458533241946,-121.0,1459.0,15324,1351,8.8162359697207,12.803445575567737,0.14020329477742727,17119,2370,13.84426660435773,5.02803063463703,49.356,33.51,0.08061776061776062,0.012355212355212355,4.94,3239.142,08,4.63,9.63717550582054,4.730882437386197,1,0,0,1,0
08053,-17.775568181818183,-31.0,176.0,843,147,17.437722419928825,19.33570581257414,0.07204610951008646,781,203,25.992317541613318,8.554595121684493,74.659,27.5,0.0,0.0,6.9,1117.231,08,4.63,6.736966958001855,0.7545440468443858,1,0,0,1,0
08055,18.610198300283287,263.0,1412.0,6711,1689,25.167635225748768,19.460587095812844,0.13793103448275862,6769,2273,33.57955384842665,8.41191862267788,30.058,15.49,0.36423357664233574,0.040875912408759124,5.2,1591.033,08,4.63,8.811503250158239,4.21801433408358,1,0,0,1,0
08057,-17.490938511326863,-53.0,309.0,1394,257,18.436154949784793,15.853658536585366,0.23328149300155523,1316,484,36.77811550151976,18.341960551734964,37.222,14.43,0.0,0.0,6.45,1613.726,08,4.63,7.2399325913204695,0.8638393382767582,1,0,0,1,0
08059,-2.2724233698273717,-1550.0,68413.0,534543,67411,12.610959268010244,13.883448104268506,0.18263489978996986,578795,95286,16.462823624944928,3.8518643569346835,66.075,25.93,0.12690032059830503,0.09315313059618222,5.61,764.29,08,4.63,13.189167455229162,699.3981342160698,0,1,0,1,0
08061,12.114885496183208,32.0,262.0,1398,300,21.45922746781116,15.236051502145923,1.3664596273291925,1463,302,20.642515379357484,-0.8167120884536772,40.089,6.22,0.0,0.0,2.31,1767.809,08,4.63,7.242797922793756,0.7908094143654659,1,0,0,1,0
08063,0.12383498854087083,1.0,1309.0,8270,1322,15.985489721886337,11.523579201934703,0.6804649844060108,7246,1395,19.252001104057413,3.2665113821710765,41.678,10.23,0.15415617128463477,0.060453400503778336,-0.01,2160.822,08,4.63,9.020389788017736,3.827247223510312,1,0,0,1,0
08065,-21.685347985347985,-177.0,819.0,7310,647,8.850889192886457,12.859097127222983,0.7258253336455163,7845,1106,14.09815168897387,5.247262496087412,41.103,16.82,0.0,0.0,8.52,376.919,08,4.63,8.896998552743824,19.394087323801667,0,0,0,1,0
08067,0.9110544217687069,53.0,5880.0,51334,5979,11.647251334398256,14.60630381423618,0.2242846094354215,56138,9768,17.399978624104882,5.752727289706627,56.422,34.34,0.14616037335596097,0.03102460755197285,5.83,1689.785,08,4.63,10.846108579656313,30.37901271463529,0,0,0,1,0
08069,17.7058908045977,5316.0,29928.0,299630,35541,11.861629342856189,12.340219604178488,0.21172073959102483,350523,54833,15.643196024226654,3.7815666813704656,56.447,24.6,0.16567641233798067,0.10058434809890777,5.62,2595.768,08,4.63,12.610303659123524,115.4301925287622,0,1,0,1,0
08071,-6.52992125984252,-192.0,2921.0,15507,2748,17.721029212613658,15.754175533629974,0.45028599245466716,14323,3451,24.094114361516443,6.373085148902785,38.134,14.23,0.20026050146532073,0.0325626831650928,3.6,4772.938,08,4.63,9.64904681386415,3.2489422657491045,1,0,0,1,0
08073,-4.8629319371727755,-45.0,955.0,5467,918,16.79165904518017,11.139564660691422,0.5371900826446281,5608,983,17.528530670470758,0.7368716252905863,41.616,10.37,0.21905537459283386,0.0,1.05,2577.679,08,4.63,8.606485298894999,2.1209002362202587,1,0,0,1,0
08075,9.566111850865513,288.0,3004.0,22709,3321,14.624157822889602,11.86754150336871,0.2449615855695357,22282,3869,17.363791401130957,2.739633578241355,40.961,11.99,0.22286676646706588,0.03798652694610778,1.29,1838.598,08,4.63,10.030516600664669,12.351258948394374,1,0,0,1,0
08077,20.54042352156514,3703.0,17992.0,146723,21872,14.907001628919803,12.895728686027413,0.2282740565736543,152962,29352,19.189079640695077,4.282078011775274,52.067,22.1,0.18541346697922562,0.043529221566566974,2.26,3328.934,08,4.63,11.896301734391395,44.07507027775257,0,0,0,1,0
08079,-28.056000000000004,-63.0,225.0,712,164,23.03370786516854,24.297752808988765,0.16652789342214822,853,172,20.164126611957798,-2.869581253210743,53.438,25.83,0.0,0.0,5.79,875.76,08,4.63,6.568077911411976,0.8130081300813008,1,0,0,1,0
08081,-9.416645728643216,-150.0,1592.0,13795,1454,10.540050743022835,12.685755708590069,0.24209167204648158,13150,1873,14.243346007604563,3.703295264581728,53.587,16.63,0.12996861924686193,0.020397489539748955,4.14,4743.244,08,4.63,9.532061486651386,2.9083471143377824,1,0,0,1,0
08083,15.318714246799237,563.0,3671.0,25535,4269,16.7182298805561,15.841002545525749,0.2811311394079709,26266,5890,22.42442701591411,5.7061971353580105,44.103,19.15,0.2096214250289304,0.048603074888411306,4.41,2029.329,08,4.63,10.147805339081744,12.582976934740499,1,0,0,1,0
08085,28.62140208370122,1624.0,5663.0,41276,7349,17.804535323190233,14.034790192848146,0.3506849315068493,42280,10075,23.82923368022706,6.024698357036826,46.59,20.17,0.20626510503811119,0.09230340211935303,2.94,2240.946,08,4.63,10.628036496235605,18.419006972948033,0,0,0,1,0
08087,8.401213123793768,305.0,3627.0,28159,3965,14.080755708654427,10.664441208849746,0.28720626631853785,28617,4417,15.434881364224061,1.354125655569634,43.111,13.62,0.141371158392435,0.3131205673758865,1.43,1280.485,08,4.63,10.2456222982778,21.99088626575087,0,0,0,1,0
08089,3.4388922335942205,113.0,3322.0,18831,3458,18.36333705060804,13.37687855132494,0.8250641097112276,18284,3704,20.25814920148764,1.894812150879602,34.142,9.38,0.0,0.10115350488021295,2.24,1261.946,08,4.63,9.843259726985641,14.922191599323586,1,0,0,1,0
08091,-3.950625,-32.0,800.0,4436,777,17.515779981965736,22.31740306582507,0.4865390853065196,4890,1374,28.098159509202453,10.582379527236718,58.393,40.58,0.051470588235294115,0.025210084033613446,6.08,541.593,08,4.63,8.397508348470257,8.190652390263537,1,0,0,1,0
08093,-11.625201326385598,-245.0,2111.0,16206,1881,11.606812291743799,19.900037023324696,0.2796300279630028,18345,3870,21.09566639411284,9.488854102369041,64.098,24.58,0.05345394736842105,0.03782894736842105,7.11,2193.903,08,4.63,9.693136823020671,7.38683524294374,1,0,0,1,0
08095,9.893591293833133,81.0,827.0,4442,919,20.68887888338586,12.134173795587573,0.3833253473885961,4343,698,16.071839742113745,-4.617039141272116,44.084,11.16,0.0,0.028037383177570093,-0.71,687.928,08,4.63,8.398860004454372,6.457071088834878,1,0,0,1,0
08097,-15.579939341421143,-360.0,2308.0,17148,1964,11.45323069745743,16.43340331233963,0.09264263105072185,17980,3361,18.692992213570633,7.239761516113203,64.502,67.02,0.046880072722550487,0.006363223167326797,6.14,970.701,08,4.63,9.749636827717868,17.665583943974507,0,0,0,1,0
08099,-3.0601171458998935,-57.0,1878.0,12551,1835,14.620348976177198,12.676280774440285,0.9087849209020532,12035,2151,17.872870793518903,3.252521817341705,33.969,8.3,0.2028397565922921,0.057809330628803245,1.13,1638.397,08,4.63,9.437555622660446,7.660536487798745,1,0,0,1,0
08101,10.69708951125755,2347.0,21852.0,159063,24346,15.30588508955571,12.996737141887177,0.23588297902942787,167412,31096,18.574534680906986,3.2686495913512754,40.699,14.07,0.2413712138999765,0.08000170761382314,2.11,2386.079,08,4.63,11.977055629140507,66.66292272804043,0,0,0,1,0
08103,-3.8962397179788493,-32.0,851.0,6666,827,12.406240624062406,12.466246624662466,0.3324267150196434,6369,980,15.387030931072381,2.9807903070099755,57.992,19.33,0.0,0.0,3.59,3220.971,08,4.63,8.804775258867686,2.069562253121807,1,0,0,1,0
08105,-0.36957194430118634,-7.0,1939.0,11982,1945,16.232682356868636,14.329828075446502,0.42232277526395173,11300,2279,20.168141592920357,3.93545923605172,39.871,12.93,0.15128900949796473,0.026797829036635006,5.26,911.956,08,4.63,9.39116080264387,13.138791783814131,1,0,0,1,0
08107,4.504864566058597,82.0,1809.0,23509,1909,8.12029435535327,15.223956782508827,0.31282586027111575,25317,3929,15.519216336848757,7.398921981495487,60.876,42.23,0.07185854025583145,0.00746175068974166,5.29,2362.02,08,4.63,10.065138605538023,9.952921651806506,1,0,0,1,0
08109,-3.5243213897937022,-33.0,921.0,6108,893,14.620170268500326,18.041912246234446,0.20817069997397866,6730,1570,23.328380386329865,8.70821011782954,30.43,12.05,0.09314359637774904,0.0,4.91,3168.566,08,4.63,8.717354666338522,1.9276858995520372,1,0,0,1,0
08111,-6.568539325842695,-6.0,89.0,699,86,12.303290414878399,19.170243204577968,0.26455026455026454,646,150,23.219814241486066,10.916523826607667,43.783,25.2,0.0,0.0,7.16,387.516,08,4.63,6.54965074223381,1.8037964884030595,1,0,0,1,0
08113,-20.9112828438949,-134.0,647.0,7359,517,7.025411061285501,14.961271911944557,0.16571256402530884,8110,1169,14.414303329223182,7.388892267937681,66.399,49.3,0.026145115524929062,0.022902310498581272,5.14,1286.726,08,4.63,8.903679332926599,5.7191663182371375,1,0,0,1,0
08115,-5.553691275167785,-33.0,596.0,2379,569,23.917612442202607,15.973097940311053,0.49469964664310956,2306,492,21.335646140503037,-2.5819663016995698,37.625,8.31,0.0,0.09024390243902439,0.92,548.041,08,4.63,7.774435510302958,4.340916099342932,1,0,0,1,0
08117,7.175639097744361,143.0,1995.0,27994,2158,7.708794741730371,12.827748803314995,0.4892433483010522,30735,4185,13.616398243045388,5.907603501315018,68.75,46.57,0.038331888664162574,0.005441587209862275,8.08,608.339,08,4.63,10.239745480480591,46.017105594084875,0,0,0,1,0
08119,3.42882292026234,98.0,2897.0,23350,3023,12.946466809421842,20.072805139186293,0.37174721189591076,24981,5447,21.804571474320483,8.85810466489864,58.08,22.6,0.08732448547797654,0.00942488940180804,6.29,557.043,08,4.63,10.058352263097044,41.917769364304014,0,0,0,1,0
08121,-5.566803699897224,-56.0,973.0,4814,928,19.27710843373494,13.54383049439136,1.3968775677896468,4869,999,20.51756007393715,1.2404516402022097,39.735,11.43,0.0,0.0,0.58,2518.084,08,4.63,8.479283618343016,1.9117710131989243,1,0,0,1,0
08123,21.675549255846917,4299.0,19754.0,252825,24235,9.585681795708494,10.592702462177396,0.31158795608687073,315389,38325,12.151660330575892,2.565978534867398,55.596,19.57,0.12274647560390585,0.16403336376719643,1.7,3986.028,08,4.63,12.440452828770372,63.427803316986235,0,0,0,1,0
08125,4.572200520833333,69.0,1536.0,10043,1623,16.160509807826344,12.008364034651,0.7836990595611284,10013,1813,18.106461599920102,1.9459517920937586,42.114,11.62,0.22061620387980221,0.029669075694180296,0.3,2364.398,08,4.63,9.21463115339334,4.247592833355467,1,0,0,1,0
09001,-11.285884571642457,-15722.0,138926.0,916829,124075,13.533057963916937,11.674914296995405,0.27074837841653726,944306,150147,15.900248436417854,2.3671904725009174,81.268,47.77,0.15382077004305092,0.09071409714889124,2.25,624.965,09,6.5,13.728676256204992,1467.0085524789388,0,1,0,0,0
09003,-4.7282637210399105,-6504.0,135704.0,894014,130119,14.554470064227182,12.404280022460497,0.20253895133988334,892153,152812,17.12845218252923,2.573982118302048,62.59,24.74,0.17565878260004658,0.10685649310869433,1.05,734.962,09,6.5,13.703476713988293,1216.4084673765446,0,1,0,0,0
09005,2.6374897624897624,785.0,29304.0,189927,30342,15.975611682383231,14.911518636107557,0.3198172472872644,181143,38580,21.298090458919198,5.3224787765359665,69.639,28.58,0.19409495376383692,0.16497683345288178,1.04,920.513,09,6.5,12.154395066788533,206.32734138464096,0,1,0,0,0
09007,6.423328305681247,1541.0,23868.0,165676,25621,15.464521113498636,14.198797653250924,0.24319521092507718,162742,33127,20.35553206916469,4.891010955666053,74.906,30.74,0.23564829232845427,0.1436208865358663,2.32,369.304,09,6.5,12.017789352851898,448.61685765656483,0,1,0,0,0
09009,-1.3476093542130825,-1703.0,124778.0,862477,123972,14.373948522685243,12.211108238248672,0.2613230793029911,855733,148857,17.3952623072851,3.021313784599858,61.114,27.33,0.22164526167254875,0.10059776158688724,2.52,604.516,09,6.5,13.667563760865423,1426.7231967392097,0,1,0,0,0
09011,2.686768805926555,1024.0,37661.0,274055,38995,14.228895659630366,12.771523964167777,0.3041473130899053,266868,48749,18.26708335206919,4.038187692438823,65.419,26.89,0.15640505714045433,0.0,2.43,665.145,09,6.5,12.521084095153658,412.0229423659503,0,1,0,0,0
09013,0.21984470327232367,36.0,18030.0,152691,18220,11.932595896287273,12.181464526396448,0.1638976588513362,150947,23874,15.816147389481076,3.883551493193803,77.175,26.61,0.20037042118260392,0.12141583207573055,1.48,410.352,09,6.5,11.93617155037348,372.09761375599487,0,1,0,0,0
09015,2.651375085091899,395.0,14690.0,118428,15215,12.847468504069983,12.457358057216199,0.2486092148431928,116657,19320,16.561372227984606,3.7139037239146226,59.37,23.01,0.22932437212592854,0.17799787760877256,1.28,512.928,09,6.5,11.682060459960008,230.88620625116977,0,1,0,0,0
10001,33.989500184207294,5541.0,16286.0,162310,21982,13.543219764647896,11.33756392089212,0.3413021518871101,179124,30665,17.119425649270898,3.5762058846230023,53.183,20.75,0.17728693028768452,0.10300614157957116,-0.07,585.807,10,6.95,11.997263365899116,277.0707758698684,0,1,0,0,1
10003,-0.5078998743889704,-308.0,66077.0,538479,66222,12.297972622887801,11.586895682097166,0.21746026637733265,558306,87119,15.604166890558224,3.3061942676704223,62.474,25.28,0.1572336164358865,0.05651599653535777,0.01,426.315,10,6.95,13.196503777603684,1263.101227965237,0,1,0,0,1
10005,28.160590512764013,8972.0,31769.0,197145,41073,20.833903979304573,15.28519617540389,0.25602262752365157,230249,64240,27.90022975126928,7.066325771964706,51.046,24.37,0.1762532331567927,0.16337339221930922,0.05,936.122,10,6.95,12.191694777584217,210.597550319296,0,1,0,0,1
11001,-15.32023734703686,-12458.0,81147.0,601723,68809,11.43532821580694,10.63230090922235,0.33937833438370985,701974,85912,12.238629920766297,0.803301704959356,58.526,44.33,0.1407328386701103,0.0030340592041047257,-0.76,61.136,11,8.5,13.30755248550697,9842.367835645118,0,1,0,0,0
12001,11.48434283786064,2735.0,23708.0,247336,26627,10.765517352912637,10.985461073195976,0.2101697320114219,268105,37968,14.161615784860409,3.396098431947772,40.644,18.96,0.26160301316419043,0.03772589529990553,2.44,875.033,12,0.0,12.418503015094444,282.65905400139195,0,1,1,0,0
12003,16.024286846275754,404.0,2524.0,27115,2956,10.9017149179421,11.628250046099945,0.3509858573345721,28679,4099,14.292688029568673,3.3909731116265736,47.276,13.79,0.35164417411138565,0.02547044288158145,0.65,585.23,12,0.0,10.20784235927516,46.33221126736497,0,0,1,0,0
12005,5.929993909866018,1376.0,22988.0,168852,24559,14.544690024400067,12.378295785658446,0.25990968389362773,180076,31522,17.504831293453876,2.9601412690538087,47.77,17.55,0.1687397798886582,0.06052143237731273,2.15,758.531,12,0.0,12.036777870576255,222.60395422204235,0,1,1,0,1
12007,7.273066806943714,277.0,3802.0,28520,4113,14.421458625525945,12.314165497896214,0.23612750885478156,27723,4990,17.99949500414818,3.578036378622235,41.126,12.05,0.21762959579812743,0.0,1.34,293.964,12,0.0,10.258360874528233,97.01868255976922,0,0,1,0,0
12009,11.02743105364178,10900.0,98990.0,543376,110712,20.37484173021996,13.738553046141162,0.32090238045830494,594001,140835,23.709556044518443,3.334714314298484,49.523,18.69,0.16957351927429343,0.1169817536282279,3.93,1015.181,12,0.0,13.205556808639066,535.2503642207646,0,1,1,0,1
12011,-7.654663305993739,-20516.0,268597.0,1748066,249424,14.268568806898596,11.852012452619066,0.3179958242224712,1942273,323755,16.66887198658479,2.400303179686194,51.694,24.75,0.14764237671751157,0.03543808026317342,4.98,1203.105,12,0.0,14.374020591921894,1452.9621271626334,0,1,1,0,1
12013,18.105174234424496,343.0,1894.0,14625,2258,15.43931623931624,12.15042735042735,0.21670278379729954,14324,2605,18.18626082099972,2.746944581683481,31.699,8.9,0.34210526315789475,0.0,1.12,567.335,12,0.0,9.590487672100057,25.778420157402593,0,0,1,0,0
12015,9.69890637341272,4800.0,49377.0,159978,54599,34.12906774681519,17.112352948530425,0.5147468002225932,185926,74548,40.09552187429408,5.96645412747889,45.037,18.49,0.22743271782097796,0.007608165917582715,5.1,681.107,12,0.0,11.982791584761973,234.8793948674731,0,1,1,0,1
12017,24.932596113518805,8923.0,35765.0,141236,45041,31.89059446600017,16.639525333484382,0.41780944813267373,147938,53838,36.39227243845395,4.5016779724537805,37.933,14.18,0.2916416836551145,0.010552824079625855,3.43,581.911,12,0.0,11.85818752905222,242.71065506580905,0,1,1,0,1
12019,30.01643239428336,5107.0,17003.0,190865,22292,11.67945930369633,12.06297644932282,0.3126738917300405,215294,33894,15.743123356898009,4.063664053201679,61.185,18.97,0.17123363046109827,0.030235501265544185,2.01,604.781,12,0.0,12.15932165084072,315.59357850197017,0,1,1,0,1
12021,19.580663140130188,13780.0,70513.0,321520,84951,26.4216844986315,13.35531226673302,0.399395837768249,379345,122024,32.16702474001239,5.745340241380887,58.106,35.74,0.15972400197141448,0.02421882700837851,5.0,1996.315,12,0.0,12.680815029123083,161.0567470564515,0,1,1,0,1
12023,20.095827992075513,1727.0,8581.0,67531,10390,15.385526647021369,13.066591639395241,0.4295292638636681,70898,13338,18.81294253716607,3.427415890144701,38.214,13.43,0.2481006503373245,0.04588828785024008,0.59,797.55,12,0.0,11.120342030692624,84.67306125007838,0,0,1,0,0
12027,-11.647354875607663,-815.0,6994.0,34862,6228,17.86472376799954,11.370546727095403,0.5140507196710076,37371,8317,22.255224639426295,4.390500871426756,35.979,11.41,0.0,0.0,2.74,636.693,12,0.0,10.459152689774811,54.754803335359426,0,0,1,0,0
12029,14.405318761384338,395.0,2745.0,16422,3170,19.303373523322374,15.534039702837656,0.2682691275887971,16740,3837,22.921146953405017,3.617773430082643,32.312,9.82,0.10812943962115233,0.3338595106550908,2.42,705.105,12,0.0,9.706377178268735,23.290148275788713,0,0,1,0,1
12031,4.512111627906977,4176.0,91375.0,864263,96169,11.127284171600543,11.54336122222055,0.2664188670891615,948651,133489,14.07145515052427,2.9441709789237276,49.463,17.59,0.14986175211553238,0.05352205432697585,2.31,762.935,12,0.0,13.669632399614624,1132.8134113653196,0,1,1,0,1
12033,-0.9573254030946516,-412.0,43042.0,297619,42929,14.424146307863408,12.318097970895675,0.3540522153866411,316691,53448,16.87701892380901,2.452872615945603,43.573,14.86,0.19577535730025813,0.04186866460996033,2.34,656.97,12,0.0,12.603569423989148,453.0176415970288,0,1,1,0,1
12035,58.09013135506704,8545.0,14693.0,95696,23405,24.45765758234409,15.491765591038288,0.37863977775491303,112854,34535,30.601485104648486,6.143827522304395,48.09,21.91,0.1630155510480054,0.05314401622718053,2.7,485.145,12,0.0,11.468931779284338,197.2523678487875,0,1,1,0,1
12037,-9.467134449977365,-210.0,2209.0,11549,2015,17.447398043120614,14.460126417871678,0.5201109570041609,11914,2753,23.107268759442672,5.659870716322057,36.49,17.7,0.07077953132472502,0.0,2.66,545.141,12,0.0,9.354354132115088,21.18534470898355,0,0,1,0,1
12039,1.085629320045009,69.0,6221.0,46389,6323,13.630386514044277,13.567871693720493,0.6203219522198298,45787,8192,17.891541267171903,4.2611547531276255,35.728,10.45,0.3422773393461105,0.13235625704622322,1.65,516.294,12,0.0,10.74481764114354,89.8499692035933,0,0,1,0,0
12041,30.943703703703708,668.0,2160.0,16939,2856,16.86049943916406,13.436448432611133,0.43793622553715617,18245,3688,20.213757193751714,3.3532577545876556,37.039,11.27,0.3079633544749824,0.11205073995771671,1.21,349.695,12,0.0,9.737373934586381,48.4393542944566,0,0,1,0,0
12043,8.727207920792077,220.0,2525.0,12884,2767,21.476249611921762,13.062713443030116,0.5301619143143717,13777,3885,28.19917253393337,6.722922922011609,39.429,10.69,0.0,0.16195372750642673,5.15,806.618,12,0.0,9.46374151045109,15.972864478600775,1,0,1,0,0
12045,3.401853344077358,84.0,2482.0,15863,2587,16.30839059446511,13.824623337325853,0.6366630076838639,15073,3330,22.09248324819213,5.784092653727022,39.178,13.19,0.1814454126089185,0.027678113787801127,2.25,553.421,12,0.0,9.671744632408455,28.66353101888074,0,0,1,0,1
12047,13.31618768328446,227.0,1705.0,14799,1946,13.149537130887223,13.041421717683626,0.17307026652821045,14397,2507,17.413350003472946,4.2638128725857225,37.613,7.57,0.08548057259713701,0.0,0.58,513.782,12,0.0,9.602314889901848,28.80404529547551,0,0,1,0,0
12049,-19.05926094890511,-836.0,4384.0,27731,3575,12.89170963903213,9.913093649706104,0.2777206336144826,27027,4371,16.17271617271617,3.2810065336840406,37.466,11.1,0.3265655577299413,0.03277886497064579,2.25,637.582,12,0.0,10.230306199986291,43.494013319071115,0,0,1,0,0
12051,1.0947963800904978,47.0,4420.0,39140,4491,11.474195196729688,9.320388349514563,0.28151606701455645,41472,5601,13.505497685185187,2.0313024884554984,37.298,11.73,0.15255448374419436,0.0,4.22,1156.229,12,0.0,10.574900240950067,33.851425625892446,0,0,1,0,0
12053,21.557656641259186,7836.0,36341.0,172778,44523,25.768905763465256,14.163261526351734,0.513585155732273,190700,52482,27.52071316203461,1.7518073985693547,42.011,15.64,0.25857408642538704,0.037350370344367605,3.71,472.776,12,0.0,12.059762812432059,365.4542531769802,0,1,1,0,1
12055,16.102561652394424,4375.0,27209.0,98786,31822,32.213066628874536,13.485716599518149,0.39721229191492435,104574,37320,35.687647025073154,3.4745803961986184,34.946,12.2,0.2745243915400149,0.03029014773089595,4.14,1017.29,12,0.0,11.50071117329065,97.10701963058715,0,0,1,0,0
12057,7.768643308391953,10435.0,133914.0,1229226,145237,11.815321185851909,10.954942378374685,0.29174096983353603,1451358,206825,14.250446822906545,2.435125637054636,49.536,19.89,0.14309411791143262,0.03689865026363475,4.32,1021.848,12,0.0,14.021895260983527,1202.9440777884774,0,1,1,0,1
12059,15.634810773951585,459.0,2933.0,19927,3425,17.18773523360265,13.20319164952075,0.2893183659298692,19530,3871,19.82078853046595,2.6330532968633023,32.247,8.71,0.3222772277227723,0.062376237623762376,0.89,478.857,12,0.0,9.899830875032585,41.613675899067985,0,0,1,0,0
12061,21.976861048284,6707.0,30507.0,138028,37504,27.171298577100302,14.368823716927,0.4584392109606266,156964,51701,32.93812593970592,5.766827362605618,47.341,19.82,0.2083802477078977,0.046136936357299874,4.72,502.784,12,0.0,11.83521184210894,274.5274312627291,0,1,1,0,1
12063,7.196511144953621,522.0,7223.0,49746,7801,15.681662847264102,13.054315924898486,0.37137551778317385,47409,9413,19.854879875129193,4.173217027865091,38.257,9.77,0.2,0.05013927576601671,1.76,918.177,12,0.0,10.814685337344274,54.17909618733643,0,0,1,0,0
12065,24.403197524497163,474.0,1939.0,14761,2432,16.475848519747984,15.845809904478017,0.19601930036188178,14278,3293,23.063454265303264,6.58760574555528,41.359,12.76,0.19844590555887626,0.038852361028093245,2.0,598.077,12,0.0,9.599743846536997,24.68076852980469,0,0,1,0,0
12067,8.799492385786802,86.0,985.0,8870,1084,12.220969560315671,10.43968432919955,0.3004807692307693,8576,1292,15.065298507462687,2.844328947147016,46.445,16.22,0.2072992700729927,0.043795620437956206,0.84,543.373,12,0.0,9.090430075303626,16.323961624887506,1,0,1,0,0
12069,33.63852472852079,17950.0,53319.0,297052,71825,24.179268276261396,13.335038983073671,0.4227702833181605,356115,95191,26.730410120326297,2.551141844064901,46.477,17.84,0.22573373745373684,0.043331251808641884,3.4,950.698,12,0.0,12.601662486634476,312.45674230933486,0,1,1,0,0
12071,22.207811346060794,26186.0,117803.0,618754,145106,23.4513231429615,14.091545266778075,0.5219631419109186,756570,215942,28.54223667340762,5.0909135304461195,50.014,21.06,0.1666347603436311,0.02325970949292876,5.23,782.017,12,0.0,13.335463057490607,791.2283236809429,0,1,1,0,1
12073,5.517254917999264,1350.0,24451.0,275487,25980,9.43057204151194,10.791797798081216,0.24408713024424825,291863,39217,13.436783696460324,4.006211654948384,44.49,19.67,0.17964318287989678,0.021177674459991545,1.75,666.832,12,0.0,12.52629571952892,413.12804424502724,0,1,1,0,0
12075,14.370151426907398,985.0,6868.0,40801,7914,19.39658341707311,15.450601700938702,0.3677384087859663,40979,10003,24.410063691158886,5.013480274085776,35.737,11.21,0.11283604695191216,0.0,2.47,1118.233,12,0.0,10.616461869895815,36.48702908964411,0,0,1,0,1
12077,-2.191536748329621,-20.0,898.0,8365,888,10.615660490137477,10.735206216377764,0.3574620196604111,8333,1198,14.37657506300252,3.760914572865042,40.777,9.07,0.13875598086124402,0.0,0.36,835.563,12,0.0,9.031811613420924,10.01121399583275,1,0,1,0,0
12079,6.130828651685394,175.0,2848.0,19224,3045,15.839575530586766,13.680815647107783,0.16507487324607947,18557,3924,21.14565931993318,5.306083789346415,37.459,9.64,0.23205652658981032,0.0,1.3,696.529,12,0.0,9.863914777416305,27.599712287643445,0,0,1,0,0
12081,14.661246249711517,9524.0,64995.0,322833,75109,23.265589329467556,13.963876059758451,0.39666454340147084,393847,108468,27.540643955647752,4.2750546261801965,47.812,21.4,0.16926194942030992,0.09309029569858633,4.66,743.133,12,0.0,12.684890440636023,434.42156383850534,0,1,1,0,1
12083,39.96960338585151,24185.0,60487.0,331298,85318,25.75264565436556,13.88508231260074,0.432794879609875,360210,103922,28.850392826406818,3.0977471720412595,40.339,15.07,0.19981065728969435,0.07251825804706519,2.59,1588.407,12,0.0,12.710773551445135,208.57248803360852,0,1,1,0,0
12085,11.433382976929776,4072.0,35587.0,146318,39972,27.318580079006,14.5060758074878,0.42748716898542194,160420,50025,31.18376761002369,3.865187531017689,53.21,25.49,0.17714953767669253,0.04776278031671804,5.34,543.785,12,0.0,11.893537614299925,269.07325505484704,0,1,1,0,1
12086,-2.0817698991811953,-7549.0,359060.0,2496435,352013,14.100627494807597,10.890449781388261,0.3713230277885864,2705528,440203,16.27050246754053,2.1698749727329343,43.605,26.96,0.15534048364997774,0.039108151136566224,,1898.753,12,0.0,14.730374272132815,1314.7760661865973,0,1,1,0,1
12087,-24.742955138711828,-4084.0,16473.0,73090,12469,17.05978930086195,17.746613763852785,0.32787506633310587,75137,16843,22.416386068115575,5.356596767253624,53.821,50.39,0.08794714057871952,0.005923900660742766,6.05,983.027,12,0.0,11.199446837474438,74.3519760901786,0,0,1,0,1
12089,27.12059457130547,2521.0,9284.0,73314,11908,16.24246392230679,15.130807212810652,0.3599074523693907,85762,18961,22.108859401599776,5.866395479292986,58.712,21.36,0.15049080602792755,0.08495783215816397,2.04,648.68,12,0.0,11.202506865544578,113.02028735277796,0,0,1,0,1
12091,-0.08701106716209209,-10.0,25029.0,180822,25218,13.946311842585526,11.836502195529306,0.22833768004588395,207430,33107,15.96056500988285,2.0142531672973245,54.242,20.44,0.14836162374632048,0.0496007614615832,2.01,930.233,12,0.0,12.105268400953559,194.38355766781012,0,1,1,0,1
12093,5.848146402764688,371.0,6366.0,39996,6791,16.97919791979198,11.373637363736373,0.5186665946296396,41611,8216,19.744779024777102,2.7655811049851238,38.339,13.67,0.19090025906735753,0.03481217616580311,4.7,768.856,12,0.0,10.59653472809574,52.02014421426119,0,0,1,0,0
12095,3.1109435584083123,3314.0,107031.0,1145956,110919,9.679167437493238,9.973419572828277,0.2871849114154465,1373784,163710,11.916720532485456,2.2375530949922187,50.138,22.86,0.10705256852386448,0.04282508858437598,2.96,902.539,12,0.0,13.951749781104379,1269.7024726909308,0,1,1,0,0
12097,26.923676736380067,6269.0,23238.0,268685,29656,11.037460222937641,10.695051826488267,0.3838651790590622,363666,47588,13.085633520868049,2.0481732979304077,46.328,19.92,0.1611450086564806,0.023296858453935757,4.5,1327.711,12,0.0,12.501294968705935,202.3670813904532,0,1,1,0,0
12099,12.874493236510885,32274.0,250906.0,1320134,285155,21.600458741309595,12.142100726138407,0.3391544311263719,1482057,355630,23.99570326917251,2.395244527862914,53.242,26.19,0.16564298927900675,0.025929242854825858,5.14,1965.622,12,0.0,14.093243804561755,671.6113271015485,0,1,1,0,1
12101,15.2314151660254,12582.0,82909.0,464697,96245,20.71134524216855,13.075832208944755,0.3699853228962818,539885,122017,22.6005538216472,1.8892085794786482,44.228,15.74,0.21379072299073362,0.03235270690067175,3.37,746.669,12,0.0,13.04914085927431,622.3601086960889,0,1,1,0,1
12103,-3.526651574191868,-7026.0,199658.0,916542,194099,21.17731647867746,14.66370335456531,0.3109400874444537,970985,241177,24.838385762910857,3.6610692842333954,45.258,18.57,0.18811501408907838,0.07693079385686677,5.05,273.749,12,0.0,13.728363171725805,3348.110860678943,0,1,1,0,1
12105,16.008174628009105,14820.0,92677.0,602095,108296,17.98653036480954,12.330944452287431,0.37764833898739036,705735,143067,20.2720567918553,2.2855264270457596,43.946,14.19,0.16134320764316806,0.08433992248792407,3.98,1797.161,12,0.0,13.308170519149664,335.0256320941752,0,1,1,0,0
12107,0.3808565679793065,47.0,13916.0,74364,14070,18.92044537679522,14.388682695928138,0.4044245654444653,73784,16898,22.901984170009758,3.9815387932145363,34.645,10.93,0.1774895078214422,0.0,2.35,727.867,12,0.0,11.216727232750108,102.16701677641657,0,0,1,0,0
12109,34.741018974639665,7627.0,21924.0,190039,29793,15.67730834197191,14.03343524223975,0.4074362685071802,255410,51504,20.165224540934183,4.487916198962273,62.663,29.41,0.1514199201725008,0.029682983896866542,2.98,600.714,12,0.0,12.154984593236918,316.35520397393765,0,1,1,0,1
12111,26.72680065457395,11606.0,43387.0,277789,55378,19.935274614905556,12.579331794995483,0.48602850491501803,320914,77577,24.173766180347382,4.2384915654418265,45.196,17.72,0.18667899379791209,0.03865711313995146,5.03,571.684,12,0.0,12.534617111686151,485.91354664464984,0,1,1,0,1
12113,15.627303795191558,2614.0,16679.0,151372,19460,12.85574610892371,12.27505747430172,0.3042001235330451,179587,28679,15.969418721845122,3.1136726129214107,55.129,18.23,0.1610099538722991,0.014275309541150765,1.94,1012.379,12,0.0,11.92749566232705,149.52107856840175,0,1,1,0,1
12115,18.081429880105098,17959.0,99337.0,379448,118227,31.1576289768295,15.373648036094536,0.428609580015148,427766,156983,36.698335071043516,5.540706094214016,49.388,23.51,0.2053280036430794,0.03812583803476105,4.78,556.869,12,0.0,12.846472844031503,681.395444889193,0,1,1,0,1
12117,4.3492512858802055,2112.0,48216.0,422718,50677,11.98837049758941,12.115878670886975,0.2768784437445879,466695,72481,15.530699921790465,3.5423294242010552,58.971,24.1,0.11456723338485317,0.043441238765813725,3.14,309.401,12,0.0,12.95446056904071,1366.246392222391,0,1,1,0,0
12119,156.6380103507763,24528.0,15651.0,93420,40530,43.38471419396275,19.74416613144937,0.720401312563648,129938,75082,57.78294263417938,14.398228440216627,43.079,18.4,0.1236238692938784,0.0486641890470514,2.84,557.113,12,0.0,11.4448607340561,167.68590932180723,0,1,1,0,0
12121,27.463106159895155,1680.0,6104.0,41551,7850,18.89244542850954,13.511106832567208,0.38092256313921935,44290,9030,20.388349514563107,1.4959040860535673,36.352,11.16,0.18037624492807083,0.23324726423214065,0.7,688.552,12,0.0,10.634676867382668,60.34547862761273,0,0,1,0,0
12123,16.36558031260392,491.0,3007.0,22570,3528,15.631369073992024,13.814798404962339,0.3635041802980734,21709,4342,20.00092127688977,4.369552202897745,37.408,8.78,0.13659066232356135,0.0,2.32,1043.318,12,0.0,10.024376869811581,21.632905787113806,0,0,1,0,1
12125,44.659304511278194,476.0,1064.0,15535,1554,10.003218538783393,15.217251367878983,0.13309671694764863,15282,2332,15.259782750948828,5.256564212165435,41.794,11.51,0.0,0.0,1.6,243.556,12,0.0,9.650850821827147,63.78409893412603,0,0,1,0,0
12127,10.078287039006339,9474.0,94036.0,494593,104289,21.08582207997283,14.291750995262772,0.3532290167016749,546107,133744,24.49043868692399,3.404616606951162,44.4,18.63,0.2004061279851975,0.056552145892462324,3.45,1101.243,12,0.0,13.111490481118512,449.12249158450953,0,1,1,0,1
12129,10.472186978297161,314.0,2995.0,30776,3339,10.849363140109176,12.509747855471796,0.4139331458919088,32855,4887,14.874448333586972,4.025085193477796,53.301,14.35,0.061172741679873216,0.0,1.95,606.418,12,0.0,10.33449044443213,50.750472446398355,0,0,1,0,1
12131,15.890382856396185,1215.0,7653.0,55043,8943,16.24729756735643,14.230692367785187,0.25480811840822476,71049,13986,19.68500612253515,3.4377085551787196,47.273,19.98,0.10423959548813691,0.012835472578763127,2.18,1037.742,12,0.0,10.915869976935792,53.041121974440664,0,0,1,0,1
12133,5.696074610244989,204.0,3592.0,24896,3827,15.371947300771208,12.568284061696659,0.2593553167839941,25094,4412,17.581892085757552,2.2099447849863445,36.216,10.38,0.23686405337781485,0.0,1.95,584.677,12,0.0,10.122462426978117,42.580775368280264,0,0,1,0,0
13001,5.572116218560278,128.0,2306.0,18236,2456,13.467865760035094,12.793375740293925,0.39943609022556387,18428,3162,17.15867158671587,3.6908058266807746,36.155,8.36,0.1952893175074184,0.11257418397626112,0.06,508.274,13,6.0,9.811152941333331,35.878286121265305,0,0,1,0,0
13003,7.25273390036452,59.0,823.0,8375,890,10.626865671641792,10.411940298507464,0.4542873367404884,8311,1075,12.934664901937193,2.3077992302954016,33.834,5.49,0.04072883172561629,0.5080385852090032,0.24,342.718,13,6.0,9.033006356693267,24.437000682777093,0,0,1,0,0
13005,13.689035769828926,176.0,1286.0,11096,1480,13.338139870223504,12.74333093006489,0.5623828369089773,11140,1738,15.601436265709157,2.2632963954856535,31.429,7.13,0.0,0.2125952667468913,-0.47,284.085,13,6.0,9.314339961994667,39.058732421634375,0,0,1,0,0
13007,-15.44736,-97.0,625.0,3451,530,15.357867284844973,15.15502752825268,0.423728813559322,3090,922,29.838187702265373,14.4803204174204,27.462,6.64,0.0,0.0,-0.07,341.957,13,6.0,8.146419323098003,10.091912141000185,1,0,1,0,0
13009,-0.5697585768742062,-33.0,5509.0,45720,5508,12.047244094488189,11.800087489063866,0.3174760652810159,45072,7145,15.852413915512958,3.8051698210247693,37.237,11.25,0.329136690647482,0.13246793869252424,2.09,258.699,13,6.0,10.730291117908747,176.73048600883652,0,1,1,0,0
13011,12.143771541112752,246.0,2031.0,18395,2300,12.503397662408263,12.4870888828486,0.2106649111257406,18900,3165,16.746031746031743,4.24263408362348,40.455,14.68,0.03944954128440367,0.0,-1.21,232.056,13,6.0,9.819834167538875,79.26965904781603,0,0,1,0,0
13013,38.55653771342122,1786.0,4627.0,69367,6472,9.330084910692404,10.00187408998515,0.32954545454545453,81294,10163,12.501537628853299,3.1714527181608947,48.958,13.89,0.10601786553831688,0.0,-0.7,161.036,13,6.0,11.147166529084098,430.7546138751583,0,1,1,0,0
13015,26.925926372963186,2234.0,8285.0,100157,10611,10.594366844054834,11.154487454696127,0.30886673530371894,106456,14830,13.930638010069888,3.336271166015054,49.216,14.68,0.09431465940878506,0.25950706887427233,1.17,459.521,13,6.0,11.514494233808676,217.959570944527,0,1,1,0,0
13017,5.3426850258175556,124.0,2324.0,17634,2468,13.995690144039925,12.549620052171939,0.6169730546461848,16889,2893,17.129492569127834,3.133802425087909,30.134,7.31,0.1314865392118611,0.2939914163090129,-0.1,250.122,13,6.0,9.777584135646972,70.50159522153189,0,0,1,0,0
13019,17.391499777481084,392.0,2247.0,19286,2664,13.813128694389713,12.039821632272114,0.25261224021127565,19206,3447,17.94751640112465,4.134387706734936,32.202,7.62,0.11015243025596778,0.45872878918607995,0.32,453.377,13,6.0,9.867134723070329,42.538549595590425,0,0,1,0,0
13021,-2.023654461784714,-410.0,19992.0,155547,19689,12.65791047079018,11.860723768378689,0.21963193706755474,153026,23886,15.609112177015671,2.9512017062254916,38.798,11.81,0.21707524443814652,0.06929290066600538,1.81,249.398,13,6.0,11.954703215736712,623.6898451471143,0,1,1,0,0
13023,15.65562796208531,264.0,1688.0,13063,1971,15.088417668223226,10.778534792926585,0.22624434389140274,12870,2194,17.047397047397048,1.9589793791738224,35.661,7.1,0.1506218332565638,0.0,0.15,215.87,13,6.0,9.477539085486564,60.51327187659239,0,0,1,0,0
13025,23.95931263858093,433.0,1804.0,18411,2260,12.275270218890881,12.535983922654934,0.12367054167697256,18924,3101,16.386599027689705,4.111328808798824,37.343,6.85,0.0,0.0,0.05,443.013,13,6.0,9.820703591057207,41.558599860500706,0,0,1,0,0
13027,5.1146462556888705,123.0,2417.0,16243,2560,15.760635350612572,13.451948531675184,0.32442252790033743,15548,2972,19.11499871366092,3.354363363048348,41.309,9.3,0.28170426065162907,0.0,0.35,493.094,13,6.0,9.695417325719395,32.94098082718508,0,0,1,0,0
13029,25.33690587138863,544.0,2146.0,30233,2715,8.980253365527735,11.159990738596898,0.422225975342003,38321,4139,10.80086636570027,1.8206130001725338,63.244,18.74,0.21685865788992503,0.05576887913695374,0.7,437.551,13,6.0,10.316689322016014,69.09594538693776,0,0,1,0,1
13031,10.645495730963583,614.0,5739.0,70217,6401,9.116026033581612,8.858253699246621,0.39938876154754466,77719,8791,11.311262368275454,2.195236334693842,34.327,13.55,0.1498395009387681,0.09969111501423293,0.19,675.946,13,6.0,11.159345725938799,103.87959984969213,0,0,1,0,0
13033,10.583273019702453,263.0,2487.0,23316,2767,11.867387201921426,12.450677646251501,0.5473897617840852,22567,3548,15.722072052111491,3.854684850190065,33.155,7.7,0.10810252170318313,0.17279867713931377,-0.77,827.035,13,6.0,10.056895099165441,28.192277231314275,0,0,1,0,0
13035,29.899824484422993,682.0,2279.0,23655,2985,12.618896639188332,12.179243288945255,0.4381746286202842,24463,3821,15.61950701058742,3.0006103713990875,52.257,14.29,0.14259308159493003,0.14206495907050437,1.86,183.69,13,6.0,10.071329788065249,128.77674342642496,0,1,1,0,0
13037,9.360941828254848,67.0,722.0,6694,797,11.906184642963847,12.040633403047506,1.0792860107928601,6301,979,15.537216314870655,3.6310316719068076,30.522,6.17,0.40063593004769477,0.0,0.21,280.384,13,6.0,8.808966881771273,23.874400821730198,0,0,1,0,0
13039,46.256217616580315,1429.0,3088.0,50513,4556,9.019460336942965,9.86874665927583,0.40257648953301123,53960,7138,13.228317272053372,4.208856935110408,49.23,16.19,0.0988100793280448,0.030681287914139058,1.88,630.301,13,6.0,10.829986007877704,80.14107545442573,0,0,1,0,1
13043,13.897606961566355,191.0,1379.0,10998,1584,14.402618657937808,13.166030187306783,0.7351396765385423,10834,1960,18.09119438803766,3.6885757300998527,35.828,7.67,0.24363807728557965,0.0,0.39,243.059,13,6.0,9.30546871706776,45.248273053044734,0,0,1,0,0
13045,19.150481580776486,1936.0,10071.0,110527,12108,10.95478932749464,10.601029612673827,0.3542044970520322,118692,16152,13.608330805783034,2.6535414782883944,45.559,13.99,0.15169016476983183,0.21997621878715815,-0.11,499.028,13,6.0,11.61301511398424,221.4845659962968,0,1,1,0,0
13047,14.753059311822199,1104.0,7469.0,63942,8656,13.537268149260267,12.121922992712147,0.2781327520108246,67181,11882,17.686548280019647,4.149280130759379,46.544,13.26,0.17583673469387756,0.14,-0.54,162.162,13,6.0,11.06573170144901,394.3093943093943,0,1,1,0,0
13049,26.150412541254127,317.0,1212.0,12171,1543,12.677676444006245,10.755073535453127,0.2011173184357542,13032,2064,15.837937384898712,3.160260940892467,40.85,7.34,0.0,0.14276846679081315,-0.36,780.087,13,6.0,9.406811351874557,15.602105918955194,1,0,1,0,0
13051,2.1246733762580488,682.0,31994.0,265128,32864,12.395522162879818,11.295676050813192,0.3519857864787174,289649,44673,15.42315008855546,3.0276279256756418,44.928,17.71,0.16656542446891864,0.0985042565741401,1.76,433.123,13,6.0,12.487968007220221,612.1309651069096,0,1,1,0,1
13053,14.746537396121884,53.0,361.0,11267,420,3.7277003638945594,4.0117156297150975,0.05924170616113744,10470,317,3.0276981852913085,-0.7000021786032509,51.089,9.19,0.0,0.0,-0.35,248.737,13,6.0,9.329633378164166,45.29683963383011,0,0,1,0,0
13055,-1.6027669015922732,-63.0,3831.0,26015,3801,14.610801460695752,12.569671343455699,0.419058030427257,24826,4381,17.646821880286794,3.0360204195910416,32.419,8.04,0.07728781412991939,0.4919393077287814,-1.08,313.327,13,6.0,10.166428573724405,83.02827397575058,0,0,1,0,0
13057,50.28101948101948,6534.0,12987.0,214346,19698,9.189814598826198,10.931857837328431,0.28533268576979115,253780,35654,14.049176452045078,4.85936185321888,66.32,20.19,0.11917514729512588,0.09263524370648099,1.93,421.083,13,6.0,12.275346810783658,509.03503584803946,0,1,1,0,0
13059,7.0607344020797225,653.0,9232.0,116714,9952,8.526826259060611,7.869664307623764,0.28393514529646746,126952,13883,10.935629214191191,2.4088029551305805,34.253,16.14,0.2228924145700338,0.12086932031543372,-0.71,119.218,13,6.0,11.667481776803415,978.9964602660672,0,1,1,0,0
13061,-1.5620031796502398,-11.0,629.0,3183,623,19.572730128809297,17.4363807728558,0.570884871550904,2931,893,30.467417263732514,10.894687134923217,26.25,5.85,0.0,0.0,1.34,195.404,13,6.0,8.065579427282092,16.28932877525537,1,0,1,0,0
13063,-15.472113396987893,-3155.0,20318.0,259424,17236,6.643949673121993,9.221968669051437,0.20342868057876892,287560,26968,9.378216719988872,2.7342670468668793,43.311,12.78,0.10510472314084626,0.057986376098815684,-0.32,141.673,13,6.0,12.466219067787433,1831.1463722798276,0,1,1,0,0
13065,-1.819085714285713,-16.0,875.0,6798,868,12.768461312150633,12.97440423654016,0.5653475224476222,6648,1002,15.072202166064983,2.3037408539143502,31.963,7.67,0.0,0.0,0.31,814.996,13,6.0,8.824383730256061,8.34114523261464,1,0,1,0,0
13067,-1.1649504391572165,-709.0,60229.0,688078,59972,8.715872328427881,10.81999424483852,0.21466717861007364,756653,93126,12.307623177334921,3.59175084890704,65.522,21.1,0.09914520282789045,0.0,-0.17,339.756,13,6.0,13.441657482582373,2025.212211116213,0,1,1,0,0
13069,11.282177033492822,473.0,4180.0,42356,4691,11.075172348663708,11.049202002077628,0.5685481507531798,43070,6040,14.02368237752496,2.948510028861252,35.202,7.77,0.15072559366754618,0.2325197889182058,-0.49,592.298,13,6.0,10.653865366550345,71.51130005503987,0,0,1,0,0
13071,1.610132774283718,92.0,5724.0,45498,5863,12.886280715635854,10.883994900874763,0.567964611435749,45510,6906,15.174686882003954,2.2884061663681,32.902,8.43,0.18524319150787436,0.27390585573827547,0.26,547.023,13,6.0,10.72542364792899,83.17383364136425,0,0,1,0,0
13073,30.763888312227532,2967.0,9634.0,124053,12700,10.237559752686352,12.04807622548427,0.3701723357874388,154257,20908,13.554004032231926,3.316444279545575,66.333,16.87,0.10477857251559884,0.11919799117333739,0.79,290.076,13,6.0,11.72846417262438,427.6568899185041,0,1,1,0,0
13075,6.692767732962447,143.0,2157.0,17212,2320,13.478968161747618,11.648849639786196,0.2881844380403458,17217,2771,16.094557704594294,2.615589542846676,31.39,8.0,0.0,0.24441524310118265,0.7,228.278,13,6.0,9.75336209395849,75.39929384347155,0,0,1,0,0
13077,38.68638715809483,3668.0,9469.0,127317,13240,10.399239693049632,11.235734426667294,0.2810388471427717,145839,20343,13.948943698187726,3.5497040051380946,61.55,17.79,0.12723910782387612,0.15867329249971107,-0.28,440.932,13,6.0,11.754435318441704,288.7452033420119,0,1,1,0,0
13079,2.7030548628428925,43.0,1604.0,12630,1662,13.159144893111637,14.061757719714965,0.30234315948601664,12267,2264,18.456020216841935,5.296875323730298,37.062,9.24,0.0,0.0,0.97,324.913,13,6.0,9.443830215344537,38.87194418198102,0,0,1,0,0
13081,12.921398747390397,372.0,2874.0,23439,3273,13.96390630999616,13.49886940569137,0.6987143655673561,22509,4233,18.805811008929762,4.841904698933602,29.96,9.39,0.19101471727343144,0.1761425251742835,0.36,272.661,13,6.0,10.062156580664855,85.9638892250817,0,0,1,0,0
13083,10.747476635514019,230.0,2140.0,16633,2397,14.411110443095051,13.166596524980461,0.2327173169062286,16183,3131,19.347463387505407,4.9363529444103555,39.76,12.34,0.08008658008658008,0.18138528138528137,-0.39,173.98,13,6.0,9.719143952790535,95.60294286699622,0,0,1,0,0
13085,46.565752128666034,986.0,2114.0,22330,3132,14.025974025974024,14.536497984773847,0.23021582733812948,25277,5033,19.9113818886735,5.885407862699475,51.128,20.14,0.04857535187092345,0.1429797459663577,2.48,210.828,13,6.0,10.013686344834204,105.91572276927164,0,0,1,0,0
13087,2.5695686900958465,95.0,3756.0,27842,3879,13.932188779541699,11.96393937217154,0.5938144329896907,26595,4332,16.2887760857304,2.356587306188702,33.297,9.89,0.14342570754716982,0.17452830188679244,1.04,597.172,13,6.0,10.234300950948512,46.6230834667399,0,0,1,0,0
13089,-12.936272747697148,-9259.0,71216.0,691893,62228,8.993876220745117,10.520412838401313,0.20756276068308807,755287,93634,12.397141748765701,3.403265528020585,51.349,19.0,0.15874297794510622,0.04577251511300609,-0.3,267.726,13,6.0,13.447186598366784,2584.332489186706,0,1,1,0,0
13091,13.139477668433006,348.0,2642.0,21796,3015,13.832813360249588,12.025142227931731,0.38551283351932636,20725,3772,18.200241254523522,4.367427894273934,33.58,7.55,0.26405451448040884,0.0,-0.08,495.955,13,6.0,9.989481745702989,43.947535562702264,0,0,1,0,0
13093,37.85855307640297,561.0,1479.0,14918,2055,13.775305000670333,13.755195066362782,0.1738305941845765,13571,2733,20.138530690442856,6.3632256897725235,31.038,6.6,0.07177033492822966,0.4510656807307525,-0.12,392.631,13,6.0,9.610323816515109,37.99496219096302,0,0,1,0,0
13095,-9.490979054268486,-1200.0,12604.0,94565,11457,12.115476127531327,11.60260138529054,0.22548466949339477,88696,13985,15.767340128077928,3.6518640005466008,32.435,10.03,0.22400301180520074,0.08529862586387717,-0.31,328.644,13,6.0,11.457042707722556,287.74296807487735,0,1,1,0,0
13097,17.23845507094062,1642.0,9515.0,132403,11244,8.492254707219624,10.219556958679183,0.24965164886205293,145063,16895,11.646663863286985,3.154409156067361,55.852,15.73,0.14575141819491552,0.08052945943512321,-0.45,200.096,13,6.0,11.793605580838614,661.6973852550775,0,1,1,0,0
13099,-8.566923472008217,-167.0,1947.0,11008,1791,16.269985465116278,12.481831395348838,0.22110552763819094,10218,1947,19.05460951262478,2.784624047508501,26.928,7.5,0.09906340057636888,0.0,0.16,512.6,13,6.0,9.306377560173125,21.474834178696838,0,0,1,0,0
13101,-10.752391799544418,-46.0,439.0,4034,398,9.866137828458106,9.24640555280119,2.3748395378690628,3944,536,13.590263691683571,3.7241258632254652,32.39,7.38,0.0,0.0,0.73,420.407,13,6.0,8.302513718514158,9.595463443758073,1,0,1,0,0
13103,19.279342604298353,764.0,3955.0,52250,4763,9.11578947368421,10.520574162679425,0.22631261315630657,62241,7308,11.74145659613438,2.625667122450171,56.903,15.35,0.1332052040212892,0.0,-0.1,478.792,13,6.0,10.863795169827057,109.12880749887216,0,0,1,0,0
13105,7.920507060333761,247.0,3116.0,20166,3390,16.81047307349003,13.369036992958444,0.7304601899196494,19164,3967,20.70027134209977,3.8897982686097414,30.543,8.14,0.11100496752006114,0.4008406572411158,-0.34,351.098,13,6.0,9.91175329695316,57.43695492426616,0,0,1,0,0
13107,7.661015785861358,224.0,2914.0,22598,3162,13.992388706965217,12.29754845561554,0.4313804173354735,22525,3611,16.031076581576027,2.03868787461081,30.205,7.78,0.1665082683900399,0.38661851359057214,-0.16,680.572,13,6.0,10.025616685769192,33.20442216253387,0,0,1,0,0
13109,18.581289808917198,234.0,1256.0,11000,1505,13.681818181818182,10.972727272727273,0.38593481989708406,10671,1729,16.202792615499952,2.5209744336817703,40.796,9.15,0.0,0.0,0.28,182.895,13,6.0,9.305650551780507,60.14379835424697,0,0,1,0,0
13111,26.635491016490274,1084.0,4063.0,23682,5197,21.94493708301664,17.329617430960223,0.22212624174739312,25797,7499,29.06927162073109,7.12433453771445,34.145,17.24,0.24971493728620298,0.08346636259977196,2.78,387.03,13,6.0,10.072470544890901,61.18905511200683,0,0,1,0,0
13113,13.361674677460154,1587.0,11859.0,106567,13545,12.710313699362844,14.350596338453741,0.208369082930895,113544,20751,18.27573451701543,5.565420817652585,82.216,25.27,0.13503952241446024,0.06185396053286164,-0.24,194.372,13,6.0,11.576529174307367,548.2631243183174,0,1,1,0,0
13115,4.305104782375068,563.0,13027.0,96317,13702,14.225941422594143,11.982308419074513,0.5326625730561516,97805,16252,16.616737385614233,2.3907959630200892,41.066,11.83,0.23660030627871362,0.19572387795971258,0.33,509.823,13,6.0,11.475400113878194,188.92242994137183,0,1,1,0,0
13117,55.474984948826005,5533.0,9966.0,175511,15638,8.909982850077773,9.748106956259152,0.29975644788609257,236605,28226,11.929587286828259,3.0196044367504857,87.605,27.67,0.10566838763064636,0.11423123279785569,0.99,224.551,13,6.0,12.075456997986548,781.6086323374201,0,1,1,0,0
13119,11.057696933253157,368.0,3326.0,22084,3729,16.885527984060857,13.20412968665097,0.729650336397233,23015,4370,18.98761677167065,2.102088787609791,36.739,12.43,0.13209779179810727,0.0,-0.5,261.561,13,6.0,10.002608643403935,84.43154751664048,0,0,1,0,0
13121,-2.693938577586207,-2308.0,85376.0,920581,83424,9.062103171801287,10.246898426102646,0.35163175895951776,1051550,123131,11.709476487090486,2.647373315289199,56.709,25.31,0.10297605767762996,0.025440919178516493,-0.24,526.739,13,6.0,13.732760271438414,1747.6985755753797,0,1,1,0,0
13123,27.007369498464687,1056.0,3908.0,28292,5015,17.725858900042414,15.446062491163579,0.24148756339048538,30986,7749,25.008068159814112,7.282209259771697,36.741,13.76,0.09502479603263478,0.0,2.33,426.213,13,6.0,10.25033435815588,66.37995556212503,0,0,1,0,0
13125,11.832518337408313,48.0,409.0,3082,465,15.087605451005839,11.972744970798182,0.13166556945358787,2984,505,16.923592493297587,1.8359870422917481,37.149,6.95,0.0,0.0,-0.78,143.746,13,6.0,8.033334015880062,21.44059660790561,0,0,1,0,0
13127,11.100177636499627,1191.0,10696.0,79626,11976,15.040313465450982,13.23060306934921,0.3070046173494449,85008,17227,20.265151515151516,5.224838049700534,50.337,18.09,0.16006739679865206,0.07969671440606571,2.06,419.551,13,6.0,11.285095951665305,189.7886073445183,0,1,1,0,1
13129,15.237719775240167,844.0,5517.0,55186,6423,11.638821440220346,11.202116478817091,0.34563246251907714,57756,8688,15.042592977353003,3.4037715371326573,40.916,12.32,0.10058773111301579,0.3391698298028652,-0.52,355.831,13,6.0,10.918464576908981,155.09047834505705,0,1,1,0,0
13131,3.8406213017751476,128.0,3380.0,25011,3536,14.137779377074086,12.218623805525569,0.2137546468401487,24693,4482,18.15089296561779,4.013113588543703,32.247,9.08,0.10707850707850708,0.0,0.16,454.501,13,6.0,10.127071007078722,55.029581893109146,0,0,1,0,0
13133,25.16624060150376,672.0,2660.0,15994,3358,20.995373264974365,17.431536826309866,0.17265193370165746,17808,5251,29.486747529200358,8.491374264225993,38.513,12.43,0.11501296252651426,0.09804383690784822,2.34,387.651,13,6.0,9.679968930891835,41.25876110212536,0,0,1,0,0
13135,11.102531979695433,5482.0,49250.0,805321,55105,6.842613069819365,9.48714860285526,0.23220955797864495,926414,92789,10.015932401712409,3.173319331893044,63.219,19.42,0.083386020871369,0.06467424893618533,-0.35,430.553,13,6.0,13.598996234681927,1870.4340696731877,0,1,1,0,0
13137,14.484322998773866,830.0,5709.0,43041,6599,15.3318928463558,12.323133756185962,0.3967816598699438,45204,8360,18.493938589505355,3.162045743149555,40.192,14.46,0.1099116781157998,0.0,1.22,276.828,13,6.0,10.6699084287665,155.47921453032208,0,1,1,0,0
13139,25.243698699330725,4003.0,15838.0,179684,20010,11.136216914138155,10.46336902562276,0.303668725027243,201434,30141,14.96321375735973,3.8269968432215755,50.876,17.52,0.18017644006227296,0.25928040131465147,0.96,392.984,13,6.0,12.098955031523234,457.22981088288583,0,1,1,0,0
13141,6.3442181818181815,87.0,1375.0,9429,1468,15.568989288365682,15.102343832856082,0.9701492537313432,8500,1947,22.905882352941177,7.336893064575495,22.283,7.38,0.0,0.0,1.52,471.067,13,6.0,9.151545325465678,20.01626095650937,0,0,1,0,0
13143,9.079082468596397,334.0,3662.0,28780,4036,14.023627519110493,12.02223766504517,0.22788312850980713,29608,4777,16.1341529316401,2.110525412529606,38.996,10.9,0.16704196519959058,0.31545547594677587,-0.39,282.165,13,6.0,10.267435980441359,101.99705845870324,0,0,1,0,0
13145,17.48344981828348,627.0,3577.0,32024,4238,13.233824631526355,15.244816387709218,0.34336045383294767,34676,6371,18.372938055139002,5.139113423612647,67.018,19.6,0.0,0.30892857142857144,0.18,463.847,13,6.0,10.37424090067241,69.0400067263559,0,0,1,0,0
13147,11.347940446650124,457.0,4030.0,25213,4527,17.955023202316266,14.147463610042438,0.2844622126547244,25981,5887,22.65886609445364,4.703842892137374,36.109,12.99,0.12285591766723843,0.2746569468267582,0.62,232.421,13,6.0,10.135115013498648,108.47987057968083,0,0,1,0,0
13149,6.906891798759477,100.0,1451.0,11834,1565,13.224607064390739,12.51478789927328,0.4079254079254079,11785,1971,16.724649978786594,3.5000429143958556,42.685,9.53,0.0,0.0,0.22,296.002,13,6.0,9.378732023236639,39.97945959824596,0,0,1,0,0
13151,48.56016859852476,5538.0,11388.0,203922,17048,8.360059238336227,9.914084797128314,0.23519266198894595,229994,26883,11.688565788672747,3.3285065503365203,63.923,17.15,0.13933962031861719,0.06396966488562776,-0.53,318.649,13,6.0,12.225492846769653,639.9580729894021,0,1,1,0,0
13153,12.407792813812412,1604.0,12858.0,139900,14571,10.41529664045747,10.28591851322373,0.26918131161594516,155317,19658,12.656695661131751,2.2413990206742813,55.098,13.25,0.1483539339196577,0.12384121701925363,-0.04,376.057,13,6.0,11.848683160653573,372.01807172848794,0,1,1,0,0
13155,-0.11849593495934996,-2.0,1476.0,9538,1485,15.569301740406793,11.96267561333613,0.3223406893131664,9379,1801,19.202473611259197,3.6331718708524043,38.376,7.75,0.0,0.0899234693877551,0.23,354.363,13,6.0,9.16303909885817,26.915902619630153,0,0,1,0,0
13157,44.56082725060827,2199.0,4932.0,60485,7197,11.898817888732744,11.25237662230305,0.48416975412596835,70467,10148,14.401067166191266,2.5022492774585228,51.506,16.6,0.05806755483784148,0.295787915489167,-1.2,339.666,13,6.0,11.010150679393949,178.07198836504097,0,1,1,0,0
13159,9.37379612257661,149.0,1599.0,13900,1764,12.69064748201439,13.892086330935252,0.4063058670567203,14074,2531,17.983515702714225,5.292868220699836,42.081,12.18,0.0,0.3088888888888889,1.46,368.408,13,6.0,9.539644119118783,37.72990814531715,0,0,1,0,0
13161,14.44506781750925,235.0,1622.0,15068,1874,12.436952482081232,12.125033182904167,0.35450061652281134,15063,2319,15.395339573790082,2.9583870917088504,32.928,7.4,0.08511260602515355,0.35361216730038025,-0.6,330.918,13,6.0,9.620328568811932,45.53393892142464,0,0,1,0,0
13163,6.807228915662651,157.0,2324.0,16930,2498,14.754873006497343,13.295924394565859,0.5755001370238422,15489,2820,18.20646910710827,3.451596100610926,29.268,7.45,0.13137151865475566,0.25959012086179717,-0.46,526.551,13,6.0,9.736842475127181,32.15263098921092,0,0,1,0,0
13165,4.710831234256927,55.0,1191.0,8340,1256,15.059952038369303,13.201438848920862,0.3079838900734423,8787,1507,17.150335723227496,2.0903836848581925,27.686,6.97,0.328537170263789,0.02038369304556355,-0.22,347.325,13,6.0,9.028818495352793,24.01209242064349,0,0,1,0,0
13167,5.602603369065851,73.0,1306.0,9980,1389,13.917835671342685,12.75551102204409,0.3883495145631068,9717,1845,18.9873417721519,5.069506100809216,27.607,6.4,0.2222222222222222,0.16904083570750236,-0.01,303.019,13,6.0,9.20833836930551,32.93522848402245,0,0,1,0,0
13169,12.867998731366951,406.0,3153.0,28669,3586,12.508284209424813,12.675712442010534,0.20533880903490762,28622,5080,17.74858500454196,5.2403007951171485,50.717,13.52,0.1357429718875502,0.02570281124497992,0.98,393.939,13,6.0,10.26357167860395,72.77522662138047,0,0,1,0,0
13171,14.141473586654309,305.0,2158.0,18317,2487,13.577550908991649,13.026150570508271,0.4013914905004014,18834,3314,17.595837315493256,4.018286406501607,37.536,11.41,0.09740535942152276,0.21565291365376435,-0.57,183.501,13,6.0,9.815584869360217,99.81961951161028,0,0,1,0,0
13173,31.23313325330132,260.0,833.0,10078,1104,10.954554475094264,10.140900972415162,0.6119086843963286,10534,1373,13.033985190810707,2.079430715716443,37.522,8.13,0.0,0.1277056277056277,0.94,196.536,13,6.0,9.218110109240543,51.278137338706394,0,0,1,0,0
13175,9.557500000000001,599.0,6240.0,48434,6884,14.213156047404714,12.350827930792418,0.29015350056158745,47404,8284,17.475318538519957,3.2621624911152427,38.28,8.88,0.19008637359804048,0.18402733015340983,0.01,807.297,13,6.0,10.787957325420447,59.99526816029292,0,0,1,0,0
13177,6.3401549680948035,139.0,2194.0,28298,2354,8.318609088981553,11.707541168987207,0.20435967302452315,29735,3872,13.02169160921473,4.703082520233178,59.811,14.53,0.12546583850931678,0.049689440993788817,0.22,355.882,13,6.0,10.250546409755898,79.51512018028447,0,0,1,0,0
13179,21.598059149722737,701.0,3246.0,63453,3971,6.258175342379399,8.392038201503475,0.198271669597097,62039,5647,9.102338851367687,2.844163508988288,42.674,12.03,0.16582344731332868,0.11113049546406141,1.46,516.47,13,6.0,11.058054753348685,122.85902375743024,0,1,1,0,1
13181,-4.548622589531679,-67.0,1452.0,7996,1396,17.45872936468234,16.07053526763382,0.3760969494358546,7929,1903,24.000504477235467,6.541775112553125,36.399,9.81,0.0,0.0,1.13,210.381,13,6.0,8.98669669562029,38.00723449360921,0,0,1,0,0
13183,40.057046979865774,298.0,745.0,14464,1055,7.293971238938053,9.098451327433628,1.0101010101010102,19236,1710,8.889582033686837,1.5956107947487839,41.186,7.57,0.07530120481927711,0.0,-0.04,400.393,13,6.0,9.579418082631959,36.12450767121304,0,0,1,0,0
13185,13.308547646996052,1248.0,9371.0,109233,10693,9.789166277590105,9.44037058398103,0.39161221283668407,116436,14342,12.317496306984093,2.528330029393988,39.096,12.88,0.17908044125936065,0.07491209705558687,0.27,497.154,13,6.0,11.601238494442581,219.71662704111804,0,1,1,0,0
13187,53.28909759085341,1305.0,2449.0,29966,3794,12.661015817926986,12.634318894747382,0.43326885880077365,33009,5883,17.822412069435607,5.161396251508622,43.394,17.04,0.1793551276309897,0.12270488132557097,1.28,282.942,13,6.0,10.30781868460309,105.90863145096874,0,0,1,0,0
13189,8.753670232386574,238.0,2711.0,21875,2972,13.586285714285715,12.969142857142856,0.8477304431805989,21404,3779,17.655578396561392,4.069292682275677,35.414,9.36,0.1574854180168503,0.29876863253402464,1.96,257.472,13,6.0,9.993099711225815,84.96069475515785,0,0,1,0,0
13191,46.365654761904764,780.0,1680.0,14333,2478,17.288774157538548,15.851531430963512,0.27114967462039047,14217,3789,26.651192234648658,9.36241807711011,39.075,10.34,0.04096385542168675,0.018473895582329317,2.0,431.354,13,6.0,9.570319849923216,33.22792880093844,0,0,1,0,1
13193,-2.656049250535332,-50.0,1868.0,14740,1827,12.39484396200814,13.534599728629578,0.3422425032594524,13107,2245,17.128252079041733,4.733408117033592,27.95,6.9,0.22358722358722358,0.3464373464373464,-0.54,400.662,13,6.0,9.598320165743328,36.78911401630302,0,0,1,0,0
13195,8.038466008134804,278.0,3442.0,28120,3754,13.349928876244665,13.079658605974394,0.3564154786150713,29624,4953,16.719551714825815,3.369622838581151,41.343,12.81,0.14036740461610928,0.10739519547809703,-1.05,282.328,13,6.0,10.244236345924602,99.60046470771586,0,0,1,0,0
13197,43.67942583732057,366.0,836.0,8742,1215,13.898421413864103,14.001372683596431,0.6015399422521656,8450,1737,20.556213017751478,6.657791603887375,31.581,7.59,0.0,0.0,-0.86,366.017,13,6.0,9.07589427542326,23.884136529177606,0,0,1,0,0
13199,2.6851520572450798,90.0,3354.0,21992,3467,15.764823572208076,14.136958894143326,0.21090689966857487,21080,4299,20.393738140417458,4.628914568209382,37.845,9.56,0.18900343642611683,0.0,-0.59,501.223,13,6.0,9.998434029845082,43.876677646476715,0,0,1,0,0
13201,5.148393194706994,54.0,1058.0,6125,1123,18.334693877551018,13.044897959183674,0.680759584378359,5725,1259,21.99126637554585,3.6565724979948335,33.196,8.02,0.0,0.0,-1.12,282.423,13,6.0,8.720134035412928,21.687327165280447,0,0,1,0,0
13205,-0.15619512195121926,-6.0,3075.0,23498,3087,13.137288279853603,11.618010043407951,0.7114273010226767,22072,3724,16.87205509242479,3.7347668125711877,36.198,7.68,0.07352707638558044,0.0,-0.45,512.158,13,6.0,10.064670590127518,45.88037285368968,0,0,1,0,0
13207,33.343385855624774,911.0,2729.0,26424,3669,13.885104450499547,14.316530426884649,0.31746031746031744,27455,5073,18.47750865051903,4.592404200019484,48.297,15.24,0.12447505459432219,0.09507811187636486,1.13,396.092,13,6.0,10.182027967070626,66.71177403229552,0,0,1,0,0
13209,12.472991287512102,129.0,1033.0,9123,1173,12.857612627425189,12.583579962731559,1.5047181841366999,9069,1522,16.782445694122835,3.924833066697646,35.182,8.03,0.0,0.15521855486173058,0.07,241.145,13,6.0,9.118553976345474,37.83200978664289,0,0,1,0,0
13211,20.488830486202364,469.0,2283.0,17868,2774,15.524960823819118,13.678083725095142,0.2007494646680942,18832,3748,19.90229396771453,4.377333143895413,45.817,16.94,0.10791883641587359,0.19015981325193032,0.37,347.404,13,6.0,9.79076668247201,51.432913840945986,0,0,1,0,0
13213,6.6368460764587525,266.0,3976.0,39628,4286,10.815584939941456,11.18653477339255,0.44433318730834226,39789,5822,14.632184774686472,3.8165998347450163,38.226,9.83,0.05737109658678286,0.5800048414427499,1.16,344.494,13,6.0,10.58729121809292,115.03248242349648,0,1,1,0,0
13215,-0.6200416591197245,-130.0,22084.0,189885,22082,11.629143955552044,10.638017747584064,0.1560043536098682,195418,25941,13.274621580407128,1.6454776248550846,41.331,13.19,0.17005318945394712,0.0870674370846567,0.08,216.437,13,6.0,12.154173904739038,877.3222692977632,0,1,1,0,0
13217,35.674457730812016,2568.0,7192.0,99958,9830,9.83413033474059,10.418375717801478,0.2660268113296124,109835,14258,12.981290116993671,3.1471597822530804,52.361,14.86,0.13382462224424077,0.2439930641565519,1.45,273.749,13,6.0,11.512505376745525,365.14471285739853,0,1,1,0,0
13219,18.827574639382757,562.0,2981.0,32808,3578,10.905876615459643,12.80480370641307,0.3391746749576032,39194,5904,15.063530132163086,4.1576535167034425,74.352,22.87,0.13967329365581865,0.070533113840699,-1.04,184.33,13,6.0,10.398427667071894,177.9851353550697,0,1,1,0,0
13221,7.580205128205128,147.0,1950.0,14899,2114,14.188871736358145,12.974025102355863,0.5860579888957435,15040,2710,18.018617021276594,3.829745284918449,39.319,13.44,0.11192660550458716,0.061467889908256884,-1.15,439.062,13,6.0,9.60904937558734,33.93370412379117,0,0,1,0,0
13223,62.739922854387665,3905.0,6222.0,142324,10220,7.180798740901043,8.796829768696776,0.31076155764435065,164440,17753,10.796035027973728,3.615236287072685,62.348,14.96,0.12101910828025478,0.05594018277485461,0.44,312.292,13,6.0,11.865861427622107,455.7401406376084,0,1,1,0,0
13225,10.321503865073788,295.0,2846.0,27695,3164,11.424444845640007,11.453330926159957,0.3891402714932127,27502,4341,15.784306595883935,4.359861750243928,41.014,11.39,0.11768509537665697,0.0,-0.64,150.266,13,6.0,10.229007170467204,184.30649647957623,0,1,1,0,0
13227,22.462941024980683,874.0,3883.0,29431,4805,16.32632258502939,15.0963270021406,0.23371311714869997,32002,6968,21.77363914755328,5.447316562523888,49.945,17.06,0.1883068978236813,0.11047583917373663,1.56,232.058,13,6.0,10.289803819583309,126.82605210766275,0,1,1,0,0
13229,19.93215108245048,434.0,2171.0,18758,2631,14.026015566691544,12.661264527135089,0.7262709742048585,19336,3313,17.13384360777824,3.1078280410866945,37.062,7.54,0.0908790482485129,0.08327825512227363,-0.63,340.449,13,6.0,9.839375607068884,55.09782669357231,0,0,1,0,0
13231,25.63882149046794,444.0,1731.0,17869,2196,12.289439811964856,11.970451620124239,0.3812316715542522,18565,2927,15.766226770805277,3.476786958840421,53.213,15.33,0.0,0.0,-0.63,216.086,13,6.0,9.790822646878661,82.69392741778736,0,0,1,0,0
13233,5.960355143794636,308.0,5181.0,41475,5535,13.345388788426762,11.462326702833032,0.248403122782115,42251,6513,15.41501976284585,2.0696309744190877,38.646,10.83,0.08621242913680607,0.322601347737726,0.21,310.33,13,6.0,10.632846115058646,133.64805207359908,0,1,1,0,0
13235,45.87407987470634,586.0,1277.0,12010,1882,15.670274771024145,13.497085761865113,0.42710153368278003,11185,2290,20.473848904783193,4.803574133759048,36.262,7.9,0.33368813198509845,0.0,0.28,249.261,13,6.0,9.39349491507403,48.18242725496568,0,0,1,0,0
13237,5.732761008031017,206.0,3611.0,21218,3845,18.12140635309643,15.73663870298803,0.16401124648547327,21906,5177,23.632794668127456,5.511388315031027,41.529,15.76,0.10315743944636678,0.13083910034602075,2.34,344.682,13,6.0,9.962605157019217,61.55818986776217,0,0,1,0,0
13239,-2.7565371024734997,-16.0,566.0,2513,554,22.045364106645444,17.111022682053324,2.638006839276991,2290,710,31.004366812227076,8.959002705581632,28.912,6.67,0.0,0.0,1.05,151.237,13,6.0,7.829232537543592,16.616304211271054,1,0,1,0,0
13241,6.669841269841269,213.0,3213.0,16276,3459,21.252150405505038,15.525927746375032,0.21115893770811336,16859,4748,28.162998991636513,6.9108485861314755,34.406,17.57,0.12305109138882225,0.1098584792516191,3.11,370.14,13,6.0,9.697446909121581,43.9725509266764,0,0,1,0,0
13243,25.706629834254144,278.0,1086.0,7719,1376,17.826143282808655,14.354190957377899,0.16855285335901757,6888,1531,22.22706155632985,4.400918273521196,26.194,6.43,0.0,0.0,-0.49,428.236,13,6.0,8.951440100949855,18.025107650921456,0,0,1,0,0
13245,-4.247825534617827,-1011.0,23615.0,200549,22712,11.324913113503433,11.18778951777371,0.3301247524064357,202178,28193,13.944642839478083,2.6197297259746506,37.882,9.93,0.2741725144383034,0.09239272185307086,0.02,324.317,13,6.0,12.208813884898058,618.3733815988678,0,1,1,0,0
13247,7.166607142857144,606.0,8400.0,85215,9066,10.638972011969724,11.96972364020419,0.2614811252704977,90155,12929,14.340857412234485,3.7018854002647608,55.779,16.99,0.1362795788202438,0.13443031286560742,0.14,129.812,13,6.0,11.352932753659337,656.4493267186392,0,1,1,0,0
13249,26.43385214007782,135.0,514.0,5010,657,13.11377245508982,10.798403193612774,0.4981884057971014,5215,829,15.896452540747843,2.782680085658024,35.096,9.13,0.0,0.0,-1.42,166.907,13,6.0,8.51919119407891,30.01671589567843,0,0,1,0,0
13251,-1.872479564032697,-41.0,2202.0,14593,2174,14.897553621599396,13.760021928321798,0.4600089033981303,13977,2653,18.981183372683695,4.083629751084299,32.155,7.68,0.18477398889770025,0.3061062648691515,-0.02,645.771,13,6.0,9.588297240667746,22.597793954822997,0,0,1,0,0
13253,3.337712130735387,52.0,1591.0,8729,1657,18.98270134035972,14.205521823805705,0.7087763185324161,8218,1906,23.192990995376004,4.2102896550162825,32.666,7.29,0.2982689747003995,0.0,0.87,237.536,13,6.0,9.07440609473535,36.74811397009295,0,0,1,0,0
13255,12.659755286607261,957.0,7519.0,64073,8539,13.326986406130509,12.156446553150314,0.5489786010382044,66043,12021,18.201777629726088,4.8747912235955795,41.1,12.44,0.25304896733468163,0.18134460991603849,-0.33,195.984,13,6.0,11.067778337323352,326.9297493672953,0,1,1,0,0
13257,9.758889454915945,382.0,3926.0,26175,4348,16.61127029608405,13.692454632282713,0.20533880903490762,25934,5218,20.120305390606923,3.509035094522872,34.938,10.81,0.20207823960880195,0.19877750611246944,0.53,179.15,13,6.0,10.172560035738737,146.10661456879708,0,1,1,0,0
13259,-2.6760820045558082,-25.0,878.0,6058,858,14.163090128755366,11.422911852096401,0.0839278220730172,6446,943,14.62922742786224,0.4661372991068742,30.954,4.95,0.21287779237844942,0.0,0.01,458.748,13,6.0,8.709134991587183,13.205507162974008,1,0,1,0,0
13261,0.7818315377081293,31.0,4084.0,32819,4143,12.623785002589964,11.55428258021268,0.6758214105974549,29714,4937,16.61506360638083,3.9912786037908656,32.43,8.63,0.1754699024506305,0.14882226980728053,0.23,482.871,13,6.0,10.398762894953803,67.96639268044675,0,0,1,0,0
13263,9.527909270216961,96.0,1014.0,6865,1119,16.300072833211946,16.92643845593591,0.264783759929391,6245,1531,24.515612489991994,8.215539656780049,33.873,8.59,0.0,0.0,1.1,391.377,13,6.0,8.834191318202071,17.540632178181138,0,0,1,0,0
13265,-15.096601941747574,-62.0,412.0,1717,352,20.50087361677344,15.37565521258008,1.7733990147783252,1596,469,29.385964912280706,8.885091295507266,22.188,6.72,0.0,0.0,-0.13,194.607,13,6.0,7.448333860897476,8.822909761724912,1,0,1,0,0
13267,16.77598097502973,424.0,2523.0,25520,2971,11.641849529780563,10.658307210031348,1.8462773429660846,25392,3454,13.602709514807815,1.960859985027252,38.522,8.07,0.0,0.0,0.54,480.82,13,6.0,10.147217737458726,53.07599517490953,0,0,1,0,0
13269,7.015085158150851,86.0,1233.0,8906,1330,14.933752526386707,12.890186391196945,0.745123822046899,8126,1671,20.563622938715234,5.629870412328527,25.237,6.15,0.2059961315280464,0.061895551257253385,-0.62,376.686,13,6.0,9.094480485881647,23.643034251339312,0,0,1,0,0
13271,50.20551816958277,747.0,1486.0,16500,2251,13.642424242424243,12.121212121212121,0.4522406468411676,15871,2886,18.1841093818915,4.541685139467257,23.876,5.89,0.11201469045120671,0.0,-0.36,437.307,13,6.0,9.711115659888671,37.730930444744764,0,0,1,0,0
13273,-13.433793103448275,-214.0,1595.0,9315,1388,14.900697799248524,13.644659151905527,0.2696078431372549,8654,1672,19.320545412526,4.419847613277474,27.909,7.51,0.0,0.0,-0.21,335.739,13,6.0,9.13938128303569,27.744766023607625,0,0,1,0,0
13275,8.873959011060506,547.0,6148.0,44720,6740,15.071556350626118,12.770572450805009,0.3023244288050751,44545,8027,18.019979795712203,2.9484234450860853,35.797,13.72,0.0,0.16312648398896232,0.29,544.609,13,6.0,10.708176107828981,82.11395698565393,0,0,1,0,0
13277,2.421604191858122,122.0,4962.0,40118,5123,12.769829004436911,11.104741014008674,0.2008032128514056,40590,5989,14.754865730475487,1.985036726038576,36.847,10.95,0.20887627402915754,0.10779254289769062,0.33,260.902,13,6.0,10.599580390384643,153.76654835915403,0,1,1,0,0
13279,7.0008946608946605,244.0,3465.0,27223,3742,13.745729713844913,11.585791426367411,1.844532279314888,26947,4381,16.257839462648903,2.51210974880399,31.635,8.6,0.21857571857571859,0.17631917631917632,0.24,364.008,13,6.0,10.21181748321106,74.78681787213468,0,0,1,0,0
13281,17.57775193798449,452.0,2580.0,10471,3061,29.233120045840895,15.958361188043165,0.24576380804553097,11815,4043,34.21921286500211,4.986092819161218,39.54,19.46,0.17483777937995673,0.02090843547224225,3.18,166.464,13,6.0,9.256364810287462,62.90248942714341,0,0,1,0,0
13283,2.801659292035398,25.0,904.0,6885,940,13.65286855482934,12.273057371096586,0.4010695187165776,6787,1170,17.238838956829234,3.5859704019998944,36.467,6.9,0.20192307692307693,0.0,0.02,199.433,13,6.0,8.837100411162755,34.52287234309267,0,0,1,0,0
13285,12.548654922845829,922.0,7323.0,67044,8303,12.38440427182149,11.80418829425452,0.2246309634172431,70095,10358,14.77708823739211,2.3926839655706207,41.77,13.03,0.11692205196535643,0.255681397586794,0.93,414.008,13,6.0,11.113104399247149,161.93889973140617,0,1,1,0,0
13287,15.885392320534224,190.0,1198.0,8930,1401,15.68868980963046,12.609182530795074,0.7029419422025514,7920,1501,18.952020202020204,3.2633303923897437,30.763,8.31,0.1282245827010622,0.0,0.11,285.415,13,6.0,9.097171673870545,31.287773943205504,0,0,1,0,0
13289,0.04633977900552511,0.0,1448.0,9023,1459,16.169788318740995,15.604566108832982,0.07083825265643448,8195,1851,22.586943258084197,6.417154939343202,26.521,6.55,0.0,0.0,-0.11,359.259,13,6.0,9.107532151994501,25.115585134958344,0,0,1,0,0
13291,40.01474838066767,1608.0,4014.0,21356,5675,26.573328338640195,17.189548604607605,0.2846569883290635,23999,7953,33.138880786699445,6.56555244805925,41.298,19.7,0.20453616673477729,0.04863097670617082,2.94,322.085,13,6.0,9.969088009620076,66.30547836751168,0,0,1,0,0
13293,4.993779547151033,200.0,4019.0,27153,4252,15.659411483077376,13.147718484145399,0.3371433270290272,26329,4813,18.2802233278894,2.620811844812023,34.509,9.37,0.24406265790803436,0.18999494694290045,1.37,323.467,13,6.0,10.20924281649528,83.9436480382852,0,0,1,0,0
13295,15.237166741979213,1353.0,8852.0,68756,10302,14.983419628832392,12.907964395834545,0.4883720930232558,69398,12793,18.43424882561457,3.4508291967821787,38.723,10.81,0.10358170453417997,0.3720607203095545,-0.4,446.39,13,6.0,11.138319284448048,154.02674791101953,0,1,1,0,0
13297,49.7197216818794,3325.0,6683.0,83768,10092,12.047559927418584,11.615414000573011,0.29905965777709265,93284,14593,15.643625916555894,3.59606598913731,51.721,16.49,0.12033588406582245,0.09494142344416605,-0.94,326.79,13,6.0,11.335806351967298,256.3358731907341,0,1,1,0,0
13299,7.0241029641185655,362.0,5128.0,36312,5531,15.231879268561357,12.232870676360431,0.24500796275878967,35745,6065,16.96740802909498,1.7355287605336223,35.517,7.8,0.2534355179704017,0.10447498238195913,-0.17,899.173,13,6.0,10.499903544136302,40.38377486868489,0,0,1,0,0
13301,8.187422037422037,78.0,962.0,5834,1047,17.946520397668838,13.884127528282484,0.6030150753768844,5259,1165,22.152500475375547,4.205980077706709,31.043,6.11,0.0,0.0,1.04,284.358,13,6.0,8.671458150427666,20.516391309546417,0,0,1,0,0
13303,8.868669201520913,233.0,2630.0,21187,2881,13.597961013829234,12.290555529334025,0.3758151873549243,20316,3680,18.113801929513684,4.51584091568445,31.382,7.75,0.1795827123695976,0.06426974664679583,-0.21,678.514,13,6.0,9.96114306502429,31.22559003940965,0,0,1,0,0
13305,14.088577393379063,474.0,3353.0,30099,3862,12.830991062826008,11.980464467258049,0.5246331666530044,29959,4736,15.808271304115626,2.977280241289618,37.34,8.68,0.0,0.16695988740323717,-0.12,641.937,13,6.0,10.312247227593723,46.88777870725632,0,0,1,0,0
13307,6.07735368956743,24.0,393.0,2799,420,15.005359056806004,13.719185423365488,0.2626395272488509,2587,645,24.93235407808272,9.926995021276717,25.708,6.28,0.0,0.0,-0.55,209.357,13,6.0,7.937017489515454,13.369507587517973,1,0,1,0,0
13309,5.660580411124546,46.0,827.0,7421,882,11.88519067511117,12.087319768225306,0.6857142857142857,7897,1158,14.663796378371533,2.7786057032603626,35.422,6.5,0.0,0.0,0.07,295.49,13,6.0,8.912069097970134,25.114217063183187,0,0,1,0,0
13311,38.961813349084466,1320.0,3386.0,27144,4754,17.513999410551133,14.19834954317713,0.3611007346532188,29962,6790,22.662038582204126,5.148039171652993,41.756,17.1,0.08727047658345369,0.10418815762327213,1.55,240.743,13,6.0,10.208911306464065,112.75094187577625,0,0,1,0,0
13313,10.262835472578763,1061.0,10284.0,102599,11445,11.1550794842055,10.220372518250667,0.431088498458608,104122,14487,13.913486102840897,2.758406618635398,42.345,13.0,0.08640040127907705,0.35956277300562206,-0.36,290.438,13,6.0,11.538583465082613,353.2561166238578,0,1,1,0,0
13315,15.907617360496015,179.0,1129.0,9255,1321,14.273365748244194,12.576985413290112,0.7122507122507122,8701,1459,16.76818756464774,2.4948218164035456,30.784,5.69,0.39065420560747666,0.03925233644859813,-0.29,377.811,13,6.0,9.132919225007598,24.49637517171284,0,0,1,0,0
13317,3.5666137566137563,67.0,1890.0,10593,1971,18.60662701784197,14.339658264891911,0.34897246994959286,9797,2294,23.41533122384403,4.808704206002062,28.022,8.47,0.2084592145015106,0.22280966767371602,0.65,469.501,13,6.0,9.267948684596496,22.562252263573455,0,0,1,0,0
13319,-1.6090369393139843,-25.0,1516.0,9563,1504,15.7272822336087,13.332636202028652,0.8468910184978827,8945,1724,19.27333705980995,3.5460548262012512,37.902,7.12,0.08490566037735849,0.0,1.54,449.214,13,6.0,9.165656764349542,21.28829466579403,0,0,1,0,0
13321,-2.790065604498594,-90.0,3201.0,21679,3134,14.456386364684718,13.32626043636699,0.3459085504269809,20346,3904,19.188046790523934,4.731660425839216,38.67,8.54,0.17765042979942694,0.11133851821530905,0.06,570.712,13,6.0,9.984099329028517,37.98588429891083,0,0,1,0,0
15001,11.801133748901812,2827.0,23903.0,185079,26834,14.498673539407497,15.857552720730068,0.3510519411107332,201350,42125,20.92128135088155,6.4226078114740535,54.996,36.14,0.16085118433561907,0.025588122256609423,,4028.45,15,11.0,12.128538039937396,45.94298055083221,0,0,0,0,1
15003,-0.4730109485110455,-662.0,138923.0,953207,138490,14.528848403337365,12.009773323108202,0.19145203755428186,979682,174240,17.7853630055467,3.256514602209334,70.093,55.9,0.14390922026350414,0.029223002137324594,,600.564,15,11.0,13.767587367864191,1587.1863781378838,0,1,0,0,1
15005,-57.86065573770492,-35.0,61.0,90,26,28.888888888888886,22.22222222222222,0.0,436,9,2.064220183486239,-26.824668705402647,41.806,-66666.6666,,,,11.991,15,11.0,4.499809670330265,7.505629221916437,1,0,0,0,1
15007,3.9457080200501253,375.0,9576.0,67091,9985,14.88277116155669,15.23453220253089,0.17118114993454836,71949,14425,20.04892354306523,5.166152381508539,62.531,58.32,0.11311164713990352,0.010553066850447967,,619.884,15,11.0,11.11380518579687,108.23154009459834,0,0,0,0,1
15009,4.471389992057188,848.0,18885.0,154834,19803,12.789826523890103,13.881963909735587,0.23586581224512995,166657,30408,18.245858259779066,5.456031735888963,63.989,61.46,0.10807042008018128,0.018877462088199407,,1161.53,15,11.0,11.95010885426371,133.30176577445266,0,1,0,0,1
16001,28.124858294495528,8945.0,31756.0,392365,41048,10.461687459380933,11.039720668255324,0.2922161396115908,469473,67892,14.461321524347511,3.9996340649665783,55.835,21.45,0.16686682720151189,0.08888346999116042,1.87,1052.008,16,7.8,12.879947807995975,372.9676960631478,0,1,0,1,0
16003,2.7524405506883625,21.0,799.0,3976,828,20.824949698189137,19.54225352112676,0.4931714719271623,4200,1266,30.142857142857142,9.317907444668005,36.004,20.51,0.0,0.0,3.83,1362.805,16,7.8,8.288031567776464,2.917512043175656,1,0,0,1,0
16005,7.226082377720572,621.0,8546.0,82839,9243,11.157787998406548,11.012928693006916,0.29224789852670907,86742,12418,14.316017615457334,3.158229617050786,44.848,13.55,0.21725329476052715,0.08072163291546126,1.73,1112.485,16,7.8,11.3246542439736,74.46302646777261,0,0,0,1,0
16007,4.795977011494253,49.0,1044.0,5986,1104,18.44303374540595,13.564984964918143,0.38323965252938175,6054,1247,20.597951767426494,2.1549180220205457,43.374,13.59,0.0,0.0,3.62,975.728,16,7.8,8.697178688412643,6.134906449338341,1,0,0,1,0
16009,7.479272959183674,116.0,1568.0,9285,1699,18.298330640818524,15.87506731287022,0.5832793259883344,9231,2085,22.586935326616832,4.288604685798308,37.5,12.3,0.15357301375943186,0.28495339547270304,3.1,776.931,16,7.8,9.136155473786806,11.950868223819104,1,0,0,1,0
16011,-1.4184451219512195,-75.0,5248.0,45607,5214,11.432455544105071,10.513736926349026,0.3407471656031225,46246,6457,13.96228863036803,2.5298330862629594,44.128,12.53,0.0,0.23918680634788922,1.91,2093.789,16,7.8,10.727816492493142,21.78204203002308,0,0,0,1,0
16013,-10.68941433248454,-293.0,2749.0,21376,2476,11.58308383233533,15.054266467065869,0.33222591362126247,22729,4228,18.601786264243916,7.0187024319085864,61.854,47.36,0.0606942020554586,0.02976536746170254,2.94,2637.738,16,7.8,9.970024076336372,8.103913277209488,1,0,0,1,0
16015,-10.06112012987013,-124.0,1232.0,7028,1118,15.907797381900968,20.645987478656803,0.30234315948601664,7625,1964,25.75737704918033,9.849579667279363,48.789,18.67,0.0,0.0,3.4,1899.556,16,7.8,8.857657449306988,3.6998119560570997,1,0,0,1,0
16017,11.809190407210687,736.0,6213.0,40877,7009,17.146561636127895,17.650512513149202,0.35672301268798895,44688,11072,24.77622627998568,7.629664643857783,41.943,23.63,0.13409352072836558,0.15009281357730045,4.57,1733.212,16,7.8,10.618322836666145,23.584535532871918,0,0,0,1,0
16019,17.57581336959933,1684.0,9559.0,104234,11343,10.882245716368939,10.344033616670185,0.2768618962522967,116970,15367,13.137556638454303,2.255310922085364,50.445,15.34,0.1628975182208057,0.05036207260200136,2.0,1865.982,16,7.8,11.55439365066399,55.8601315553955,0,0,0,1,0
16021,24.718900343642613,359.0,1455.0,10972,1832,16.697047028800583,16.04994531534816,0.15458937198067632,12156,2717,22.351102336294833,5.65405530749425,37.712,17.46,0.21344391095591445,0.11741597555652554,2.61,1268.682,16,7.8,9.303101852057495,8.648345290624443,1,0,0,1,0
16023,-6.174859287054408,-33.0,533.0,2891,506,17.5025942580422,14.769975786924938,0.29542097488921715,2603,575,22.08989627353054,4.587302015488341,39.413,10.85,0.0,0.0,0.07,2236.487,16,7.8,7.969357742016346,1.2926522711734967,1,0,0,1,0
16025,-13.836274509803923,-28.0,204.0,1117,178,15.93554162936437,15.66696508504924,0.12033694344163659,1069,183,17.118802619270348,1.1832609899059783,44.145,22.61,0.0,0.0,2.7,1074.234,16,7.8,7.018401799069201,1.0398106930147435,1,0,0,1,0
16027,32.566906993511175,4973.0,15257.0,188923,20396,10.7959327345003,9.72036226399115,0.46679825382875423,223890,30817,13.764348564026976,2.968415829526677,43.218,15.13,0.14753621784001164,0.18326953825282233,1.82,587.044,16,7.8,12.149094803621427,321.8208515886373,0,1,0,1,0
16029,1.0818853974121996,11.0,1082.0,6963,1103,15.84087318684475,12.379721384460721,0.402975821450713,7028,1173,16.690381331815594,0.8495081449708444,44.958,11.6,0.09225874867444327,0.271474019088017,3.08,1764.194,16,7.8,8.848365694942547,3.9468448481289475,1,0,0,1,0
16031,0.7791738382099828,22.0,2905.0,22952,2954,12.870338096897873,10.003485535029627,0.5852842809364548,23847,3304,13.85499224221076,0.9846541453128861,39.866,11.46,0.19330469560065175,0.15686564953340246,1.81,2565.609,16,7.8,10.0411603576612,8.946024121368454,1,0,0,1,0
16033,-12.48943661971831,-17.0,142.0,982,129,13.136456211812627,9.775967413441954,0.9416195856873822,885,124,14.01129943502825,0.8748432232156222,40.909,8.28,0.0,0.0,-0.06,1763.145,16,7.8,6.889591308354466,0.5569592971650091,1,0,0,1,0
16035,10.105442176870747,178.0,1764.0,8761,1960,22.37187535669444,17.498002511128867,0.2919380193128228,8735,2389,27.34974241556955,4.977867058875113,41.835,12.48,0.3082085699535364,0.0862157976251936,2.33,2457.313,16,7.8,9.078065332666364,3.5652763811529096,1,0,0,1,0
16037,-7.194742857142857,-63.0,875.0,4368,818,18.727106227106226,18.429487179487182,0.3222687721559781,4193,1392,33.198187455282614,14.471081228176388,41.91,12.76,0.0,0.0,0.86,4922.177,16,7.8,8.38206051742474,0.8874122161799546,1,0,0,1,0
16039,4.128704061895552,106.0,2585.0,27038,2716,10.045121680597676,9.005843627487241,0.3453379378391712,27043,3548,13.119846170912991,3.0747244903153153,43.089,14.26,0.18456455038942648,0.0,2.94,3075.079,16,7.8,10.20499856292435,8.792619636763803,1,0,0,1,0
16041,16.904460431654673,235.0,1390.0,12786,1643,12.84999217894572,9.299233536680743,0.13250883392226148,13736,1912,13.91962725684333,1.06963507789761,45.682,16.53,0.17443064182194618,0.10559006211180125,1.68,663.019,16,7.8,9.456106101326672,19.284515225053884,0,0,0,1,0
16043,4.362857142857142,75.0,1750.0,13242,1844,13.92538891406132,10.806524694154962,0.3985464775524557,13111,2277,17.36709633132484,3.4417074172635207,42.523,12.52,0.0,0.03249630723781388,2.95,1863.96,16,7.8,9.491148875484791,7.104229704500097,1,0,0,1,0
16045,28.803474257011302,689.0,2389.0,16719,3107,18.583647347329386,13.702972665829297,0.394421749542189,17771,3848,21.653255303584494,3.0696079562551084,42.794,16.17,0.2926391382405745,0.048025134649910234,2.45,559.77,16,7.8,9.724301076237646,29.86762420279758,0,0,0,1,0
16047,-0.486663789382822,-12.0,2317.0,15464,2328,15.054319710294878,10.307811691670977,0.34465780403741997,15280,2654,17.369109947643977,2.314790237349099,37.228,12.75,0.18905080740448996,0.16384403308389128,0.76,729.321,16,7.8,9.646270020888167,21.203283602145007,0,0,0,1,0
16049,9.88114543114543,307.0,3108.0,16267,3444,21.17169730128481,17.46480604905637,0.24016468435498628,16511,4589,27.793592150687417,6.621894849402608,34.536,14.09,0.17707332692923472,0.0,3.17,8477.489,16,7.8,9.696893794766453,1.918846488624167,1,0,0,1,0
16051,12.616447069513859,279.0,2201.0,26140,2504,9.579188982402448,9.265493496557001,0.4930061912405412,29238,3278,11.211437170805116,1.6322481884026683,51.579,15.4,0.09198113207547169,0.0,1.4,1093.68,16,7.8,10.171221987178212,23.900958232755467,0,0,0,1,0
16053,-2.0305084745762705,-53.0,2537.0,22374,2507,11.204970054527577,10.20380799141861,0.30860387606468337,24074,3074,12.76896236603805,1.5639923115104732,39.188,13.52,0.09357696566998892,0.24307862679955702,0.63,597.471,16,7.8,10.015654849406875,37.44784265679841,0,0,0,1,0
16055,30.450449091981902,4655.0,15253.0,138494,20078,14.497378947824455,13.220789348275016,0.2675024138531428,161676,30482,18.853756896509065,4.35637794868461,46.336,22.0,0.18926137410204458,0.08528274083624977,3.5,1237.779,16,7.8,11.838582282371497,111.8891175242107,0,0,0,1,0
16057,-3.0155172413793103,-119.0,3944.0,37244,3858,10.358715497798302,10.482225324884546,0.2439329497122842,40052,5547,13.849495655647658,3.490780157849356,36.974,18.38,0.15833234350873027,0.03610880152037059,1.13,1075.867,16,7.8,10.52524613700842,34.61766184853704,0,0,0,1,0
16059,15.177035076108538,230.0,1511.0,7936,1758,22.152217741935484,18.598790322580644,0.3171917953055614,7929,2385,30.0794551645857,7.927237422650215,36.411,17.49,0.25584182144997003,0.0,0.43,4563.693,16,7.8,8.979164648964709,1.7389425625255686,1,0,0,1,0
16061,4.15037878787879,32.0,792.0,3821,834,21.826746924888774,15.702695629416382,0.26595744680851063,3850,1002,26.025974025974026,4.199227101085253,35.808,11.21,0.0945945945945946,0.1445945945945946,0.99,478.822,16,7.8,8.2482674474469,7.980000918921854,1,0,0,1,0
16063,-1.8776816608996538,-11.0,578.0,5208,573,11.002304147465438,11.09831029185868,0.15182186234817813,5342,711,13.309621864470236,2.307317717004798,45.714,12.46,0.18711656441717792,0.0,-0.41,1201.364,16,7.8,8.557951183888406,4.335072467628462,1,0,0,1,0
16065,5.384885496183205,107.0,1965.0,37536,2092,5.573316283034953,4.875319693094629,0.6560283687943262,39725,2651,6.673379483952171,1.1000632009172184,35.461,16.97,0.11678316186287599,0.08356239692138538,0.92,469.267,16,7.8,10.533055751453203,79.98857793111384,0,0,0,1,0
16067,-1.1313653136531368,-35.0,2981.0,20069,2969,14.793960835118842,11.505306691912901,0.23483365949119372,20817,3302,15.862035836095497,1.0680750009766555,40.35,9.84,0.0,0.18506787330316743,1.42,756.996,16,7.8,9.906931614938683,26.51136862017765,0,0,0,1,0
16069,17.301624518506113,1035.0,5971.0,39265,7063,17.988030052209346,12.914809626894181,0.1777726803532515,40468,8014,19.803301373925077,1.8152713217157306,44.395,15.96,0.18242335409796018,0.17594967631611091,1.41,848.32,16,7.8,10.578088815808975,46.28559977367031,0,0,0,1,0
16071,7.252127659574469,47.0,658.0,4286,714,16.658889407372843,13.042463835744284,0.2098635886673662,4429,859,19.39489726800632,2.736007860633478,44.599,12.04,0.0,0.0,0.17,1198.951,16,7.8,8.363109176033522,3.5747916303501976,1,0,0,1,0
16073,3.2848641655886155,50.0,1546.0,11526,1612,13.98577129967031,11.894846434148882,0.46015477933486715,11724,2150,18.33845104060048,4.352679740930169,33.441,13.35,0.08977556109725686,0.10037406483790523,2.1,7668.206,16,7.8,9.352360631996612,1.5030895101148822,1,0,0,1,0
16075,10.514589371980676,327.0,3105.0,22623,3462,15.303010210847368,11.501569199487248,0.23476802683063164,23705,4314,18.198692259017086,2.895682048169718,43.559,13.48,0.11996398829619627,0.2275489534098582,1.79,406.892,16,7.8,10.026722366870757,55.599520265819926,0,0,0,1,0
16077,-2.8769948186528493,-28.0,965.0,7817,947,12.114621977740821,11.769220928745042,0.2377717391304348,7635,1188,15.55992141453831,3.445299436797489,40.843,12.19,0.0,0.0,2.04,1403.826,16,7.8,8.96405612822033,5.568353912806858,1,0,0,1,0
16079,-2.670522243713733,-70.0,2585.0,12765,2537,19.874657265961616,16.27888758323541,0.3682197988953406,12700,2933,23.094488188976378,3.2198309230147615,36.654,14.5,0.12347218757794962,0.0,3.64,2637.425,16,7.8,9.454462329675584,4.83994805539494,1,0,0,1,0
16081,14.49109947643979,82.0,573.0,10170,664,6.529006882989184,9.68534906588004,0.7849580138736765,11776,1367,11.60835597826087,5.079349095271685,53.364,29.48,0.0,0.05635422656699252,1.9,449.091,16,7.8,9.227197489042606,22.645744403695463,0,0,0,1,0
16083,16.38120407939467,1498.0,9119.0,77230,10706,13.862488670205877,11.121325909620614,0.25746652935118436,86198,13336,15.471356644005663,1.6088679737997857,42.455,14.84,0.18651089877575397,0.10141086891609435,0.96,1921.713,16,7.8,11.25454326156331,40.18810301017894,0,0,0,1,0
16085,-2.7321703134240063,-47.0,1691.0,9862,1659,16.822145609409855,19.255729061042384,0.13571973873950294,11085,3085,27.83040144339197,11.008255833982115,50.851,28.71,0.15423063191717243,0.01606569082470546,4.59,3665.116,16,7.8,9.196444266784072,2.69077431655642,1,0,0,1,0
16087,17.279376770538242,305.0,1765.0,10198,2091,20.504020396156108,14.355756030594236,0.44159858688452197,10128,2568,25.355450236966824,4.851429840810717,36.542,14.02,0.0,0.1224366706875754,2.17,1452.852,16,7.8,9.2299469016151,7.019297216784641,1,0,0,1,0
17001,7.626929832670796,829.0,10817.0,67103,11747,17.505923729192435,12.546383917261522,0.3987668386837343,65670,13282,20.2253692705954,2.7194455414029655,43.824,9.84,0.18151439988976162,0.15130219098801156,-2.1,855.141,17,3.0,11.11398403134931,78.47010025247299,0,0,0,0,0
17003,-10.561329890251777,-164.0,1549.0,8238,1397,16.957999514445255,13.89900461277009,0.9236145781328009,6011,1352,22.492097820662117,5.534098306216862,28.833,5.82,0.22795869737887212,0.0,0.95,235.521,17,3.0,9.016512874996026,34.97777268269072,0,0,0,0,0
17005,0.824390243902439,22.0,2624.0,17768,2671,15.032642953624492,12.640702386312471,0.25391451544646637,16520,3103,18.783292978208234,3.7506500245837415,51.946,10.65,0.1590142671854734,0.2033722438391699,-2.01,380.339,17,3.0,9.785154365574263,46.71621895204015,0,0,0,0,0
17007,16.93946587537092,914.0,5392.0,54165,6364,11.749284593372105,10.948029170128311,0.3405107661492238,53293,8319,15.609930009569736,3.860645416197631,61.21,17.44,0.07410014960837807,0.45190530669717505,-3.32,280.762,17,3.0,10.899790222379668,192.92140674307777,0,1,0,0,0
17009,-3.438479001135074,-31.0,881.0,6937,859,12.382874441401182,10.018740089375811,0.487408610885459,6599,980,14.850734959842402,2.4678605184412206,38.696,8.01,0.0,0.0,-2.39,305.679,17,3.0,8.844624683385302,22.693740819617968,0,0,0,0,0
17011,1.1823918657198194,74.0,6196.0,34978,6326,18.085653839556294,13.559951969809594,0.4643765903307888,32878,7231,21.993430257314923,3.9077764177586296,45.692,10.2,0.2291988864831426,0.15218063717909064,-3.05,869.084,17,3.0,10.462474571409137,40.24697267467817,0,0,0,0,0
17013,5.637265135699374,53.0,958.0,5089,1024,20.12183140106111,13.794458636274317,0.24691358024691357,4782,1137,23.776662484316187,3.6548310832550754,44.891,10.19,0.1771523178807947,0.0,-0.75,253.825,17,3.0,8.534836626588833,20.049246528119767,0,0,0,0,0
17015,-0.44856879039704567,-16.0,3249.0,15387,3262,21.19971404432313,15.74056021316696,0.6400379281735213,14398,3648,25.33685234060286,4.13713829627973,44.805,9.85,0.15144372421921037,0.25721862109605187,-0.08,445.043,17,3.0,9.641278276057378,34.574187213370394,0,0,0,0,0
17017,3.5061553492916464,72.0,2047.0,13642,2142,15.701510042515759,11.882421932267997,0.5825908156271419,12324,2193,17.794547224926973,2.093037182411214,41.544,7.73,0.08519701810436635,0.0,-1.94,375.751,17,3.0,9.520908548214665,36.305957934909024,0,0,0,0,0
17019,1.142322934661112,228.0,19682.0,201081,20066,9.979063163600738,9.690124875050353,0.2889150270072742,210006,26858,12.789158404997952,2.810095241397214,45.262,14.52,0.192503436777911,0.10066103132586504,-4.55,996.109,17,3.0,12.211463090939162,201.8664624052187,0,1,0,0,0
17021,1.6530134680134683,100.0,5940.0,34800,6096,17.517241379310345,12.643678160919542,0.5204652059371586,32705,6444,19.703409264638434,2.1861678853280893,41.712,8.05,0.19723377937703812,0.1284156077814011,-2.19,709.492,17,3.0,10.457372665762566,49.04917884909203,0,0,0,0,0
17023,-0.549114441416894,-17.0,2936.0,16335,2946,18.034894398530763,12.684419957147231,0.48893463715903246,15602,3087,19.78592488142546,1.751030482894695,43.597,8.41,0.10897814530419374,0.2725930301240402,-2.35,501.429,17,3.0,9.70106532403517,32.57689523342288,0,0,0,0,0
17025,-2.687345801830482,-68.0,2513.0,13815,2468,17.86463988418386,13.521534563879841,0.9212991880074952,13217,2705,20.466066429598246,2.6014265454143874,38.016,7.27,0.14818904593639576,0.36373674911660775,-3.01,468.271,17,3.0,9.533510237357516,29.502147260880985,0,0,0,0,0
17027,1.570790313497278,83.0,5327.0,37762,5458,14.453683597267094,11.564535776706743,0.4571876428711384,37549,6404,17.055048070521188,2.601364473254094,55.278,12.42,0.20126496498757623,0.09622769369776372,-0.72,474.004,17,3.0,10.539058584958477,79.66599437979426,0,0,0,0,0
17029,6.7352224960139155,465.0,6899.0,53873,7431,13.79355150075177,10.831028530061442,0.2689434364994664,51065,8710,17.056692450798003,3.2631409500462336,36.457,8.95,0.21634808564376326,0.172837380173354,-2.99,508.288,17,3.0,10.894384703747138,105.98912427600101,0,0,0,0,0
17031,-15.246852792783645,-111687.0,728789.0,5194675,620329,11.941632537165463,10.959800179992012,0.2813756817111311,5169517,757688,14.65684318283507,2.7152106456696075,53.942,26.58,0.15703633917422993,0.0826290902369898,-1.04,944.935,17,3.0,15.463144620404503,5497.3887092763,0,1,0,0,1
17033,-0.06789712556732226,-3.0,3305.0,19817,3336,16.834031387192812,13.00398647625776,0.5542085209560097,18833,3580,19.009186003292093,2.175154616099281,41.434,7.04,0.14347616754935003,0.3140747873535548,-2.44,443.614,17,3.0,9.894295434167212,44.671719107151716,0,0,0,0,0
17035,4.24802065404475,74.0,1743.0,11048,1838,16.63649529326575,13.314627081824765,0.38982355354944603,10787,2145,19.885046815611386,3.248551522345636,42.101,8.13,0.16976127320954906,0.26061007957559684,-2.8,345.92,17,3.0,9.310004695089129,31.93802035152636,0,0,0,0,0
17037,11.044261406741088,1020.0,9227.0,105160,10337,9.829783187523773,9.263978699125143,0.1923123737189318,104588,13140,12.563582820208818,2.733799632685045,54.002,19.23,0.19358022741629816,0.131396083385976,-3.58,631.344,17,3.0,11.563238278843817,166.5652956233052,0,1,0,0,0
17039,2.212005965697241,58.0,2682.0,16561,2768,16.71396654791377,12.940039852665903,0.5451402738997474,15764,3023,19.176604922608476,2.4626383746947056,45.347,9.62,0.11812227074235808,0.10742358078602621,-2.52,397.552,17,3.0,9.714805812589491,41.657443554553865,0,0,0,0,0
17041,-3.0403225806451615,-98.0,3224.0,19980,3154,15.785785785785786,12.132132132132133,0.4648390941597139,19551,3517,17.988849675208428,2.2030638894226424,46.941,9.3,0.056610001650437364,0.3211751114045222,-3.5,416.665,17,3.0,9.902487052202545,47.95219180876723,0,0,0,0,0
17043,-7.291453276565861,-8323.0,113915.0,916924,106398,11.60379704315734,12.337118452565317,0.23976708340469258,926005,144024,15.553263751275642,3.949466708118303,76.581,31.69,0.10752631920742926,0.09185385353604594,-2.33,327.727,17,3.0,13.728779868850843,2797.8286805786524,0,1,0,0,0
17045,5.405950920245398,176.0,3260.0,18576,3469,18.67463393626184,14.001937984496124,0.38623196637509943,17272,3859,22.34251968503937,3.667885748777529,39.904,7.42,0.12049861495844875,0.2867036011080332,-3.65,623.385,17,3.0,9.829625703937673,29.798599581318125,0,0,0,0,0
17047,-9.723353751914242,-128.0,1306.0,6721,1191,17.72057729504538,14.075286415711949,0.3451521807342328,6431,1365,21.225314881044937,3.504737585999557,40.43,6.14,0.0,0.0,-2.9,222.419,17,3.0,8.812992231969966,30.217742189291382,0,0,0,0,0
17049,5.44,266.0,4880.0,34242,5196,15.174347292798318,12.17510659424099,0.27453671928620454,34151,5973,17.489971011097772,2.315623718299454,49.509,10.65,0.15430116613148556,0.17514506225001408,-2.81,478.755,17,3.0,10.441208239764762,71.52301281448757,0,0,0,0,0
17051,3.0678000581226392,105.0,3441.0,22140,3580,16.169828364950316,12.055103884372178,0.2902601591055687,21418,4101,19.14744607339621,2.9776177084458944,41.269,7.32,0.2113391157182145,0.12883435582822086,-1.97,716.496,17,3.0,10.005141206262628,30.900381858377436,0,0,0,0,0
17053,20.649398148148148,446.0,2160.0,14081,2633,18.698956040053975,12.108515020240041,0.6367398917542184,13155,2506,19.049790954009882,0.35083491395590727,48.667,9.07,0.24781128404669261,0.15880350194552528,-4.02,485.597,17,3.0,9.552581649917311,28.99729611179641,0,0,0,0,0
17055,6.483131641086186,437.0,6776.0,39561,7278,18.396906043831045,13.265589848588256,0.6369770580296896,38688,7958,20.569685690653433,2.172779646822388,34.381,6.11,0.1997196916608269,0.11829011913104415,-1.19,408.92,17,3.0,10.585599063475808,96.74508461312726,0,0,0,0,0
17057,2.3534865782166,151.0,6482.0,37069,6692,18.052820415981007,13.164638916614962,0.6298240197591849,34654,7171,20.69313787730132,2.640317461320315,41.268,7.9,0.31907613344739094,0.041203307670373536,-1.77,865.702,17,3.0,10.520536319789551,42.81958456836186,0,0,0,0,0
17059,-8.695897023330652,-108.0,1243.0,5589,1145,20.48667024512435,14.349615315798891,0.21849963583394028,4983,1184,23.76078667469396,3.2741164295696095,38.003,5.66,0.0,0.011661807580174927,-0.19,322.99,17,3.0,8.628555659269699,17.303941298492212,0,0,0,0,0
17061,-3.525193640440277,-87.0,2453.0,13886,2388,17.197177012818663,12.530606366124154,1.7217091876663013,12988,2528,19.46412072682476,2.2669437140060964,41.45,7.2,0.2027700831024931,0.09030470914127424,-2.24,543.02,17,3.0,9.538636417313219,25.571802143567457,0,0,0,0,0
17063,9.936356356356358,499.0,4995.0,50063,5546,11.078041667498951,10.97017757625392,0.3350670134026805,50798,7080,13.937556596716405,2.859514929217454,64.297,19.33,0.11895861148197596,0.09759679572763685,-2.11,418.088,17,3.0,10.821037491276446,119.74273358718737,0,1,0,0,0
17065,0.07664851784633933,1.0,1653.0,8457,1671,19.75877970911671,13.527255527964998,0.9990253411306043,8151,1738,21.3225371120108,1.5637574028940904,35.032,6.75,0.38918106686701726,0.05709992486851991,-2.97,434.634,17,3.0,9.042749779782222,19.457750659175307,0,0,0,0,0
17067,-0.970248152059134,-38.0,3788.0,19104,3786,19.8178391959799,14.510050251256281,0.6038386888074186,17820,4214,23.647586980920316,3.829747784940416,42.857,8.02,0.20658789831722163,0.0,-1.63,793.719,17,3.0,9.857653016192328,24.068971512588206,0,0,0,0,0
17069,-3.2025612472160363,-29.0,898.0,4320,878,20.324074074074076,16.50462962962963,0.3215434083601286,3890,968,24.884318766066837,4.560244691992761,27.578,6.33,0.4674634794156706,0.0,0.07,177.472,17,3.0,8.371010681238156,24.341868012982328,0,0,0,0,0
17071,-5.878908188585608,-94.0,1612.0,7331,1532,20.897558314009,15.236666211976537,0.4180820486020381,6737,1733,25.72361585275345,4.82605753874445,43.45,7.76,0.0,0.0,-1.29,378.789,17,3.0,8.899867211223587,19.35378271280317,0,0,0,0,0
17073,-1.31129069498961,-115.0,8662.0,50486,8624,17.081963316563005,13.635463296755537,0.5324669464374351,49032,10087,20.572279327785935,3.49031601122293,49.164,10.88,0.1201621538932232,0.2754321554229769,-3.43,822.999,17,3.0,10.82945134910597,61.34393844949994,0,0,0,0,0
17075,2.5610477941176466,137.0,5440.0,29718,5627,18.934652399219328,13.348812167709806,0.4311626523936961,27437,5896,21.489229872070563,2.5545774728512356,47.323,10.11,0.27006624557079034,0.1525188722847019,-4.0,1117.406,17,3.0,10.299508201816293,26.595525708650214,0,0,0,0,0
17077,1.7645317309101571,123.0,6823.0,60218,7002,11.627752499252715,10.387259623368427,0.3639162992511722,57517,8907,15.485856355512285,3.8581038562595698,32.169,9.61,0.22663415766864042,0.045744804365494024,0.71,584.072,17,3.0,11.005726589926587,103.10030270240655,0,0,0,0,0
17079,-0.4393579072532694,-8.0,1682.0,9698,1689,17.41596205403176,13.291400288719323,0.9896432681242807,9547,1875,19.639677385566145,2.223715331534386,46.546,7.79,0.06744868035190615,0.0,-2.25,494.614,17,3.0,9.179674957665297,19.607208853772843,0,0,0,0,0
17081,-0.12315081652257456,-11.0,6246.0,38827,6288,16.194915909032375,13.410770855332629,0.3833903503597971,37774,7220,19.113676073489703,2.9187601644573284,41.161,8.58,0.19048448936911816,0.17410247472987103,-1.74,571.207,17,3.0,10.566871159890386,67.97360676602352,0,0,0,0,0
17083,11.402308892355693,366.0,3205.0,22985,3605,15.684141831629322,12.54296280182728,0.4264825345247766,21776,4213,19.346987509184423,3.662845677555101,53.47,11.82,0.17587515816111346,0.0,-1.68,369.286,17,3.0,10.042597108240328,62.24173134102024,0,0,0,0,0
17085,2.9814448505697695,137.0,4651.0,22678,4832,21.306993562042507,16.47411588323485,0.2946810078090467,21429,5999,27.994773437864577,6.68777987582207,50.279,13.8,0.09139016018306637,0.0,-0.4,600.906,17,3.0,10.029150570531785,37.7396797502438,0,0,0,0,0
17087,4.467914438502673,91.0,2057.0,12582,2167,17.223017008424733,13.590844062947067,0.6073597713469097,12391,2655,21.426842062787507,4.203825054362774,41.619,9.47,0.1537433155080214,0.0,0.28,343.925,17,3.0,9.440022500129976,36.583557461655886,0,0,0,0,0
17089,17.019321148825064,7185.0,42130.0,515269,49690,9.643506595584055,10.466183682697777,0.2312589605980873,531756,72886,13.70666245420832,4.063155858624265,67.767,24.5,0.12539849350374863,0.15888075430490403,-2.77,519.359,17,3.0,13.15244437337608,992.1249078190615,0,1,0,0,0
17091,11.308136966126657,1541.0,13580.0,113449,15237,13.430704545654876,11.773572265952103,0.34478185916987136,109924,18357,16.699719806411704,3.2690152607568272,50.484,14.84,0.19619031397263384,0.13543973201612444,-3.3,676.498,17,3.0,11.639108675713432,167.7004218785569,0,1,0,0,0
17093,32.93769206145967,2061.0,6248.0,114736,8382,7.305466462139172,8.608457676753591,0.24304952754147963,127583,13242,10.379125745593065,3.0736592834538925,79.897,24.83,0.07823754408623516,0.11941781332273609,-2.85,320.259,17,3.0,11.650389116122357,358.2600332855595,0,1,0,0,0
17095,4.935184381778742,460.0,9220.0,52919,9762,18.447060602052193,13.76443243447533,0.5067076463014495,50052,10689,21.35578997842244,2.908729376370246,39.545,8.06,0.24422632794457275,0.0,-2.43,716.439,17,3.0,10.876517721602884,73.86392979723327,0,0,0,0,0
17097,0.48722776800919326,321.0,72227.0,703462,73093,10.390468852617483,11.33707293357708,0.2608428412277669,699682,99767,14.258906188811487,3.8684373361940043,78.948,28.73,0.10307304163496739,0.1366937817399164,-0.3,443.941,17,3.0,13.46376913844158,1584.5844380221697,0,1,0,0,1
17099,6.9269115269115265,1207.0,17316.0,113924,18678,16.3951406200625,12.661072293809909,0.5902597142742807,108998,20533,18.837960329547332,2.4428197094848336,51.705,12.55,0.15855369967804958,0.12440494207644258,-2.75,1135.185,17,3.0,11.64328683838893,100.35721049872929,0,0,0,0,0
17101,-2.828983918128655,-79.0,2736.0,16833,2683,15.938929483752155,11.72696489039387,0.5190311418685121,15830,2772,17.511054958938725,1.5721254751865708,38.771,6.79,0.19942112879884225,0.15542691751085383,-2.34,372.178,17,3.0,9.731096524419081,45.228358473633584,0,0,0,0,0
17103,4.027132503252184,215.0,5381.0,36031,5644,15.664289084399543,13.388471038827676,0.37211774868762043,34204,6671,19.50356683428839,3.8392777498888453,48.502,11.34,0.18211135350469507,0.28009105567675235,-2.93,724.844,17,3.0,10.49213495800589,49.70862695973202,0,0,0,0,0
17105,2.542524860947244,153.0,5933.0,38950,6142,15.768934531450576,12.403080872913993,0.3523120478137779,35757,6940,19.408787090639596,3.63985255918902,50.5,10.17,0.1734406104844061,0.2657597876575979,-3.95,1043.627,17,3.0,10.570034051298894,37.321763426971515,0,0,0,0,0
17107,3.6376757469244283,166.0,4552.0,30305,4760,15.706979046361985,12.044217125886817,0.42950359296274876,28818,5254,18.23166076757582,2.5246817212138364,48.999,9.51,0.1851701782820097,0.12520259319286872,-3.89,618.071,17,3.0,10.319067994385385,49.03158375008696,0,0,0,0,0
17109,2.5522271714922047,115.0,4490.0,32612,4644,14.240156997424261,10.640255120814423,0.37450586032318467,30107,5357,17.793204238217026,3.5530472407927647,33.702,8.51,0.1957850368809273,0.1494204425711275,-3.19,589.408,17,3.0,10.392435597782802,55.330093924751615,0,0,0,0,0
17111,18.893474595754466,4946.0,26098.0,308760,31320,10.143801010493588,11.36610959968908,0.2602550844536367,307291,44851,14.59561132607203,4.451810315578442,76.482,24.97,0.1247583276891817,0.19976602425958992,-2.4,603.408,17,3.0,12.64031955506379,511.6935804629703,0,1,0,0,0
17113,7.53491020586947,1213.0,15981.0,169572,17340,10.22574481636119,10.271742976434789,0.24262087975192373,172164,22741,13.208917079064147,2.983172262702956,57.642,15.17,0.1066912054686473,0.05258314710135402,-3.57,1183.233,17,3.0,12.041032894370746,143.3124329696687,0,1,0,0,0
17115,-1.4520623632385123,-276.0,18280.0,110768,18142,16.378376426404735,13.46056622851365,0.4437840515106488,104688,20807,19.875248357022773,3.4968719306180382,44.337,9.05,0.1728711931671124,0.157514450867052,-2.79,580.576,17,3.0,11.615193202917807,190.78983630050158,0,1,0,0,0
17117,1.3204679094207432,106.0,7993.0,47765,8171,17.106668062388778,13.37380927457343,0.639362490733877,45243,9038,19.976570961253675,2.869902898864897,47.178,9.34,0.1918781725888325,0.0631697687535251,-2.36,862.92,17,3.0,10.77404843270411,55.35275575951421,0,0,0,0,0
17119,0.4547204641350211,191.0,37920.0,269282,38428,14.270541662643623,12.094384325725448,0.3834133178487866,264403,45628,17.256990276207155,2.9864486135635318,51.941,12.26,0.16603333055380182,0.14575863342346956,-1.69,716.049,17,3.0,12.503514436610361,376.0664423803399,0,1,0,0,0
17121,1.052906548933039,71.0,6795.0,39437,6923,17.554580723685877,13.287014732357939,0.6340183646698732,37524,7413,19.755356571794053,2.200775848108176,38.974,7.14,0.26065773447015833,0.22683406727255692,-2.18,572.451,17,3.0,10.582459740914768,68.89148590883761,0,0,0,0,0
17123,8.445228584110074,190.0,2253.0,12640,2468,19.525316455696203,14.762658227848103,0.439634764964491,11562,2673,23.118837571354437,3.593521115658234,49.116,10.27,0.16627318718381112,0.3214165261382799,-1.89,386.823,17,3.0,9.444621667700849,32.67644374817423,0,0,0,0,0
17125,2.3241252302025783,64.0,2715.0,14666,2805,19.12586935769808,14.182462839219964,0.4380387169704677,13486,3025,22.43066884176183,3.30479948406375,42.461,8.14,0.2177742193755004,0.0,-1.86,539.306,17,3.0,9.593287168653745,27.19420885360074,0,0,0,0,0
17127,8.806860465116278,228.0,2580.0,15429,2838,18.393933501847172,12.722794737183227,0.8294671727822297,14041,2915,20.760629584787406,2.3666960829402335,41.077,8.18,0.16342710997442456,0.0,-1.69,237.218,17,3.0,9.644004134443026,65.04143867666029,0,0,0,0,0
17129,9.949213483146067,178.0,1780.0,12705,1978,15.568673750491932,14.482487209759936,0.3714184648036788,12261,2393,19.51716825707528,3.948494506583348,56.23,11.35,0.09263157894736843,0.019649122807017545,-3.04,314.439,17,3.0,9.449750895754265,40.405293236526,0,0,0,0,0
17131,-2.6033387888707034,-81.0,3055.0,16434,3001,18.260922477789947,14.159668978946089,0.5164446860559935,15503,3325,21.44746178159066,3.186539303800714,50.909,10.28,0.15875053487376978,0.22379118528027386,-2.47,561.199,17,3.0,9.707107638491133,29.283730013774083,0,0,0,0,0
17133,21.70999736217357,823.0,3791.0,32957,4658,14.133567982522683,12.2159177109567,0.2240143369175627,34444,6126,17.78539077923586,3.651822796713178,68.253,19.74,0.13505786249149082,0.04084411164057182,-0.06,385.295,17,3.0,10.402958960463414,85.53705602200911,0,0,0,0,0
17135,8.311648444070647,396.0,4756.0,30104,5199,17.270130215253786,12.656125431836301,0.5351681957186544,28598,5724,20.015385691307085,2.7452554760532983,40.864,7.81,0.16060398078242966,0.0720658888126287,-2.18,703.652,17,3.0,10.312413332273273,42.78251180981508,0,0,0,0,0
17137,4.702118568630942,265.0,5617.0,35547,5935,16.69620502433398,13.095338565842408,0.41894940380277146,34012,6809,20.01940491591203,3.3231998915780494,44.645,9.33,0.20909020035861853,0.1531145240508303,-2.25,568.798,17,3.0,10.47861104348485,62.4949454815242,0,0,0,0,0
17139,22.052047058823533,469.0,2125.0,14846,2618,17.634379630877003,12.602721271723022,0.38338658146964855,14557,2772,19.04238510682146,1.4080054759444565,46.364,8.97,0.1750841750841751,0.4123456790123457,-1.96,335.957,17,3.0,9.605485747677493,44.19017910030153,0,0,0,0,0
17141,6.152097072012661,468.0,7582.0,53497,8122,15.182159747275549,12.514720451614108,0.39005363237445145,50793,9438,18.58130057291359,3.3991408256380424,55.733,15.24,0.11743744674258269,0.27143853125726236,-2.82,758.591,17,3.0,10.887380856545494,70.52153268362002,0,0,0,0,0
17143,-6.128041229603729,-1688.0,27456.0,186494,25963,13.921627505442535,12.37197979559664,0.27338198810125974,181111,30877,17.04866076604955,3.127033260607016,49.747,11.9,0.19574728901461574,0.08810938236680811,-2.41,618.672,17,3.0,12.136154345966721,301.4424444616857,0,1,0,0,0
17145,-2.4834033025468796,-89.0,3573.0,22350,3515,15.727069351230424,12.429530201342281,0.6895820072140887,21092,3953,18.741703015361274,3.0146336641308498,40.696,7.69,0.2159009759581052,0.1087836229469174,-1.2,441.762,17,3.0,10.014581600041716,50.59285316527904,0,0,0,0,0
17147,-5.8184938704028015,-167.0,2855.0,16729,2713,16.2173471217646,13.664893299061509,0.33016921172100705,16412,3200,19.497928345113333,3.280581223348733,55.752,11.91,0.15021293070073558,0.0,-4.21,439.152,17,3.0,9.72489901933128,38.09387182570044,0,0,0,0,0
17149,0.0831239935587757,2.0,3105.0,16430,3136,19.08703590992088,13.402312842361534,0.3144258583825934,15571,3265,20.96846702202813,1.8814311121072507,40.205,7.6,0.20753512132822477,0.04885057471264368,-1.88,831.404,17,3.0,9.706864211031315,19.761752409177728,0,0,0,0,0
17151,8.210985277463193,72.0,883.0,4470,965,21.588366890380314,15.369127516778525,0.20072260136491368,4177,1280,30.64400287287527,9.055635982494955,39.672,8.83,0.555205047318612,0.0,-0.22,368.77,17,3.0,8.405143687607614,12.121376467717006,1,0,0,0,0
17153,-4.615213675213675,-55.0,1170.0,6161,1124,18.24379159227398,14.218471027430613,0.4754358161648178,5414,1206,22.27558182489841,4.031790232624431,31.173,4.88,0.0,0.0,-1.43,199.185,17,3.0,8.725994381014571,30.931044004317595,0,0,0,0,0
17155,-9.00763948497854,-106.0,1165.0,6006,1069,17.7988677988678,15.667665667665668,0.5855562784645413,5720,1311,22.91958041958042,5.12071262071262,56.458,12.36,0.0,0.2801556420233463,-1.52,160.101,17,3.0,8.700514248543275,37.5138194015028,0,0,0,0,0
17157,6.309290166901267,316.0,4973.0,33476,5340,15.951726610108736,12.809176723622894,0.3210038666374845,31973,6043,18.900322146811373,2.948595536702637,45.02,8.69,0.2126022594468251,0.2774639657187378,0.63,575.316,17,3.0,10.418584043152764,58.187152799504965,0,0,0,0,0
17159,7.591331702202028,218.0,2861.0,16233,3110,19.158504281402085,12.499229963654285,0.7453746838812725,15677,3237,20.64808317917969,1.489578897777605,41.917,7.6,0.18060941828254848,0.08993536472760849,-2.2,360.055,17,3.0,9.694801486310846,45.08477871436308,0,0,0,0,0
17161,-1.6158034528552454,-398.0,24096.0,147546,23881,16.18546080544373,13.248749542515553,0.31632094409635625,142801,27463,19.231658041610352,3.0461972361666234,46.226,11.17,0.1540558185082422,0.12306185735270116,-1.87,427.4,17,3.0,11.901895270549195,345.21759475900797,0,1,0,0,0
17163,-0.6860669307633184,-239.0,33826.0,270056,33810,12.519625559143288,11.52131409781675,0.4671007922648797,261186,41097,15.734763731593576,3.2151381724502883,48.562,12.24,0.18839619998471843,0.0633038738761684,-1.81,657.729,17,3.0,12.506384623881976,410.5885554688937,0,1,0,0,0
17165,1.7724585759068516,78.0,4466.0,24913,4585,18.404046080359652,13.266166258579858,0.7010344532786185,23735,4714,19.86096481988624,1.4569187395265892,35.644,6.94,0.2326825354372827,0.049879646964428995,-0.41,379.888,17,3.0,10.123145034565505,65.57985511519185,0,0,0,0,0
17167,-0.35063532868160113,-96.0,27230.0,197465,27362,13.856632821006254,13.172967361304536,0.3492730892871047,195963,34995,17.85796298280798,4.001330161801725,52.232,11.89,0.24454474289348793,0.03364890650227506,-2.47,868.296,17,3.0,12.193316632428973,227.41668739692454,0,1,0,0,0
17169,0.2898550724637681,3.0,1380.0,7544,1398,18.531283138918344,14.03764581124072,0.4047412546978896,6897,1593,23.09699869508482,4.565715556166477,43.686,7.49,0.0,0.08611326609775019,-2.08,437.265,17,3.0,8.928507824313293,17.252695733708393,0,0,0,0,0
17171,-0.6519210799584624,-8.0,963.0,5355,966,18.03921568627451,12.082166199813258,0.40666937779585194,4982,1036,20.794861501405055,2.7556458151305456,49.462,8.21,0.0,0.19055944055944055,-2.47,250.913,17,3.0,8.585785982881848,21.342058801257807,0,0,0,0,0
17173,-0.03176078151060307,-2.0,4197.0,22363,4232,18.924115726870276,13.826409694584804,0.45209696036937286,21623,4862,22.485316561069233,3.5612008341989565,44.627,8.45,0.16258033801475838,0.2354201380623661,-2.34,758.514,17,3.0,10.015163086426718,29.482646332170532,0,0,0,0,0
17175,3.704828797190517,41.0,1139.0,5994,1194,19.91991991991992,14.014014014014014,0.6357516828721017,5393,1189,22.04709809011682,2.127178170196899,49.195,8.75,0.0,0.19646799116997793,-3.87,288.026,17,3.0,8.69851424787661,20.81062126335817,0,0,0,0,0
17177,9.428349562430668,769.0,8113.0,47711,8958,18.7755444237178,13.430864999685607,0.29437072596349806,44683,10266,22.975180717498827,4.199636293781026,43.304,10.33,0.1826736968564373,0.21604485083094174,-3.75,564.566,17,3.0,10.77291725825696,84.5091627905329,0,0,0,0,0
17179,5.124539569428413,1030.0,19927.0,135394,21139,15.612951829475458,12.858029159342363,0.28339940190555674,132524,24883,18.77622166550964,3.1632698360341838,54.232,12.57,0.12802109607888099,0.15177711534051824,-2.55,646.421,17,3.0,11.815944325332222,209.45173501479684,0,1,0,0,0
17181,0.6101726844583989,19.0,3185.0,17808,3235,18.16599281221923,13.90947888589398,0.47955577990913684,16829,3514,20.880622734565335,2.7146299223461057,39.76,8.42,0.3678362573099415,0.062280701754385964,0.57,413.46,17,3.0,9.787403073515327,43.070671890872156,0,0,0,0,0
17183,-3.7761279976674684,-524.0,13719.0,81625,13302,16.29647779479326,13.020520673813172,0.4185252491877306,76704,14740,19.216729244889443,2.920251450096181,39.456,7.65,0.2044865198600535,0.19131508540852027,-3.21,898.29,17,3.0,11.309890866578732,90.86709191909073,0,0,0,0,0
17185,-4.146914700544464,-92.0,2204.0,11947,2132,17.845484221980414,13.660333138026282,0.2864816472694718,11390,2380,20.8955223880597,3.050038166079286,46.026,7.74,0.3015427769985975,0.06451612903225806,-1.68,223.269,17,3.0,9.388235479817224,53.50944376514428,0,0,0,0,0
17187,-2.8428710620331277,-89.0,3079.0,17707,3016,17.032811882306433,13.090868018297849,0.3384535277271544,16981,3243,19.097815205229374,2.0650033229229408,41.636,8.33,0.0,0.32956410724056173,-3.17,542.376,17,3.0,9.781715320606217,32.647093529212206,0,0,0,0,0
17189,-1.3056108237166735,-34.0,2513.0,14716,2503,17.00869801576515,13.013047023647731,0.8417508417508417,13967,2920,20.906422281091146,3.8977242653259943,51.44,10.31,0.0,0.0,-2.23,562.574,17,3.0,9.596690616224665,26.15833650328668,0,0,0,0,0
17191,1.399968602825746,43.0,3185.0,16760,3259,19.44510739856802,13.257756563245824,0.5893416927899686,16309,3523,21.60156968544975,2.1564622868817303,39.207,6.51,0.24443785226935627,0.0,-2.61,713.883,17,3.0,9.726750374036074,23.477236465919486,0,0,0,0,0
17193,7.295238095238095,208.0,2835.0,14665,3074,20.96147289464712,13.542448005455165,0.6266536694053754,13712,3047,22.221411901983664,1.2599390073365448,39.728,6.29,0.17984308992154496,0.0,-1.82,494.787,17,3.0,9.593218981411551,29.63901638482822,0,0,0,0,0
17195,0.9331379755637232,95.0,10067.0,58498,10247,17.516838182501964,13.386782454100995,0.3492433061699651,55583,11509,20.705971250202403,3.189133067700439,45.266,9.81,0.1339529120198265,0.24014869888475837,-2.32,684.234,17,3.0,10.976747844601336,85.49414381629676,0,0,0,0,0
17197,21.320982846907185,10983.0,51361.0,677560,62814,9.270618100242045,10.180205443060393,0.21768329396507805,689704,90093,13.062560170739912,3.7919420704978677,75.906,24.05,0.12038546830159144,0.10376989303417689,-2.41,835.883,17,3.0,13.426253388700319,810.5919129830371,0,1,0,0,0
17199,6.734260731319555,676.0,10064.0,66357,10837,16.331359163313593,12.916497129164972,0.5369083303139102,66929,12648,18.89763779527559,2.566278631961996,40.579,8.76,0.2716407098877218,0.08805686345526983,1.05,420.181,17,3.0,11.10280453532587,157.9247990746845,0,1,0,0,0
17201,2.774113962725328,1121.0,39276.0,295266,40715,13.789261208537388,12.292983276096809,0.23101655221688566,283635,49555,17.471398099670353,3.6821368911329646,47.198,12.81,0.1781431132617361,0.19103235800943413,-2.5,513.22,17,3.0,12.595631923954562,575.3205253107828,0,1,0,0,0
17203,7.24357034795764,385.0,5288.0,38664,5722,14.799296503207119,12.807779846885992,0.2575107296137339,38503,6838,17.759655091811027,2.960358588603908,65.89,15.15,0.15744522836984776,0.2307216239633618,-2.26,527.781,17,3.0,10.56266421352492,73.25765800587745,0,0,0,0,0
18001,2.8240227123826163,129.0,4579.0,34387,4750,13.813359699886584,10.768604414458952,0.2689411403104349,35544,5451,15.335921674544226,1.5225619746576413,43.317,11.17,0.16823444283646888,0.33077062228654125,-3.55,339.028,18,3.4,10.44543386495991,101.4282006205977,0,0,0,0,0
18003,-1.2192913664816345,-529.0,42335.0,355329,42137,11.858587393654894,11.51608790726341,0.36140461546548913,375520,54745,14.578451214316148,2.7198638206612546,48.714,11.32,0.1884008980279103,0.15984641681761358,-2.97,657.32,18,3.4,12.780799399843504,540.5723239822308,0,1,0,0,0
18005,4.566509341199607,464.0,10170.0,76794,10731,13.97374794905852,12.234028700158866,0.4229862831591033,83280,13396,16.085494716618637,2.111746767560117,52.742,13.31,0.12812621233673865,0.2311392732445364,-2.38,406.913,18,3.4,11.248881791083846,188.7233880460934,0,1,0,0,0
18007,-10.884764364105875,-169.0,1549.0,8854,1394,15.74429636322566,12.446351931330472,0.63500127000254,8695,1536,17.66532489936745,1.921028536141792,46.318,8.52,0.11082307193778354,0.2287751134154245,-4.71,406.418,18,3.4,9.088624613292087,21.785452415985514,0,0,0,0,0
18009,-5.48510101010101,-130.0,2376.0,12766,2268,17.7659407801974,13.64562118126273,1.1733597752437614,11926,2546,21.34831460674157,3.5823738265441705,41.989,7.76,0.1479553903345725,0.35985130111524166,-3.27,165.082,18,3.4,9.454540665816003,77.33126567402867,0,0,0,0,0
18011,12.967284586337112,755.0,5826.0,56640,6644,11.730225988700566,11.345338983050848,0.3296123758460051,66875,8812,13.176822429906544,1.446596441205978,68.594,17.43,0.14207844531342576,0.08051901884109491,-3.68,422.912,18,3.4,10.944470728367602,133.92857142857144,0,1,0,0,0
18013,-3.7123795404002964,-100.0,2698.0,15242,2620,17.18934523028474,18.56055635743341,0.5431502715751357,15093,3671,24.322533624859204,7.133188394574464,50.139,15.85,0.0,0.0919435593991807,-0.29,311.987,18,3.4,9.631810054226063,48.85459971088539,0,0,0,0,0
18015,-3.6894865525672373,-121.0,3272.0,20155,3182,15.787645745472586,13.510295212106177,0.7390202702702703,20137,3943,19.580871033421065,3.793225287948479,48.055,10.74,0.058726415094339623,0.0,-2.83,372.224,18,3.4,9.911207675551266,54.14750257909216,0,0,0,0,0
18017,-7.089588647959184,-447.0,6272.0,38966,5874,15.074680490684186,11.987373607760613,0.47347335194852497,37727,6648,17.62133220240146,2.546651711717276,42.587,8.24,0.2220435049019608,0.31035539215686275,-3.04,412.155,18,3.4,10.570444750005832,94.54210187914741,0,0,0,0,0
18019,6.605567041886822,868.0,13059.0,110232,14055,12.750381014587417,12.548080412221497,0.2951272605492297,117410,18308,15.593220338983052,2.8428393243956354,47.368,12.58,0.13901642564266248,0.1700999287976626,-2.49,372.846,18,3.4,11.61034251467374,295.65021483400653,0,1,0,0,0
18021,3.30875386199794,128.0,3884.0,26890,4051,15.065079955373745,12.774265526217926,0.7604887635648979,26231,4823,18.386641759749914,3.3215618043761683,44.666,8.71,0.12437612297863845,0.3316031143940906,-2.56,357.609,18,3.4,10.19950974926291,75.19385697787249,0,0,0,0,0
18023,1.7168995914857021,81.0,4651.0,33224,4776,14.37515049361907,11.789670117986997,0.4804444110802492,32186,5286,16.423289629031256,2.0481391354121854,48.416,9.87,0.13832559193383936,0.37691174804576866,-4.37,405.067,18,3.4,10.411027785310589,82.02099899522794,0,0,0,0,0
18025,-1.7658852560148062,-29.0,1621.0,10713,1608,15.009801176141139,14.720433118640905,1.322463768115942,10582,2107,19.911169911169914,4.901368735028775,37.988,8.63,0.0,0.0,-0.2,305.613,18,3.4,9.279213236262558,35.05413709495342,0,0,0,0,0
18027,1.7186752529898806,74.0,4348.0,31648,4461,14.095677451971689,11.50783619817998,0.6495068559057012,33277,5120,15.386002343961295,1.2903248919896058,44.592,9.72,0.1397693027122519,0.19723578925491012,-1.7,429.49,18,3.4,10.362430234422439,73.68739667978299,0,0,0,0,0
18029,5.941290532833632,368.0,6137.0,50047,6567,13.121665634303756,13.333466541451036,0.2577958455207972,49612,8676,17.487704587599776,4.3660389532960195,56.789,16.03,0.16077428780131484,0.10189919649379109,-2.04,305.078,18,3.4,10.82071784288695,164.04657169641862,0,1,0,0,0
18031,4.38955732122588,156.0,3524.0,25740,3717,14.440559440559442,12.086247086247086,0.231956463556071,26587,4452,16.745025764471357,2.3044663239119156,46.894,11.85,0.10294277337387338,0.37908567705505486,-3.09,372.568,18,3.4,10.155801481150117,69.08805909256834,0,0,0,0,0
18033,7.14786091033405,368.0,5119.0,42223,5540,13.12081093243019,12.088198375293087,0.37589702699624106,43193,6941,16.069733521635452,2.948922589205262,46.722,11.23,0.10033023116181326,0.42197538276793756,-2.81,362.833,18,3.4,10.650720375249316,116.37034117624361,0,1,0,0,0
18035,-0.9190220218484481,-166.0,17301.0,117671,17277,14.682462118958792,11.384283298348787,0.5519796779800218,114461,19584,17.109757908807367,2.427295789848575,38.066,9.24,0.2723042630259125,0.09400947339091668,-2.6,392.103,18,3.4,11.675647873764687,300.10226904665353,0,1,0,0,0
18037,11.900595016734846,642.0,5378.0,41889,6079,14.512163097710618,12.30633340495118,0.35089737689829725,42534,7364,17.313208256923872,2.8010451592132544,52.871,12.96,0.0,0.38106796116504854,-0.34,427.269,18,3.4,10.642778541610305,98.03894033969232,0,0,0,0,0
18039,4.797248191920974,1086.0,22676.0,197559,23962,12.12903487059562,11.087826927651992,0.3433332904702509,205184,29989,14.61566203992514,2.4866271693295197,47.258,12.8,0.10086947301452656,0.4663132223518185,-2.72,463.17,18,3.4,12.19379255288836,426.53669279098386,0,1,0,0,0
18041,-0.13669907753677368,-6.0,4011.0,24277,4044,16.65774189562137,14.00090620752152,0.44044778858506145,23068,4610,19.984393965666726,3.3266520700453555,37.038,8.49,0.3139812603343744,0.16847326841815174,-3.35,215.021,18,3.4,10.097284679055107,112.90525111500737,0,0,0,0,0
18043,3.678518037049074,342.0,9231.0,74578,9660,12.95288154683687,12.856338330338707,0.38475975975975973,77879,12540,16.10190166797211,3.1490201211352407,52.422,14.71,0.21172309247094492,0.19088894935282,-1.04,147.965,18,3.4,11.219600836532258,504.02460041225964,0,1,0,0,0
18045,1.7796758946657663,52.0,2962.0,17240,3043,17.650812064965198,12.627610208816705,0.49586776859504134,16456,3259,19.804326689353427,2.1535146243882295,42.817,8.76,0.0,0.0,-2.68,395.666,18,3.4,9.754987544217684,43.572103744066965,0,0,0,0,0
18047,2.5034274833386223,78.0,3151.0,23087,3261,14.124832156624938,12.803742365833587,0.32501572656741456,22750,4144,18.215384615384618,4.09055245875968,51.649,14.45,0.23542258134963967,0.12011356191308147,-1.45,384.431,18,3.4,10.047024967532325,60.054990362379726,0,0,0,0,0
18049,1.9890123086160312,66.0,3331.0,20836,3428,16.452294106354387,13.174313687847954,0.35022661722290893,20069,3958,19.72195924061986,3.2696651342654732,40.372,9.39,0.1431001890359168,0.32967863894139887,-3.13,368.398,18,3.4,9.944437538865083,56.55839608249773,0,0,0,0,0
18051,-1.162482973341117,-60.0,5139.0,33503,5122,15.288183147777811,12.63767423812793,0.5326049846363947,33711,5861,17.38601643380499,2.0978332860271784,46.872,9.91,0.09049661259245448,0.41270433215240226,-1.56,487.423,18,3.4,10.419390266042402,68.73495916278058,0,0,0,0,0
18053,-5.016116815350951,-603.0,11882.0,70061,11373,16.23299695979218,12.86735844478383,0.6044082383470748,66055,12542,18.987207630005297,2.7542106702131157,38.985,8.31,0.20116561812497588,0.158593538924698,-3.54,414.08,18,3.4,11.157121570129487,169.19677357032458,0,1,0,0,0
18055,-2.756586715867158,-150.0,5420.0,33165,5317,16.031961405095732,13.37554650987487,0.5916770758004076,32174,6264,19.469136569901163,3.4371751648054314,41.103,8.75,0.18610108303249098,0.05938628158844765,-0.77,542.467,18,3.4,10.409250381959657,61.13735950758295,0,0,0,0,0
18057,29.141333773522614,5304.0,18174.0,274569,23689,8.627703783019932,10.06814316255659,0.3231184205596973,330455,40737,12.327548380263575,3.6998445972436436,81.947,21.12,0.14478175320242542,0.048829458298197,-2.53,394.329,18,3.4,12.52295787446477,696.2942111789902,0,1,0,0,0
18059,13.581367894264083,1059.0,7793.0,70002,8937,12.766778092054512,12.419645152995628,0.3768888888888889,76614,12725,16.60923590988592,3.8424578178314093,61.052,15.92,0.14113771696439883,0.1437349550234385,-3.58,305.955,18,3.4,11.156279092051912,228.79835269892632,0,1,0,0,0
18061,16.27648072367004,756.0,4643.0,39364,5451,13.847678081495781,13.19225688446296,0.4475625982823273,40164,7092,17.657603824320287,3.8099257428245057,51.272,12.42,0.16142857142857142,0.1479120879120879,-0.78,484.516,18,3.4,10.580606972018876,81.24396304765993,0,0,0,0,0
18063,21.44812598425197,2729.0,12700.0,145448,15569,10.704169187613441,11.056185028326276,0.31918346737836767,166806,22869,13.709938491421173,3.0057693038077318,67.18,16.11,0.1360352692114625,0.06994914773347301,-3.61,406.894,18,3.4,11.887573913399109,357.4591908457731,0,1,0,0,0
18065,-0.35696870679904485,-28.0,7957.0,49462,8001,16.176054344749506,13.274837248797056,0.9535888763622697,48158,9105,18.906516051331035,2.7304617065815293,41.087,9.52,0.235282874617737,0.1570145259938838,-2.61,391.877,18,3.4,10.808959976974403,126.21817560101766,0,1,0,0,0
18067,3.9368018720748834,505.0,12820.0,82752,13441,16.24250773395205,13.314481825212685,0.3102458698518576,82486,15816,19.174162888247704,2.9316551542956546,45.003,10.83,0.19614951428973673,0.24493171899197522,-3.61,293.0,18,3.4,11.32360346213153,282.43003412969284,0,1,0,0,0
18069,4.060480769230769,214.0,5200.0,37124,5466,14.723628919297491,12.26699709083073,0.6137298323315407,36351,6332,17.419053120959532,2.695424201662041,45.964,9.67,0.13701682932452164,0.2738799661876585,-2.34,382.649,18,3.4,10.522018939715283,97.01841635545892,0,0,0,0,0
18071,4.720505226480836,271.0,5740.0,42376,6068,14.319426090239759,12.032754389276949,0.401054829139655,44077,7083,16.06960546316673,1.7501793729269721,43.98,11.37,0.13085344185246747,0.30675760875795266,-0.57,509.974,18,3.4,10.654337443224362,83.0944322651743,0,0,0,0,0
18073,10.299455105425254,437.0,4221.0,33478,4702,14.045044506840313,12.094509827349304,0.3873025516403402,33433,5970,17.856608739867795,3.8115642330274824,55.093,14.22,0.17955286446204005,0.15335351653469959,-3.57,559.625,18,3.4,10.418643785662566,59.822202367656914,0,0,0,0,0
18075,-5.546517050422617,-190.0,3431.0,21253,3267,15.37194748976615,12.337081823742531,1.117015508079384,20697,3739,18.06542010919457,2.6934726194284195,39.886,8.13,0.14053278034774286,0.4174509491146913,-3.98,383.905,18,3.4,9.964253340858692,55.36005001237286,0,0,0,0,0
18077,1.1798018949181739,53.0,4644.0,32428,4742,14.623165165906007,12.908597508326139,0.3074558032282859,32167,5797,18.021574905959522,3.3984097400535145,42.707,10.68,0.18940594982747366,0.2545929310827194,-0.89,360.633,18,3.4,10.386777526107597,89.91966902640635,0,0,0,0,0
18079,-2.4575061525840853,-89.0,3657.0,28525,3601,12.624014022787028,12.326029798422436,0.3065705526555638,27639,4465,16.154708925793262,3.530694903006234,43.755,9.22,0.14893617021276595,0.2515835634237453,-2.48,376.59,18,3.4,10.258536174730276,75.74550572240368,0,0,0,0,0
18081,24.257248229022128,3325.0,13693.0,139654,17174,12.297535337333697,11.381700488349779,0.310685095941676,156148,22819,14.613699823244614,2.3161644859109174,61.629,14.34,0.1564640410958904,0.10910744863013698,-1.16,320.444,18,3.4,11.84692321399928,435.81405799453256,0,1,0,0,0
18083,3.046412633024373,178.0,5826.0,38440,6062,15.770031217481788,12.510405827263268,0.5458387134640216,36833,6557,17.801971058561616,2.0319398410798275,39.523,8.47,0.2519954389965792,0.1105283162295705,-1.98,516.03,18,3.4,10.556853863084228,74.49179311280352,0,0,0,0,0
18085,-1.8767246267246267,-201.0,10582.0,77358,10473,13.538354145660437,12.224979963287572,0.3455910146336195,79156,13053,16.490221840416392,2.951867694755956,50.217,13.46,0.11223626046336646,0.3946766153556761,-2.25,531.436,18,3.4,11.256199276638892,145.56409426534896,0,1,0,0,0
18087,-4.180900900900901,-187.0,4440.0,37128,4292,11.560008618832148,10.409933204050851,0.34057045551298426,39537,5479,13.85790525330703,2.2978966344748812,47.792,14.82,0.09141811133843006,0.4604285560460859,-2.36,379.63,18,3.4,10.522126680921012,97.80048995074151,0,0,0,0,0
18089,-4.910441825359963,-3423.0,68896.0,496005,65870,13.280108063426779,12.169635386740053,0.28407185628742515,485983,80244,16.511688680468247,3.231580617041468,48.723,13.54,0.1990720497497935,0.13835446727882234,-1.14,498.821,18,3.4,13.114341286301416,994.3546883551413,0,1,0,0,1
18091,-2.0489111498257837,-335.0,16072.0,111467,15867,14.234706235926328,13.284649268393336,0.43964663143989435,110026,19462,17.688546343591515,3.4538401076651866,46.014,11.98,0.15672167733599576,0.20432254654372467,-1.87,598.267,18,3.4,11.621483861950725,186.316477425631,0,1,0,0,1
18093,1.531427797344893,111.0,7382.0,46134,7562,16.39138162743313,13.84228551610526,0.45553762930625413,45552,9224,20.249385317878467,3.8580036904453365,40.38,9.74,0.23652446328204182,0.1633649682115544,-0.35,449.179,18,3.4,10.739305484260235,102.70738391598896,0,0,0,0,0
18095,-4.284907729721996,-903.0,20971.0,131636,20234,15.371175058494638,12.569509860524478,0.4147761901537211,129486,23564,18.198106358988618,2.82693130049398,43.256,9.63,0.20273715675643994,0.08753626586173549,-3.47,451.921,18,3.4,11.787795816694674,291.28099822756633,0,1,0,0,0
18097,-7.4851139677035,-7766.0,103231.0,903393,96102,10.637895135339768,10.553657156962695,0.29938113539876804,957337,119894,12.52369855129385,1.885803415954081,43.541,12.22,0.15959694624042636,0.09134713628301223,-2.51,396.444,18,3.4,13.713912953666975,2278.7405030723125,0,1,0,0,0
18099,7.480414963847846,479.0,6362.0,47051,6904,14.673439459310112,12.203778878238507,0.4434366339128244,46336,8159,17.60833908839779,2.9348996290876794,50.141,12.34,0.11707971384772611,0.3235181400102197,-2.41,443.62,18,3.4,10.758987398772785,106.06149407150264,0,0,0,0,0
18101,-4.5173784104389085,-76.0,1686.0,10334,1625,15.724791948906521,14.0603832010838,0.6059339740910991,10169,1994,19.60861441636346,3.8838224674569375,43.406,8.41,0.04322972490175062,0.15684172918899608,-0.19,335.761,18,3.4,9.24319470884713,30.777844955191338,0,0,0,0,0
18103,-3.220773313115996,-172.0,5276.0,36903,5148,13.95008535891391,12.914939164837547,0.613734737386136,35684,6202,17.380338527070958,3.430253168157048,39.485,8.61,0.17310485042114435,0.26328783038048215,-2.83,373.842,18,3.4,10.516048127536894,98.71282520423067,0,0,0,0,0
18105,8.839099155458241,1136.0,12788.0,137974,14047,10.180903648513489,9.414092510183078,0.2605444363611755,147318,19057,12.935961661168358,2.755058012654869,38.137,14.67,0.18074061440723133,0.0,0.29,394.522,18,3.4,11.834820540591638,349.72447670852324,0,1,0,0,0
18107,0.9308472246090395,55.0,5819.0,38124,5928,15.549260308467108,11.981953625013116,0.4535833081342607,38295,6979,18.224311267789528,2.6750509593224194,47.694,10.71,0.09524907749077491,0.3893757687576876,-3.35,504.647,18,3.4,10.548599284057516,75.54587662266891,0,0,0,0,0
18109,0.5710562258137946,50.0,8786.0,68894,8919,12.945974976050165,13.1564432316312,0.3494991712906248,70141,11626,16.57518427168133,3.6292092956311652,55.427,14.12,0.1892423159399571,0.12919942816297356,-0.88,403.837,18,3.4,11.140324370481236,170.59853356676086,0,1,0,0,0
18111,10.04143594556546,215.0,2131.0,14244,2370,16.638584667228308,13.633810727323786,0.5140961857379768,13981,2662,19.040125885129818,2.40154121790151,50.721,10.96,0.06237584425903854,0.27691696464044496,-3.42,401.755,18,3.4,9.564091044397669,35.454443628579604,0,0,0,0,0
18113,6.603534529635671,368.0,5517.0,47536,5941,12.497896331201616,12.201279030629419,0.5619374409468397,47640,7518,15.780856423173804,3.2829600919721873,45.818,11.26,0.10527081061432206,0.49727371864776443,-1.93,410.84,18,3.4,10.76924259770239,115.70441047609776,0,1,0,0,0
18115,11.688235294117648,105.0,901.0,6128,1019,16.62859007832898,14.08289817232376,0.5747126436781609,5890,1278,21.69779286926995,5.06920279094097,50.966,13.42,0.06304176516942474,0.016548463356973995,-0.49,86.15,18,3.4,8.720623711420426,71.13174695298896,0,0,0,0,0
18117,3.7461692873870858,112.0,2989.0,19840,3132,15.786290322580646,13.155241935483872,1.0353095030514385,19552,3794,19.404664484451718,3.6183741618710723,37.12,9.05,0.12515609823782434,0.15831830165117247,0.21,398.378,18,3.4,9.895455380838865,49.80194689465784,0,0,0,0,0
18119,0.3920292156240076,12.0,3149.0,21575,3192,14.794901506373117,14.34994206257242,0.4954910316123278,20854,4076,19.54541095233528,4.750509445962164,44.285,9.57,0.09165386584741424,0.47107014848950335,-0.76,385.296,18,3.4,9.979290515951629,55.995909638304056,0,0,0,0,0
18121,-12.441837732160312,-382.0,3069.0,17339,2709,15.6237383932176,13.587865505507816,0.6060606060606061,16912,3275,19.364947965941344,3.7412095727237435,40.512,9.16,0.19180018850141375,0.21206409048067862,-2.3,444.713,18,3.4,9.760713578544673,38.98919078147029,0,0,0,0,0
18123,0.7702253032928944,21.0,2885.0,19338,2935,15.177370979418761,13.217499224325163,0.5297233666862861,19091,3578,18.741815515164216,3.564444535745455,45.108,9.36,0.17181264440243646,0.31337954211300145,-0.38,381.739,18,3.4,9.869827351043494,50.65764828849031,0,0,0,0,0
18125,-1.874533029612756,-42.0,2195.0,12845,2175,16.93265862203192,13.88867263526664,0.4707933740191805,12364,2492,20.155289550307344,3.222630928275425,41.222,8.07,0.14915533580552123,0.06633704161516275,-1.75,334.297,18,3.4,9.460709909543985,38.4239164575213,0,0,0,0,0
18127,3.5323536954403245,690.0,19497.0,164343,20363,12.390549034640964,13.118903756168502,0.20550325631998068,169482,27776,16.388761048370917,3.998212013729953,60.889,16.45,0.11061910450220373,0.1954318902665074,-0.54,418.069,18,3.4,12.009710986156094,393.10018202736865,0,1,0,0,1
18129,-7.713170366674981,-311.0,4009.0,25910,3731,14.399845619451948,14.125820146661521,0.5443026679753725,25480,4761,18.68524332810047,4.285397708648521,57.53,12.05,0.06777234220260112,0.28111203913614125,-1.53,409.372,18,3.4,10.162384273556155,63.292066873161815,0,0,0,0,0
18131,4.945750708215297,104.0,2118.0,13402,2244,16.74376958662886,12.848828533054768,0.4785478547854785,12482,2431,19.47604550552796,2.7322759188990986,44.016,9.79,0.17965116279069768,0.3313953488372093,-3.48,433.665,18,3.4,9.503159228533116,30.904038831817186,0,0,0,0,0
18133,-1.085900427849086,-58.0,5142.0,37963,5131,13.515791691910545,11.653452045412639,0.516795865633075,37419,6229,16.64662337315268,3.1308316812421335,48.992,11.98,0.15791004265219077,0.18088406359053896,-2.71,480.537,18,3.4,10.544367280159596,79.00120074000546,0,0,0,0,0
18135,-4.168307426597583,-194.0,4632.0,26171,4475,17.09907913339192,12.823354094226433,0.6216469386017202,24694,4967,20.11419778083745,3.0151186474455294,40.99,8.01,0.12987252909661925,0.3825974505819324,-3.72,452.379,18,3.4,10.172407206486922,57.85193388729362,0,0,0,0,0
18137,12.184647961884595,462.0,3778.0,28818,4281,14.855298771601083,12.113956554930946,0.3514056224899598,28457,5043,17.721474505394102,2.8661757337930194,48.093,13.82,0.09830328738069989,0.26320254506892893,-2.4,446.426,18,3.4,10.268755470892879,64.5526918235049,0,0,0,0,0
18139,-0.2729977957384281,-9.0,2722.0,17392,2741,15.76011959521619,12.580496780128794,0.49280767181672885,16632,3020,18.15776815776816,2.3976485625519697,46.685,10.68,0.13802584547704153,0.18009348364036293,-3.97,408.124,18,3.4,9.763765609360991,42.61449951485333,0,0,0,0,0
18141,-2.0680948419301166,-768.0,36060.0,266931,35565,13.323667914180067,11.921058251008688,0.32825710280455206,270881,42735,15.77630029422514,2.4526323800450722,44.644,11.63,0.1687976528967528,0.12261622326457432,-2.51,457.886,18,3.4,12.494745477018093,582.9638818395845,0,1,0,0,0
18143,12.999049630411827,369.0,2841.0,24181,3245,13.419626979860222,12.840660022331582,0.5363984674329502,23785,4067,17.09901198234181,3.679385002481588,39.588,9.66,0.16293464409248135,0.285272164573093,-1.92,190.397,18,3.4,10.093322479806597,127.0030515186689,0,1,0,0,0
18145,4.911541095890411,290.0,5840.0,44436,6188,13.925645872715817,12.600144027365198,0.3354297693920335,44559,7576,17.002176889068426,3.076531016352609,52.292,12.64,0.13178941511927117,0.2671952152444537,-3.76,411.132,18,3.4,10.701805230701613,108.08207582966054,0,0,0,0,0
18147,-0.1341134979159985,-5.0,3119.0,20952,3145,15.010500190912563,14.103665521191294,0.7889990982867449,20364,4027,19.775093301905322,4.7645931109927595,52.105,11.16,0.05863303221407874,0.21646497358104652,-2.2,396.768,18,3.4,9.949989386187548,52.806677957899836,0,0,0,0,0
18149,-0.5657303370786517,-20.0,3560.0,23363,3575,15.30197320549587,13.36300988742884,0.4834884145228973,22996,4203,18.277091668116192,2.9751184626203226,37.48,9.82,0.13477819166948865,0.2637995259058584,-2.85,309.144,18,3.4,10.058908853353957,75.57319566286262,0,0,0,0,0
18151,5.579262672811059,267.0,4774.0,34185,5090,14.88957144946614,13.874506362439668,0.4076998503380296,34591,6956,20.10927697956116,5.219705530095018,47.479,12.17,0.10714285714285714,0.30509478672985785,-1.61,308.777,18,3.4,10.439542230347895,110.71096616652147,0,0,0,0,0
18153,2.5218394540136493,77.0,3077.0,21475,3186,14.835855646100116,12.78230500582072,0.9061416265801543,20647,3635,17.6054632634281,2.769607617327983,44.184,7.7,0.0,0.10955377574370709,-2.07,447.172,18,3.4,9.974644746852457,48.02402654906837,0,0,0,0,0
18155,10.81523465703971,149.0,1385.0,10613,1549,14.595307641571658,12.362197305191746,0.36224592473334677,10727,2007,18.709797706721357,4.114490065149699,44.503,11.98,0.0886146943353898,0.024677509814918678,-0.2,220.661,18,3.4,9.269834943761822,48.096401267102024,0,0,0,0,0
18157,9.930586403033585,1470.0,14768.0,172780,16379,9.479685148744068,9.179303160087974,0.28271632721953416,193302,21986,11.37391232372143,1.8942271749773631,42.632,12.89,0.1534249846489732,0.2049191512587842,-2.79,498.907,18,3.4,12.059774387912876,346.3170490692654,0,1,0,0,0
18159,0.14112218530823173,3.0,2709.0,15936,2738,17.181224899598394,13.911897590361447,0.3858245212917976,15154,3136,20.69420615019137,3.5129812505929756,51.485,11.35,0.0,0.2306927411335764,-5.4,260.541,18,3.4,9.67633597982438,61.16503736456067,0,0,0,0,0
18161,-5.5689806678383125,-64.0,1138.0,7516,1087,14.462480042575837,13.744012772751462,0.43223217042297,7140,1398,19.57983193277311,5.117351890197273,43.257,11.26,0.15734265734265734,0.0,-1.51,161.19,18,3.4,8.924789360533357,46.62820274210559,0,0,0,0,0
18163,1.1440152767934484,286.0,25398.0,179703,25896,14.410443899100182,12.166741790621192,0.4240810573111815,181548,30633,16.87322361028488,2.4627797111847,42.396,11.17,0.1722206452833759,0.10394550099347147,-2.48,233.671,18,3.4,12.099060767123117,769.0427994915929,0,1,0,0,0
18165,7.614898688915376,192.0,2517.0,16212,2736,16.87638786084382,14.563286454478163,0.4139957264957265,15485,3075,19.857927026154343,2.9815391653105223,41.904,7.7,0.0,0.0,-2.3,256.864,18,3.4,9.693506987748199,63.115111498691924,0,0,0,0,0
18167,0.7453749737413347,104.0,14281.0,107848,14511,13.455047845115347,11.799940657221274,0.39994783289136204,107305,17535,16.341270211080563,2.8862223659652155,38.508,8.99,0.20502564994348318,0.17878880097382835,-2.12,403.55,18,3.4,11.5884781073709,267.24817246933463,0,1,0,0,0
18169,7.894896652643132,432.0,5467.0,32888,5952,18.097786426660182,12.919605935295547,0.6421565168301461,31198,6492,20.809026219629466,2.711239792969284,43.157,9.64,0.2126082771896054,0.23801732435033687,-2.05,412.534,18,3.4,10.400863128577715,79.72191383013279,0,0,0,0,0
18171,-0.83359375,-12.0,1408.0,8508,1412,16.596144804889516,13.4579219558063,0.5163043478260869,8219,1713,20.841951575617472,4.245806770727956,49.238,10.26,0.0,0.0,-3.25,364.69,18,3.4,9.048762176320128,23.329403054649156,0,0,0,0,0
18173,18.515063138905592,1234.0,6652.0,59689,7958,13.332439813030877,13.43631154819146,0.5453869355038632,62608,10882,17.381165346281623,4.048725533250746,62.354,14.02,0.20417891475331693,0.0,-1.81,384.814,18,3.4,10.996903027797362,155.1113005244092,0,1,0,0,0
18175,2.2005117155938594,80.0,3713.0,28262,3827,13.54115066166584,12.663647300261834,0.7201309328968903,27942,4760,17.03528738100351,3.4941367193376696,39.722,10.02,0.0,0.30547882136279925,-2.13,513.691,18,3.4,10.249273425142691,55.017510526756354,0,0,0,0,0
18177,-0.8388511426806672,-99.0,11333.0,68917,11329,16.43861456534672,12.739962563663537,0.4257089814992638,66176,12562,18.982712765957448,2.5440982006107262,41.123,9.97,0.21591555014210312,0.20913520097442143,-2.54,401.744,18,3.4,11.140658160965502,171.544565693576,0,1,0,0,0
18179,6.278506059856542,257.0,4043.0,27636,4340,15.704154002026344,12.592270950933566,0.540355090488035,28010,5079,18.132809710817565,2.4286557087912204,47.202,11.01,0.16267178012144456,0.23873441994247363,-3.73,368.087,18,3.4,10.226874549608686,75.0800761776428,0,0,0,0,0
18181,3.7095792079207923,151.0,4040.0,24643,4230,17.165117883374588,13.764557886620949,0.3315343099460293,24163,4793,19.836113065430617,2.6709951820560285,45.891,11.1,0.15416666666666667,0.26358024691358023,-2.73,505.127,18,3.4,10.112248163482885,48.785750910167145,0,0,0,0,0
18183,10.401439539347408,436.0,4168.0,33292,4649,13.9643157515319,13.65493211582362,0.49016175337861495,33899,6057,17.867783710433933,3.9034679589020325,52.129,12.35,0.11970049580087018,0.41444905393099263,-2.56,335.582,18,3.4,10.413072406865986,99.20675125602685,0,0,0,0,0
19001,3.7553218610579986,59.0,1569.0,7682,1644,21.400676907055455,13.030460817495443,0.4597079502433748,7048,1577,22.375141884222476,0.9744649771670204,45.202,9.38,0.18434343434343434,0.0,-1.59,569.271,19,8.98,8.94663520890585,13.494451675915338,1,0,0,0,0
19003,-11.651656314699792,-113.0,966.0,4029,860,21.34524695954331,13.899230578307273,2.0895522388059704,3633,836,23.011285439031106,1.6660384794877956,40.368,8.12,0.0,0.0,-1.0,423.433,19,8.98,8.301273485191347,9.51508266951324,1,0,0,0,0
19005,1.2836250911743257,35.0,2742.0,14330,2803,19.56036287508723,14.110258199581299,0.24944203754759092,13761,3111,22.607368650534116,3.0470057754468876,46.623,10.52,0.234006734006734,0.21693121693121692,-0.27,639.044,19,8.98,9.570110520822217,22.424121030789742,0,0,0,0,0
19007,2.289928343949044,56.0,2512.0,12887,2592,20.113292465275084,13.789089780398852,0.5125885722900648,12462,2885,23.150377146525436,3.0370846812503522,34.689,7.24,0.19117647058823528,0.21395617070357556,-0.51,497.291,19,8.98,9.46397433028839,25.914404242184155,0,0,0,0,0
19009,-0.7009174311926606,-11.0,1417.0,6119,1419,23.19006373590456,13.270142180094787,0.9757738896366084,5528,1364,24.67438494934877,1.4843212134442112,42.717,7.29,0.24194880264244426,0.13790255986787778,-1.94,442.961,19,8.98,8.71915396346254,13.81385720187556,1,0,0,0,0
19011,-1.6938997283279824,-70.0,4049.0,26076,4015,15.397300199417089,11.849976990335941,0.3334835511491663,25558,4697,18.37780734016746,2.9805071407503725,54.726,12.89,0.18840914338489956,0.13761256060955898,-3.66,716.102,19,8.98,10.16877063004443,36.41380697163253,0,0,0,0,0
19013,-4.067039820885975,-772.0,18759.0,131090,18131,13.830955831871233,12.111526432222137,0.2683987331579795,131813,21730,16.485475635938794,2.6545198040675615,44.178,11.86,0.2033185978457132,0.19841541622563974,-3.07,565.87,19,8.98,11.783639389191855,231.66098220439324,0,1,0,0,0
19015,0.2159392331806125,9.0,4147.0,26306,4194,15.943130844674219,13.392381966091385,0.39128955427015993,26381,4781,18.122891474925133,2.1797606302509145,49.578,11.58,0.24395639121504187,0.06462316321693791,-3.35,571.558,19,8.98,10.177552329028725,46.02507532043992,0,0,0,0,0
19017,2.831988115870265,115.0,4039.0,24276,4192,17.268083704069863,12.366122919756139,0.3227433182047403,25032,4942,19.742729306487696,2.4746456024178336,55.676,13.28,0.19934442151268666,0.2230180891101129,-3.16,435.479,19,8.98,10.097243486955746,55.74551241276847,0,0,0,0,0
19019,-2.124460874922982,-70.0,3246.0,20958,3205,15.292489741387538,12.34373508922607,0.4683318465655665,21141,3805,17.998202544818128,2.7057128034305897,51.961,11.34,0.22932683292705794,0.18976186011625726,-3.24,571.078,19,8.98,9.950275714034888,36.699014845607785,0,0,0,0,0
19021,-5.597447073474471,-179.0,3212.0,20260,3055,15.078973346495559,11.71767028627838,0.8255432803205052,19950,3019,15.132832080200501,0.0538587337049421,43.182,8.76,0.1596785464709993,0.34626135569531796,-2.44,574.899,19,8.98,9.916403777802675,35.240972762172134,0,0,0,0,0
19023,5.37118582791034,149.0,2766.0,14867,2944,19.80224658639941,14.333759332750388,0.5088296917090691,14508,3269,22.532395919492693,2.7301493330932836,47.702,9.09,0.16559743384121892,0.26142742582197276,-3.94,580.139,19,8.98,9.60689927061335,25.626617069357515,0,0,0,0,0
19025,1.3740410347903655,28.0,2242.0,9670,2292,23.702171664943123,14.581178903826267,0.548159749412686,9656,2205,22.835542667771332,-0.8666289971717909,41.611,7.07,0.2896790980052038,0.05203816131830009,-2.73,569.846,19,8.98,9.17678358844734,16.969497022002436,1,0,0,0,0
19027,3.6730145867098867,137.0,3702.0,20816,3874,18.610684089162184,12.226172175249808,0.21331058020477817,20150,4100,20.34739454094293,1.7367104517807448,47.507,10.67,0.2041903409090909,0.1522549715909091,-1.7,569.437,19,8.98,9.943477200752287,36.55540472431542,0,0,0,0,0
19029,1.0886680613668056,29.0,2868.0,13956,2924,20.951562052163943,13.621381484666092,0.7130936125018965,12990,2973,22.886836027713624,1.9352739755496806,40.82,8.26,0.24778030146603344,0.0,-1.79,564.258,19,8.98,9.543664802306665,24.73336665142541,0,0,0,0,0
19031,-0.46403765011359943,-14.0,3081.0,18499,3093,16.719822693118548,13.319638899399969,0.33482142857142855,18475,3600,19.485791610284167,2.765968917165619,54.321,12.59,0.14684663718873633,0.14126134512450547,-3.28,579.462,19,8.98,9.82547195555139,31.92444025665186,0,0,0,0,0
19033,0.2734448844041385,22.0,7829.0,44151,7919,17.93617358610224,14.128785304976105,0.4151062581780445,42672,9175,21.50121859767529,3.5650450115730514,44.741,10.79,0.22868555162756532,0.14333593498921077,-2.96,568.3,19,8.98,10.695370855832223,77.68960056308289,0,0,0,0,0
19035,3.5092771084337353,88.0,2490.0,12072,2604,21.570576540755468,14.769715043074886,0.5366106975939069,11281,2692,23.863132701001685,2.2925561602462174,44.635,7.75,0.21068048670572329,0.24290220820189273,-2.66,576.907,19,8.98,9.398644000447685,20.925383120676294,0,0,0,0,0
19037,-3.7745098039215685,-93.0,2448.0,12439,2376,19.10121392394887,13.530026529463784,0.22891354111639373,11970,2462,20.568086883876358,1.466872959927489,41.372,9.38,0.16783029001074115,0.2994092373791622,-3.65,504.335,19,8.98,9.428591977209965,24.66416171790576,0,0,0,0,0
19039,3.1862626262626264,46.0,1485.0,9286,1549,16.68102519922464,13.04113719577859,0.36710719530102787,9383,1687,17.9793243099222,1.2982991106975632,45.596,9.24,0.17513244001246495,0.0,-2.42,431.167,19,8.98,9.136263168579868,21.536898695864945,0,0,0,0,0
19041,3.3023469387755107,99.0,2940.0,16667,3066,18.39563208735825,13.547729045419091,0.2976928801786157,16138,3388,20.993927376378732,2.5982952890204807,43.542,9.85,0.18680574370089406,0.10688160390138174,-2.52,567.238,19,8.98,9.721185995542177,29.38272823752992,0,0,0,0,0
19043,1.4755841121495328,49.0,3424.0,18129,3504,19.328148270726462,14.303050361299574,0.333370374486054,17527,4109,23.443829520168883,4.115681249442421,45.873,9.65,0.20588816439438845,0.13613910294408219,-1.01,778.496,19,8.98,9.805268145029668,23.287210210457086,0,0,0,0,0
19045,1.3924133663366338,115.0,8080.0,49116,8267,16.831582376415017,12.918397263620815,0.34049601987760547,46734,9180,19.64308640390294,2.811504027487924,46.17,10.61,0.15525728951908108,0.18155425590103927,-2.35,694.914,19,8.98,10.801940126280403,70.67924951864548,0,0,0,0,0
19047,-6.473742828214647,-192.0,2963.0,17096,2793,16.337154890032757,11.938465138043988,0.31686590810888665,16998,2895,17.031415460642428,0.6942605706096714,44.377,8.15,0.16067939275514806,0.3837366601533143,-1.89,714.19,19,8.98,9.746599796998984,23.937607639423682,0,0,0,0,0
19049,28.348779511804725,1419.0,4998.0,66135,6476,9.792091933167008,10.083919256067135,0.359501100513573,90418,10775,11.916874958525957,2.1247830253589495,67.037,17.66,0.09590220385674932,0.07038567493112947,-2.56,588.32,19,8.98,11.099453386460148,112.41331248300244,0,0,0,0,0
19051,-1.1149732620320856,-17.0,1496.0,8753,1493,17.05700902547698,11.995887124414487,0.8333333333333334,8977,1570,17.489138910549183,0.43212988507220373,46.597,10.14,0.30835734870317005,0.09438040345821326,-1.96,502.188,19,8.98,9.077151777732437,17.429727512405712,0,0,0,0,0
19053,2.6540229885057474,39.0,1479.0,8457,1533,18.126995388435617,12.131961688542036,0.5216484089723527,7908,1604,20.283257460799188,2.156262072363571,37.138,6.93,0.1926945473795659,0.0,-2.04,531.882,19,8.98,9.042749779782222,15.9001432648595,1,0,0,0,0
19055,-2.5174566088117487,-77.0,2996.0,17764,2944,16.5728439540644,12.553478946183292,0.36123567513702043,17107,3327,19.448179107967498,2.875335153903098,47.078,11.37,0.18762435336251493,0.2769598089932352,-3.45,577.682,19,8.98,9.784929216411992,30.750482099147973,0,0,0,0,0
19057,-4.1043572984749455,-307.0,7344.0,40325,7096,17.597024178549287,13.651580905145691,0.361478284326949,39227,8109,20.671986132000917,3.0749619534516306,41.937,9.04,0.1831578947368421,0.2266842105263158,-2.04,416.129,19,8.98,10.60472690299341,96.90504627170901,0,0,0,0,0
19059,4.2162560181251765,147.0,3531.0,16667,3712,22.271554568908623,16.547669046619067,0.26461203206475215,17260,4492,26.025492468134416,3.753937899225793,50.174,15.3,0.12338235294117647,0.21544117647058825,-1.51,380.52,19,8.98,9.721185995542177,43.80058866813834,0,0,0,0,0
19061,5.980084903552543,804.0,13427.0,93653,14355,15.327859225011478,12.209966578753484,0.24389617724833768,97193,17256,17.754365026287903,2.4265058012764253,48.573,13.68,0.1496866288380553,0.15615176258921687,-0.79,608.299,19,8.98,11.447351741528932,153.95882616936737,0,1,0,0,0
19063,-2.0623025980641874,-40.0,1963.0,10302,1939,18.821588041157057,13.026596777324793,1.5552753257671292,9322,1968,21.11134949581635,2.289761454659292,42.286,7.86,0.25600686498855835,0.24170480549199086,-2.1,395.882,19,8.98,9.24009333012553,26.022905815369224,0,0,0,0,0
19065,-0.22895063259737075,-11.0,4031.0,20880,4055,19.42049808429119,13.00287356321839,0.4289600334798075,19604,4195,21.398694144052236,1.9781960597610464,41.055,8.12,0.22191880575277625,0.10504278172219188,-4.09,730.83,19,8.98,9.946547041996576,28.570255736628216,0,0,0,0,0
19067,3.2667305848513903,103.0,3129.0,16303,3263,20.014721216953934,13.580322640004908,0.6112144565506245,15713,3477,22.128174123337363,2.1134529063834293,39.467,8.92,0.20718289391737596,0.0,-4.03,500.632,19,8.98,9.699104418939655,32.564838044711486,0,0,0,0,0
19069,-1.8168124392614189,-38.0,2058.0,10680,2037,19.073033707865168,13.576779026217228,0.4290968532897425,10091,2185,21.652958081458724,2.579924373593556,44.863,8.25,0.20314100375554797,0.1908501194947081,-4.18,581.972,19,8.98,9.276128112514186,18.35139834906147,0,0,0,0,0
19071,-7.184105534105533,-112.0,1554.0,7441,1456,19.567262464722486,15.065179411369439,0.728650539201399,6895,1530,22.189992748368383,2.6227302836458968,47.225,9.28,0.15589541193882586,0.28021706956092746,-0.81,511.167,19,8.98,8.914760527397261,14.556886496976526,1,0,0,0,0
19073,-6.447750362844703,-135.0,2067.0,9336,1951,20.897600685518423,14.074550128534705,0.5499340079190497,8923,2011,22.537263252269415,1.6396625667509923,43.286,8.04,0.0,0.0,-2.37,569.618,19,8.98,9.141633173966392,16.389931497951256,1,0,0,0,0
19075,-2.1616097766540245,-52.0,2373.0,12453,2342,18.806713241789126,13.490725126475548,0.3074141048824593,12262,2548,20.779644429946174,1.9729311881570482,56.184,11.1,0.14002932551319647,0.1781524926686217,-4.86,501.855,19,8.98,9.429716836721148,24.81394028155543,0,0,0,0,0
19077,-5.520209973753281,-127.0,2286.0,10954,2178,19.883147708599598,14.022274968048201,0.4690757470465601,10702,2426,22.668660063539527,2.7855123549399288,50.09,9.46,0.2087378640776699,0.0,-1.19,590.62,19,8.98,9.301459965343666,18.546612034810877,0,0,0,0,0
19079,-3.8593226137529935,-112.0,2923.0,15673,2835,18.088432335864223,12.894787213679576,0.49868402825876157,14905,3074,20.623951694062395,2.5355193581981723,46.188,9.05,0.11358024691358025,0.28243114909781575,-3.74,576.753,19,8.98,9.659694765654068,27.174544389019214,0,0,0,0,0
19081,0.4631381733021077,10.0,2135.0,11341,2166,19.098844899038887,14.249184375275547,0.35647279549718575,10709,2388,22.299000840414603,3.2001559413757157,47.318,8.12,0.1490450204638472,0.2837653478854025,-4.06,571.005,19,8.98,9.33617975681533,19.861472316354497,0,0,0,0,0
19083,8.860861759425493,298.0,3342.0,17534,3675,20.959279114862554,12.837914908178396,0.6930933852140078,16924,3696,21.838808792247697,0.8795296773851433,44.694,8.56,0.19725366487288923,0.10799777324178883,-3.63,569.31,19,8.98,9.771897132148531,30.798686128822613,0,0,0,0,0
19085,2.2456943366951125,57.0,2578.0,14928,2659,17.812165058949624,13.12299035369775,0.995394443619076,14043,2746,19.5542263049206,1.7420612459709766,51.303,11.14,0.2232746955345061,0.0,-1.06,696.843,19,8.98,9.610993923087126,21.422328989456737,0,0,0,0,0
19087,11.002152777777779,318.0,2880.0,20145,3228,16.023827252419956,12.985852568875652,0.6280193236714976,19889,3719,18.698778219116093,2.6749509666961373,41.983,9.64,0.1472439933187717,0.23577026853398433,-2.95,434.288,19,8.98,9.910711397625448,46.386269019636735,0,0,0,0,0
19089,1.6739033870072182,28.0,1801.0,9566,1847,19.307965711896298,11.938114154296468,0.41218227616212505,9201,1874,20.36735137485056,1.0593856629542628,46.068,9.03,0.15980113636363635,0.3494318181818182,-4.16,473.247,19,8.98,9.165970424240243,20.213545991839357,0,0,0,0,0
19091,-3.9025899280575547,-82.0,2085.0,9815,2021,20.590932246561387,12.603158430973,1.5157984628522632,9518,1974,20.739651187224204,0.14871894066281754,45.282,8.16,0.14450166616176915,0.25113601938806424,-4.05,434.371,19,8.98,9.191667106710561,22.59589153051194,0,0,0,0,0
19093,-4.488552631578948,-68.0,1520.0,7089,1465,20.66582028494851,13.767809281986176,0.3210741389375365,6862,1499,21.844943165257945,1.1791228803094356,44.521,7.43,0.15337861994994637,0.32391848409009655,-2.14,431.508,19,8.98,8.866299565855018,16.428432381323173,1,0,0,0,0
19095,6.138291380625477,163.0,2622.0,16355,2811,17.18740446346683,12.552736166309996,0.2204464039680353,16155,3040,18.817703497369234,1.6302990339024035,56.053,12.84,0.104418762746431,0.4383412644459551,-3.84,586.455,19,8.98,9.702288939972485,27.88790273763545,0,0,0,0,0
19097,1.4661214305517054,51.0,3607.0,19848,3693,18.606408706166867,13.437122128174122,0.36112586298459903,19348,4020,20.77734132726897,2.1709326211021036,42.489,10.61,0.18942086556554463,0.1553418356679908,-0.85,636.035,19,8.98,9.895858525371636,31.205829867853186,0,0,0,0,0
19099,-4.452564102564102,-282.0,6318.0,36842,6089,16.527332935236956,12.949894142554694,0.5747481614238923,37032,7031,18.986282134370274,2.4589491991333183,46.396,11.46,0.19028681610026513,0.0,-3.19,730.413,19,8.98,10.514393777712163,50.439956572514454,0,0,0,0,0
19101,8.361881838074398,191.0,2285.0,16843,2501,14.848898652259098,19.758950305765005,0.43455359494337636,18153,4036,22.233239684900568,7.384341032641469,44.167,9.24,0.0979598445595855,0.15333549222797926,-3.35,435.523,19,8.98,9.731690419198387,38.673043673927666,0,0,0,0,0
19103,6.387926081960934,670.0,10444.0,130882,11211,8.565730963768893,9.966993169419784,0.3180445619740204,150819,17513,11.611932183610818,3.046201219841926,51.38,17.7,0.2809807015414492,0.08310647963518457,-2.64,612.991,19,8.98,11.782051432893413,213.5137383746254,0,1,0,0,0
19105,2.8532262773722628,98.0,3425.0,20638,3556,17.23035177827309,13.591433278418453,0.2917742116485243,20575,4252,20.665856622114216,3.4355048438411266,47.955,10.69,0.18077093486929552,0.1590607000443066,-3.45,575.623,19,8.98,9.93488931567566,35.85332761199604,0,0,0,0,0
19107,-8.165597801191021,-179.0,2183.0,10511,2021,19.227475977547332,13.052992103510608,0.3853173798418171,10163,2214,21.78490603168356,2.5574300541362263,42.698,7.47,0.20675105485232068,0.09862869198312237,-3.95,579.175,19,8.98,9.260177606823355,18.148228083049165,0,0,0,0,0
19109,-2.4746454413892907,-86.0,3455.0,15543,3399,21.86836518046709,13.877629801196681,2.0170985840235107,14864,3485,23.445909580193756,1.5775443997266656,48.277,8.47,0.16281569048898442,0.16711445459430413,-4.47,972.731,19,8.98,9.651365655482898,15.978723819843307,1,0,0,0,0
19111,-3.294849991978181,-206.0,6233.0,35862,6078,16.948301823657353,14.352239138921421,0.5924097500771367,33946,6869,20.23507924350439,3.286777419847038,42.444,7.89,0.1766080049836474,0.2704407413175518,-1.95,517.55,19,8.98,10.48743351805231,69.29185585933728,0,0,0,0,0
19113,2.5076761066606488,665.0,26589.0,211226,27488,13.013549468341964,11.528410328273981,0.2807557641651581,225601,35813,15.874486371957572,2.860936903615608,53.674,13.64,0.13011248124572758,0.15279516339521135,-2.83,717.089,19,8.98,12.26068392929792,294.56036837826264,0,1,0,0,0
19115,-6.161043285238624,-111.0,1802.0,11387,1704,14.964433125493985,12.356195661719504,0.3598560575769692,11125,2088,18.768539325842696,3.804106200348711,50.457,8.74,0.1074561403508772,0.48830409356725146,-1.83,401.772,19,8.98,9.340227632810604,28.341945182840018,0,0,0,0,0
19117,-2.60415982484948,-48.0,1827.0,8898,1794,20.161834120026974,13.542369071701508,2.19443133553563,8556,1843,21.54043945769051,1.3786053376635365,43.005,8.52,0.19111758281761923,0.0,-2.61,430.603,19,8.98,9.093581811365986,20.6640455361435,0,0,0,0,0
19119,-4.312221672439386,-88.0,2021.0,11581,1948,16.820654520335033,12.20965374320007,0.3712871287128713,11800,2154,18.254237288135595,1.4335827678005622,49.506,9.79,0.1545286506469501,0.0,-4.49,587.65,19,8.98,9.357121103184378,19.70730877222837,0,0,0,0,0
19121,3.827584650112866,84.0,2215.0,15679,2321,14.803240002551183,12.558198864723517,0.32041501373207204,16148,2790,17.277681446618775,2.474441444067592,53.183,14.54,0.2652983656404409,0.06879513492968453,-2.15,561.006,19,8.98,9.66007751636045,27.948007686192305,0,0,0,0,0
19123,-3.617882225823879,-135.0,3702.0,22381,3598,16.07613600822126,12.327420579956213,0.38910505836575876,22351,4041,18.079727976376898,2.0035919681556393,45.025,9.52,0.14987579354126415,0.19390008280430582,-1.82,570.863,19,8.98,10.01596766362013,39.205553696771375,0,0,0,0,0
19125,2.771006389776358,139.0,5008.0,33309,5192,15.587378786514156,11.94271818427452,0.5821474773609314,33193,5895,17.759768625915104,2.1723898394009478,53.37,13.73,0.16359796739919488,0.0,-2.28,554.489,19,8.98,10.413582909722376,60.071525314298384,0,0,0,0,0
19127,11.89666948436179,706.0,5915.0,40648,6677,16.42639244243259,13.092895099389883,0.45748915691283937,39804,7184,18.048437342980606,1.6220449005480155,45.232,9.96,0.13876563130294473,0.0,-3.7,572.503,19,8.98,10.612704913273568,71.00050130741673,0,0,0,0,0
19129,-7.792548298068077,-169.0,2174.0,15059,2023,13.43382694734046,15.00763662925825,0.6384023571779341,15023,2832,18.85109498768555,5.417268040345089,59.481,14.42,0.3268959020254357,0.0,-1.0,437.435,19,8.98,9.61973109808682,34.42568610193514,0,0,0,0,0
19131,8.230937937470836,177.0,2143.0,10776,2342,21.733481811432814,11.887527839643653,0.5360824742268041,10588,2275,21.486588590857576,-0.2468932205752381,48.506,9.92,0.18672456575682383,0.32661290322580644,-4.1,469.133,19,8.98,9.2850767180902,22.970031952559296,0,0,0,0,0
19133,11.464524421593831,223.0,1945.0,9243,2190,23.693605972086985,13.750946662339066,0.40451351926761764,8675,2179,25.118155619596543,1.4245496475095578,41.398,7.13,0.33160377358490567,0.0,-1.03,694.072,19,8.98,9.131621787264777,13.317062206802753,1,0,0,0,0
19135,1.224396967608546,17.0,1451.0,7970,1482,18.59473023839398,13.601003764115433,1.596292481977343,7761,1540,19.842803762401754,1.2480735240077756,43.245,8.01,0.26028985507246377,0.216231884057971,-2.36,433.717,19,8.98,8.98343977178426,18.376037831120293,0,0,0,0,0
19137,6.292774711490216,126.0,1993.0,10740,2141,19.934823091247672,14.031657355679702,0.7444168734491315,10016,2122,21.186102236421725,1.2512791451740526,38.624,8.08,0.24419988102320048,0.10380725758477097,-1.67,424.097,19,8.98,9.281730368062856,25.32439512658661,0,0,0,0,0
19139,0.5673958333333334,34.0,5760.0,42745,5843,13.66943502163996,12.525441572113696,0.446677833612507,42703,7015,16.42741727747465,2.7579822558346905,51.025,12.03,0.10207276260390802,0.3457843031415308,-2.37,437.445,19,8.98,10.663007508460334,97.71514133205318,0,0,0,0,0
19141,4.2295128939828075,119.0,2792.0,14398,2937,20.398666481455756,12.987914988192806,0.6015942246954429,13796,2869,20.795882864598433,0.39721638314267693,44.018,8.3,0.2772832817337461,0.10990712074303406,-4.23,573.035,19,8.98,9.574844587029249,25.125864912265396,0,0,0,0,0
19143,2.1420242914979757,26.0,1235.0,6462,1276,19.746208604147323,12.132466728567007,0.4013377926421404,6016,1291,21.4594414893617,1.7132328852143779,43.889,7.02,0.202113606340819,0.2192866578599736,-3.19,398.687,19,8.98,8.773694146384443,16.208203427751595,1,0,0,0,0
19145,5.948164365106096,177.0,2969.0,15932,3175,19.92844589505398,13.727090133065529,0.4734716613285058,15205,3397,22.341335087142387,2.4128891920884072,40.778,8.19,0.29779203623325157,0.2668428005284016,-1.83,534.944,19,8.98,9.676084944301534,29.782556678829934,0,0,0,0,0
19147,3.9423498694516974,76.0,1915.0,9421,2009,21.3247001379896,12.864876340091286,0.49697493517718233,8941,1948,21.78727211721284,0.46257197922324167,42.8,7.45,0.27101769911504425,0.1390117994100295,-2.29,563.86,19,8.98,9.150696519048667,16.708048097045367,1,0,0,0,0
19149,6.289886187273668,244.0,3866.0,24986,4149,16.605298967421756,12.783158568798529,0.18009478672985782,25141,4666,18.559325404717395,1.9540264372956386,56.379,11.94,0.12236559139784946,0.24806451612903227,-2.69,862.828,19,8.98,10.126070946991774,28.958262828744548,0,0,0,0,0
19151,-10.013355780022446,-180.0,1782.0,7310,1617,22.120383036935703,14.487004103967168,2.60938323668951,6725,1534,22.810408921933085,0.6900258849973824,42.105,5.61,0.19287991498405951,0.14293304994686504,-2.95,577.241,19,8.98,8.896998552743824,12.663688130261018,1,0,0,0,0
19153,-3.9407319609066334,-1930.0,48090.0,430640,46545,10.80833178524986,10.907950956715586,0.3143825920927017,485418,63436,13.068324619194179,2.2599928339443185,56.094,14.97,0.13621388478078345,0.06094250120401822,-2.13,572.213,19,8.98,12.973027753234838,752.5868863517607,0,1,0,0,0
19155,5.152018151421065,653.0,12561.0,93158,13333,14.312243714978854,12.578629854655532,0.3483346046275108,93478,16350,17.490746485804145,3.1785027708252915,48.728,12.61,0.15205683882688814,0.17158707500648845,-1.03,950.519,19,8.98,11.442052255326436,98.00750958160752,0,0,0,0,0
19157,13.226548672566373,404.0,3051.0,18914,3488,18.441366183779213,12.636142539917522,0.23466309084813944,18391,3749,20.384970909684085,1.9436047259048728,50.998,10.89,0.12635179871992938,0.15140145663209004,-3.42,584.924,19,8.98,9.847657667575458,32.33582482510548,0,0,0,0,0
19159,5.276584507042254,60.0,1136.0,5131,1209,23.562658351198596,13.135840966673163,0.6888633754305395,4922,1173,23.83177570093458,0.269117349735982,42.336,8.33,0.3577889447236181,0.0,-1.9,535.498,19,8.98,8.543055850941965,9.58173513253084,1,0,0,0,0
19161,-1.9003886010362696,-45.0,2316.0,10350,2291,22.135265700483092,14.173913043478262,0.5341683551298582,9711,2278,23.457934301307795,1.3226686008247022,42.986,7.68,0.22379958246346554,0.14279749478079332,-1.45,575.022,19,8.98,9.244741798693514,17.999311330696912,0,0,0,0,0
19163,0.10138253152732361,20.0,21410.0,165224,21605,13.076187478816637,12.624073984409046,0.3118257117004246,172938,28027,16.206386103690342,3.130198624873705,49.964,13.46,0.15722273757988045,0.1408214801071944,-2.39,458.086,19,8.98,12.015057407967486,360.6833651323114,0,1,0,0,0
19165,0.9208016032064129,22.0,2495.0,12167,2540,20.876140379715626,13.569491246815154,0.5232767953807289,11544,2664,23.076923076923077,2.200782697207451,44.085,10.31,0.19577699573995183,0.1042785701055751,-2.01,590.779,19,8.98,9.406482647787449,20.594841725924585,0,0,0,0,0
19167,-1.6895029903072798,-83.0,4849.0,33704,4808,14.265369095656302,10.274744837408022,0.3664793549963352,34900,5423,15.538681948424069,1.2733128527677664,51.557,11.99,0.13676522558605253,0.26864177170455883,-3.7,767.913,19,8.98,10.425371803658852,43.890388624753065,0,0,0,0,0
19169,1.8556219134030092,163.0,8707.0,89542,8945,9.989725491947912,9.201268678385562,0.29900241920139176,97355,11858,12.180165374146167,2.1904398821982554,48.248,15.6,0.17551223676721683,0.14929567444507683,-3.54,572.704,19,8.98,11.402463067931476,156.34952785383027,0,1,0,0,0
19171,-2.816512114866886,-95.0,3343.0,17767,3274,18.42742162435977,12.793380987223504,0.3991758949266031,16962,3355,19.779507133592737,1.3520855092329676,46.288,9.65,0.13114754098360656,0.07433578292820803,-3.34,721.011,19,8.98,9.785098083035907,24.641787711976654,0,0,0,0,0
19173,-6.66163120567376,-95.0,1410.0,6317,1327,21.00680702865284,13.978154187114136,0.8368200836820083,6160,1400,22.727272727272727,1.7204656986198863,40.3,6.7,0.0,0.27055516514406186,-1.44,531.902,19,8.98,8.7509996908987,11.876247880248616,1,0,0,0,0
19175,6.135146641438032,130.0,2114.0,12534,2267,18.086803893409925,13.14823679591511,0.5726798046151255,12303,2496,20.28773469885394,2.2009308054440133,40.879,8.81,0.16634354400930593,0.3127181077937185,-1.83,423.645,19,8.98,9.436200230784621,29.586092129023122,0,0,0,0,0
19177,-2.0906394199077125,-32.0,1517.0,7570,1498,19.788639365918097,13.606340819022458,0.6267029972752043,7104,1595,22.45213963963964,2.6635002737215423,40.073,6.76,0.1862845445240532,0.0,-1.07,484.808,19,8.98,8.931948346431495,15.614428804805202,1,0,0,0,0
19179,-4.60643783872557,-283.0,6089.0,35625,5856,16.437894736842104,12.864561403508773,0.6522549385016773,35102,6210,17.691299641046093,1.2534049042039896,40.093,7.48,0.186081477769027,0.2566764516359991,-1.4,431.837,19,8.98,10.480802917570951,82.49640489351306,0,0,0,0,0
19181,13.183726108740027,713.0,5389.0,46225,6159,13.323958896700919,12.14710654407788,0.35926188013717275,50867,8048,15.82165254487192,2.4976936481710013,62.034,15.09,0.15135542168674698,0.05434236947791165,-2.16,569.838,19,8.98,10.741276056255325,81.11954625700638,0,0,0,0,0
19183,11.454654295121221,382.0,3341.0,21704,3758,17.31478068558791,13.227976409878364,0.6200084068936528,22100,4197,18.990950226244344,1.676169540656435,50.71,11.86,0.19462577804766965,0.13223015029603766,-3.28,568.812,19,8.98,9.985251854338768,38.15671961913602,0,0,0,0,0
19185,1.1068443804034584,14.0,1388.0,6403,1418,22.145869123848197,12.494143370295173,1.9302615193026154,6426,1390,21.63087457205104,-0.5149945517971553,35.425,6.05,0.2424667133847232,0.33356692361597756,-1.9,525.49,19,8.98,8.764521909518802,12.184817979409694,1,0,0,0,0
19187,-0.055115354017502005,-3.0,6285.0,38013,6337,16.670612685134035,13.00870754741799,0.41678896389785736,36348,6712,18.465940354352373,1.795327669218338,40.806,8.56,0.19018127862718534,0.1250241919876137,-3.2,715.709,19,8.98,10.545683485467018,53.112368294935514,0,0,0,0,0
19189,0.7416909620991254,16.0,2058.0,10866,2093,19.261917909074178,14.006994294128475,0.346553715825953,10474,2217,21.16669849150277,1.904780582428593,41.871,9.09,0.11156753204074926,0.0,-3.81,400.489,19,8.98,9.293393927111468,27.131831336191507,0,0,0,0,0
19191,0.944103299856528,32.0,3485.0,21056,3547,16.845554711246198,12.082066869300911,0.40133012269235174,20090,4147,20.642110502737683,3.7965557914914854,50.693,14.76,0.14739346297062475,0.1435664046338436,-4.44,689.836,19,8.98,9.954940834125043,30.523196817794375,0,0,0,0,0
19193,-7.020189905047475,-988.0,14007.0,102172,13125,12.845985201425048,11.583408370199272,0.26757304020827305,102687,15452,15.047669130464422,2.2016839290393744,44.343,9.47,0.1831870590259852,0.11708397866115987,-1.51,872.896,19,8.98,11.534412946611651,117.0494537722707,0,1,0,0,0
19195,-4.542936288088643,-66.0,1444.0,7598,1390,18.294287970518557,14.003685180310606,0.3664036076662909,7422,1555,20.95122608461331,2.6569381140947534,49.673,9.52,0.11764705882352941,0.2549019607843137,-3.51,400.123,19,8.98,8.935640333747571,18.98916083304384,0,0,0,0,0
19197,0.18484295105916723,6.0,2738.0,13229,2769,20.93128732330486,13.598911482349385,0.29100934293153624,12644,2808,22.208161974058843,1.2768746507539817,44.035,7.27,0.20635305528612996,0.2696411251212415,-3.56,580.415,19,8.98,9.49016666846238,22.7923123971641,0,0,0,0,0
20001,-1.4701626016260163,-36.0,2460.0,13371,2445,18.285842494951762,12.751477077256752,0.4818503051718599,12503,2582,20.65104374950012,2.3652012545483565,41.546,6.44,0.1318407960199005,0.42085029398462237,-1.43,500.297,20,6.45,9.500843461614666,26.726124681938927,0,0,0,0,0
20003,3.1111678366305044,48.0,1567.0,8102,1633,20.155517156257712,12.169834608738583,0.6451612903225806,7877,1661,21.086708137615844,0.9311909813581316,40.428,8.73,0.22082810539523212,0.1286072772898369,-2.42,579.647,20,6.45,8.999866223762636,13.977472496191647,1,0,0,0,0
20005,-2.098519362186788,-56.0,2634.0,16924,2601,15.368707161427558,11.132120066178208,0.586552217453505,16210,2766,17.063541024059223,1.6948338626316648,44.175,8.92,0.17358424199788955,0.19345761519521631,-0.76,431.174,20,6.45,9.736488011839958,39.25097524433291,0,0,0,0,0
20007,-8.066666666666668,-88.0,1068.0,4861,991,20.386751697181648,14.379757251594322,1.0126582278481013,4493,980,21.81170709993323,1.424955402751582,38.875,5.25,0.18596730245231607,0.0,-1.28,1134.072,20,6.45,8.488999457045455,4.286323972375652,1,0,0,0,0
20009,-2.809292127792858,-137.0,4789.0,27674,4688,16.940088169400884,12.343716123437162,0.45683679899180846,26209,5114,19.512381243084437,2.5722930736835536,43.763,7.1,0.2085687866022809,0.10089386622829549,-0.88,895.257,20,6.45,10.22824862322933,30.911794043498126,0,0,0,0,0
20011,3.0513460015835308,76.0,2526.0,15173,2628,17.320239899822052,12.81223225466289,1.3952839402818473,14539,2910,20.0151317146984,2.694891814876346,38.045,7.64,0.21586247313928503,0.21000195350654424,-1.85,635.471,20,6.45,9.627272811525241,23.876778011899834,0,0,0,0,0
20013,-4.093495505023797,-77.0,1891.0,9984,1829,18.319310897435898,13.581730769230768,0.6486712701401968,9575,1893,19.77023498694517,1.4509240895092717,37.525,7.48,0.2402058907635116,0.13011152416356878,-2.64,570.871,20,6.45,9.208739090609209,17.48906495512997,0,0,0,0,0
20015,9.527289620387577,721.0,7534.0,65880,8327,12.639647844565877,11.841226472374014,0.5756389592447617,66890,10137,15.15473164897593,2.515083804410054,56.29,12.12,0.2673043609249077,0.10589741658507193,0.58,1429.666,20,6.45,11.095590184291577,46.08069297304406,0,0,0,0,0
20017,3.261904761904762,18.0,567.0,2790,591,21.182795698924732,15.197132616487455,2.1290751829673984,2604,632,24.270353302611365,3.0875576036866335,40.372,8.61,0.0,0.0,-0.88,773.054,20,6.45,7.933796874815411,3.609062238860416,1,0,0,0,0
20019,-9.74390243902439,-96.0,984.0,3669,896,24.420823112564733,14.418097574270918,2.511627906976744,3280,821,25.03048780487805,0.6096646923133164,35.848,4.98,0.0,0.0,0.23,638.881,20,6.45,8.207674424355282,5.742853520452166,1,0,0,0,0
20021,-0.29095418733586237,-12.0,3427.0,21603,3448,15.960746192658426,12.891728000740638,0.717896865520728,20017,3859,19.27861317879802,3.3178669861395953,38.154,6.91,0.15219438689018647,0.37935581088717274,-0.98,587.567,20,6.45,9.980587472916977,36.76687084196355,0,0,0,0,0
20023,-3.107094133697135,-24.0,733.0,2726,717,26.302274394717536,14.526779163609685,0.32938076416337286,2639,703,26.638878363016293,0.33660396829875694,31.186,6.71,0.2889273356401384,0.0,-0.14,1019.89,20,6.45,7.9105906122564775,2.6728372667640627,1,0,0,0,0
20025,-0.02958333333333331,0.0,480.0,2215,487,21.986455981941308,13.363431151241533,0.2643171806167401,2006,469,23.37986041874377,1.393404436802463,37.931,5.91,0.0,0.0,0.22,974.638,20,6.45,7.703007682479236,2.272638661739025,1,0,0,0,0
20027,6.619135802469136,107.0,1620.0,8535,1744,20.43350908025776,13.884007029876976,0.4205838693715982,8030,1995,24.844333748443336,4.410824668185576,42.49,8.65,0.2549019607843137,0.0,-0.8,645.298,20,6.45,9.05193063522854,13.226447315813779,1,0,0,0,0
20029,-1.4872383869321082,-30.0,1959.0,9533,1948,20.43428091891325,12.892059162907794,0.5795235028976174,8831,1861,21.07349111085947,0.6392101919462227,35.838,6.34,0.23357664233576642,0.0,-1.49,715.342,20,6.45,9.162514742493578,13.326492782473279,1,0,0,0,0
20031,13.424207269914927,173.0,1293.0,8601,1483,17.242181141727706,14.312289268689687,0.8072653884964682,8218,1771,21.550255536626917,4.3080743948992115,47.171,9.85,0.0,0.0,-0.95,626.885,20,6.45,9.059633754551479,13.720219817031833,1,0,0,0,0
20033,2.2151927437641725,8.0,441.0,1891,455,24.061343204653625,14.754098360655737,1.1494252873563218,1759,491,27.913587265491756,3.8522440608381316,34.808,4.25,0.3866943866943867,0.0,-1.26,788.298,20,6.45,7.544861068658458,2.398839017731873,1,0,0,0,0
20035,2.49057761732852,139.0,5540.0,36311,5726,15.769326099529069,12.343367023766904,0.39301310043668125,35090,6406,18.255913365631233,2.4865872661021644,40.749,7.69,0.19433235509904623,0.3033749082905356,-1.25,1125.738,20,6.45,10.499876004651563,32.2552849774992,0,0,0,0,0
20037,4.6147109994200655,242.0,5173.0,39134,5463,13.959728113660756,10.770685337558133,0.7022077411381383,38874,5938,15.274990996552967,1.3152628828922115,35.286,8.39,0.2175462035181474,0.1622504267794849,-1.0,589.77,20,6.45,10.574746933338044,66.3546806382149,0,0,0,0,0
20039,8.859208731241473,64.0,733.0,2961,808,27.28807835190814,16.07565011820331,0.935093509350935,2826,781,27.636234961075722,0.3481566091675816,35.383,5.73,0.0,0.0,-0.83,893.517,20,6.45,7.993282328101591,3.31387091683762,1,0,0,0,0
20041,4.082067137809187,139.0,3396.0,19754,3566,18.052040093145692,12.235496608281867,0.5015604101649577,18614,3686,19.80229934457935,1.7502592514336577,46.457,9.74,0.18178302069232258,0.19338619222587508,-0.96,847.067,20,6.45,9.891111281468072,23.32046933713626,0,0,0,0,0
20043,-0.7479377431906618,-11.0,1285.0,7945,1286,16.186280679672752,12.938955317809944,0.3635346756152125,7616,1462,19.196428571428573,3.010147891755821,43.41,8.46,0.060240963855421686,0.34509466437177283,-2.07,393.479,20,6.45,8.980298078970817,20.19167477806948,0,0,0,0,0
20045,8.278520814880425,752.0,9032.0,110826,9867,8.903145471279302,9.553714832259578,0.2589287624917079,121304,14826,12.222185583327839,3.319040112048537,45.831,17.65,0.15595177631051352,0.09265150097570103,0.36,455.756,20,6.45,11.615716682807374,243.16959074592546,0,1,0,0,0
20047,-15.597364568081991,-107.0,683.0,3037,581,19.130721106354954,13.730655251893314,2.0171149144254277,2822,600,21.261516654854713,2.1307955484997585,39.226,5.46,0.0,0.2199367088607595,-3.01,621.894,20,6.45,8.01862546504575,4.883468886980739,1,0,0,0,0
20049,-10.464470284237725,-82.0,774.0,2882,700,24.288688410825817,16.204024982650935,1.25,2502,721,28.816946442845726,4.5282580320199095,33.455,5.27,0.0,0.0,0.13,644.264,20,6.45,7.966239776559467,4.473321495535991,1,0,0,0,0
20051,1.9036539494895217,72.0,3722.0,28452,3829,13.457753409250667,10.997469422184732,0.35736482287134863,28747,4466,15.53553414269315,2.0777807334424825,44.543,12.38,0.2501198657503596,0.0680038357040115,-2.31,899.912,20,6.45,10.255973735853406,31.616424717083447,0,0,0,0,0
20053,3.059661016949152,36.0,1180.0,6497,1228,18.901031245190087,13.560104663690934,0.33961099104661935,6176,1275,20.644430051813472,1.7433988066233859,42.2,6.74,0.2930927193528314,0.18294959551960174,-0.19,715.575,20,6.45,8.77909581088053,9.079411661950179,1,0,0,0,0
20055,-17.72644694533762,-663.0,3732.0,36776,3089,8.39949967370024,9.41374809658473,0.1807773425730642,36451,3991,10.94894515925489,2.549445485554651,50.454,10.21,0.10887465690759378,0.0,-0.35,1301.997,20,6.45,10.512600737486064,28.24584081222921,0,0,0,0,0
20057,-6.978280166435506,-253.0,3605.0,33848,3377,9.976955802410778,8.954738832427322,0.1749271137026239,33718,3662,10.860667892520317,0.8837120901095386,46.621,8.27,0.090809416317317,0.40290228958400515,-0.84,1098.271,20,6.45,10.429635192399903,30.81935150796115,0,0,0,0,0
20059,1.114718133851708,39.0,3601.0,25992,3673,14.131271160357034,11.645891043397969,0.3588409437516821,25643,4358,16.99489139336271,2.863620233005676,49.459,11.71,0.17788614438672745,0.07919007738789356,-1.97,571.762,20,6.45,10.165544077348937,45.45947439668954,0,0,0,0,0
20061,-14.879400260756192,-456.0,3068.0,34362,2628,7.647983237297014,7.549036726616612,0.17910036508920577,33309,2817,8.457173736827885,0.809190499530871,45.559,11.86,0.19262346848553746,0.0,0.39,384.663,20,6.45,10.444706581621912,89.33014092855305,0,0,0,0,0
20063,-1.2050925925925924,-8.0,648.0,2695,647,24.007421150278294,15.0278293135436,0.5098324836125273,2650,660,24.90566037735849,0.8982392270801967,41.295,6.65,0.2845238095238095,0.0,-1.79,1071.666,20,6.45,7.899153483343097,2.514776058958668,1,0,0,0,0
20065,-5.945428571428572,-43.0,700.0,2597,666,25.644974971120522,14.670773969965346,4.245283018867925,2464,681,27.637987012987015,1.9930120418664927,43.98,7.12,0.0,0.0,-1.28,898.527,20,6.45,7.862112211662748,2.890285990293002,1,0,0,0,0
20067,-7.109839816933638,-62.0,874.0,7829,820,10.473879167198875,11.125303359305146,0.5093378607809848,7324,976,13.32605133806663,2.852172170867755,55.514,8.55,0.0,0.06863636363636363,-0.97,574.808,20,6.45,8.965590066907914,13.62020013639337,1,0,0,0,0
20069,2.5066848567530693,19.0,733.0,6006,761,12.670662670662672,10.805860805860807,0.38461538461538464,6020,916,15.21594684385382,2.5452841731911473,52.824,10.0,0.0,0.0,-0.96,868.867,20,6.45,8.700514248543275,6.912450352010147,1,0,0,0,0
20071,4.7797520661157025,12.0,242.0,1247,261,20.930232558139537,13.2317562149158,0.0,1156,222,19.20415224913495,-1.7260803090045869,55.972,6.78,0.0,0.0,-1.8,778.404,20,6.45,7.1284959456800365,1.601995878746769,1,0,0,0,0
20073,-2.81228533685601,-43.0,1514.0,6689,1485,22.200627896546568,14.665869337718643,1.1553588987217307,6010,1508,25.09151414309484,2.8908862465482734,37.18,5.24,0.0,0.0,0.66,1143.304,20,6.45,8.808219665118408,5.8505874203186545,1,0,0,0,0
20075,-21.776673866090714,-100.0,463.0,2690,366,13.605947955390334,10.706319702602231,0.5663430420711975,2552,319,12.5,-1.1059479553903344,36.297,7.33,0.0,0.0,-0.59,996.514,20,6.45,7.897296472595885,2.6994101437611513,1,0,0,0,0
20077,2.7898412698412693,35.0,1260.0,6034,1307,21.660589990056348,14.169705004971828,0.7060333761232349,5506,1243,22.57537232110425,0.9147823310479026,38.168,6.14,0.0,0.25316455696202533,-1.26,801.274,20,6.45,8.705165419719007,7.530507666541033,1,0,0,0,0
20079,15.206138807429129,779.0,5115.0,34684,5943,17.13470187982932,11.991119824703034,0.4336752254422799,34434,6545,19.007376430272405,1.8726745504430866,46.604,10.33,0.22681153631061757,0.22185827274906128,-1.71,539.756,20,6.45,10.454033764497051,64.25866502641935,0,0,0,0,0
20081,-12.241941747572815,-62.0,515.0,4256,456,10.714285714285714,12.31203007518797,0.6002400960384154,3990,545,13.659147869674184,2.9448621553884706,45.859,8.81,0.0,0.07081807081807082,-0.61,577.52,20,6.45,8.35608503102148,7.3694417509350325,1,0,0,0,0
20083,4.993548387096774,18.0,372.0,1916,396,20.668058455114824,12.734864300626306,0.20554984583761562,1872,420,22.435897435897438,1.7678389807826136,41.127,6.37,0.0,0.0,-0.94,859.992,20,6.45,7.557994958530806,2.2279277016530386,1,0,0,0,0
20085,3.954853387259859,77.0,1978.0,13462,2073,15.398900609121974,13.274402020502155,0.29416854127011594,13249,2541,19.178805947618688,3.7799053384967145,51.759,11.48,0.18538565629228687,0.06529093369418133,-2.85,656.219,20,6.45,9.507626180570659,20.514492875092003,0,0,0,0,0
20087,3.2599646643109543,93.0,2830.0,19126,2952,15.434487085642582,13.855484680539579,0.3799019607843137,18974,3605,18.999683777801202,3.5651966921586205,56.886,13.62,0.17674418604651163,0.08414376321353066,-1.06,532.574,20,6.45,9.858803944909488,35.912380251382906,0,0,0,0,0
20089,-6.870806100217864,-64.0,918.0,3077,863,28.046798830029253,17.452063698407542,1.033464566929134,2854,871,30.518570427470216,2.471771597440963,37.759,4.55,0.0,0.0,-0.2,909.971,20,6.45,8.031710375322042,3.3814264410624073,1,0,0,0,0
20091,8.806553586622767,4773.0,54062.0,544179,59322,10.901192438517473,11.667851938424672,0.2727621805085382,597574,86885,14.53962187109881,3.6384294325813364,73.733,20.99,0.11317869497549936,0.0692542425869416,-1.69,473.611,20,6.45,13.207033515832583,1148.9999176539397,0,1,0,0,0
20093,2.001934235976789,11.0,517.0,3977,535,13.452351018355543,11.641941161679659,0.3213367609254499,3863,588,15.221330572094228,1.768979553738685,46.435,8.59,0.0,0.0,-0.36,870.543,20,6.45,8.28828304520769,4.568413047948234,1,0,0,0,0
20095,-0.043830334190231385,-1.0,1556.0,7858,1570,19.97963858488165,13.222193942479002,1.0214772132006287,7173,1567,21.845810678934896,1.8661720940532476,44.51,7.71,0.22068612391193038,0.18023553507424475,-0.77,863.363,20,6.45,8.969287400118406,9.10161774363738,1,0,0,0,0
20097,-32.61452750352609,-231.0,709.0,2553,482,18.879749314531924,13.905209557383472,0.0,2483,544,21.908981071284735,3.029231756752811,37.292,7.5,0.28376703841387857,0.0,-2.08,722.64,20,6.45,7.845024417241484,3.532879442045832,1,0,0,0,0
20099,0.11959459459459465,4.0,3552.0,21607,3587,16.601101494885917,12.903225806451612,1.0404280618311534,19938,3795,19.034005416792056,2.4329039219061386,39.049,6.46,0.4524427394787318,0.1927112715784723,-1.05,645.393,20,6.45,9.98077261524567,33.478826079613505,0,0,0,0,0
20101,-12.670405727923626,-52.0,419.0,1750,369,21.085714285714285,15.428571428571427,0.20202020202020202,1523,326,21.405121470781353,0.31940718506706745,42.311,5.51,0.0,0.012195121951219513,-0.9,717.409,20,6.45,7.4673710669175595,2.439333769160967,1,0,0,0,0
20103,3.8241083633652293,309.0,8047.0,76227,8426,11.053826072126673,11.943274692694189,0.29968289368226647,81499,11757,14.425943876611983,3.3721178044853097,61.107,16.67,0.21063701923076922,0.07001201923076923,-0.35,463.405,20,6.45,11.241471009623098,164.49326183360128,0,1,0,0,0
20105,-8.419074333800841,-60.0,713.0,3241,659,20.333230484418387,15.4273372415921,0.5364806866952789,3013,720,23.896448722203782,3.563218237785396,41.071,6.43,0.20593080724876442,0.0,-1.33,719.396,20,6.45,8.083637203141548,4.50516822445496,1,0,0,0,0
20107,-0.026688276607239134,-1.0,1851.0,9656,1867,19.33512841756421,15.130488815244409,0.5508630187293426,9687,2152,22.21534014658821,2.8802117290240012,44.379,9.88,0.0,0.10243055555555555,-1.53,594.081,20,6.45,9.175334762777368,16.25367584554968,1,0,0,0,0
20109,-0.21734513274336315,-2.0,565.0,2756,572,20.754716981132077,12.989840348330913,0.13879250520471895,2789,583,20.903549659376118,0.148832678244041,39.375,6.66,0.0,0.0,-1.43,1072.993,20,6.45,7.9215356321335495,2.568516290413824,1,0,0,0,0
20111,-2.8625145247501744,-125.0,4303.0,33690,4213,12.505194419709111,11.012169783318491,0.5053488219465774,33237,5043,15.172849535156601,2.6676551154474897,36.921,9.12,0.17807981992901048,0.24716474764089688,-0.48,847.489,20,6.45,10.424956336400598,39.75272835399633,0,0,0,0,0
20113,22.981841432225064,991.0,4301.0,29180,5339,18.296778615490062,12.7039067854695,0.4244949296438959,28557,5640,19.749973736737054,1.453195121246992,53.026,11.53,0.16617495205782565,0.3316860893937159,-1.81,898.283,20,6.45,10.281238822076777,32.48419484728087,0,0,0,0,0
20115,3.909134233518666,100.0,2518.0,12660,2641,20.8609794628752,13.20695102685624,0.9418096199125462,11865,2762,23.278550358196377,2.4175708953211767,45.713,8.05,0.22514409221902018,0.07384726224783862,-0.81,944.299,20,6.45,9.446202695698167,13.406770525013794,1,0,0,0,0
20117,-4.578358881875564,-103.0,2218.0,10117,2134,21.093209449441535,13.195611347237325,0.8220304151253596,9713,2133,21.960259446103162,0.8670499966616276,43.125,7.47,0.13528628495339548,0.26870838881491343,-1.38,900.175,20,6.45,9.22197245620589,11.238925764434693,1,0,0,0,0
20119,0.6786545924967657,4.0,773.0,4575,785,17.158469945355193,10.950819672131146,0.40040040040040037,4120,718,17.42718446601942,0.26871452066422563,46.658,8.08,0.0,0.0,-0.16,978.083,20,6.45,8.428361977709622,4.6775171432281315,1,0,0,0,0
20121,9.909733367848823,384.0,3863.0,32787,4287,13.075304236435173,12.14200750297374,0.2805155420773313,33740,5821,17.252519264967397,4.177215028532224,60.539,16.55,0.3158217184867514,0.07275233573288406,-1.15,575.879,20,6.45,10.397787374344784,56.93383505910096,0,0,0,0,0
20123,7.22827140549273,90.0,1238.0,6373,1341,21.041895496626392,14.608504628903185,0.6371359223300971,6053,1412,23.32727573104246,2.285380234416067,44.247,6.85,0.0,0.1580952380952381,0.32,701.792,20,6.45,8.759825595314295,9.081038256349458,1,0,0,0,0
20125,-0.6754106358757522,-41.0,6149.0,35471,6156,17.35502241267514,12.56237489780384,0.5368560743153578,32114,6191,19.2781964252351,1.9231740125599615,40.603,6.81,0.182317119013608,0.28997819712803546,-0.81,643.594,20,6.45,10.476470740209276,55.113938290288594,0,0,0,0,0
20127,8.629318936877077,103.0,1204.0,5923,1322,22.3197703866284,14.536552422758737,0.8733624454148471,5551,1362,24.536119618086833,2.216349231458434,42.083,7.64,0.0,0.14937106918238993,-0.4,695.343,20,6.45,8.686598356276965,8.51809826229645,1,0,0,0,0
20129,7.55398406374502,38.0,502.0,3233,548,16.95020105165481,11.630064955150015,0.5453306066803,2656,529,19.917168674698797,2.9669676230439883,42.273,6.46,0.0,0.0,-1.59,729.731,20,6.45,8.081165777725433,4.43039969523016,1,0,0,0,0
20131,9.064139784946237,168.0,1860.0,10178,2049,20.13165651404991,11.564157987816861,0.8548882069267865,10109,2003,19.814027104560292,-0.31762940948961926,46.134,8.58,0.22982456140350876,0.2531328320802005,-3.62,717.427,20,6.45,9.227983807148778,14.186809250279122,1,0,0,0,0
20133,0.5593628318584071,15.0,2825.0,16512,2866,17.357073643410853,12.633236434108527,0.7054438972447757,16008,3211,20.05872063968016,2.7016469962693073,36.702,7.11,0.21194400141768563,0.20662768031189083,-1.01,571.474,20,6.45,9.711842668281289,28.893702950615424,0,0,0,0,0
20135,2.080784844384303,15.0,739.0,3107,763,24.557450917283553,13.196009011908593,0.3448275862068966,2838,688,24.242424242424242,-0.31502667485931113,47.639,4.71,0.0,0.0,-1.54,1074.739,20,6.45,8.041412909393047,2.8909344501316134,1,0,0,0,0
20137,-4.36310502283105,-48.0,1095.0,5671,1057,18.638688062070184,12.202433433256921,2.163650668764752,5416,1129,20.845642540620386,2.2069544785502018,32.016,5.12,0.25552407932011334,0.0,1.57,878.044,20,6.45,8.643120748014027,6.458674052780954,1,0,0,0,0
20139,0.2927345746622856,8.0,2739.0,16295,2773,17.017490027615835,13.550168763424363,1.0395841663334666,15855,3131,19.74771365499842,2.7302236273825855,48.594,9.64,0.6053511705685619,0.0,-1.17,705.506,20,6.45,9.698613591271663,23.096897829359353,0,0,0,0,0
20141,0.8210471204188481,7.0,955.0,3858,974,25.246241575946087,13.297045101088647,0.45330915684496825,3494,867,24.813966800228965,-0.43227477571712214,34.797,3.97,0.19872306464485234,0.09337589784517158,-1.07,892.516,20,6.45,8.257904193465674,4.322611583433798,1,0,0,0,0
20143,0.5474285714285716,4.0,1050.0,6091,1066,17.501231324905596,13.052043999343294,0.2878733357322778,5776,1184,20.498614958448755,2.9973836335431585,50.814,8.38,0.27927927927927926,0.0,-1.67,720.73,20,6.45,8.714567550836485,8.451153691396224,1,0,0,0,0
20145,-9.803664921465968,-131.0,1337.0,6973,1215,17.42435106840671,14.398393804675175,0.8248730964467006,6539,1447,22.12876586634042,4.704414797933708,40.048,6.32,0.0,0.0,-2.07,754.263,20,6.45,8.84980082722101,9.244785969880532,1,0,0,0,0
20147,-2.2678478824546238,-27.0,1157.0,5642,1140,20.20560085076214,15.260545905707195,2.295834699901607,5297,1240,23.4094770624882,3.2038762117260617,44.381,5.74,0.21349009900990099,0.13923267326732675,0.15,885.871,20,6.45,8.637993891561942,6.368873120352737,1,0,0,0,0
20149,5.37384,134.0,2500.0,21604,2660,12.312534715793372,11.141455286058138,0.3941571991653142,24203,3449,14.250299549642605,1.9377648338492328,53.43,13.86,0.16706891928130865,0.15741485652990078,-0.09,840.785,20,6.45,9.980633761712781,25.69503499705632,0,0,0,0,0
20151,8.552859723058399,142.0,1661.0,9656,1822,18.86909693454847,12.883181441590722,0.35445281346920693,9324,1815,19.465894465894465,0.5967975313459952,43.583,7.45,0.2357535435348568,0.0202487706103558,-1.42,735.039,20,6.45,9.175334762777368,13.136717915648013,1,0,0,0,0
20153,0.16923076923076963,0.0,663.0,2519,672,26.67725287812624,16.951171099642714,0.6858710562414266,2490,663,26.626506024096386,-0.05074685402985324,39.797,5.76,0.3191489361702128,0.044189852700491,-1.5,1069.416,20,6.45,7.831617276352611,2.355491221376901,1,0,0,0,0
20155,3.072175475087454,328.0,10577.0,64511,10994,17.042054843360045,12.749763606206693,0.3183136450449176,62421,12374,19.823456849457717,2.7814020060976716,41.431,8.75,0.22158216437271888,0.14792665230200958,-0.42,1255.522,20,6.45,11.07459103087878,51.381815691003425,0,0,0,0,0
20157,0.0991747936984246,1.0,1333.0,4980,1347,27.048192771084338,15.481927710843374,0.13903371567605144,4607,1249,27.11091816800521,0.06272539692087165,38.286,4.78,0.22984441301272984,0.12376237623762376,-1.61,717.377,20,6.45,8.513185170018698,6.941956600225544,1,0,0,0,0
20159,2.7050691244239626,47.0,1736.0,10083,1801,17.861747495784986,12.040067440245958,0.8355321020228672,9532,1828,19.17750734368443,1.315759847899443,43.164,6.26,0.1484801247077163,0.1391270459859704,-1.62,726.233,20,6.45,9.218606116393214,13.883973876152696,1,0,0,0,0
20161,1.2995685428515396,66.0,5099.0,71115,5208,7.323349504323982,6.829782746256065,0.36154827732879624,74059,6846,9.243981150164059,1.9206316458400767,39.257,15.48,0.16524630080539426,0.0,-0.11,609.72,20,6.45,11.172053564004328,116.63550482188545,0,1,0,0,0
20163,-9.17567084078712,-104.0,1118.0,5181,1024,19.764524223122947,13.742520748890175,0.36127167630057805,4985,1121,22.487462387161482,2.722938164038535,37.861,6.29,0.17733627667402502,0.06622516556291391,-0.94,890.527,20,6.45,8.552753366814787,5.817903331398149,1,0,0,0,0
20165,-0.1832699619771862,-3.0,789.0,3307,796,24.070154218324767,15.482310250982763,0.7490636704119851,2953,734,24.85607856417203,0.7859243458472633,39.435,5.05,0.0,0.0,-2.57,717.763,20,6.45,8.103796712981794,4.607370399421536,1,0,0,0,0
20167,-3.0658446362515415,-50.0,1622.0,6970,1588,22.78335724533716,14.074605451936872,0.8951406649616368,6896,1653,23.970417633410673,1.1870603880735118,36.135,6.33,0.0,0.0,0.12,886.26,20,6.45,8.84937050375457,7.864509286213978,1,0,0,0,0
20169,4.8372917217667295,370.0,7562.0,55606,8002,14.390533395676725,12.15696147897709,0.302891996182731,54384,9406,17.295528096498973,2.9049947008222485,45.162,11.4,0.16972153028218762,0.1912109157155073,-1.03,720.242,20,6.45,10.926046388085478,77.20460622957285,0,0,0,0,0
20171,2.9893395133256084,26.0,863.0,4936,900,18.233387358184768,13.31037277147488,0.09119927040583675,4893,913,18.65930921724913,0.4259218590643634,58.341,10.01,0.24358974358974358,0.021116138763197588,-1.5,717.585,20,6.45,8.504310565585223,6.878627619027711,1,0,0,0,0
20173,2.2496744556174493,1256.0,55292.0,498365,56969,11.43117995846418,11.124376711847741,0.3724130760469392,515416,74648,14.48305834510376,3.051878386639581,47.848,11.73,0.1452581671927231,0.2053307052707748,-0.7,997.483,20,6.45,13.119088019270409,499.6225499582449,0,1,0,0,0
20175,-16.868715083798882,-393.0,2327.0,22952,1948,8.48727779714186,8.26943185779017,0.2605135839225903,21902,2102,9.597297050497671,1.1100192533558104,41.373,8.21,0.12284934955937893,0.0,-0.21,639.653,20,6.45,10.0411603576612,35.88195474733957,0,0,0,0,0
20177,2.662587370207264,662.0,24751.0,177934,25612,14.394101183584926,12.988523834680274,0.31968663128632807,177293,31992,18.044705656737715,3.6506044731527894,47.464,11.53,0.22205959226346053,0.08056717198118139,-1.76,544.013,20,6.45,12.08916797399905,327.07674265137047,0,1,0,0,0
20179,-0.4274193548387097,-3.0,558.0,2556,563,22.026604068857587,13.928012519561817,0.5533596837944664,2515,591,23.49900596421471,1.4724018953571232,46.739,8.16,0.0,0.0,-1.21,895.957,20,6.45,7.846198815497425,2.8528154811000976,1,0,0,0,0
20181,-3.239538855678907,-38.0,1171.0,6010,1145,19.051580698835274,13.161397670549086,0.4129606099110546,5904,1189,20.13888888888889,1.0873081900536157,41.57,7.93,0.20134924753502853,0.0,-1.34,1056.064,20,6.45,8.701180027529253,5.690942973153142,1,0,0,0,0
20183,-5.4115276476101215,-58.0,1067.0,3853,1018,26.420970672203474,14.689852063327278,0.8064516129032258,3594,999,27.79632721202003,1.3753565398165577,39.836,5.84,0.0,0.1151219512195122,-0.94,895.464,20,6.45,8.256607344626158,4.302797209044696,1,0,0,0,0
20185,2.5130289532293983,22.0,898.0,4437,930,20.960108181203516,13.207121929231464,0.8193186718413108,4125,867,21.01818181818182,0.058073636978303256,39.375,5.02,0.0,0.0,-1.52,792.046,20,6.45,8.39773375137891,5.601947361643137,1,0,0,0,0
20187,2.2309523809523806,8.0,336.0,2235,348,15.570469798657719,10.425055928411634,0.0,2030,361,17.783251231527096,2.2127814328693773,49.612,7.75,0.0,0.0,-1.59,680.352,20,6.45,7.711996507047669,3.28506420206011,1,0,0,0,0
20189,-3.1,-24.0,768.0,5724,752,13.137665967854648,9.765897973445144,0.3035559410234172,5498,867,15.769370680247363,2.6317047123927146,50.517,7.82,0.0,0.0,-1.18,727.26,20,6.45,8.652423140676342,7.870637736160383,1,0,0,0,0
20191,-3.127856590147021,-123.0,3877.0,24132,3786,15.688712083540526,12.920603348251284,0.53382420616659,22928,4318,18.832868108862527,3.144156025322001,49.582,8.24,0.23065117298837975,0.1767156325367244,-1.15,1181.639,20,6.45,10.091294039560653,20.42248097769285,0,0,0,0,0
20193,4.560034752389227,52.0,1151.0,7900,1216,15.39240506329114,11.987341772151899,0.4242081447963801,7748,1307,16.86886938564791,1.4764643223567688,47.033,8.39,0.14588235294117646,0.0,-1.58,1074.686,20,6.45,8.974618038455112,7.350984380553949,1,0,0,0,0
20195,-0.25945558739255004,-3.0,698.0,3001,703,23.425524825058314,15.694768410529825,0.89179548156956,2802,730,26.05281941470378,2.627294589645466,39.655,6.97,0.0,0.0,0.81,889.474,20,6.45,8.006700845440367,3.373904127608002,1,0,0,0,0
20197,-9.04186622625929,-110.0,1211.0,7053,1111,15.752162200482065,14.135828725365092,1.0536101642392315,6877,1377,20.023265958993747,4.271103758511682,52.133,9.94,0.14947368421052631,0.12421052631578948,0.4,794.336,20,6.45,8.86120833720818,8.879114128026426,1,0,0,0,0
20199,-0.6040000000000002,-1.0,300.0,1485,303,20.404040404040405,13.468013468013467,0.0,1583,369,23.310170562223625,2.9061301581832204,43.953,6.53,0.0,0.0,-1.45,913.652,20,6.45,7.3031700512368,1.6253453174731736,1,0,0,0,0
20201,-9.602038043478261,-142.0,1472.0,5799,1343,23.159165373340233,13.381617520262115,0.3722504230118443,5474,1359,24.826452320058458,1.6672869467182245,39.698,5.36,0.2523248605083695,0.07563546187228766,-2.95,894.76,20,6.45,8.66544076787644,6.4810675488399125,1,0,0,0,0
20203,-4.913842482100239,-20.0,419.0,2234,401,17.949865711727842,12.757385854968668,0.18975332068311196,2112,426,20.170454545454543,2.2205888337267012,44.318,7.68,0.0,0.0,-1.8,718.566,20,6.45,7.711548979629146,3.1089698093146625,1,0,0,0,0
20205,-4.484157363104731,-85.0,1881.0,9409,1813,19.26878520565416,13.752789882027846,0.46988466467321655,8600,1862,21.651162790697676,2.382377585043514,39.301,5.85,0.21024734982332155,0.27709069493521793,-1.75,570.421,20,6.45,9.149421957006766,16.494834516962033,1,0,0,0,0
20207,-5.869708491761723,-48.0,789.0,3309,750,22.66545784224841,15.986702931399213,2.522255192878338,3117,787,25.248636509464227,2.5831786672158152,30.385,4.78,0.3458646616541353,0.018796992481203006,-0.36,497.819,20,6.45,8.104401307921613,6.646994188650895,1,0,0,0,0
20209,-15.375132837407014,-3045.0,19761.0,157505,16805,10.669502555474429,10.38697184216374,0.31312268716196984,165447,20601,12.451721699396181,1.7822191439217523,38.503,9.76,0.20121277200517954,0.16828790702081295,-0.17,151.64,20,6.45,11.967212482775675,1038.6771300448431,0,1,0,0,0
21001,1.2008925383791507,32.0,2801.0,18656,2859,15.32482847341338,12.73048885077187,0.8636788048552755,19366,3618,18.682226582670662,3.357398109257282,29.834,8.0,0.2108303249097473,0.1049338146811071,0.24,405.288,21,6.0,9.833923089150218,46.03146404532086,0,0,1,0,0
21003,10.75315005727377,281.0,2619.0,19956,2931,14.687312086590499,12.753056724794549,1.0852046846459655,21065,3691,17.521955850937573,2.8346437643470743,35.247,8.95,0.0,0.0,-1.5,344.341,21,6.0,9.901285128980929,57.95417914218754,0,0,1,0,0
21005,4.982696259761611,122.0,2433.0,21421,2579,12.039587320853368,12.506418934690258,0.4930426207954421,22580,3544,15.695305580159433,3.655718259306065,55.506,13.19,0.095397744590064,0.28436452301127707,-0.45,202.121,21,6.0,9.972127028252816,105.9810707447519,0,0,1,0,0
21007,5.184079236977256,70.0,1363.0,8249,1450,17.577888228876226,13.844102315432174,0.6177606177606177,7914,1691,21.367197371746272,3.789309142870046,41.228,7.81,0.0,0.0,-0.55,246.869,21,6.0,9.017847259860732,33.414482984902925,0,0,1,0,0
21009,9.706253194752087,570.0,5869.0,42173,6500,15.412704811135086,12.48903326773054,0.5003126954346466,44026,7682,17.44878026620633,2.036075455071245,38.374,9.64,0.16686674669867949,0.26365546218487396,-1.47,487.584,21,6.0,10.649535484831526,86.49381439915994,0,0,1,0,0
21011,3.485232843137256,56.0,1632.0,11591,1706,14.718315934776982,13.294797687861271,0.8695652173913043,12421,2042,16.439900169068515,1.7215842342915337,30.458,7.01,0.0,0.0,0.32,278.797,21,6.0,9.357984213888745,41.57505281620677,0,0,1,0,0
21013,2.6406343369340375,113.0,4351.0,28691,4508,15.712244257781185,13.753441845875013,0.44093051543256806,26426,4925,18.636948459850146,2.924704202068961,24.724,6.45,0.1911099281341496,0.14998669150918287,0.12,359.062,21,6.0,10.264338763718273,79.90542023383148,0,0,1,0,0
21015,28.740740314978733,2508.0,8699.0,118811,11313,9.521845620355016,11.053690314869835,0.29033236555878145,132368,17968,13.574277771062492,4.052432150707476,66.549,17.59,0.07249383996887564,0.16507262352483465,0.29,246.284,21,6.0,11.685289274216844,482.41461077455295,0,1,1,0,0
21017,3.9040247678018574,114.0,2907.0,19985,3049,15.256442331748813,13.289967475606703,0.33605914640976814,19998,3842,19.21192119211921,3.9554788603703965,40.849,13.77,0.11508398469981707,0.3079993347746549,-3.18,289.746,21,6.0,9.902737271145424,68.974204993339,0,0,1,0,0
21019,1.3406257760119198,111.0,8054.0,49542,8242,16.63638932622825,13.598562835573858,0.7521900655873045,47361,9197,19.41893118810836,2.7825418618801088,38.802,9.32,0.0,0.11663708778736225,0.28,159.867,21,6.0,10.810576073645484,309.89510030212614,0,1,1,0,0
21021,15.263879767618086,605.0,3959.0,28432,4608,16.207090602138436,13.361705120990433,0.3898635477582846,30090,5703,18.953140578265206,2.74604997612677,40.72,12.67,0.21509517813495296,0.17146878009036368,-0.23,180.35,21,6.0,10.255270550394432,157.64901580260604,0,1,1,0,0
21023,-4.723588039867109,-57.0,1204.0,8488,1159,13.654571159283693,12.523562676720076,1.484375,8308,1387,16.69475204622051,3.0401808869368185,38.481,8.75,0.1395076201641266,0.0,0.5,202.717,21,6.0,9.046408680293819,41.87118001943596,0,0,1,0,0
21025,-10.519264278799612,-217.0,2066.0,13878,1866,13.445741461305664,13.942931258106356,0.4814636494944632,12802,2152,16.8098734572723,3.364131995966636,19.906,5.09,0.3587002992731937,0.01795639162035058,-1.36,492.416,21,6.0,9.538060131459494,28.183487132830777,0,0,1,0,0
21027,5.648092643051771,165.0,2936.0,20059,3131,15.60895358691859,14.352659654020638,0.5268109125117592,20283,3951,19.47936695755066,3.87041337063207,37.395,8.08,0.21028466483011937,0.09595959595959595,0.35,569.806,21,6.0,9.906433209824698,35.203209513413334,0,0,1,0,0
21029,10.709071274298056,798.0,7408.0,74319,8287,11.15058060522881,12.313136613786515,0.3138003956613684,80921,12788,15.80306718898679,4.6524865837579785,51.526,14.3,0.0876111270433037,0.1574419271580155,-0.87,297.031,21,6.0,11.216121918068886,250.20620743289422,0,1,1,0,0
21031,2.6258914728682172,50.0,1935.0,12690,2005,15.799842395587078,12.773837667454687,0.7486812999829845,12756,2312,18.12480401379743,2.3249616182103523,33.703,7.77,0.2027511961722488,0.0,-0.06,426.092,21,6.0,9.448569560708433,29.782300536034473,0,0,1,0,0
21033,-5.147102649006623,-126.0,2416.0,12984,2314,17.82193468884781,14.679605668515094,0.540368722186904,12679,2711,21.38181244577648,3.5598777569286675,35.289,7.23,0.16197587593337162,0.0,-0.52,344.79,21,6.0,9.471473109194427,37.65770468981119,0,0,1,0,0
21035,3.405066815144766,181.0,5388.0,37191,5620,15.111182813046167,11.535048802129548,0.586769997232217,38991,6646,17.044959093124053,1.9337762800778862,39.194,10.53,0.14868581907090464,0.1984260391198044,-0.58,385.03,21,6.0,10.523822075506256,96.59247331376777,0,0,1,0,0
21037,-1.0490799136069113,-124.0,11575.0,90336,11557,12.793349273822175,11.836919943322705,0.3997672241479645,93608,14811,15.822365609776941,3.0290163359547666,51.482,14.63,0.13811276560147231,0.10297808265015894,0.39,151.339,21,6.0,11.411291331053215,596.9115693905735,0,1,1,0,0
21039,4.0922573609596515,37.0,917.0,5104,965,18.906739811912228,13.577586206896552,0.6964358869315854,4738,984,20.76825664837484,1.861516836462613,33.909,6.74,0.0,0.1440501043841336,-1.03,189.44,21,6.0,8.537779825024625,26.94256756756757,0,0,1,0,0
21041,3.794431903686983,50.0,1329.0,10811,1395,12.903524188326704,12.11728794746092,0.36201022146507666,10691,1645,15.38677392199046,2.4832497336637562,43.44,10.97,0.0,0.41648632697226046,0.37,128.57,21,6.0,9.288319413292772,84.08648984988723,0,0,1,0,0
21043,5.313813581203202,206.0,3873.0,27720,4119,14.859307359307358,13.008658008658008,0.9097555032085126,26976,5036,18.66844602609727,3.809138666789913,32.424,7.45,0.10876942311126987,0.16288622968387212,0.12,409.495,21,6.0,10.22990945330384,67.69313422630313,0,0,1,0,0
21045,2.4855247285886612,60.0,2487.0,15955,2573,16.126606079598872,13.970542149796303,0.5075464137838921,15968,3235,20.25926853707415,4.132662457475277,26.592,7.1,0.14774841831038332,0.0,-1.97,444.238,21,6.0,9.677527538712344,35.91543271849774,0,0,1,0,0
21047,3.5175532646048104,259.0,7275.0,73955,7593,10.267054289770806,8.958150226489082,0.3428493838894735,71470,8788,12.29606828039737,2.029013990626563,37.061,9.55,0.15869996692027788,0.2127026132980483,-0.63,717.509,21,6.0,11.21121207910547,103.07187784404098,0,0,1,0,0
21049,6.222035699107523,294.0,4706.0,35613,5046,14.168983236458596,13.295706623985623,0.2610467337323316,36152,6495,17.9658110201372,3.7968277836786033,46.575,13.45,0.13573770491803278,0.23775175644028104,-0.51,252.486,21,6.0,10.480466018721645,141.0494047194696,0,1,1,0,0
21051,-13.887081815170585,-420.0,3019.0,21730,2622,12.066267832489645,11.960423377818683,0.39436619718309857,20110,3117,15.499751367478867,3.4334835349892217,20.175,5.12,0.37886996904024767,0.0,-1.46,469.297,21,6.0,9.986449073250474,46.303300468573205,0,0,1,0,0
21053,3.165808823529412,51.0,1632.0,10272,1703,16.57904984423676,13.51246105919003,0.28243268687629447,10175,1994,19.597051597051596,3.018001752814836,23.788,6.27,0.1723027375201288,0.0,0.62,197.25,21,6.0,9.237177025929743,52.07604562737642,0,0,1,0,0
21055,2.155229357798165,35.0,1635.0,9315,1687,18.1105743424584,13.998926462694577,0.2188662727073758,8940,1839,20.57046979865772,2.4598954561993196,34.623,6.93,0.2466876971608833,0.10473186119873817,0.46,359.963,21,6.0,9.13938128303569,25.877659648352747,0,0,1,0,0
21057,5.756606851549756,70.0,1226.0,6856,1309,19.09276546091015,13.725204200700118,0.7317073170731708,6660,1454,21.83183183183183,2.7390663709216803,28.135,6.77,0.0,0.18566176470588236,0.65,305.196,21,6.0,8.832879460277615,22.464252480373265,0,0,1,0,0
21059,4.590311004784689,618.0,13376.0,96656,14118,14.606439331236551,12.492757821552724,0.3425648943356171,101001,17207,17.036464985495194,2.4300256542586425,42.821,10.64,0.19779728016309076,0.1286825945354648,-1.2,458.391,21,6.0,11.478913562378523,210.85928824955113,0,1,1,0,0
21061,-3.7909832134292576,-80.0,2085.0,12161,2023,16.63514513609078,14.028451607598058,0.4175042523581258,12195,2484,20.369003690036898,3.733858553946117,35.808,8.46,0.2875318066157761,0.0,0.62,302.885,21,6.0,9.405989388981,40.150552189775,0,0,1,0,0
21063,10.764822134387352,108.0,1012.0,7852,1134,14.442180336220071,13.537952114111054,0.5932957579353307,7461,1474,19.75606487066077,5.313884534440698,22.097,6.61,0.4206896551724138,0.0,0.29,234.319,21,6.0,8.968523555396352,33.509873292391994,0,0,1,0,0
21065,-4.937067122702008,-116.0,2339.0,14672,2247,15.314885496183205,13.760905125408943,0.3058994901675164,14187,2704,19.059702544583068,3.744817048399863,28.324,7.03,0.0,0.0,0.55,253.094,21,6.0,9.593696194496246,57.970556394067025,0,0,1,0,0
21067,2.2798787758346584,701.0,30192.0,295803,31138,10.526600473964091,10.774062467250163,0.23823616454572358,322200,43177,13.40068280571074,2.8740823317466493,47.469,15.92,0.19152885353429627,0.05450422161747261,-2.39,283.637,21,6.0,12.597448971195236,1042.8928524839848,0,1,1,0,0
21069,6.891071428571428,136.0,1960.0,14348,2118,14.761639252857542,13.353777529969335,1.147516231315114,14519,2603,17.928231971898892,3.1665927190413505,31.236,8.27,0.0,0.1587015329125338,-0.86,348.545,21,6.0,9.571365838652174,41.16541623032894,0,0,1,0,0
21071,-2.7975614228089474,-153.0,5454.0,39451,5351,13.563661250665382,14.05287571924666,0.6547455295735901,35931,6448,17.94550666555342,4.381845414888039,27.907,6.67,0.2529231467817005,0.015665796344647518,0.04,393.284,21,6.0,10.58281467449521,100.31173401409669,0,0,1,0,0
21073,4.3763669780977175,288.0,6529.0,49285,6882,13.963680633052652,13.797301410165364,0.3798998445864272,50744,8931,17.600110357874822,3.63642972482217,47.976,13.89,0.15070314139788707,0.13740992094032042,-0.34,207.841,21,6.0,10.805375054099539,237.1283817918505,0,1,1,0,0
21075,-2.076351896690879,-27.0,1239.0,6813,1223,17.95097607515045,14.149420226038457,0.800711743772242,6064,1246,20.54749340369393,2.596517328543481,31.965,5.53,0.0,0.18011811023622049,-0.46,205.931,21,6.0,8.826587830773668,33.083897033472375,0,0,1,0,0
21077,13.312089201877935,113.0,852.0,8589,979,11.398300151356386,12.07358248923041,0.4754358161648178,8760,1252,14.292237442922373,2.8939372915659867,41.31,10.55,0.0,0.060411311053984576,0.63,98.341,21,6.0,9.058237593766226,87.33895323415463,0,0,1,0,0
21079,10.73036768043577,236.0,2203.0,16912,2463,14.563623462630085,13.446073793755914,0.5493769261691009,17554,3182,18.126922638714824,3.5632991760847386,37.095,10.92,0.15503875968992248,0.14857881136950904,-1.23,230.099,21,6.0,9.735778708110018,73.4987983433218,0,0,1,0,0
21081,2.1374366965329177,55.0,2567.0,24662,2648,10.73716649095775,10.802043629875921,0.27157513578756787,25107,3460,13.781017246186323,3.043850755228574,42.475,11.79,0.14075368105814823,0.0,-0.93,257.979,21,6.0,10.113018876430475,95.59692843215922,0,0,1,0,0
21083,1.5270468567617146,91.0,5997.0,37121,6145,16.553972145146954,12.766358664906658,0.5662514156285391,37125,6849,18.448484848484846,1.8945127033378917,35.277,8.39,0.0,0.255,-2.48,551.757,21,6.0,10.521938126192444,67.27780526572387,0,0,1,0,0
21085,2.1488853503184715,78.0,3768.0,25746,3884,15.085838576866308,13.384603433543074,0.43507115994395695,26313,4628,17.58826435602174,2.5024257791554305,33.965,8.37,0.17191926345609065,0.23742917847025496,0.21,499.928,21,6.0,10.15603455421958,51.49941591589189,0,0,1,0,0
21087,-5.917397660818714,-122.0,2052.0,11258,1946,17.285485876709895,13.776869781488719,0.7137490608564989,11000,2196,19.963636363636365,2.6781504869264694,36.575,7.54,0.37434094903339193,0.0,-3.72,286.049,21,6.0,9.328834266023971,39.35689339938263,0,0,1,0,0
21089,2.463676761026991,151.0,6076.0,36910,6288,17.036033595231643,13.774044974261718,0.7409675443968157,35359,7369,20.8405215079612,3.804487912729556,42.377,8.84,0.2104305639781686,0.10268849807964422,0.62,344.462,21,6.0,10.516237796024043,107.15260318990194,0,0,1,0,0
21091,1.2437981180496152,15.0,1169.0,8565,1196,13.963806187974315,13.543490951546994,0.6695232994108195,8748,1486,16.986739826246,3.0229336382716863,44.892,8.55,0.0337984496124031,0.7116279069767442,0.48,187.673,21,6.0,9.05543941075822,45.63789143883244,0,0,1,0,0
21093,6.253454008127077,682.0,10828.0,105543,11608,10.998360857659911,10.832551661408147,0.39758674094449964,109627,15467,14.108750581517327,3.1103897238574163,47.54,13.19,0.17853827588340862,0.13367163809641686,-0.69,623.389,21,6.0,11.566873731797283,169.3052010863201,0,1,1,0,0
21095,-10.827517211703958,-506.0,4648.0,29278,4179,14.27351595054307,14.813170298517658,0.5476208095907644,26307,4827,18.348728475310754,4.075212524767684,26.582,5.25,0.20027902650751822,0.0,0.37,465.831,21,6.0,10.284591659731356,62.85111982671827,0,0,1,0,0
21097,7.843510267338241,203.0,2581.0,18846,2812,14.920938130107183,13.03724928366762,0.6700779727095516,18763,3506,18.68571124020679,3.764773110099606,40.582,11.28,0.19142705005324814,0.32135250266240684,-1.72,306.412,21,6.0,9.844055968766702,61.50542406955341,0,0,1,0,0
21099,4.1173508907823395,106.0,2582.0,18199,2713,14.907412495192043,12.98972471014891,1.1216263582194181,18833,3172,16.8427759783359,1.935363483143858,30.969,8.02,0.12045517624202054,0.5545378850957535,-0.07,412.562,21,6.0,9.809121926500406,44.1121576878142,0,0,1,0,0
21101,0.39724884080370954,23.0,6470.0,46250,6551,14.164324324324323,13.23243243243243,0.3641732283464567,45550,8008,17.580680570801317,3.416356246476994,40.438,10.12,0.15441402645339897,0.2674254075669025,-0.72,436.492,21,6.0,10.741816742940571,105.95841389991111,0,0,1,0,0
21103,2.2866100895803863,49.0,2121.0,15416,2190,14.206019719771664,13.72599896211728,0.4518072289156626,15999,2735,17.094818426151633,2.888798706379969,43.612,12.39,0.10140997830802603,0.2239696312364425,-0.46,286.295,21,6.0,9.643161210094203,53.84655687315531,0,0,1,0,0
21105,-2.189524733268671,-23.0,1031.0,4902,1019,20.787433700530393,14.198286413708692,1.067463706233988,4461,1077,24.14256893073302,3.3551352302026274,31.836,6.36,0.15131022823330514,0.0,-0.84,242.274,21,6.0,8.497398564088058,20.23328958121796,0,0,1,0,0
21107,4.85936266627686,337.0,6841.0,46920,7244,15.439045183290709,13.446291560102303,0.49575070821529743,45044,8302,18.43086759612823,2.9918224128375215,39.312,7.72,0.2137421022400919,0.14768811028144743,-0.21,542.066,21,6.0,10.756199302767412,86.55772544302722,0,0,1,0,0
21109,6.03066743383199,104.0,1738.0,13494,1862,13.798725359419,13.1539943678672,0.5365629311666411,13368,2325,17.392280071813286,3.593554712394285,21.928,6.47,0.0,0.0,-0.82,345.195,21,6.0,9.510000421187371,39.0909485942728,0,0,1,0,0
21111,0.7902294960930291,831.0,97518.0,741096,99095,13.371412070770857,12.333219987693903,0.28464290791905594,768419,123988,16.135467759126207,2.7640556883553504,45.352,14.59,0.15866006851922346,0.09266634288489559,0.32,380.685,21,6.0,13.515885450542616,1946.743370503172,0,1,1,0,0
21113,29.1991452991453,1231.0,4212.0,48586,5494,11.307784135347632,11.342773638496686,0.3569396306450779,53476,8122,15.18812177425387,3.880337638906239,47.494,15.02,0.06519709915990522,0.1563150714439578,-1.99,172.165,21,6.0,10.791090702546029,282.2060232916098,0,1,1,0,0
21115,1.2010526315789476,38.0,3230.0,23356,3301,14.13341325569447,14.347491008734373,0.7906626506024096,22427,4056,18.085343559102867,3.951930303408398,30.82,7.14,0.17267335766423358,0.0166514598540146,0.64,261.965,21,6.0,10.058609189403429,89.15694844731168,0,0,1,0,0
21117,-2.530104092085697,-463.0,18157.0,159720,17853,11.177685950413222,11.639744552967693,0.37114896701703515,166552,23915,14.35887890868918,3.1811929582759575,53.213,14.52,0.14202966046193477,0.06610295294785405,-1.62,160.281,21,6.0,11.981177561177157,996.4998970557957,0,1,1,0,0
21119,-8.427984758679084,-200.0,2362.0,16346,2183,13.35494922305151,14.125780007341247,0.8577938614126793,15041,2773,18.436274183897346,5.081324960845837,29.451,6.02,0.18845419847328243,0.0,0.07,351.518,21,6.0,9.701738498076075,46.50117490427233,0,0,1,0,0
21121,4.492716133424096,198.0,4407.0,31883,4650,14.584574851801902,12.432958002697363,0.49016223679668625,31288,5348,17.09281513679366,2.508240284991759,21.493,6.5,0.1547085201793722,0.0,-1.49,386.304,21,6.0,10.369828231362574,82.53344516235919,0,0,1,0,0
21123,3.542120208234737,75.0,2113.0,14193,2214,15.599239061509195,12.618896639188332,0.5832793259883344,14269,2486,17.422384189501717,1.8231451279925217,38.891,9.72,0.24907063197026022,0.262546468401487,-1.22,261.553,21,6.0,9.560504164299259,54.264336482472004,0,0,1,0,0
21125,8.243201501154733,574.0,6928.0,58849,7577,12.875324984281805,12.601743445088276,0.48337656213157276,60631,9902,16.33157955501311,3.4562545707313053,36.787,9.61,0.12991602037538433,0.15607360837042816,1.25,433.987,21,6.0,10.98273012019061,135.600835969741,0,1,1,0,0
21127,3.1029698375870067,66.0,2155.0,15860,2245,14.155107187894073,14.003783102143757,1.5097447158934942,15604,2795,17.91207382722379,3.7569666393297165,28.865,6.58,0.0,0.0,-0.19,415.596,21,6.0,9.671555495188839,38.162061232543145,0,0,1,0,0
21129,-11.33745704467354,-133.0,1164.0,7887,1043,13.224293140611131,13.630024090275136,0.5238649592549476,7088,1296,18.284424379232505,5.0601312386213735,25.129,5.73,0.0,0.0,0.53,208.859,21,6.0,8.97297111339799,37.76231811892233,0,0,1,0,0
21131,-0.06272040302267025,-2.0,1588.0,11310,1603,14.173297966401416,13.25375773651636,0.17051913603637742,10081,1802,17.875210792580102,3.7019128261786864,26.857,5.46,0.3881118881118881,0.0,-0.41,400.854,21,6.0,9.333442569110167,28.21476148423117,0,0,1,0,0
21133,-2.814954853273138,-102.0,3544.0,24519,3476,14.17676087931808,14.747746645458623,0.9223342815274544,21936,4194,19.11925601750547,4.942495138187391,31.283,5.15,0.2188679245283019,0.006437291897891232,-0.74,337.93,21,6.0,10.107203606184239,72.55644660136714,0,0,1,0,0
21135,3.224081632653061,62.0,1960.0,13870,2043,14.729632299927903,13.323720259552992,0.3857429409041815,13345,2438,18.269014612214313,3.53938231228641,28.376,5.58,0.0,0.26871552403467297,0.78,482.84,21,6.0,9.537483513308878,28.725871924447024,0,0,1,0,0
21137,5.45775014459225,187.0,3458.0,24742,3680,14.873494462856682,12.408051087220112,0.8411128570108143,24493,4486,18.315437063650837,3.441942600794155,32.314,8.3,0.16188870151770657,0.19364811691961775,-1.25,332.843,21,6.0,10.116257483422777,74.33534729587223,0,0,1,0,0
21139,4.07739183424741,67.0,1641.0,9519,1725,18.121651433974158,15.663410022061141,0.6011608623548923,9172,1968,21.456607064980375,3.334955631006217,39.075,7.68,0.2113314447592068,0.04815864022662889,0.75,313.129,21,6.0,9.161045080251306,30.399611661647434,0,0,1,0,0
21141,2.9098838645910554,116.0,4047.0,26835,4202,15.658654741941493,12.919694428917458,0.6726639111759461,27049,5128,18.9581869939739,3.2995322520324066,34.647,8.75,0.10547207258293168,0.4625744258576694,-0.75,552.213,21,6.0,10.197462284610928,48.595378957032885,0,0,1,0,0
21143,18.432760989010987,267.0,1456.0,8314,1742,20.95261005532836,17.079624729372142,0.3339595074097266,8226,2242,27.25504497933382,6.3024349240054605,42.079,8.49,0.19551569506726457,0.0,1.51,213.842,21,6.0,9.025696119812583,38.87917247313437,0,0,1,0,0
21145,3.0549319727891158,320.0,10584.0,65565,11001,16.7787691603752,13.903759627850226,0.35715434859551465,65485,13004,19.85798274413988,3.079213583764677,41.63,10.75,0.20852503784618123,0.08854522247617917,-0.87,248.744,21,6.0,11.090797295965524,263.58424725822533,0,1,1,0,0
21147,3.648022335970219,78.0,2149.0,18306,2249,12.285589424232493,12.165410248006118,0.5994405221792993,17333,2757,15.906075116829168,3.6204856925966755,22.643,6.24,0.19365499008592202,0.21150033046926636,0.73,426.804,21,6.0,9.814984153944724,42.890881997357106,0,0,1,0,0
21149,-0.6698195395146236,-12.0,1607.0,9531,1611,16.902738432483474,13.251495121183506,0.5863039399624765,9202,1794,19.49576179091502,2.5930233584315445,39.115,7.19,0.13236627379873073,0.0,-1.52,252.526,21,6.0,9.162304922937626,37.742648281761085,0,0,1,0,0
21151,15.509105711422844,1242.0,7984.0,82916,9312,11.230643060446717,10.993053210478074,0.39950917444282735,92090,12693,13.783255510913236,2.552612450466519,41.894,14.11,0.15654666791991728,0.20495347307077733,-0.1,437.349,21,6.0,11.325583326119402,189.58772056183963,0,1,1,0,0
21153,8.555676020408162,134.0,1568.0,13333,1721,12.90782269556739,12.885322133053325,0.7226890756302521,12346,2135,17.293050380690104,4.3852276851227145,22.779,4.62,0.18859957776213934,0.0,-1.67,308.444,21,6.0,9.497997444115459,43.22664730064452,0,0,1,0,0
21155,6.913723849372385,166.0,2390.0,19820,2580,13.017154389505551,11.786074672048436,0.6844292349058909,19257,3233,16.78870021290959,3.771545823404038,37.488,9.7,0.16939721792890264,0.43601236476043276,-1.32,343.038,21,6.0,9.894446807883979,57.77785551454941,0,0,1,0,0
21157,6.39304547867634,361.0,5651.0,31448,6066,19.288984991096413,14.484227931823964,0.38735077470154944,31225,6840,21.90552441953563,2.616539428439218,43.326,9.69,0.11050986050986052,0.2768157768157768,-0.24,301.266,21,6.0,10.356090667101697,104.38615708377314,0,0,1,0,0
21159,-0.8360497237569063,-12.0,1448.0,12929,1452,11.230566942532292,12.259262123907495,0.8133230054221533,11421,1880,16.46090534979424,5.2303384072619465,25.173,6.78,0.09779299847792998,0.0,-0.92,229.618,21,6.0,9.467228129254554,56.30656133229974,0,0,1,0,0
21161,5.997206477732793,147.0,2470.0,17490,2645,15.122927387078331,13.350485991995425,1.0240592227020358,17122,3146,18.374021726433828,3.2510943393554967,40.523,9.85,0.168462291870715,0.1869315796837834,0.4,240.126,21,6.0,9.769384568012647,72.83676070063217,0,0,1,0,0
21163,-0.9545515619751427,-29.0,2977.0,28602,2975,10.401370533529123,10.988742046010769,0.35708212888964463,28379,4043,14.246449839670177,3.845079306141054,43.8,10.77,0.09522303068649161,0.0,0.76,305.425,21,6.0,10.261231924432881,93.64655807481378,0,0,1,0,0
21165,2.7493278179937954,27.0,967.0,6306,1005,15.937202664129401,14.22454804947669,0.4273504273504274,6463,1377,21.305895095157048,5.368692431027647,29.74,6.71,0.0,0.0,0.46,203.585,21,6.0,8.749256840105007,30.974777120121814,0,0,1,0,0
21167,4.280018616196091,137.0,3223.0,21331,3395,15.91580329098495,13.815573578360132,0.362136605975254,21690,4097,18.88888888888889,2.973085597903939,47.955,12.94,0.11786624828397725,0.35634438125122575,-0.03,249.061,21,6.0,9.967916692691817,85.64568519358711,0,0,1,0,0
21169,4.658547557840617,72.0,1556.0,10099,1644,16.27883948905832,12.69432617090801,0.8545182653279214,10062,1875,18.634466308884914,2.3556268198265933,34.732,7.34,0.07761194029850746,0.4955223880597015,-3.16,289.647,21,6.0,9.220191688026556,34.86657897371629,0,0,1,0,0
21171,-1.006808510638298,-20.0,1880.0,10963,1880,17.14859071422056,13.572927118489464,0.3843197540353574,10616,1971,18.5663149962321,1.417724282011541,28.439,6.76,0.2259816207184628,0.2121971595655806,-0.1,329.43,21,6.0,9.30228124567454,33.278693500895486,0,0,1,0,0
21173,6.303731815306769,199.0,3162.0,26499,3393,12.804256764406205,12.513679761500434,0.4273869561500983,28042,4614,16.453890592682406,3.649633828276201,36.034,9.81,0.13298731257208765,0.35951557093425607,-1.12,197.349,21,6.0,10.184862275413241,134.27481264156393,0,1,1,0,0
21175,-2.639609332609875,-50.0,1843.0,13923,1810,13.000071823601237,12.669683257918551,0.5145797598627788,13270,2257,17.008289374529014,4.008217550927776,30.229,7.27,0.1855,0.134,0.39,381.127,21,6.0,9.541297427909285,36.531130043266415,0,0,1,0,0
21177,-0.24105242412297997,-13.0,5074.0,31499,5110,16.222737229753324,13.381377186577351,0.6788816701949048,30815,5953,19.318513710855104,3.0957764811017796,36.75,7.57,0.21994726229253916,0.09585853885528153,0.21,467.358,21,6.0,10.357711078278063,67.39801180251541,0,0,1,0,0
21179,9.915962543554006,457.0,4592.0,43437,5097,11.734235789764487,12.337408200382164,0.4426002766251729,45915,7321,15.944680387672875,4.210444597908388,44.783,11.68,0.1219368915743538,0.2738335011748909,-0.63,417.514,21,6.0,10.679066891449532,104.03722988929712,0,0,1,0,0
21181,13.312939958592132,128.0,966.0,7135,1110,15.557112824106516,12.922214435879468,0.7053051211284882,7189,1205,16.761719293364862,1.204606469258346,40.259,7.98,0.4337979094076655,0.0,-1.43,195.161,21,6.0,8.872767529910936,36.559558518351515,0,0,1,0,0
21183,2.5201068616422946,91.0,3556.0,23842,3682,15.443335290663535,12.754802449458937,0.8122125452588317,24081,4312,17.906233129853412,2.4628978391898766,36.05,7.8,0.1818830242510699,0.0,-0.21,587.285,21,6.0,10.079204010277946,40.596984428343994,0,0,1,0,0
21185,8.273028638681836,423.0,5098.0,60316,5573,9.239671065720538,12.34664102394058,0.3576952822892498,66508,8708,13.093161724905276,3.8534906591847378,79.417,23.44,0.22305593451568895,0.069382186708244,-0.85,187.239,21,6.0,11.007352687485687,322.1337435042913,0,1,1,0,0
21187,-5.250274223034736,-86.0,1641.0,10841,1570,14.482058850659532,13.412046859145835,0.5324813631522897,10847,2014,18.567345809901354,4.085286959241822,46.238,10.2,0.1838177533385703,0.0,-0.64,351.108,21,6.0,9.291090521661292,30.87653941237454,0,0,1,0,0
21189,17.792792792792792,118.0,666.0,4755,797,16.76130389064143,14.279705573080967,0.5584192439862543,4416,925,20.946557971014492,4.185254080373063,19.351,6.85,0.5803814713896458,0.0,-1.67,197.407,21,6.0,8.46695197497949,24.087291737375068,0,0,1,0,0
21191,1.8063134160090193,32.0,1774.0,14877,1827,12.280701754385964,12.462189957652752,0.8045433033601515,14587,2306,15.80859669568794,3.5278949413019767,44.67,10.12,0.0,0.32040050062578224,-0.74,277.158,21,6.0,9.607571675157244,53.67696404217089,0,0,1,0,0
21193,8.22650739476678,291.0,3516.0,28712,3845,13.391613262747285,13.826971301198105,0.44562583066218436,26266,4381,16.679357344095028,3.2877440813477428,29.547,5.59,0.24257148196598766,0.0358811437114558,-0.19,339.696,21,6.0,10.265070432827443,84.5226320003768,0,0,1,0,0
21195,-3.3552251858329685,-310.0,9148.0,65024,8922,13.721087598425196,14.11478838582677,0.9602692713833157,58595,10861,18.535711238160253,4.814623639735057,32.563,6.47,0.18077950341280047,0.03036897813829261,-0.18,786.73,21,6.0,11.0825117114981,82.6509730148844,0,0,1,0,0
21197,-2.6274251497005983,-44.0,1670.0,12613,1642,13.018314437485135,13.24823594703877,0.7145409074669525,12283,1919,15.623219083285841,2.6049046458007066,31.815,8.07,0.15351194786386677,0.10644460535843592,-1.28,178.981,21,6.0,9.442483307087192,70.47116733061051,0,0,1,0,0
21199,11.30555068012286,1031.0,9116.0,63063,10241,16.23931623931624,13.548356405499263,0.5152180135483255,64789,12261,18.924508790072387,2.685192550756149,32.771,9.55,0.2697852455756612,0.1585305229667926,0.61,658.41,21,6.0,11.051889505706754,95.78074452089125,0,0,1,0,0
21201,8.586528497409327,33.0,386.0,2282,427,18.711656441717793,14.285714285714285,1.643835616438356,2139,358,16.736792893875645,-1.9748635478421477,27.254,6.45,0.0,0.0,-1.91,99.921,21,6.0,7.732807530422021,22.838042053222043,0,0,1,0,0
21203,4.859279430247172,115.0,2387.0,17056,2529,14.827626641651031,12.90454971857411,0.908736855770479,16795,3068,18.267341470675795,3.439714829024764,26.946,7.23,0.31981279251170047,0.078003120124805,-0.35,316.547,21,6.0,9.74425732696557,53.88141413439394,0,0,1,0,0
21205,3.952019089574156,107.0,2724.0,23333,2860,12.257317961685168,10.410148716410236,0.4949514947535142,24534,3392,13.825711257846255,1.5683932961610871,31.604,9.04,0.0,0.14517556801416348,0.97,279.835,21,6.0,10.057623946547059,83.38127825325638,0,0,1,0,0
21207,1.7925176946410517,51.0,2967.0,17565,3050,17.364076288072873,13.731853116994023,0.45031522065445817,17846,3599,20.16698419813964,2.802907910066768,29.98,8.14,0.19373776908023482,0.26657969123722547,1.33,253.692,21,6.0,9.773663564699927,69.23750059126814,0,0,1,0,0
21209,27.79707273802484,941.0,3382.0,47173,4367,9.257414198800161,10.785830877832659,0.49215147904470813,55961,6832,12.20850234985079,2.9510881510506284,58.028,15.87,0.07282648617451074,0.4339157353481295,-1.89,281.765,21,6.0,10.76157697400153,167.41965822582648,0,1,1,0,0
21211,12.457203770197488,555.0,4456.0,42074,5060,12.026429623995817,12.886818462708561,0.2770083102493075,48100,7624,15.850311850311849,3.823882226316032,55.296,16.95,0.12165857962064403,0.27701808557565066,-0.71,379.76,21,6.0,10.647185251693974,110.79102591110176,0,0,1,0,0
21213,7.608578970523537,173.0,2273.0,17327,2471,14.260979973451837,12.552663473192126,0.25554808338937457,18319,3029,16.534745346361703,2.2737653729098657,41.323,11.37,0.05713920490860284,0.37338616898887894,-3.98,234.205,21,6.0,9.760021257510846,73.98219508550201,0,0,1,0,0
21215,28.5542069992554,384.0,1343.0,17061,1748,10.245589355840806,12.232577222906043,0.4325775656324582,18945,2611,13.782000527843758,3.5364111720029516,59.326,16.73,0.19927536231884058,0.0,0.39,186.722,21,6.0,9.74455043597491,91.37112927239426,0,0,1,0,0
21217,4.488440860215054,165.0,3720.0,24512,3923,16.004406005221934,12.585672323759791,0.7639911634756995,25572,4469,17.476145784451745,1.4717397792298108,35.378,9.66,0.11907205912543625,0.1311845616916444,0.45,266.368,21,6.0,10.106918072540317,92.02306583373378,0,0,1,0,0
21219,0.1913763563677903,2.0,1751.0,12460,1772,14.221508828250402,11.115569823434992,0.41619371925841847,12334,2020,16.37749310848062,2.1559842802302196,36.989,7.97,0.16119828815977175,0.20827389443651925,-0.98,374.502,21,6.0,9.430278792341444,33.27085035593935,0,0,1,0,0
21221,12.551228654727195,301.0,2401.0,14339,2727,19.018062626403516,15.266057605132854,0.29449423815621,14569,3319,22.78124785503466,3.7631852286311442,41.825,9.83,0.13835674755214986,0.2498935717326522,0.99,441.56,21,6.0,9.57073837671504,32.47350303469517,0,0,1,0,0
21223,7.795793499043977,81.0,1046.0,8809,1140,12.941310023839256,13.145646497899873,0.5089058524173028,8528,1508,17.682926829268293,4.741616805429038,47.798,11.99,0.0,0.0,0.31,151.648,21,6.0,9.083529205109796,58.08846803123022,0,0,1,0,0
21225,3.9532653061224488,78.0,1960.0,15007,2057,13.706936762844006,12.83401079496235,0.2768278781957336,14582,2498,17.130709093402828,3.4237723305588226,39.515,7.86,0.20665344789601234,0.10464860101343908,0.72,342.856,21,6.0,9.616272037895989,43.7705625685419,0,0,1,0,0
21227,13.185218508997428,1441.0,10892.0,113792,12440,10.9322272215973,10.622890888638919,0.2816424200071999,130836,16761,12.810694304319911,1.8784670827226115,43.954,13.54,0.15946033459255263,0.16125202374527792,-0.68,541.724,21,6.0,11.642127499433522,210.05530491541816,0,1,1,0,0
21229,9.809464285714286,165.0,1680.0,11717,1862,15.891439788341726,12.51173508577281,0.852498017446471,12044,2224,18.465626037861178,2.5741862495194514,43.09,10.78,0.08661119515885023,0.325642965204236,-0.58,296.974,21,6.0,9.368796057668156,39.45463239206126,0,0,1,0,0
21231,6.496250808015512,201.0,3094.0,20813,3326,15.980396867342526,14.149810214769614,0.5940413087186986,20447,4256,20.81478945566587,4.834392588323345,25.993,7.06,0.14220416455053325,0.377856780091417,0.89,458.184,21,6.0,9.943333070458252,45.42498210325982,0,0,1,0,0
21233,-6.172301332108407,-135.0,2177.0,13621,2060,15.12370604214081,13.552602598928127,0.5727762803234502,13021,2278,17.494816066354353,2.371110024213543,39.635,6.62,0.11371914204775395,0.11898016997167139,-2.3,332.099,21,6.0,9.519367998447342,41.01487809358053,0,0,1,0,0
21235,3.454694883912061,166.0,4867.0,35637,5084,14.266071779330472,12.44773690265735,0.4615587498351576,36252,5692,15.701202692265253,1.4351309129347811,28.122,6.44,0.2899305555555556,0.09104938271604938,1.15,437.831,21,6.0,10.48113970295765,81.39441930790647,0,0,1,0,0
21237,25.96517857142857,233.0,896.0,7355,1145,15.56764106050306,13.433038749150239,0.9836065573770493,7188,1389,19.323873121869784,3.756232061366724,20.91,5.44,0.4236760124610592,0.0,-1.0,222.171,21,6.0,8.903135633035538,33.105130732633874,0,0,1,0,0
21239,7.428566644340255,223.0,2986.0,24939,3241,12.995709531256267,14.322947993103172,0.3454392680421996,26486,4817,18.186966699388357,5.19125716813209,56.537,18.08,0.0975714901566317,0.2639747090099152,-2.04,190.111,21,6.0,10.124188122199199,131.18125726549226,0,1,1,0,0
22001,4.215010655301012,316.0,7508.0,61773,7886,12.76609521959432,11.231444158451104,0.41753653444676403,62371,9617,15.419024867326161,2.652929647731842,37.261,8.67,0.17492917847025496,0.10316336166194523,-1.56,655.169,22,6.0,11.031221654776257,94.28559654073987,0,0,1,0,0
22003,-13.918655549765504,-536.0,3838.0,25764,3328,12.917248874398386,11.267660301195466,0.3698756806739957,25572,3732,14.594087282965743,1.6768384085673578,36.926,7.65,0.28047829477514946,0.0,-2.38,761.812,22,6.0,10.156733447666781,33.819367507994095,0,0,1,0,0
22005,27.027613651692974,2006.0,7413.0,107215,9494,8.85510422981859,10.478011472275336,0.5394272263632798,125061,14775,11.814234653489098,2.9591304236705085,63.716,16.42,0.09092106563045411,0.13086574241775611,-1.22,290.054,22,6.0,11.58259144320333,369.6380673943473,0,1,1,0,0
22007,1.569343302990897,47.0,3076.0,23421,3145,13.428120063191153,12.753511805644507,0.30914887450487877,22236,4036,18.15074653714697,4.722626473955815,45.235,8.65,0.29921875,0.1125,-0.22,338.623,22,6.0,10.0613883347884,69.1654140445274,0,0,1,0,0
22009,7.953008595988538,447.0,5584.0,42073,6075,14.43918902859316,12.000570437097426,0.1884491741492074,40465,6869,16.97516372173483,2.53597469314167,31.412,8.21,0.24213800253427026,0.0400875475175671,-0.5,832.035,22,6.0,10.647161483764041,50.56638242381631,0,0,1,0,0
22011,0.7049187527448398,30.0,4554.0,35654,4622,12.963482358220677,11.945363774050598,0.41888297872340424,37387,5880,15.727391874180865,2.7639095159601883,45.202,8.34,0.17894579215333933,0.12219227313566937,-1.45,1157.363,22,6.0,10.481616621511806,30.806237973738575,0,0,1,0,0
22013,4.4816884661117715,113.0,2523.0,14353,2651,18.470006270466104,12.847488329965861,0.6089660533817051,13391,2732,20.401762377716377,1.9317561072502727,31.87,6.27,0.12650416538105522,0.0,-0.03,811.281,22,6.0,9.57171425857138,17.691773873663998,0,0,1,0,0
22015,13.40679706601467,1650.0,12270.0,116979,14026,11.99018627274981,10.822455312491986,0.21073534477518185,126952,17940,14.131325225281996,2.1411389525321862,51.02,13.04,0.10953772808535997,0.04429751128011578,0.25,840.305,22,6.0,11.669749710490654,139.21016773671465,0,1,1,0,0
22017,-2.669636954372087,-941.0,35395.0,254969,34643,13.587141966278255,12.243449203628677,0.2517227835898168,243243,41437,17.035228146339257,3.4480861800610025,37.181,11.33,0.2626330784225521,0.0690414604888289,0.65,878.829,22,6.0,12.448897248123048,290.12356214917804,0,1,1,0,0
22019,2.2372645303306102,526.0,23623.0,192768,24326,12.619314409030544,11.827689243027889,0.3387847619976114,202858,29910,14.744303897307475,2.124989488276931,43.758,10.94,0.18253530367874024,0.11537257124110883,-0.67,1064.295,22,6.0,12.169242672279456,181.12271503671442,0,1,1,0,0
22021,-0.7782435129740518,-12.0,1503.0,10132,1504,14.844058428740622,13.531385708645875,0.460552663195835,9959,1853,18.60628577166382,3.7622273429231985,37.423,6.78,0.33683158420789605,0.013993003498250875,0.35,529.435,22,6.0,9.223454011121566,19.13738230377667,0,0,1,0,0
22023,-41.099258760107816,-609.0,1484.0,6839,881,12.882000292440415,11.990057025880976,0.11132758140829391,6963,1259,18.08128680166595,5.199286509225535,59.555,12.27,0.0,0.0,0.77,1284.869,22,6.0,8.830396801098097,5.322721615977971,1,0,1,0,1
22025,-4.23645699614891,-67.0,1558.0,10407,1503,14.4422023637936,13.116171807437302,0.24605290137379537,9586,1625,16.951804715209683,2.509602351416083,36.398,6.79,0.28169014084507044,0.0,0.08,708.028,22,6.0,9.25023393563786,14.698571242945194,1,0,1,0,0
22027,-4.687478260869565,-136.0,2875.0,17195,2754,16.01628380343123,12.829310846176215,0.1932740626207963,15854,3061,19.3074303015012,3.2911464980699705,32.292,6.12,0.2778773754033704,0.09107206884187881,0.08,754.878,22,6.0,9.752373922866367,22.77851520378127,0,0,1,0,0
22029,-2.923119147562157,-91.0,3097.0,20822,3026,14.53270579195082,12.46277975218519,0.30906959394649897,19533,3453,17.677776071264013,3.1450702793131935,30.062,7.27,0.2054730983302412,0.012059369202226345,-0.18,696.981,22,6.0,9.943765399034698,29.87455899084767,0,0,1,0,0
22031,3.399378546338828,125.0,3701.0,26656,3848,14.43577430972389,13.385354141656663,0.3742880390561432,27395,4843,17.678408468698667,3.242634158974777,38.007,8.03,0.13156702898550723,0.0,0.37,876.404,22,6.0,10.19076954496657,30.4151966444699,0,0,1,0,0
22033,1.4838843326392726,687.0,47066.0,440171,48030,10.911668419773225,11.320827587460327,0.21616947686986598,443158,63024,14.221564317918215,3.3098958981449904,46.179,15.61,0.1606920890449658,0.0444703284858705,-0.73,455.342,22,6.0,12.99491856675853,966.6821861370136,0,1,1,0,0
22035,-17.67713310580205,-207.0,1172.0,7759,971,12.514499291145768,10.607036989302745,0.34435261707988984,6947,926,13.329494745933495,0.8149954547877272,24.038,4.44,0.25,0.0718954248366013,-1.24,420.708,22,6.0,8.95660873889395,18.442720366620076,0,0,1,0,0
22037,1.8946630307752237,49.0,2567.0,20267,2632,12.986628509399518,14.718507919277643,0.24956326428749687,19228,3479,18.093405450384857,5.106776940985339,35.335,10.15,0.567027027027027,0.06675675675675675,-1.46,453.403,22,6.0,9.916749226519313,44.699748347496595,0,0,1,0,0
22039,-2.0084633985491323,-92.0,4549.0,33984,4490,13.212099811676085,11.30237758945386,0.5933706179238849,33491,5140,15.347406765996835,2.1353069543207504,34.057,7.61,0.3942340498123507,0.11190719890822245,-0.56,662.381,22,6.0,10.433645104601611,51.30581946040119,0,0,1,0,0
22041,6.008391167192429,192.0,3170.0,20767,3388,16.31434487407907,12.28872730774787,0.6862962143015275,20109,3602,17.912377542393955,1.598032668314886,32.311,7.21,0.271455223880597,0.05457089552238806,-1.35,624.585,22,6.0,9.941120467342978,33.24927752027346,0,0,1,0,0
22043,1.618728587742672,41.0,2627.0,22309,2690,12.057913846429692,11.17934465910619,0.4388926401080351,22339,3300,14.772371189399705,2.7144573429700127,40.092,8.3,0.15754660252555622,0.0,-0.2,643.026,22,6.0,10.01274546347265,34.693775990395416,0,0,1,0,0
22045,-2.5583938393839385,-234.0,9090.0,73240,8914,12.170944838885854,11.309393773894048,0.498350057242912,70763,10584,14.956969037491344,2.7860241986054906,41.783,9.81,0.13740270668256083,0.1768810041371573,0.48,574.093,22,6.0,11.201496998788446,127.57514897412092,0,1,1,0,1
22047,-2.2975466143277723,-94.0,4076.0,33387,4004,11.992691766256328,12.202354209722346,0.17313291886361848,32626,5115,15.677680377612946,3.6849886113566175,42.215,8.87,0.07858990944372575,0.324385510996119,-0.56,618.63,22,6.0,10.415921881641534,53.96925464332477,0,0,1,0,0
22049,11.214268041237112,273.0,2425.0,16274,2717,16.69534226373356,13.07607226250461,0.40364583333333337,15822,3247,20.522057894071548,3.8267156303379863,40.674,7.36,0.22655172413793104,0.0,0.2,569.19,22,6.0,9.697324021256602,28.591507229571846,0,0,1,0,0
22051,-8.565783519792788,-5498.0,64089.0,432552,58988,13.637204313007453,12.794762248238362,0.23686784571866656,434903,74514,17.133475740567437,3.496271427559984,48.175,17.51,0.16489810515257686,0.06137718695343626,0.18,295.658,22,6.0,12.97745782934075,1463.0146994162174,0,1,1,0,1
22053,4.65902394106814,204.0,4344.0,31594,4585,14.512249161233145,11.616129644869279,0.21794679092138886,31425,5108,16.254574383452667,1.742325222219522,42.907,8.37,0.2360818537466145,0.0,-1.04,651.364,22,6.0,10.360722508129042,48.50436929274568,0,0,1,0,0
22055,9.166920923047215,1905.0,20714.0,221578,22787,10.283963209343888,10.676150159311845,0.29683095583838726,243692,32196,13.211759105756446,2.927795896412558,47.559,15.16,0.17977518433852976,0.06331104656159227,-2.47,268.743,22,6.0,12.308529950948541,824.4977543601136,0,1,1,0,0
22057,0.8534476930877134,98.0,11834.0,96318,12031,12.490915509042962,11.125646296642373,0.36286351148203827,97980,15162,15.474586650336802,2.98367114129384,47.492,11.55,0.13969996341017196,0.10903768752286865,0.11,1068.356,22,6.0,11.47541049620747,90.15534147793433,0,0,1,0,1
22059,4.365071770334929,91.0,2090.0,14890,2203,14.795164539959703,12.028206850235057,0.22865853658536583,14950,2461,16.46153846153846,1.6663739215787565,37.572,7.28,0.2325197889182058,0.0,-0.02,624.685,22,6.0,9.608445125678054,23.83601335072877,0,0,1,0,0
22061,3.8390513833992093,194.0,5060.0,46735,5286,11.310580935059377,9.759281052744196,0.6930540582165409,47118,6422,13.629610764463687,2.3190298294043092,35.247,11.07,0.25384830674503217,0.08102434928631402,-0.99,471.742,22,6.0,10.752248627616684,99.06898262185686,0,0,1,0,0
22063,26.78150318213961,2652.0,9899.0,128026,12671,9.897208379547905,10.765000859200475,0.26111221845724536,140524,18721,13.322279468275882,3.425071088727977,54.708,14.24,0.11493129419881562,0.09469326740642788,0.07,648.169,22,6.0,11.759988647274664,197.5194740877765,0,1,1,0,0
22065,2.007951289398281,28.0,1396.0,12093,1434,11.85809972711486,11.328867940130655,0.20815986677768525,11137,1598,14.34856783693993,2.49046810982507,26.441,7.14,0.4312896405919662,0.052854122621564484,-0.68,624.405,22,6.0,9.400382051785275,19.367237610204917,0,0,1,0,0
22067,-0.02941176470588214,-2.0,4284.0,27979,4310,15.404410450695163,13.209907430572928,0.23343797794413587,25189,4751,18.8614077573544,3.456997306659236,31.781,7.12,0.3721998851234922,0.023549684089603676,-1.85,794.93,22,6.0,10.239209507766637,35.19680978199339,0,0,1,0,0
22069,7.057885159725031,348.0,4946.0,39566,5329,13.468634686346864,11.77526158823232,0.13450260935062142,38505,6416,16.66277106869238,3.1941363823455156,30.326,9.05,0.16378819510343517,0.24226608464604288,0.39,1252.275,22,6.0,10.585725442588037,31.595296560260323,0,0,1,0,0
22071,-42.637398498076806,-27983.0,65516.0,343829,37639,10.947011450459385,12.036215676978964,0.8304545646037831,391249,57867,14.790325342684582,3.843313892225197,37.468,18.41,0.15744977790898965,0.033098941209624394,0.14,169.429,22,6.0,12.747899719740584,2029.339723423971,0,1,1,0,1
22073,3.1927542605827375,592.0,18190.0,153720,18920,12.308092635961488,11.031095498308613,0.21401653200167492,154679,22900,14.80485392328629,2.4967612873248015,39.823,11.24,0.20643291988149884,0.08482273659537064,0.51,610.397,22,6.0,11.94288804467878,251.83610011189438,0,1,1,0,0
22075,-24.212806861875183,-819.0,3381.0,23042,2577,11.18392500650985,11.127506292856523,0.30220925385577324,23305,3139,13.469212615318602,2.2852876088087513,54.73,20.31,0.03593408775064522,0.15674012308914037,0.3,780.338,22,6.0,10.045073916598,29.528230074659955,0,0,1,0,1
22077,4.365160523186682,146.0,3364.0,22802,3534,15.498640470134198,14.406630997280939,0.3234501347708895,21883,4534,20.719279806242287,5.220639336108089,41.177,10.86,0.0,0.0,0.17,557.219,22,6.0,10.034603530393666,40.92107411987028,0,0,1,0,0
22079,1.2209302325581395,217.0,17673.0,131613,18012,13.68557817236899,11.97754021259298,0.3950865598735723,130376,21076,16.16555194207523,2.4799737697062394,40.658,11.05,0.2827403642524354,0.0728293096145701,-0.21,1320.344,22,6.0,11.787621077189046,99.68084075059227,0,0,1,0,0
22081,0.6822238478419913,9.0,1367.0,9091,1386,15.245847541524585,12.495875041249588,0.14534883720930233,8462,1604,18.955329709288584,3.7094821677639995,34.723,7.22,0.2277951933124347,0.0987460815047022,1.11,389.092,22,6.0,9.115040192121858,23.364654117792195,0,0,1,0,0
22083,-2.9988543371522103,-93.0,3055.0,20725,2984,14.398069963811821,12.154402895054282,0.4523837141862893,20251,3577,17.663325267888005,3.2652553040761845,37.682,7.0,0.37129109863672816,0.0,-1.75,555.728,22,6.0,9.939095980003495,37.293424121152796,0,0,1,0,0
22085,-4.933043079743355,-216.0,4364.0,24233,4179,17.245079024470762,13.613667313167992,0.21939136588818114,23915,4928,20.606314028852186,3.361235004381424,35.395,7.46,0.14519523030161327,0.2193126022913257,1.63,866.659,22,6.0,10.095470619600714,27.961401197010588,0,0,1,0,0
22087,-69.37368322574609,-7424.0,10689.0,35897,3288,9.159539794411788,10.622057553556008,1.3457187090627605,46694,5323,11.39975157407804,2.240211779666252,39.2,13.24,0.09278503562945369,0.18675771971496438,0.37,377.512,22,6.0,10.488409005524973,95.0883680518765,0,0,1,0,1
22089,-1.2532662362324347,-67.0,5266.0,52780,5235,9.918529746115953,11.358469117089806,0.18094089264173704,52856,7177,13.578401695171788,3.6598719490558356,60.961,17.02,0.06859855108668499,0.20939295528353735,-0.1,277.744,22,6.0,10.873887610057315,190.03110778270636,0,1,1,0,0
22091,5.2302746148693915,77.0,1493.0,11203,1580,14.10336517004374,13.987324823707937,0.2912621359223301,10227,1991,19.468074704214335,5.364709534170595,27.393,8.24,0.2821869488536155,0.21075837742504408,-2.02,408.408,22,6.0,9.323936878558722,27.43090243090243,0,0,1,0,0
22093,4.300553709856036,116.0,2709.0,22102,2841,12.854040358338612,12.43326395801285,1.4311058545239503,21142,3663,17.32570239334027,4.471662035001657,51.725,11.66,0.080572179243906,0.32885710115311634,-1.12,241.543,22,6.0,10.003423381148728,91.503376210447,0,0,1,0,0
22095,9.72982292637465,420.0,4292.0,45924,4736,10.312690532183607,11.758557616932324,0.2627070245573958,43055,6092,14.149343862501452,3.8366533303178443,47.666,14.67,0.08524706718805546,0.18570920725204407,-0.34,214.32,22,6.0,10.734743135213703,214.27771556550954,0,1,1,0,0
22097,-9.869749960436778,-1254.0,12638.0,83384,11452,13.734049697783748,11.973520099779336,0.23534685643841757,82786,13255,16.011161307467447,2.2771116096836987,31.813,8.21,0.2596461902771974,0.06779031434275898,-0.71,923.913,22,6.0,11.331211723419159,90.25092189416102,0,0,1,0,0
22099,2.2374830852503385,133.0,5912.0,52160,6086,11.667944785276074,11.6545245398773,0.5332482566883916,53607,8144,15.19204581491223,3.5241010296361566,41.302,8.43,0.15024158993527212,0.11368401859786671,-0.34,737.216,22,6.0,10.862071196600535,70.75266950256099,0,0,1,0,0
22101,1.4408597481545806,98.0,6909.0,54650,7052,12.903934126258005,11.668801463860934,0.40819871460830287,50020,8387,16.767293082766894,3.8633589565088897,40.431,8.55,0.08146496067613569,0.14919591501349924,0.85,555.582,22,6.0,10.908704493604684,98.3653178108722,0,0,1,0,1
22103,30.364240702937785,6854.0,22534.0,233740,29628,12.675622486523489,13.271155985282792,0.2766947553766822,258447,43912,16.99071763262874,4.315095146105252,60.866,20.18,0.20180059523809524,0.027916666666666666,0.76,846.228,22,6.0,12.361964665487148,276.2139754297896,0,1,1,0,1
22105,21.421752239070674,2422.0,11277.0,121097,13803,11.398300535934002,11.662551508295003,0.28957721726279634,133753,19399,14.503599919254148,3.105299383320146,38.957,13.34,0.2341740385218646,0.07400087834870443,-0.28,791.312,22,6.0,11.704347156319384,153.0331904482682,0,1,1,0,0
22107,-13.690353390639924,-145.0,1047.0,5252,908,17.28865194211729,15.403655750190403,1.0723860589812333,4435,1090,24.577226606538897,7.288574664421606,27.157,7.24,0.0,0.0,-0.47,602.784,22,6.0,8.566364235422688,8.712905452035887,1,0,1,0,0
22109,1.5008301456824287,188.0,12287.0,111860,12566,11.23368496334704,11.083497228678706,0.35317975710347027,111297,16348,14.688625928821084,3.4549409654740444,48.437,11.81,0.1419240268620767,0.10136555693902961,0.5,1229.827,22,6.0,11.625003368375578,90.9558824127296,0,0,1,0,1
22111,1.6305131004366815,59.0,3664.0,22721,3750,16.504555257251003,13.780203336120769,0.3437334743521946,22270,4579,20.56129321957791,4.056737962326906,38.93,7.97,0.16352357320099256,0.0,0.22,876.977,22,6.0,10.031044885951003,25.90831914634021,0,0,1,0,0
22113,-0.6629881380781023,-52.0,7503.0,57999,7508,12.94505077673753,11.20364144209383,0.2813552605508223,59787,9174,15.344472878719454,2.3994221019819246,42.693,9.33,0.17507211777578832,0.047647468417387845,0.44,1173.212,22,6.0,10.968181048000611,49.436078048980065,0,0,1,0,1
22115,-5.636111111111111,-293.0,5184.0,52334,4929,9.41835135858142,8.898612756525393,0.494564456678953,49315,5970,12.105850147014092,2.6874987884326718,42.554,8.54,0.1977691020635806,0.015504740658114892,0.2,1327.918,22,6.0,10.8654015344347,39.41056601386532,0,0,1,0,0
22117,7.642505947660587,481.0,6305.0,47168,6836,14.492876526458618,13.197506784260515,0.31845620038975236,46325,8301,17.919050188882892,3.426173662424274,30.363,8.44,0.30943396226415093,0.0,-1.57,669.53,22,6.0,10.761470975549008,70.44941974220723,0,0,1,0,0
22119,-0.3587139947628745,-24.0,6874.0,41207,6894,16.73016720460116,12.87645302982503,0.4551096400496483,38813,7592,19.560456548063794,2.830289343462635,35.999,7.64,0.1936317489616982,0.14342408860175357,0.71,593.183,22,6.0,10.626363423818374,69.4676010607182,0,0,1,0,0
22121,-3.1987346483066617,-86.0,2687.0,23788,2617,11.001345216075332,11.594081049268539,0.16087516087516088,26395,3641,13.794279219549157,2.7929340034738246,47.298,12.65,0.0348507744616547,0.21751038911975823,-0.01,192.392,22,6.0,10.076936530826485,123.64339473574785,0,1,1,0,0
22123,-0.7317460317460319,-15.0,1953.0,11604,1954,16.83902102723199,12.426749396759739,0.7927070947284978,10934,2075,18.977501371867568,2.1384803446355782,33.901,7.66,0.3100948131622978,0.0,-2.79,359.646,22,6.0,9.359105145241294,32.26506064296558,0,0,1,0,0
22125,3.477486910994764,52.0,1528.0,15625,1590,10.176,14.368,0.2550519913674711,15441,2375,15.38112816527427,5.205128165274269,43.411,16.14,0.1482523101647248,0.0,-0.27,403.318,22,6.0,9.656627474604603,38.741142225241624,0,0,1,0,0
22127,-8.224968527066721,-198.0,2383.0,15313,2201,14.37340821524195,13.119571605825117,0.6220624827204866,14165,2643,18.658665725379457,4.285257510137507,32.039,5.95,0.2622201918684331,0.12631338510735496,-0.04,950.086,22,6.0,9.636457419815208,16.117488311584424,1,0,1,0,0
23001,-2.3890055750032415,-373.0,15426.0,107702,15184,14.098159737052237,12.774136042041931,0.2811163169688327,107958,19054,17.64945627003094,3.551296532978702,44.47,15.57,0.22703615777940103,0.12280861943024104,-0.32,467.939,23,6.85,11.587123433074193,230.162478442703,0,1,0,0,0
23003,3.0789706106289016,399.0,13134.0,71870,13651,18.99401697509392,15.342980381243912,0.35922993245465357,67431,16253,24.103157301537866,5.109140326443946,36.574,8.59,0.2779503105590062,0.12340153452685422,-0.14,6671.257,23,6.85,11.182614210462487,10.773082194255146,1,0,0,0,0
23005,6.071751126276225,2299.0,37513.0,281674,40157,14.256551900423894,13.49325816369278,0.26973034177863364,294520,54356,18.45579247589298,4.199240575469087,55.658,24.84,0.20355381594551333,0.05929506911277728,1.05,835.695,23,6.85,12.548505652835242,337.0535901255841,0,1,0,0,1
23007,9.270592006839067,434.0,4679.0,30768,5160,16.770670826833072,14.641835673426936,0.4237873692938413,29933,6581,21.985768215681688,5.215097388848616,39.831,12.87,0.21394523888704134,0.0,0.17,1697.019,23,6.85,10.334230467828561,18.13061609799301,0,0,0,0,0
23009,12.189433489114327,1075.0,8773.0,54418,9937,18.260502039766255,16.97783821529641,0.18415289667529364,54832,13713,25.00911876276627,6.748616723000016,47.533,20.16,0.19474036646983625,0.08814756194070737,1.87,1587.124,23,6.85,10.904450260467481,34.28717604925639,0,0,0,0,1
23011,4.522586926286509,818.0,17975.0,122151,18960,15.521772232728345,14.518096454388422,0.22961359312471297,122158,24268,19.866075083089115,4.344302850360769,45.973,14.81,0.2868598923129797,0.049810974911215486,-0.14,867.469,23,6.85,11.713013263308127,140.81310110217194,0,1,0,0,0
23013,6.4769067496816195,459.0,7067.0,39736,7594,19.11113348097443,16.443527280048322,0.3242924528301887,39809,9940,24.969228064005627,5.858094583031196,45.264,20.38,0.20535779282230474,0.10060420761447186,2.06,365.131,23,6.85,10.590012856787187,108.82669507656158,0,0,0,0,1
23015,9.178440435366037,617.0,6707.0,34457,7393,21.455727428389007,17.17793191514061,0.24262546290384368,34415,9555,27.764056370768557,6.30832894237955,47.678,20.62,0.22588623248145095,0.08891767754092568,1.55,455.867,23,6.85,10.447467448834278,75.5856423035666,0,0,0,0,1
23017,6.6994638363059416,617.0,9139.0,57833,9843,17.01969463800944,14.955129424377086,0.3217306892247954,57741,12563,21.757503333852895,4.737808695843455,39.748,14.65,0.2154404956911901,0.18709493625810128,1.28,2076.925,23,6.85,10.96531482599557,27.845492735654872,0,0,0,0,0
23019,7.719468334636435,1595.0,20464.0,153923,22253,14.457228614307155,13.18581368606381,0.2545356079068508,151696,28055,18.494225292690643,4.036996678383488,42.658,13.36,0.24240004166739007,0.07184152502647616,-0.52,3397.193,23,6.85,11.944207756354084,45.30887706409379,0,0,0,0,0
23021,15.234900424420502,467.0,3063.0,17535,3564,20.325064157399485,17.308240661534075,0.2672750977835724,16864,4453,26.405360531309295,6.08029637390981,34.016,10.08,0.0,0.0,1.2,3961.029,23,6.85,9.771954162574279,4.426879984973602,1,0,0,0,0
23023,15.819793981013937,784.0,4951.0,35293,5788,16.399852662000963,15.017142209503302,0.5030621172353456,35720,8026,22.469204927211646,6.069352265210682,55.486,19.31,0.10148181409968568,0.0,1.05,253.971,23,6.85,10.471439922974001,138.96468494434404,0,1,0,0,1
23025,3.9716883755222416,322.0,8138.0,52228,8537,16.345638354905415,14.901968292869725,0.27151689620203473,50573,10856,21.465999644078856,5.120361289173442,36.647,10.95,0.2044532920445329,0.2534837425348374,0.47,3924.355,23,6.85,10.863374028527929,13.30868384740932,1,0,0,0,0
23027,9.272703319866503,530.0,5693.0,38786,6280,16.191409271386583,16.513690506883925,0.5054252063433182,39723,8953,22.538579664174407,6.347170392787824,41.312,15.03,0.19252159507750563,0.0,0.2,729.971,23,6.85,10.565814635756187,53.133617636865026,0,0,0,0,1
23029,10.587565126780133,613.0,5758.0,32856,6426,19.558071585098613,16.14925736547358,0.578235728881353,31378,7695,24.523551532921157,4.965479947822544,34.859,10.23,0.27908657320422026,0.11894782483017777,2.69,2562.712,23,6.85,10.399889655636395,12.820792972444817,1,0,0,0,1
23031,3.952953170900294,1153.0,28935.0,197131,30353,15.397375349386955,14.5101480741233,0.22028305900371553,206074,42246,20.500402767937732,5.103027418550777,55.008,23.33,0.2013272583201268,0.14694928684627576,0.86,991.052,23,6.85,12.19162376134176,198.91085432449557,0,1,0,0,1
24001,1.1496002436610064,151.0,13133.0,75087,13402,17.848628923781746,12.68528506931959,0.9456335744949116,71002,14319,20.167037548238078,2.318408624456332,37.747,11.68,0.2536534007159402,0.10385344283006949,1.26,422.186,24,6.25,11.226402720238294,177.8528894847295,0,1,0,0,0
24003,-1.9214296799826178,-1255.0,64434.0,537656,63664,11.841028464296874,12.355483803770442,0.2248755657172966,575421,85034,14.777701891310885,2.9366734270140107,83.456,37.01,0.11704657879220921,0.06721496597279822,0.71,414.785,24,6.25,13.194974229432773,1296.22816639946,0,1,0,0,1
24005,3.053520181550063,3434.0,113247.0,805029,117476,14.592766223328601,12.560168639887506,0.2279349983016608,828193,142475,17.203115698876953,2.610349475548352,63.959,26.99,0.18234260219027446,0.05568718090688436,-0.37,598.358,24,6.25,13.598633580596541,1345.3969028574868,0,1,0,0,1
24009,13.985944727790297,1179.0,8431.0,88737,9683,10.91202091573977,12.258697048581764,0.2753108348134991,92094,13760,14.941255673550938,4.029234757811167,90.838,39.29,0.18058388205815512,0.03840102558125983,0.65,213.191,24,6.25,11.393432217735345,416.23239254940404,0,1,0,0,1
24011,1.768161747617941,74.0,4303.0,33066,4413,13.346035202322629,12.320812919615316,0.4450378282153983,33260,5478,16.470234515935054,3.1241993136124258,58.799,22.81,0.11964754985314577,0.0,-1.68,319.442,24,6.25,10.40626084311129,103.51174861164155,0,0,0,0,0
24013,15.186886556189055,2854.0,18767.0,167134,21809,13.048811133581436,12.740076824583868,0.2019036631093164,168233,28367,16.861733429232075,3.8129222956506386,81.621,35.09,0.19855191775906106,0.07911679648745065,-1.34,447.626,24,6.25,12.026551164861537,373.3786687993995,0,1,0,0,0
24015,8.695659401551534,944.0,10828.0,101108,11875,11.744866875024726,12.621157574079204,0.2943824051772377,102889,16156,15.702358852744219,3.957491977719492,64.886,26.12,0.18152123191787214,0.0,0.1,346.279,24,6.25,11.523944531452662,291.9842092647836,0,1,0,0,1
24017,1.0360020547442577,140.0,13627.0,146551,13852,9.451999645174718,10.853559511705821,0.2801884904390226,161448,20123,12.46407512016253,3.012075474987812,88.825,35.58,0.1404803562907587,0.019182439955463655,0.55,457.801,24,6.25,11.895128769725448,320.1194405429433,0,1,0,0,1
24019,0.9783536047946414,57.0,5673.0,32618,5771,17.692685020540804,14.179287509963823,0.2960009665337683,31994,6830,21.34775270363193,3.6550676830911257,45.151,20.5,0.21830985915492956,0.2452294411631077,0.2,540.756,24,6.25,10.392619562216863,60.31925674426174,0,0,0,0,1
24021,12.028920286063144,2773.0,22932.0,233385,25914,11.103541358699145,11.762966771643422,0.33504925889766574,255955,37144,14.511925924478913,3.408384565779768,81.686,34.95,0.13478593838780603,0.07180266310926653,0.1,660.469,24,6.25,12.360444729417173,353.3625348048129,0,1,0,0,0
24023,2.368009478672986,118.0,5064.0,30097,5231,17.3804698142672,14.091105425789946,0.29171528588098017,29155,6527,22.387240610529926,5.006770796262725,45.76,16.94,0.15131879164004747,0.0937300355936844,0.35,649.077,24,6.25,10.312180777995717,46.368920790599574,0,0,0,0,0
24025,7.381966690290574,2092.0,28220.0,244826,30564,12.483968205991195,12.492545726352592,0.27837662473575153,253736,41042,16.175079610303623,3.6911114043124282,77.01,29.88,0.14854289107463686,0.06879015804378939,0.04,437.12,24,6.25,12.408303033130842,560.0887628111274,0,1,0,0,1
24027,0.4138979748068751,112.0,28738.0,287085,29045,10.117212672205095,12.111743908598498,0.3074614300616753,322407,44553,13.818868697019607,3.701656024814511,103.273,45.62,0.08453148075789585,0.03323244832678795,-1.42,250.945,24,6.25,12.567533618140283,1144.0156209527984,0,1,0,0,0
24029,19.357525998905306,708.0,3654.0,20197,4397,21.770559984156062,14.45759271178888,0.5024172907384586,19456,5125,26.341488486842106,4.570928502686044,50.141,28.11,0.20537171687193945,0.09452441014987387,-0.23,277.035,24,6.25,9.913289357508388,72.9041456855632,0,0,0,0,1
24031,-8.288174393632662,-10822.0,129913.0,971777,119769,12.324741170042099,12.243652607542677,0.2551176494061,1047661,162414,15.502533739444344,3.1777925694022446,93.373,48.29,0.14654993641299324,0.0215196420138967,-0.57,493.076,24,6.25,13.786881633252582,1970.8462792754058,0,1,0,0,0
24033,-11.134962767235166,-10255.0,91586.0,863420,81513,9.44071251534595,11.249449862175997,0.1998890859340244,910551,121208,13.311500399208832,3.8707878838628815,71.26,32.76,0.11997915160482203,0.03608537754089816,-0.61,482.652,24,6.25,13.668656526069649,1788.907950241582,0,1,0,0,0
24035,5.872330242297338,396.0,6686.0,47798,7141,14.939955646679778,13.439892882547385,0.23833167825223436,50163,9593,19.123656878575844,4.183701231896066,81.096,37.57,0.0903316207379729,0.0860345632881831,-0.08,371.683,24,6.25,10.774739076600005,128.59883287640275,0,1,0,0,1
24037,7.20557114228457,721.0,9980.0,105151,10781,10.252874437713384,10.706507784043898,0.3076401337144518,113182,14531,12.838613913873232,2.585739476159848,80.053,32.78,0.14939991722996276,0.008380466271209822,0.53,358.688,24,6.25,11.563152691309114,293.154496386832,0,1,0,0,1
24039,-2.710486891385768,-101.0,3738.0,26470,3660,13.826973932754061,11.904042312051379,0.9074573225516622,25699,4273,16.62710611307833,2.800132180324269,42.443,15.59,0.3345754591429332,0.0,-0.04,319.749,24,6.25,10.183767295221147,82.78368345170743,0,0,0,0,1
24041,23.193482180002775,1674.0,7211.0,37782,8958,23.709703033190408,15.134190884548198,0.3422383409102518,37087,10829,29.198910669506834,5.489207636316426,63.017,35.24,0.21209375377552253,0.0816721034191132,0.1,268.558,24,6.25,10.539588077716799,140.68469380915855,0,1,0,0,1
24043,7.024847802731878,1379.0,19547.0,147430,21104,14.314589974903344,12.075561283320898,0.35682573091722297,150575,25877,17.18545575294704,2.8708657780436955,52.994,23.8,0.1755107215299913,0.09734497247174732,0.85,457.767,24,6.25,11.901108765843865,322.06340780353327,0,1,0,0,0
24045,12.1359454705365,1384.0,11370.0,98733,12847,13.011860269616035,11.772153180800746,0.32530588463779375,103222,16285,15.776675514909613,2.764815245293578,50.752,19.51,0.22232555517979935,0.08198061097959644,-0.7,374.419,24,6.25,11.500174516044796,263.69655386078165,0,1,0,0,1
24047,13.565492485881116,1419.0,10447.0,51454,11961,23.24600614140786,15.934621215065883,0.22421926850705842,51967,14373,27.657936767564028,4.411930626156167,55.487,28.91,0.1177845711203021,0.026194329557034105,0.34,468.289,24,6.25,10.848443483624047,109.87659330029106,0,0,0,0,1
24510,-18.91466755987272,-16959.0,89565.0,620961,72812,11.725696138726908,11.09667112749432,0.3299796080017527,602274,84559,14.039955236321012,2.3142590975941033,39.386,16.04,0.25226852307928066,0.047431926064573096,-0.37,80.946,24,6.25,13.339023557011124,7671.299384775036,0,1,0,0,1
25001,3.546716276185494,1820.0,51603.0,215888,53879,24.95692210775958,16.50948640035574,0.22522944079460447,213505,65068,30.47610126226552,5.519179154505938,60.317,39.27,0.22550458448974847,0.030006248274459087,1.52,394.229,25,5.3,12.282515033670569,547.620799078708,0,1,0,0,1
25003,1.2029265229223363,298.0,23885.0,131219,24386,18.584198934605507,14.853794038973014,0.27733987271559524,125927,29275,23.24759582932969,4.663396894724183,48.907,20.78,0.21023721744311621,0.09144229695006145,0.81,926.875,25,5.3,11.784622962080316,141.5714093054619,0,1,0,0,0
25005,-1.7589187402255588,-1415.0,78649.0,548285,77879,14.20410917679674,12.258223369233153,0.23423775131758734,563301,95498,16.953280750433606,2.7491715736368665,54.955,30.66,0.2024371517798782,0.14389985785875103,0.54,553.106,25,5.3,13.214550503731765,991.2837683915922,0,1,0,0,1
25007,11.186023294509152,269.0,2404.0,16535,2699,16.32295131539159,17.38736014514666,0.20363043984175005,17430,4266,24.475043029259897,8.152091713868305,62.407,68.13,0.14563911332090326,0.02175264139216905,2.89,103.205,25,5.3,9.713234625415893,160.21510585727435,0,1,0,0,1
25009,-2.631743881935363,-2806.0,107060.0,743159,105083,14.140042709568206,12.839244360897197,0.23275980101318972,787038,134580,17.099555548779094,2.9595128392108876,64.153,37.24,0.21441172221335097,0.141988122666545,1.43,492.474,25,5.3,13.518665298113948,1509.0319488947641,0,1,0,0,1
25011,-1.5697854860794158,-170.0,10955.0,71372,10878,15.241271086700667,16.64238076556633,0.24586764618757034,70529,15501,21.978193367267366,6.736922280566699,52.002,22.2,0.1711971939959767,0.20023727239903027,0.0,699.223,25,5.3,11.175660914551319,102.07330136451462,0,0,0,0,0
25013,-2.0463059063503013,-1407.0,66674.0,463490,65745,14.18477205549203,12.252907290340676,0.2029400286197476,466647,78933,16.91492712907187,2.7301550735798408,47.724,20.05,0.22589309696481333,0.12357458550045174,-0.08,616.99,25,5.3,13.046540088782272,751.2115269291237,0,1,0,0,0
25015,2.925114107883817,573.0,19280.0,158080,20022,12.665738866396762,13.2667004048583,0.2316182930530486,161361,27859,17.265014470658958,4.599275604262196,59.505,26.22,0.31141718013773106,0.061761507792678506,-0.01,527.233,25,5.3,11.970856512981694,299.829487152739,0,1,0,0,0
25017,-8.53581631603072,-18333.0,213802.0,1503085,197015,13.107375830375528,11.842177920743005,0.2053908144391213,1605899,245533,15.289442237650064,2.1820664072745366,77.377,42.08,0.13666534437322028,0.07104884821503019,-1.12,817.84,25,5.3,14.223030220695566,1837.8717108480876,0,1,0,0,0
25019,-1.8640549273021,-24.0,1238.0,10172,1227,12.06252457727094,12.632717263075108,0.26682733689103116,11212,1803,16.080984659293616,4.018460082022676,83.347,100.0001,0.0,0.007431874483897605,2.89,46.135,25,5.3,9.227394126542011,220.48336404031647,0,1,0,0,1
25021,-5.935395637234384,-6193.0,102733.0,670850,97304,14.50458373705001,12.614295297011255,0.23154398411001667,703740,118569,16.848409924119704,2.343826187069693,81.027,40.81,0.19157084389007992,0.06385369973364516,-0.64,396.097,25,5.3,13.416300844018618,1693.6507976581495,0,1,0,0,1
25023,5.8944375523369406,3790.0,64486.0,494919,68846,13.910559101590362,13.341577106556832,0.28676915083357896,518597,93971,18.120235944288147,4.209676842697785,73.131,36.07,0.1928200900065272,0.06944931120959154,1.09,658.94,25,5.3,13.1121493917973,751.0835584423468,0,1,0,0,1
25025,-10.55495478388835,-8926.0,84262.0,722023,75726,10.488031544701485,9.277820789642435,0.21361426461546265,801162,96191,12.006435652215156,1.5184041075136712,50.597,38.45,0.2320519183462086,0.017421201789593315,0.83,58.245,25,5.3,13.489812273323253,12396.308696025411,0,1,0,0,1
25027,0.8754571636421618,872.0,100347.0,798552,102035,12.777502279125216,12.04304791672928,0.24113492539505735,826655,129519,15.667842086481059,2.8903398073558435,64.152,28.28,0.21734443716665108,0.11707307944231309,0.24,1510.65,25,5.3,13.590555366620796,528.6148346738158,0,1,0,0,0
26001,2.0808198683423083,69.0,3342.0,10942,3441,31.447632973862184,18.872235423140193,0.1896505012191818,10396,3766,36.225471335128894,4.77783836126671,34.858,11.93,0.21142284569138275,0.13827655310621242,0.35,674.655,26,4.35,9.300363874623772,16.218659907656505,1,0,0,0,1
26003,12.221170395869192,213.0,1743.0,9601,1975,20.57077387772107,16.456619102176855,0.4424778761061947,9098,2299,25.26928995383601,4.698516076114942,38.262,11.15,0.17739975698663427,0.0,-0.91,915.033,26,4.35,9.169622538697624,10.492517756190214,1,0,0,0,1
26005,6.7322715404699744,907.0,13405.0,111408,14438,12.959572023553068,12.708243573172485,0.36215756889086714,117104,19327,16.504133078289385,3.5445610547363167,50.24,14.94,0.09633176961167579,0.36639953088350274,-0.52,825.249,26,4.35,11.620954417182327,134.9992547703784,0,1,0,0,1
26007,0.16805750350631135,9.0,5704.0,29598,5765,19.477667409960134,14.511115615919994,0.355073817977948,28431,6604,23.228166438042983,3.7504990280828494,36.695,10.48,0.2937235906420695,0.11985983716376379,0.07,571.865,26,4.35,10.295462070461793,51.75697061369379,0,0,0,0,1
26009,5.553306122448979,271.0,4900.0,23580,5216,22.120441051738762,15.932994062765054,0.3197935368043088,23301,6348,27.243465945667566,5.123024893928804,43.123,15.65,0.11836734693877551,0.17026239067055393,0.58,475.678,26,4.35,10.068154174091362,49.571348685455284,0,0,0,0,1
26011,-1.7585021485573968,-59.0,3258.0,15899,3227,20.296874017233787,15.321718347065852,0.4896460267265123,15013,3741,24.918404049823486,4.6215300325897,36.689,9.9,0.2243521476748314,0.1590344337948172,-1.04,363.177,26,4.35,9.67401149314871,43.77755199255459,0,0,0,0,1
26013,6.447612359550561,92.0,1424.0,8860,1531,17.279909706546277,14.571106094808126,0.2846299810246679,8337,1887,22.634041021950342,5.354131315404064,40.541,8.65,0.253025302530253,0.21397139713971397,-0.55,898.427,26,4.35,9.089302043599126,9.861680470422193,1,0,0,0,1
26015,2.7933244969273407,234.0,8299.0,59173,8611,14.552245111790851,13.84922177344397,0.5146242132543503,61045,11209,18.361864198542058,3.8096190867512068,51.869,14.73,0.15005574136008917,0.2697881828316611,-2.15,553.095,26,4.35,10.988220635754406,106.98523761740749,0,0,0,0,0
26017,0.8225493612078978,140.0,17220.0,107771,17507,16.244629816926633,13.864583236677772,0.4106180008295313,103506,20944,20.234575773385117,3.9899459564584845,44.659,10.78,0.21959781867757328,0.09342194955691888,-1.53,442.24,26,4.35,11.587763884567963,243.69346960926194,0,1,0,0,1
26019,13.927518271369559,438.0,3147.0,17525,3617,20.639087018544934,15.001426533523537,0.30330354947126814,17703,4650,26.266734451787833,5.627647433242899,44.718,16.02,0.10834132310642378,0.15244487056567593,0.75,319.698,26,4.35,9.771383711902791,54.81735888244531,0,0,0,0,1
26021,-0.4206708298967048,-109.0,25461.0,156813,25549,16.292654307997424,13.319686505583084,0.3666051324718546,153797,30446,19.796224893853587,3.5035705858561634,42.625,13.56,0.17803986509683542,0.15132176828160027,-0.3,567.777,26,4.35,11.962809291625017,276.18765818270197,0,1,0,0,1
26023,-1.2863296440323064,-85.0,6686.0,45248,6659,14.716672560113153,12.740894625176805,0.4894198934791996,43428,7982,18.37984710325136,3.663174543138208,42.133,11.18,0.15005348633667218,0.2065545074394632,-2.45,506.413,26,4.35,10.719913749256245,89.34999693925708,0,0,0,0,0
26025,0.766331632910753,156.0,19799.0,136146,20109,14.770173196421489,12.933174680122809,0.4881884604043118,133943,23728,17.714998170863723,2.944824974442234,42.568,11.03,0.20137478849407783,0.22540186125211506,-2.73,706.257,26,4.35,11.821483118309326,192.7711866926629,0,1,0,0,0
26027,-1.4685530852455122,-126.0,8411.0,52293,8355,15.977281854167863,14.902568221368059,0.4481013636188048,51613,10720,20.76996105632302,4.792679202155156,45.177,13.37,0.12438244696309213,0.28029642545771577,-2.14,490.105,26,4.35,10.864617797882975,106.69754440375021,0,0,0,0,0
26029,4.691717657342657,214.0,4576.0,25949,4833,18.624995182858683,15.457243053682223,0.34204881442402457,26197,6328,24.155437645531933,5.53044246267325,48.704,16.26,0.136540787528558,0.2975406531380191,0.94,416.33,26,4.35,10.163888352206046,62.32796099248193,0,0,0,0,1
26031,1.3858104420593043,75.0,5497.0,26152,5621,21.49357601713062,16.021719180177424,0.306044376434583,25435,7005,27.540790249655984,6.047214232525363,37.903,12.34,0.22139037433155082,0.05262032085561497,0.08,715.274,26,4.35,10.171680948404047,36.56221252275352,0,0,0,0,1
26033,-0.6674311111111116,-38.0,5625.0,38520,5627,14.607995846313603,12.528556593977155,0.3387757022537995,37418,6810,18.19979688919771,3.591801042884107,40.194,10.31,0.22483940042826553,0.052938377349512254,-1.4,1558.507,26,4.35,10.558932865912062,24.715962135556655,0,0,0,0,1
26035,-2.028212111502722,-126.0,6242.0,30926,6167,19.941149841557266,15.207268964625234,0.20229845478414327,30655,7260,23.68292285108465,3.7417730095273853,34.399,9.25,0.20794824399260628,0.12975970425138633,-2.36,564.366,26,4.35,10.339352533035376,54.79777307633699,0,0,0,0,0
26037,5.8795949812898955,535.0,9086.0,75382,9705,12.874426255604787,12.525536600249396,0.30949666069392406,78957,13394,16.963663766353836,4.089237510749049,58.016,16.77,0.26795598532844284,0.12290763587862621,-3.49,566.419,26,4.35,11.23032379870582,133.08522489535133,0,1,0,0,0
26039,3.9097421203438394,109.0,2792.0,14074,2928,20.80432002273696,15.795083132016485,0.1983411467724486,13904,3512,25.25891829689298,4.4545982741560195,39.665,10.8,0.2843320848938826,0.14731585518102372,-2.37,556.402,26,4.35,9.552084402526495,25.29466105441749,0,0,0,0,0
26041,3.1339099838733326,215.0,6821.0,37069,7098,19.148075211092827,15.730124902209393,0.3116651825467498,35874,8616,24.01739421307911,4.869319001986284,41.951,10.06,0.1428099719333003,0.0,-1.94,1171.101,26,4.35,10.520536319789551,31.65311958575733,0,0,0,0,1
26043,6.4711937716262975,301.0,4624.0,26168,4967,18.98119841027209,14.437480892693365,0.6218727662616154,25373,5811,22.902297718046743,3.9210993077746537,42.586,8.78,0.20692451147328306,0.14911213816589639,-3.58,760.948,26,4.35,10.17229256921822,34.38868358941741,0,0,0,0,0
26045,6.548260653055417,922.0,14057.0,107759,15108,14.020174648985236,13.790959455822716,0.32093517534537724,109730,20205,18.413378292171696,4.39320364318646,54.885,15.27,0.08692172242676485,0.19366629315404726,-3.14,575.202,26,4.35,11.58765253115997,187.3411427637595,0,1,0,0,0
26047,9.716245928338761,477.0,4912.0,32694,5437,16.62996268428458,15.140392732611488,0.40368006008261365,33175,7442,22.43255463451394,5.802591950229363,49.235,18.29,0.24852758834469932,0.07090824550526968,0.93,467.519,26,4.35,10.394946853811152,69.93084773025268,0,0,0,0,1
26049,1.0317840580978217,618.0,57145.0,425790,58189,13.666126494281219,12.37135677211771,0.3616401290456863,406770,70935,17.438601666789584,3.772475172508365,43.483,11.8,0.22928574663707596,0.09118166583631505,-1.9,636.963,26,4.35,12.961701545961413,668.4689691551943,0,1,0,0,0
26051,1.1980819529206626,67.0,5735.0,25692,5853,22.78141055581504,16.187918418184648,0.2885921231326392,25312,6775,26.765960809102403,3.984550253287363,37.936,11.77,0.18051253168121656,0.22219093213179386,-2.23,501.786,26,4.35,10.153934938377683,51.20110963637885,0,0,0,0,0
26053,-0.4299142857142859,-16.0,3500.0,16427,3514,21.391611371522494,15.669324891946188,0.4539138490041686,14715,3905,26.53754672103296,5.1459353495104665,33.673,6.92,0.17379310344827587,0.13586206896551725,-1.69,1102.136,26,4.35,9.7066816015412,14.904694157526839,1,0,0,0,1
26055,18.144695652173912,1988.0,10925.0,86986,13028,14.977122755385924,14.032143103487918,0.19231231519988462,92640,18357,19.81541450777202,4.838291752386095,50.647,17.43,0.20490068589204213,0.09273566383640583,0.37,464.339,26,4.35,11.373502465147553,187.33296147857493,0,1,0,0,1
26057,11.704383758533956,651.0,5566.0,42476,6271,14.763631227045861,11.707787927300123,0.5569496297203012,40692,7053,17.3326452373931,2.569014010347237,40.114,9.36,0.25024418831803086,0.1944715764797812,-3.92,568.381,26,4.35,10.656694489523737,74.73156210358897,0,0,0,0,0
26059,2.5654030439684328,183.0,7096.0,46688,7344,15.72995202193283,13.534527073337902,0.6158937353495427,45707,8920,19.515610300391625,3.7856582784587953,42.989,11.65,0.13836356619065998,0.2796217676572752,-2.4,598.152,26,4.35,10.751242451322511,78.05373884898822,0,0,0,0,0
26061,1.7915244702793922,95.0,5333.0,36628,5476,14.950311237304795,11.55946270612646,0.42391071045288686,35890,6183,17.227640011145166,2.2773287738403702,34.174,8.61,0.23516237402015677,0.07211646136618141,-0.58,1009.101,26,4.35,10.508568254227622,36.29765504146761,0,0,0,0,1
26063,2.8967425771115605,198.0,6938.0,33118,7198,21.734404251464458,15.151881152243494,0.3868106986178593,31105,7883,25.343192412795368,3.60878816133091,40.038,10.49,0.1769856804367982,0.2618728752446688,-0.74,836.045,26,4.35,10.40783222020243,39.61270027331065,0,0,0,0,1
26065,-4.254291711764899,-1299.0,30489.0,280895,29413,10.47117250218053,11.21023870129408,0.2877614795392518,290923,39551,13.59500623876421,3.1238337365836806,45.808,13.79,0.19530705255818184,0.08372323332356478,-3.38,556.128,26,4.35,12.545736213005114,505.09055469244487,0,1,0,0,0
26067,1.9126028952597216,139.0,7046.0,63905,7253,11.349659651044519,11.656364916673187,0.46412139801436764,64401,9544,14.819645657676123,3.469986006631604,46.454,12.37,0.12200883228920612,0.27328746020334804,-3.07,571.318,26,4.35,11.065152884565816,111.85539401874263,0,0,0,0,0
26069,7.996081909061592,495.0,6202.0,25887,6755,26.094178545215748,17.12828833004983,0.18588269823411435,25213,7454,29.564113750842818,3.4699352056270705,36.861,10.23,0.2011070110701107,0.12970479704797047,-0.17,549.105,26,4.35,10.161496191176417,47.14398885459065,0,0,0,0,1
26071,4.815068027210884,141.0,2940.0,11817,3108,26.3010916476263,17.737158331217735,0.2609546591279765,11099,3347,30.155869898189025,3.854778250562724,33.734,7.57,0.17024599765716517,0.15814135103475205,-2.88,1165.997,26,4.35,9.377294451639015,10.13467444598914,1,0,0,0,0
26073,3.4897722060846963,228.0,6541.0,70311,6827,9.70971825176715,9.183484803231359,0.3488249180789965,70363,8906,12.657220414138113,2.947502162370963,36.88,12.8,0.19552731893265565,0.09382465057179161,-3.1,572.699,26,4.35,11.160683537819985,122.77129871014269,0,1,0,0,0
26075,2.9692018865332663,654.0,21839.0,160248,22679,14.152438719984026,12.88378014078179,0.46934838319560024,158174,27925,17.654608216268162,3.502169496284136,46.117,13.0,0.20307465091299678,0.15840941639813821,-2.45,701.88,26,4.35,11.984477894205815,228.31253205676185,0,1,0,0,0
26077,1.924916544264922,579.0,29956.0,250331,30780,12.29572046610288,11.437656542737416,0.26180152172134497,264322,39609,14.985131771097373,2.6894113049944934,44.794,14.59,0.17304660893256787,0.15326457137296876,-2.1,562.088,26,4.35,12.430539321129263,445.3590896799078,0,1,0,0,0
26079,0.9068581687612216,25.0,2785.0,17153,2837,16.53938086632076,14.6213490351542,0.1971900419028839,17725,3598,20.29901269393512,3.75963182761436,39.35,10.59,0.15863389722310883,0.0941589530801149,-1.11,559.744,26,4.35,9.749928364409826,30.64436599588383,0,0,0,0,0
26081,1.0045317999757248,669.0,65912.0,602622,67104,11.135338570447146,10.909160302810053,0.3519629325114115,652617,89076,13.649046837578549,2.5137082671314026,49.532,14.76,0.14931174923957313,0.1620009967177055,-2.28,848.049,26,4.35,13.309045413475246,710.5980904405288,0,1,0,0,0
26083,-11.920309810671256,-69.0,581.0,2156,518,24.025974025974026,19.944341372912803,0.7296311309282529,2102,753,35.82302568981922,11.797051663845192,38.872,8.18,0.0,0.0,0.44,540.112,26,4.35,7.6760099320288875,3.9917646710311936,1,0,0,0,1
26085,6.215682440359795,158.0,2557.0,11539,2736,23.710893491637055,18.086489297166132,0.20713617533074968,11805,3437,29.1147818720881,5.403888380451043,31.205,9.29,0.0,0.0,-1.68,567.579,26,4.35,9.353487881194667,20.33020953911262,0,0,0,0,0
26087,4.901132380695604,545.0,11127.0,88319,11779,13.336881078816562,13.741097612065353,0.47341186832544313,87975,15906,18.080136402387044,4.743255323570482,55.005,16.52,0.16789366053169735,0.2250852079072938,-2.12,644.592,26,4.35,11.388710538983055,137.01535234691093,0,1,0,0,0
26089,15.797056117755288,688.0,4348.0,21708,5082,23.410724156992814,18.601437258153677,0.2276531637094074,21649,6732,31.09612453231096,7.685400375318146,56.527,24.12,0.14194499017681728,0.06507858546168958,0.73,347.2,26,4.35,9.985436135183296,62.52304147465438,0,0,0,0,1
26091,4.224579877389109,587.0,13865.0,99892,14580,14.59576342449846,13.47054819204741,0.45337383779803,98310,18484,18.801749567694028,4.2059861431955685,48.618,14.04,0.14905945582801478,0.23177695666778636,-2.31,749.633,26,4.35,11.511844881349983,133.25453922119223,0,1,0,0,0
26093,17.745257839529906,3241.0,18209.0,180967,21644,11.960191637149315,13.43836169025292,0.3213888392918458,190832,32803,17.189465079231994,5.229273442082679,72.129,21.64,0.1247730041606326,0.14339240971886996,-1.82,565.246,26,4.35,12.106069973183581,320.1561797872077,0,1,0,0,0
26095,1.6995670995670995,19.0,1155.0,6631,1185,17.870607751470367,13.632936208716634,0.2763067004374856,6286,1340,21.317212853961184,3.4466051024908175,40.041,8.6,0.0,0.0,-1.21,899.075,26,4.35,8.799510901368867,7.375358006840363,1,0,0,0,1
26097,-2.745375836284927,-71.0,2541.0,11113,2487,22.37919553675875,17.46603077476829,0.16348773841961853,10781,3035,28.151377423244593,5.772181886485843,39.339,12.61,0.0,0.0,-0.95,1021.865,26,4.35,9.315870873185647,10.875213457746375,1,0,0,0,1
26099,2.712301276141073,3134.0,116053.0,840978,120180,14.29050462675599,12.36358144921746,0.4051863857374392,870893,148022,16.996577076632835,2.706072449876846,53.996,15.7,0.13914410632534416,0.18530502003896906,-1.24,479.248,26,4.35,13.642320779278798,1754.786665776383,0,1,0,0,1
26101,8.78760206274173,409.0,4654.0,24733,5108,20.65256944163668,16.504265556139572,0.3950554351981649,24539,6252,25.477810831737237,4.825241390100558,40.853,12.4,0.1662848415425735,0.12390225276823215,0.89,542.325,26,4.35,10.115893663307597,45.60549486009312,0,0,0,0,1
26103,6.0595230316889905,561.0,9183.0,67077,9827,14.650327235863262,14.295511129000998,0.25924847072531315,66403,12692,19.11359426531934,4.463267029456077,45.13,12.51,0.27169597277368124,0.0400359236150501,-1.09,1809.04,26,4.35,11.113596492217914,37.07878211648167,0,0,0,0,1
26105,7.964999011271505,403.0,5057.0,28705,5509,19.191778435812576,15.317888869534924,0.5088764239865842,29062,6877,23.663202807790242,4.471424371977665,40.039,12.16,0.16507712233604144,0.236547745201931,0.6,494.972,26,4.35,10.264826602601737,57.99317941216877,0,0,0,0,1
26107,1.1744644520335301,76.0,6442.0,42798,6577,15.367540539277535,12.084676854058602,0.28867540580190243,43481,7982,18.35744348106069,2.989902941783157,35.887,11.92,0.17492073904012245,0.15852191975511096,-1.94,555.117,26,4.35,10.664246651506094,77.09726057749988,0,0,0,0,0
26109,-0.8554369143604276,-40.0,4589.0,24029,4587,19.089433601065377,15.860002496982812,0.2881844380403458,22902,5607,24.4825779407912,5.393144339725822,41.332,9.73,0.06958128078817734,0.2986453201970443,-1.61,1044.041,26,4.35,10.087016713216245,23.01537966420859,0,0,0,0,1
26111,4.151001357773251,490.0,11784.0,83629,12384,14.808260292482272,12.544691434789367,0.42547274749721914,83445,15430,18.4912217628378,3.6829614703555276,51.103,13.28,0.17887407407407407,0.16835555555555556,-3.09,516.262,26,4.35,11.334145628872538,161.98945496666423,0,1,0,0,0
26113,4.296657154504688,105.0,2453.0,14849,2581,17.38164186140481,14.054818506296721,0.23033892727871008,15075,3117,20.676616915422883,3.2949750540180744,40.376,11.23,0.12436115843270869,0.17206132879045996,-1.95,564.788,26,4.35,9.605687801896062,26.291280976224705,0,0,0,0,0
26115,6.756265187533016,1284.0,18930.0,152021,20392,13.413936232494194,13.31789686951145,0.4351209286814565,150000,27160,18.106666666666666,4.692730434172471,55.366,16.18,0.1492300594036565,0.15571832285598938,-1.43,549.346,26,4.35,11.931773948180227,276.7308763511521,0,1,0,0,1
26117,4.177180813543381,358.0,8506.0,63342,8942,14.117015566290927,12.331470430362161,0.5350625420785939,63516,11036,17.37514956861263,3.258134002321704,39.775,11.27,0.21219407471017604,0.21099184199227136,-2.48,705.329,26,4.35,11.05630389521775,89.80489955751146,0,0,0,0,0
26119,-0.24630053394355425,-8.0,2622.0,9765,2637,27.004608294930875,18.330773169482846,0.11461915181827656,9270,2928,31.585760517799354,4.581152222868479,34.447,10.32,0.1851145038167939,0.2639949109414758,-0.92,546.675,26,4.35,9.186559843310778,17.862532583344766,0,0,0,0,0
26121,0.5090317825087802,110.0,23063.0,172188,23352,13.561920691337376,12.590889028271423,0.4907491741547831,173679,29433,16.946781130706647,3.3848604393692714,40.67,11.28,0.21123689727463313,0.21838574423480084,-0.4,503.888,26,4.35,12.056342182136406,341.71879465278,0,1,0,0,1
26123,2.30452302631579,170.0,7296.0,48460,7528,15.53446141147338,13.266611638464711,0.43070787637088737,48687,9422,19.352188469201224,3.8177270577278435,43.218,11.58,0.19103963239517519,0.20425043078690408,-1.3,838.897,26,4.35,10.788493994370517,57.76632888185319,0,0,0,0,0
26125,-2.96883073804478,-4829.0,162795.0,1202362,159124,13.234283851286053,13.163423328415236,0.3696503589344814,1255340,211390,16.839262669874298,3.604978818588245,66.39,20.43,0.16026287363543146,0.06774867801403385,-1.78,867.404,26,4.35,13.999798513461755,1386.1614657068678,0,1,0,0,0
26127,1.8019736842105267,77.0,4408.0,26570,4525,17.030485509973655,13.865261573202861,0.3888610135474159,26545,5511,20.760971934450932,3.7304864244772773,39.543,11.54,0.15242652084757347,0.3308270676691729,0.26,538.093,26,4.35,10.187538038753859,49.378081484055734,0,0,0,0,1
26129,8.470647680293983,367.0,4354.0,21699,4765,21.95953730586663,15.69657587907277,0.30535302548763005,20895,5355,25.628140703517587,3.6686033976509584,35.968,10.59,0.24241348713398403,0.09476486246672582,-1.89,563.503,26,4.35,9.98502145551739,38.50733713928763,0,0,0,0,0
26131,-0.9486577181208048,-18.0,1788.0,6780,1787,26.356932153392332,19.542772861356934,0.2644569816643159,5802,2105,36.28059289900035,9.923660745608014,35.269,7.53,0.2243542435424354,0.0,-0.72,1310.978,26,4.35,8.821732380934442,5.171711500879495,1,0,0,0,1
26133,1.204177279673968,46.0,3926.0,23528,4008,17.03502210132608,13.724073444406665,0.22007042253521128,23323,4886,20.949277537195044,3.914255435868963,38.341,10.11,0.15139302610828806,0.34151042579288593,-2.35,566.286,26,4.35,10.065946480233832,41.547910419823204,0,0,0,0,0
26135,-9.761225402504472,-220.0,2236.0,8640,2034,23.541666666666668,16.979166666666668,0.23031366527747313,8282,2315,27.952185462448686,4.410518795782018,32.346,9.31,0.14933135215453194,0.14784546805349183,-1.37,565.674,26,4.35,9.064157861798101,15.273814953489113,1,0,0,0,0
26137,7.206447368421053,275.0,3800.0,24164,4114,17.02532693262705,14.281575898030127,0.20365216210712103,24613,5185,21.06610327875513,4.04077634612808,45.531,12.23,0.1691494473810668,0.07063911580970687,-0.89,515.027,26,4.35,10.092619201258632,46.917928574618415,0,0,0,0,0
26139,7.312216404886562,2111.0,28650.0,263801,31023,11.760000909776688,10.946887995117532,0.2926972047416947,289162,43587,15.073557383058631,3.3135564732819436,55.095,16.12,0.11983166996274663,0.2937957043646231,-0.04,563.517,26,4.35,12.482950310008736,468.13317078278027,0,1,0,0,1
26141,0.7752903600464582,25.0,3444.0,13376,3498,26.151315789473685,17.89025119617225,0.2685078634445723,12687,4004,31.559864428154803,5.408548638681118,37.383,10.87,0.1472196900638104,0.0,0.18,658.717,26,4.35,9.501217335324483,20.30614057326591,0,0,0,0,1
26143,1.5161758110330399,101.0,6689.0,24449,6849,28.013415681622973,18.781954272158373,0.2371315262275645,23863,7786,32.62791769685287,4.6145020152298954,33.542,10.74,0.13343694493783304,0.0641651865008881,-1.2,519.897,26,4.35,10.104344594271097,47.02662258101123,0,0,0,0,0
26145,-0.6752280678808488,-200.0,30583.0,200169,30601,15.287581993215731,13.0449769944397,0.4675049514071208,191166,36634,19.16344956739169,3.8758675741759596,42.954,11.0,0.22025610546790578,0.1288496866220013,-3.33,800.465,26,4.35,12.206917288718664,250.06589919609226,0,1,0,0,0
26147,4.318607960862797,983.0,22485.0,163040,23671,14.51852306182532,13.485034347399411,0.4664308986104536,159285,29856,18.743761182785573,4.2252381209602525,49.12,15.03,0.20665640731370144,0.18023422624481597,-1.25,721.312,26,4.35,12.001750848456552,226.0325628854088,0,1,0,0,1
26149,0.5653811859117254,54.0,8972.0,61295,9103,14.85112978220083,12.705767191451178,0.5327957376340989,60789,10761,17.702215861422296,2.8510860792214654,44.392,11.62,0.10077736144510933,0.3985235725071305,-2.4,500.596,26,4.35,11.023453552529094,122.44404669633796,0,1,0,0,0
26151,4.052173913043478,292.0,7222.0,43114,7579,17.578976666512037,13.717122048522521,0.7348734873487348,41179,8857,21.508535904223024,3.9295592377109863,40.818,11.56,0.15550595238095238,0.31572420634920634,-1.23,962.57,26,4.35,10.67160304933338,44.79050874222134,0,0,0,0,1
26153,6.20899344848124,105.0,1679.0,8485,1802,21.23747790218032,16.79434295816146,0.5702518612387137,8031,2196,27.344041837878226,6.106563935697906,36.925,8.77,0.0,0.0,-1.05,1171.876,26,4.35,9.046055177668327,7.240527154750161,1,0,0,0,1
26155,-1.3019507389162561,-133.0,10150.0,70648,10105,14.303306533801383,13.086003850073604,0.4848444869553745,68176,12456,18.270359070640694,3.9670525368393115,46.453,12.93,0.19319375959906232,0.14889661304664134,-3.48,530.959,26,4.35,11.165465079148639,133.05735471100405,0,1,0,0,0
26157,0.7652544324199861,68.0,8686.0,55729,8831,15.846327764718549,13.764826212564374,0.5030469101468242,52683,10735,20.376592069548053,4.530264304829505,42.198,11.22,0.25730388773867036,0.14722797331492984,-1.63,804.508,26,4.35,10.928255936745675,69.27090843099135,0,0,0,0,1
26159,-2.28443029678869,-244.0,10681.0,76258,10523,13.799207951952583,13.426788009126911,0.434959902134022,75416,13582,18.009440967433964,4.21023301548138,44.435,12.56,0.1511113878338833,0.17402403337276634,-0.61,607.795,26,4.35,11.241877606998933,125.46664582630657,0,1,0,0,1
26161,2.5105512043741687,854.0,33835.0,344791,34951,10.136865521431824,11.388058272982764,0.2392036483638606,368385,51337,13.935692278458678,3.7988267570268537,59.065,21.62,0.25843688463366604,0.09298114574138204,-2.19,705.973,26,4.35,12.750693715342843,488.39119909684933,0,1,0,0,0
26163,-13.454794283108946,-35830.0,265389.0,1820584,230703,12.671922855523283,12.008783994586352,0.5108964053484696,1753059,270442,15.426862415925532,2.7549395604022493,42.241,12.11,0.1788291279132228,0.11261731704353126,-1.73,611.993,26,4.35,14.414667886703162,2974.844483515334,0,1,0,0,1
26165,10.65737317282889,498.0,4652.0,32735,5199,15.882083396975712,13.218267908965938,0.43618546845124284,33433,6358,19.017138755122183,3.13505535814647,39.997,11.15,0.1653443351317042,0.2638051412250079,-0.76,564.925,26,4.35,10.396200120875191,57.94574501039961,0,0,0,0,0
27001,5.862394195888754,241.0,4135.0,16202,4413,27.237378101468956,17.460807307739785,0.22459292532285235,15826,5233,33.06584102110451,5.828462919635555,40.226,17.79,0.2249288199936729,0.09459031951913952,-1.74,1821.797,27,7.85,9.692889970390437,8.893416774755915,1,0,0,0,0
27003,-3.046834982096255,-1008.0,32954.0,330844,32232,9.742355913965495,11.502097665364944,0.22417277090174287,353775,49536,14.002119991520035,4.259764077554539,69.028,22.31,0.13808861707196127,0.18918393341565626,-2.41,421.979,27,7.85,12.709402244169219,784.0295370148751,0,1,0,0,0
27005,6.986165327210103,366.0,5226.0,32504,5637,17.342480925424564,14.573590942653212,0.25021294718909715,34227,7099,20.74093551874251,3.398454593317947,46.056,16.68,0.1624925715255964,0.11274301723406062,-2.34,1315.085,27,7.85,10.389118437667562,24.716273092613786,0,0,0,0,0
27007,15.154748941318813,752.0,4959.0,44442,5754,12.947212096665318,11.862652445884523,0.1266624445851805,46784,7463,15.95203488372093,3.0048227870556126,43.394,14.38,0.22678403925247131,0.06861966952882603,-2.89,2504.705,27,7.85,10.701940247241344,17.74340690819877,0,0,0,0,0
27009,36.91036677781146,1218.0,3299.0,38451,4558,11.854048009154509,10.332631140932616,0.2664188351920694,40476,5624,13.894653621899398,2.040605612744889,50.848,17.08,0.17974393820184537,0.24762177240540734,-3.43,408.297,27,7.85,10.557139982397933,94.17409385814737,0,0,0,0,0
27011,5.513317191283293,68.0,1239.0,5269,1324,25.12810780034162,14.234200037957867,1.0272873194221508,4974,1299,26.115802171290714,0.9876943709490931,42.87,8.19,0.413151364764268,0.0,-2.77,499.176,27,7.85,8.569595870209286,10.555395291440293,1,0,0,0,0
27013,10.193088235294118,696.0,6800.0,64013,7562,11.813225438582787,10.213550372580569,0.27478818410808337,67368,9243,13.720163876024225,1.906938437441438,47.871,16.35,0.24224441833137486,0.11583431257344301,-2.48,747.777,27,7.85,11.066841466714719,85.60439810264289,0,0,0,0,0
27015,9.522693435596661,422.0,4433.0,25893,4899,18.920171474916,12.972618082107132,0.31323414252153486,25076,5310,21.175626096666132,2.2554546217501326,47.696,12.24,0.19305271761340417,0.2564773191663261,-3.07,611.087,27,7.85,10.161727940887767,42.372035405760556,0,0,0,0,0
27017,10.790855581248687,515.0,4757.0,35386,5317,15.02571638501102,12.798847001639066,0.22994379151762903,35709,6173,17.286958469853538,2.261242084842518,52.858,16.35,0.24457741211667913,0.16454749439042632,-2.15,861.304,27,7.85,10.474071540672949,41.08421649034487,0,0,0,0,0
27019,12.505875423354441,848.0,6791.0,91042,7707,8.465323696755343,10.006370686056986,0.23164234422052352,103561,12486,12.05666225702726,3.5913385602719163,80.28,28.71,0.12853624842332873,0.28389092437984265,-2.7,354.199,27,7.85,11.41907621748441,257.0362988037798,0,1,0,0,0
27021,-2.348400261181847,-144.0,6126.0,28567,6029,21.104771239542128,16.07099100360556,0.2248725053206441,29462,7589,25.758604303849026,4.653833064306898,42.445,18.49,0.1572185643166854,0.05829452384775976,-2.38,2021.473,27,7.85,10.260007484461118,14.13177420623476,1,0,0,0,0
27023,-1.0922628951747089,-26.0,2404.0,12441,2400,19.291053773812394,13.584117032392895,0.4544660024471246,11876,2521,21.227686089592453,1.9366323157800593,43.956,9.44,0.23238239183827697,0.21462308709616473,-3.42,581.109,27,7.85,9.42875274891449,21.40906439239454,0,0,0,0,0
27025,35.310540126831405,1617.0,4573.0,53887,6247,11.592777478798226,11.286581179134114,0.1889287738522577,55844,8624,15.443019840985603,3.8502423621873767,64.726,23.06,0.0,0.1345871062611253,-2.23,414.904,27,7.85,10.89464454042269,129.87823689335363,0,1,0,0,0
27027,1.1626783912354044,80.0,6937.0,58999,7078,11.99681350531365,10.067967253682266,0.30051337701907427,64029,8305,12.970685158287651,0.973871652974001,50.057,14.61,0.201573958147022,0.05288260895486794,-4.17,1045.198,27,7.85,10.985275773591676,56.447677856253065,0,0,0,0,0
27029,5.499408672798949,83.0,1522.0,8695,1621,18.6428982173663,13.20299022426682,0.23046302116069556,8872,1823,20.547790802524794,1.9048925851584926,39.31,11.33,0.31270059605685463,0.0,-2.96,998.731,27,7.85,9.070503426788383,8.706047974880123,1,0,0,0,0
27031,-7.050133809099018,-80.0,1121.0,5176,1051,20.30525502318393,19.74497681607419,0.03425244048638465,5402,1520,28.137726767863754,7.832471744679825,49.162,24.71,0.0,0.0,2.99,1452.381,27,7.85,8.551787836180736,3.563803161842519,1,0,0,0,1
27033,-0.018724614134849493,-2.0,2462.0,11687,2482,21.237272182767178,13.382390690510823,0.5728011825572801,11279,2566,22.75024381594113,1.512971633173951,40.292,8.18,0.1746236559139785,0.38301075268817203,-2.35,639.974,27,7.85,9.366232391933156,18.26167938072484,0,0,0,0,0
27035,8.71619724988146,920.0,10545.0,62500,11564,18.502399999999998,13.6848,0.23145843703334992,64775,14600,22.539560015438052,4.0371600154380545,44.659,18.7,0.21913155979623192,0.08757176356432442,-2.14,998.364,27,7.85,11.042921835724492,62.60241755512018,0,0,0,0,0
27037,5.551310020318684,2071.0,37404.0,398552,39816,9.990164395110298,11.4062907725968,0.20927580546122132,425271,60145,14.142746625093174,4.152582229982876,72.85,24.37,0.12679224590766625,0.10239090744814093,-3.05,562.438,27,7.85,12.89559325803442,708.6149940082285,0,1,0,0,0
27039,1.4791840133222314,33.0,2402.0,20087,2460,12.246726738686712,10.554089709762533,0.20133383666792498,20807,3080,14.802710626231558,2.555983887544846,64.438,16.37,0.06553338260655334,0.30007390983000737,-5.08,439.278,27,7.85,9.907828118634548,45.727307081165,0,0,0,0,0
27041,12.72473447055037,794.0,6214.0,36009,7069,19.63120331028354,13.418867505345885,0.22104998744034163,37820,8690,22.977260708619777,3.3460573983362387,46.789,18.26,0.19147856961704285,0.17537408064925183,-2.23,636.753,27,7.85,10.491524186193454,56.55097031344964,0,0,0,0,0
27043,-4.86560048280024,-162.0,3314.0,14553,3179,21.8442932728647,13.949013949013949,0.40902679830747535,13727,3126,22.77263786697749,0.9283445941127901,41.631,8.7,0.23214285714285715,0.2458976833976834,-2.91,712.478,27,7.85,9.585552436913327,20.42589385216105,0,0,0,0,0
27045,3.3096168881939017,129.0,3837.0,20866,4000,19.16994153167833,13.112240007667978,0.8014796547472256,21031,4395,20.897722409776044,1.7277808780977146,45.888,13.39,0.21052631578947367,0.1798749747933051,-2.93,861.296,27,7.85,9.945876319027915,24.226282253719972,0,0,0,0,0
27047,0.9285206718346253,61.0,6192.0,31255,6309,20.1855703087506,13.492241241401375,0.26702269692923897,30465,6750,22.156573116691288,1.971002807940689,43.09,11.18,0.0,0.21489665003563793,-2.38,707.271,27,7.85,10.349934642365913,44.190981957410955,0,0,0,0,0
27049,13.038792067307694,871.0,6656.0,46183,7594,16.443279994803284,13.394539116124982,0.27536018095097603,46330,9079,19.596373839844595,3.1530938450413117,56.366,19.29,0.17752035065748278,0.20663744520976832,-1.38,756.873,27,7.85,10.740367043985996,61.018162888621994,0,0,0,0,0
27051,3.669490196078432,46.0,1275.0,6018,1334,22.16683283482885,14.223994682618809,0.8122743682310468,5962,1434,24.052331432405232,1.8854985975763832,41.697,10.27,0.3650324867099823,0.04607206142941524,-2.69,547.796,27,7.85,8.70251025718999,10.98584144462537,1,0,0,0,0
27053,-8.410864369858087,-12044.0,141849.0,1152425,130814,11.351194220882054,11.60665553072868,0.27322565259122733,1255296,176816,14.085602120934027,2.7344079000519734,61.328,24.79,0.15494523101651336,0.0875845949994532,-2.15,553.848,27,7.85,13.957378975813501,2080.760425243027,0,1,0,0,0
27055,2.0230529595015576,65.0,3210.0,19027,3307,17.380564461029063,14.221895201555684,0.24415765608650158,18670,4015,21.505088377075523,4.12452391604646,50.855,14.92,0.255276881052893,0.08765830643158679,-1.52,552.043,27,7.85,9.8536143020404,34.466518006749475,0,0,0,0,0
27057,3.0327130264446627,124.0,4084.0,20428,4245,20.780301546896418,15.566869003328765,0.23936533989878267,21287,5401,25.37229294874806,4.591991401851644,45.066,17.55,0.19258400926998842,0.19188876013904982,-3.24,926.005,27,7.85,9.924661787767535,22.060356045593707,0,0,0,0,0
27059,18.798000512689054,734.0,3901.0,37816,4680,12.375713983499049,11.183097101755871,0.5352131061941127,40004,6324,15.808419158084192,3.432705174585143,57.26,20.37,0.2489681961641175,0.14724447681476086,-2.66,435.745,27,7.85,10.540487572473072,86.7847020619858,0,0,0,0,0
27061,4.5312930186823985,366.0,8136.0,45058,8574,19.028807315016202,15.954991344489326,0.17365601330131167,45180,10611,23.48605577689243,4.45724846187623,45.621,14.68,0.24170437405731524,0.0,-2.36,2667.317,27,7.85,10.715705827737088,16.8926303097832,1,0,0,0,0
27063,-9.909058614564833,-223.0,2252.0,10266,2044,19.91038379115527,13.228131696863432,0.18036072144288579,9873,2170,21.97913501468652,2.068751223531251,46.869,10.03,0.27072258318566644,0.0,-2.05,702.972,27,7.85,9.236592743120248,14.603711100868884,1,0,0,0,0
27065,4.291250989707048,107.0,2526.0,16239,2659,16.37416097050311,13.70158260976661,0.24206905338259652,16205,3389,20.91329836470225,4.539137394199141,45.672,16.28,0.2820600272851296,0.15995907230559345,-3.04,521.624,27,7.85,9.695171035465087,31.131619710749504,0,0,0,0,0
27067,3.8236890524379024,254.0,6522.0,42239,6832,16.174625346243992,12.836478136319515,0.12322858903265559,42909,8109,18.898133258756904,2.723507912512911,49.512,15.74,0.3012325047002298,0.0,-2.6,797.391,27,7.85,10.65109924385748,52.97150331518665,0,0,0,0,0
27069,2.9274747474747476,30.0,990.0,4552,1029,22.605448154657292,16.16871704745167,0.6525911708253359,4272,1064,24.9063670411985,2.300918886541208,47.568,6.42,0.30907372400756145,0.07655954631379962,-4.9,1098.814,27,7.85,8.423321975806166,4.142648346307928,1,0,0,0,0
27071,-3.2926619243728945,-89.0,2671.0,13311,2604,19.56276763578995,15.949214935016151,0.2658227848101266,12355,3123,25.27721570214488,5.7144480663549295,39.571,9.98,0.18365921787709497,0.0,-4.2,3104.211,27,7.85,9.496346040047019,4.288046141193366,1,0,0,0,0
27073,0.24381956649091976,3.0,1707.0,7259,1726,23.777379804380768,15.291362446617992,1.4626218851570965,6645,1806,27.178329571106097,3.4009497667253292,45.55,7.71,0.0,0.0,-3.43,765.021,27,7.85,8.889997357284841,9.488628416736272,1,0,0,0,0
27075,8.07843665768194,180.0,2226.0,10866,2428,22.344929136756857,15.718755751886619,0.23434448639500066,10571,2752,26.03348784410179,3.6885587073449315,46.765,14.2,0.0,0.0,0.24,2109.266,27,7.85,9.293393927111468,5.151555090728244,1,0,0,0,1
27077,-12.15382955771305,-112.0,927.0,4045,821,20.296662546353524,17.082818294190357,0.2178649237472767,3747,899,23.992527355217508,3.695864808863984,46.08,13.55,0.0,0.0,-3.09,1297.868,27,7.85,8.305236829492593,3.1166497671565985,1,0,0,0,0
27079,-4.26767922235723,-176.0,4115.0,27703,3976,14.352236219903983,12.644839909035122,0.3221649484536082,28425,4969,17.48109058927001,3.128854369366028,57.477,19.19,0.13425242081076647,0.3006729033316921,-2.17,448.67,27,7.85,10.229295989560153,61.74471214924109,0,0,0,0,0
27081,7.72156862745098,102.0,1326.0,5896,1444,24.491180461329716,12.87313432835821,0.6756756756756757,5641,1405,24.906931395142706,0.41575093381299055,44.672,7.63,0.3161209068010076,0.0,-2.16,536.782,27,7.85,8.682029433869172,10.98397487248082,1,0,0,0,0
27083,-2.3344344904815224,-83.0,3572.0,25857,3519,13.609467455621301,10.66248984801021,0.3964678320418093,25696,4115,16.014165628891654,2.4046981732703525,46.872,13.63,0.16358962374386538,0.1520604502609644,-2.7,714.411,27,7.85,10.16033663631551,36.19345166857733,0,0,0,0,0
27085,6.521482050297561,342.0,5209.0,36651,5603,15.287440997517121,11.715914981855883,0.266497461928934,35788,6678,18.65988599530569,3.372444997788568,58.544,16.94,0.21312278124617456,0.3229893499816379,-2.93,491.486,27,7.85,10.50919599207217,74.57180875955775,0,0,0,0,0
27087,-11.631600831600831,-112.0,962.0,5413,855,15.795307592832069,12.65472011823388,0.8255563531945441,5508,975,17.70152505446623,1.9062174616341618,38.523,8.65,0.0,0.0,-3.09,557.867,27,7.85,8.596558746796978,9.703029575149634,1,0,0,0,0
27089,-14.011079274116524,-293.0,2094.0,9439,1816,19.2393261998093,13.846805805699756,0.5818786367414797,9353,2019,21.58665668769379,2.347330487884488,48.565,8.46,0.16515973477998794,0.12477396021699819,-4.05,1775.06,27,7.85,9.152605321324945,5.3175667301387,1,0,0,0,0
27091,2.372146446518306,101.0,4179.0,20840,4317,20.71497120921305,14.18426103646833,0.34968528324507947,19737,4598,23.29634696255763,2.581375753344581,43.96,9.62,0.0,0.17416279638230261,-2.48,712.331,27,7.85,9.944629495867304,29.25606213965137,0,0,0,0,0
27093,1.7604763179020606,65.0,3737.0,23300,3835,16.459227467811157,13.283261802575108,0.3185310099306727,23149,4577,19.771912393623914,3.312684925812757,51.173,16.56,0.18787361229718189,0.2678052946199829,-2.65,608.068,27,7.85,10.056208639553791,38.31808284599749,0,0,0,0,0
27095,17.52157968970381,622.0,3545.0,26097,4206,16.11679503391194,11.441928190979807,0.35294117647058826,25963,4722,18.187420560027732,2.0706255261157906,45.273,16.76,0.21622675854895332,0.11389936289169159,-1.74,572.364,27,7.85,10.16957564417565,45.59511080361448,0,0,0,0,0
27097,3.6030231645072632,183.0,5094.0,33198,5325,16.040122898969816,12.557985420808482,0.33691437289428516,33119,6422,19.39068208581177,3.350559186841952,47.085,15.95,0.1770283245319251,0.16682669227076333,-3.09,1125.094,27,7.85,10.410244912126165,29.5068678705957,0,0,0,0,0
27099,-6.318997507615619,-457.0,7222.0,39163,6818,17.40928938028241,11.72024615070347,0.2995242849591825,39931,7253,18.163832611254414,0.7545432309720042,44.497,10.86,0.1872495175894315,0.2812082529315719,-5.18,711.328,27,7.85,10.575487702494618,55.056176616132085,0,0,0,0,0
27101,-2.11664979757085,-42.0,1976.0,8725,1951,22.361031518624642,14.830945558739256,0.5706760316066725,8247,2130,25.82757366315024,3.4665421445255973,45.657,9.0,0.20715220235499346,0.0,-2.21,704.661,27,7.85,9.073947747070628,12.381840345925205,1,0,0,0,0
27103,3.562386545648692,135.0,3746.0,32727,3917,11.968710850368197,11.834265285544046,0.17090033403247107,34176,5429,15.885416666666666,3.916705816298469,57.54,16.97,0.0,0.26545454545454544,-2.58,448.642,27,7.85,10.395955704265866,72.9468039104676,0,0,0,0,0
27105,-11.202197227308396,-429.0,3823.0,21378,3420,15.997754701094582,11.324726354195903,0.2460456942003515,21667,3567,16.46282364886694,0.46506894777235885,43.04,9.72,0.15373413771583108,0.0,-2.48,715.094,27,7.85,9.97011763483389,29.895370398856652,0,0,0,0,0
27107,4.6125722543352605,64.0,1384.0,6852,1465,21.38061879743141,13.018096906012843,1.0230926629640456,6466,1367,21.14135477884318,-0.23926401858823,41.784,7.93,0.2712727272727273,0.0,-5.37,872.789,27,7.85,8.832295859444011,7.850694726904212,1,0,0,0,0
27109,7.353816748297695,1240.0,16742.0,144248,18133,12.57071155232655,11.093394709112085,0.2016695594677246,156446,24160,15.443028265343953,2.872316713017403,64.09,17.4,0.0,0.10586672628519575,-3.96,653.509,27,7.85,11.879289319456204,220.72840618874415,0,1,0,0,0
27111,5.350233871679463,601.0,11331.0,57303,12032,20.997155471790308,14.850880407657542,0.2781367646232511,58416,13902,23.798274445357436,2.801118973567128,43.478,15.86,0.23676511178581286,0.18537123930444382,-2.41,1971.848,27,7.85,10.956108257353245,29.060556391770564,0,0,0,0,0
27113,2.2953738317757013,50.0,2140.0,13930,2212,15.879396984924623,12.3402727925341,0.23820867079561697,14110,2557,18.1218993621545,2.2425023772298776,44.926,9.16,0.1464336940931021,0.09218933368105359,-4.97,616.578,27,7.85,9.54180006677385,22.592437615354424,0,0,0,0,0
27115,2.8755930754434713,134.0,4679.0,29750,4856,16.322689075630255,12.726050420168066,0.23732345450335726,29254,6024,20.59205578724277,4.269366711612516,43.938,16.24,0.19326007326007327,0.0,-2.77,1411.289,27,7.85,10.300584410973777,21.08001975498994,0,0,0,0,0
27117,3.3931905546403076,62.0,1821.0,9596,1901,19.810337640683617,12.077949145477282,0.37921035021191163,9163,1921,20.964749536178108,1.1544118954944906,40.589,8.51,0.19504089979550102,0.15388548057259713,-4.13,465.055,27,7.85,9.169101623959586,20.63411854511832,0,0,0,0,0
27119,5.051584077985377,249.0,4924.0,31600,5220,16.518987341772153,12.585443037974683,0.3353867214236824,31384,5770,18.385164414988527,1.8661770732163738,47.233,11.58,0.24694401643554187,0.1635336414997432,-3.76,1971.073,27,7.85,10.360912399575003,16.03187705376716,1,0,0,0,0
27121,6.057182067703568,132.0,2186.0,10995,2338,21.264211005002274,14.961346066393816,0.372960372960373,11107,2707,24.372017646529216,3.107806641526942,47.196,14.87,0.19053051911009697,0.1645750142612664,-2.45,669.553,27,7.85,9.305195902988862,16.421403533402135,1,0,0,0,0
27123,-7.055807976501905,-4650.0,65367.0,508640,61181,12.028350110097515,11.582848379993708,0.24355769186498893,546598,78991,14.45138840610467,2.423038296007155,51.915,22.27,0.19374533995470083,0.08252676448658611,-2.08,152.22,27,7.85,13.13949577614463,3341.4794376560244,0,1,0,0,0
27125,-18.979696616102686,-162.0,857.0,4089,701,17.143555881633652,13.499633162142333,0.3593429158110883,4005,823,20.549313358302122,3.4057574766684695,47.835,8.08,0.0,0.0,-6.4,432.407,27,7.85,8.316055720364643,9.456368652681386,1,0,0,0,0
27127,2.5896303565587178,80.0,3057.0,16059,3164,19.70234759324989,12.821470826327916,0.44004400440044,15193,3238,21.31244652142434,1.6100989281744518,44.181,8.83,0.19116555308092056,0.11915367483296214,-3.67,878.573,27,7.85,9.68402471906149,18.27850389210686,0,0,0,0,0
27129,-0.2763618355893035,-9.0,3029.0,15730,3045,19.357914812460265,13.312142403051494,0.8429639700883753,14572,3052,20.944276695031565,1.5863618825712997,47.623,9.71,0.26560587515299877,0.19318645450836394,-3.9,982.918,27,7.85,9.663324996052323,16.00336955880348,1,0,0,0,0
27131,9.406934715606612,674.0,7138.0,64142,7881,12.286801159926414,10.768295344703937,0.3598740440845704,66549,10454,15.708725901215645,3.4219247412892315,58.771,21.04,0.13476002865329512,0.1663234240687679,-2.2,495.838,27,7.85,11.068854654550838,129.36079929331757,0,1,0,0,0
27133,10.714634146341464,175.0,1640.0,9687,1835,18.94291318261588,12.914214927222051,0.28155795401220085,9386,1890,20.13637332196889,1.1934601393530109,45.411,9.92,0.2626346313173157,0.09569179784589893,-4.25,482.458,27,7.85,9.178540059426386,20.078431697681456,0,0,0,0,0
27135,-1.809379128137384,-40.0,2271.0,15629,2250,14.396314543476871,12.176082922771771,0.29455081001472755,15259,2653,17.386460449570745,2.9901459060938738,49.4,9.62,0.11142178107087936,0.557947714245771,-4.3,1671.619,27,7.85,9.656883441842194,9.349618543459963,1,0,0,0,0
27137,-1.5785792213459677,-522.0,32081.0,200226,31816,15.890044249997503,14.263382377912958,0.21444235284985153,199499,38652,19.374533205680226,3.484488955682723,44.941,14.04,0.29906084213544903,0.04941929933565932,-0.66,6247.776,27,7.85,12.207202007560731,32.04756380510441,0,0,0,0,1
27139,28.167682769310257,2186.0,7742.0,129928,10016,7.708884920879257,9.021919832522627,0.20796197266785502,147201,16087,10.928594235093511,3.2197093142142545,82.19,27.43,0.11495476317189994,0.14313464608834486,-2.95,356.25,27,7.85,11.774735729854438,364.7101754385965,0,1,0,0,0
27141,32.219576333089854,1766.0,5476.0,88499,7307,8.256590469948813,9.378637046746292,0.28722320022236636,96015,10755,11.201374785189815,2.9447843152410016,71.704,22.63,0.22770280750736777,0.16152215500749703,-2.88,432.909,27,7.85,11.390746531497154,204.42864435712818,0,1,0,0,0
27143,-6.6248956356736235,-176.0,2635.0,15226,2479,16.28136083015894,12.032050440036778,0.3342449103615922,14871,2719,18.28390827785623,2.0025474476972924,51.449,14.85,0.17872738615096695,0.0,-3.1,588.834,27,7.85,9.630759771866158,25.857881847855257,0,0,0,0,0
27145,4.452760275160413,776.0,17299.0,150642,18228,12.10021109650695,10.607931386996986,0.18717526704747153,159788,23964,14.997371517260369,2.897160420753419,51.779,17.45,0.18746600512078962,0.14067578503296674,-2.87,1342.81,27,7.85,11.922661439929039,112.18415114573172,0,0,0,0,0
27147,7.955716353111433,386.0,4837.0,36576,5270,14.4083552055993,11.882108486439195,0.21508179625888027,36710,6405,17.447561972214658,3.039206766615358,55.321,15.63,0.11981065346319168,0.2738995592796126,-3.05,429.645,27,7.85,10.507147566594536,85.13074747756869,0,0,0,0,0
27149,-4.896402877697842,-83.0,1668.0,9726,1597,16.41990540818425,11.114538350812255,0.4567307692307693,9770,1654,16.92937563971341,0.5094702315291606,47.055,12.03,0.31333165955310066,0.1534019583228722,-3.31,563.611,27,7.85,9.182557990963732,17.256582997847808,0,0,0,0,0
27151,-6.914074427480916,-146.0,2096.0,9783,1966,20.09608504548707,13.584789941735664,0.4963805584281282,9329,2051,21.98520741772966,1.8891223722425927,41.486,9.76,0.1859638732602902,0.0,-3.74,742.039,27,7.85,9.18840146445743,13.18394316201709,1,0,0,0,0
27153,-5.03650653088333,-227.0,4517.0,24895,4327,17.381000200843545,13.64932717413135,0.32515289928001856,24603,5255,21.359183839369184,3.978183638525639,42.927,13.94,0.0,0.3478531425015557,-2.84,944.964,27,7.85,10.122422259076282,26.34491895987572,0,0,0,0,0
27155,-3.740041493775934,-37.0,964.0,3558,937,26.33501967397414,12.900505902192243,0.5306319343945972,3282,815,24.83241925655088,-1.5026004174232597,41.287,6.92,0.0,0.0,-3.57,573.872,27,7.85,8.17695386822578,6.1999888476872895,1,0,0,0,0
27157,-0.6838578404774821,-25.0,3686.0,21676,3692,17.032662852924894,13.90939287691456,0.34010203060918276,21564,4652,21.572992023743275,4.5403291708183815,51.112,15.73,0.1435298221137077,0.0,-1.13,522.956,27,7.85,9.983960936686005,41.44899379680126,0,0,0,0,0
27159,21.769561551433387,517.0,2372.0,13843,2918,21.07924582821643,12.735678682366538,0.2609073778808523,13681,2875,21.01454572034208,-0.06470010787434788,34.686,11.38,0.45484949832775917,0.06317354143441099,-3.74,536.277,27,7.85,9.535534968687735,25.81315253124784,0,0,0,0,0
27161,2.9819992622648464,81.0,2711.0,19136,2819,14.731396321070234,12.54703177257525,0.354295837023915,18658,3322,17.804695036981457,3.073298715911223,50.552,14.14,0.1811062163485071,0.0,-2.36,423.363,27,7.85,9.859326656750358,45.199982048502115,0,0,0,0,0
27163,10.428870759217153,2340.0,22431.0,238136,24984,10.491483857963518,12.17287600362818,0.2511529218178275,259072,38712,14.942564229249012,4.451080371285494,79.109,26.48,0.14978094194961664,0.10872276986734818,-0.63,384.408,27,7.85,12.380597218021904,619.4876277288714,0,1,0,0,0
27165,-2.464831096714484,-54.0,2161.0,11211,2125,18.954598162518955,12.469895638212469,0.49534376857539136,10903,2218,20.343024855544346,1.3884266930253908,44.228,8.93,0.0,0.3638705983395362,-2.85,434.954,27,7.85,9.324650718153594,25.77513944003274,0,0,0,0,0
27167,9.072710103871575,97.0,1059.0,6576,1169,17.77676399026764,12.712895377128955,0.1949317738791423,6264,1232,19.66794380587484,1.8911798156072024,48.692,10.28,0.0,0.0,-6.1,751.0,27,7.85,8.791181936736017,8.756324900133157,1,0,0,0,0
27169,0.26144366197183094,16.0,6816.0,51461,6891,13.390723071840812,11.688463107984687,0.16859344894026976,50744,8551,16.851253350149772,3.46053027830896,44.217,15.92,0.15388198034558243,0.2279353546644311,-1.61,626.118,27,7.85,10.84857951821591,82.19057749497698,0,0,0,0,0
27171,20.81454118127938,2041.0,9786.0,124700,11934,9.570168404170008,9.589414595028067,0.26326530612244897,136387,17082,12.524654109262611,2.954485705092603,67.963,22.23,0.15613094853748305,0.14560599212242525,-2.5,661.12,27,7.85,11.733666131668128,188.61931268151017,0,1,0,0,0
27173,-7.734034766697163,-170.0,2186.0,10438,2031,19.457750526920865,12.559877371143896,0.31512605042016806,9775,2015,20.61381074168798,1.1560602147671162,50.288,9.71,0.29334758215335294,0.0,-3.98,759.101,27,7.85,9.25320827220336,13.750475891877365,1,0,0,0,0
28001,-4.61431784107946,-248.0,5336.0,32297,5116,15.840480539988233,13.728829303031242,0.30704148471615716,31103,5811,18.683085232935728,2.8426046929474946,27.096,7.75,0.18962948246746797,0.03973378364954803,0.12,462.344,28,5.0,10.382729625640236,69.85491322478501,0,0,1,0,0
28003,10.639271485486626,561.0,5271.0,37057,5888,15.889035809698573,12.496964136330519,0.6090062657375417,37058,6814,18.38739273571159,2.4983569260130167,32.342,8.57,0.2165714803734929,0.236696582358807,-1.3,400.044,28,5.0,10.52021254675162,92.63231044585096,0,0,1,0,0
28005,3.2362173913043475,74.0,2300.0,13131,2390,18.201203259462343,14.446729114309647,0.21100226073850792,12341,2895,23.458390730086702,5.257187470624359,27.615,7.23,0.0,0.0,-1.01,730.1,28,5.0,9.482731125859004,17.98520750582112,0,0,1,0,0
28007,9.574950884086444,293.0,3054.0,19564,3369,17.220404825189124,12.553670006133716,0.745123822046899,18308,3539,19.33034738911951,2.1099425639303853,28.508,7.22,0.12211740041928722,0.10045422781271837,0.02,734.957,28,5.0,9.881446421659248,26.619244391168465,0,0,1,0,0
28009,-0.3211667913238591,-6.0,1337.0,8729,1343,15.385496620460534,12.29235880398671,0.3105590062111801,8275,1489,17.993957703927492,2.608461083466958,29.202,7.91,0.0,0.0,-1.04,406.616,28,5.0,9.07440609473535,21.467428728825233,0,0,1,0,0
28011,-5.680524861878453,-247.0,4344.0,34145,4113,12.045687509152145,12.408844633182017,0.334044065387349,31253,4876,15.601702236585288,3.5560147274331424,26.005,7.78,0.2101431391905232,0.17065646594274433,-0.57,876.661,28,5.0,10.438371441395189,38.948920962606984,0,0,1,0,0
28013,-3.1469242902208197,-81.0,2536.0,14962,2476,16.548589760727175,12.66541906162278,0.6943439895848401,14417,2720,18.866615800790733,2.3180260400635575,28.484,6.07,0.0,0.33908256880733945,0.23,586.573,28,5.0,9.61326893243235,25.50748159223149,0,0,1,0,0
28015,-4.478643349231585,-85.0,1887.0,10597,1817,17.1463621779749,14.806077191658016,0.5740300870942201,9972,2352,23.586040914560773,6.439678736585872,29.29,6.54,0.0,0.0,-1.02,628.29,28,5.0,9.268326221174837,16.86641519043754,1,0,1,0,0
28017,-13.463630065812263,-390.0,2887.0,17392,2512,14.443422263109476,12.34475620975161,1.6103273888741017,17060,2966,17.38569753810082,2.9422752749913457,30.092,5.98,0.0,0.5755451713395638,-0.98,501.782,28,5.0,9.763765609360991,34.660470084618424,0,0,1,0,0
28019,-11.77763157894737,-197.0,1672.0,8547,1486,17.386217386217385,13.934713934713935,0.746987951807229,8206,1796,21.886424567389714,4.500207181172328,30.994,7.28,0.26631393298059963,0.0582010582010582,-0.16,418.196,28,5.0,9.053335623166017,20.43778515337306,0,0,1,0,0
28021,-8.576062992125985,-109.0,1270.0,9604,1165,12.130362349021242,13.06747188671387,1.0892730286526164,9042,1521,16.821499668214994,4.691137319193752,24.15,5.35,0.0,0.0,-0.35,487.415,28,5.0,9.169934957341145,19.70394838074331,0,0,1,0,0
28023,-3.942877291960508,-112.0,2836.0,16732,2741,16.381783409036576,13.489122639254122,0.21584560690705942,15612,3189,20.42659492697925,4.044811517942673,29.103,5.99,0.0,0.24029982363315697,0.42,691.577,28,5.0,9.72507833256209,24.19397984606197,0,0,1,0,0
28025,0.5533721328312218,15.0,2921.0,20634,2952,14.30648444315208,12.95434719395173,0.4684095860566449,19515,3580,18.344862925954395,4.038378482802315,31.727,7.45,0.16335540838852097,0.17880794701986755,-0.36,410.066,28,5.0,9.934695479660322,50.31872918018075,0,0,1,0,0
28027,-14.064295374628076,-521.0,3697.0,26151,3186,12.183090512791098,11.035906848686475,0.3243143068939956,22685,3436,15.146572625082655,2.9634821122915564,24.726,5.34,0.2719623502567028,0.11209355390758699,-0.65,552.489,28,5.0,10.171642709679686,47.333069074678406,0,0,1,0,0
28029,2.641122213681783,101.0,3903.0,29449,4029,13.681279500152806,12.316207681075758,0.4349967170059094,28339,4923,17.371819753696318,3.690540253543512,36.637,7.32,0.11420279959030386,0.3717992488904063,-1.08,777.285,28,5.0,10.290415232645834,37.88700412332671,0,0,1,0,0
28031,20.3202297907263,496.0,2437.0,19568,2957,15.111406377759607,11.948078495502862,0.1530131826741996,18810,3212,17.076023391812868,1.9646170140532604,32.456,8.16,0.12205024105556965,0.3478812484141081,-1.11,413.818,28,5.0,9.881650857926953,47.28648826295618,0,0,1,0,0
28033,29.825803607214432,3728.0,12475.0,161252,16341,10.133827797484681,10.31367052811748,0.2028101372619009,182256,23617,12.958146782547624,2.824318985062943,59.418,15.23,0.12581968219662548,0.07905788736891224,-0.24,476.319,28,5.0,11.990723637681876,338.53782864005007,0,1,1,0,0
28035,6.518018575851393,527.0,8075.0,74934,8664,11.562174713748098,9.934075319614594,0.2570534857072068,75162,10246,13.631888454272106,2.0697137405240085,34.448,11.04,0.254506313658709,0.10850496417440478,-0.03,466.042,28,5.0,11.22436300509114,160.78808347745482,0,1,1,0,0
28037,-4.204922850844968,-58.0,1361.0,8118,1315,16.198571076619857,13.402315841340231,0.8907077515647569,7716,1537,19.91964748574391,3.721076409124052,33.324,7.0,0.22569444444444445,0.14322916666666666,-1.29,563.964,28,5.0,9.001839097398843,14.39453582143541,1,0,1,0,0
28039,25.677625772285968,583.0,2266.0,22578,2879,12.75135087253078,11.307467446186553,0.5787781350482315,24098,3555,14.752261598472902,2.0009107259421217,45.492,9.24,0.20802568218298556,0.09052969502407705,-0.81,478.696,28,5.0,10.024731259821491,47.165633303808676,0,0,1,0,0
28041,3.5895281189398838,55.0,1547.0,14400,1617,11.229166666666666,11.215277777777779,0.7027132539527621,13619,1924,14.127322123503927,2.8981554568372605,40.828,7.26,0.0,0.0,0.02,712.736,28,5.0,9.574983485564092,20.203834238764422,0,0,1,0,0
28043,1.929224030037547,60.0,3196.0,21906,3277,14.959371861590432,12.882315347393408,0.6006893156080748,20927,3697,17.66617288670139,2.7068010251109573,32.901,8.59,0.1512107161257084,0.26661514683153015,1.78,422.122,28,5.0,9.994515850883692,51.89494980124229,0,0,1,0,0
28045,-12.704594523433387,-967.0,7596.0,43929,6685,15.217737713128002,13.596940517653486,0.7326007326007326,47339,9602,20.283487188153533,5.06574947502553,44.494,15.07,0.09481305167112962,0.10701180204304274,0.25,473.964,28,5.0,10.690329973223367,92.6842545003418,0,0,1,0,1
28047,-9.147055391155751,-2198.0,23993.0,187105,21952,11.732449694022073,11.384516715213383,0.33927753841819186,206169,30825,14.951326339071343,3.2188766450492707,45.668,14.27,0.18543295140945804,0.04362023377786768,1.0,573.642,28,5.0,12.139425235582287,326.1703292297286,0,1,1,0,1
28049,-16.401721469408383,-5217.0,31659.0,245285,26551,10.824551032472431,10.927288664206943,0.3364887208593999,235604,33586,14.255275801769072,3.4307247692966403,39.215,10.5,0.2747216937001335,0.0413543714324759,-1.21,869.771,28,5.0,12.410176078764147,282.011012093988,0,1,1,0,0
28051,-7.45254691689008,-195.0,2611.0,19198,2422,12.615897489321803,10.756328784248359,0.30897207367795604,17414,2641,15.165958424256345,2.5500609349345424,21.375,4.69,0.1527165932452276,0.20460107684777287,-0.92,756.674,28,5.0,9.862561385923483,25.371560275627285,0,0,1,0,0
28053,-12.434410217881293,-165.0,1331.0,9375,1169,12.469333333333333,11.178666666666667,0.2853437094682231,8198,1382,16.857770187850697,4.388436854517364,25.131,6.01,0.14364387333639284,0.0,-1.17,418.514,28,5.0,9.14580185083861,22.400684325972367,0,0,1,0,0
28055,-44.645753424657535,-162.0,365.0,1406,203,14.438122332859175,11.948790896159316,1.0714285714285714,1223,276,22.567457072771873,8.129334739912698,21.36,6.2,0.0,0.0,-0.89,413.046,28,5.0,7.2485040723706105,3.4039792178110915,1,0,1,0,0
28057,9.454496564087242,317.0,3347.0,23401,3701,15.815563437459938,11.858467586855262,0.6024096385542169,23396,4122,17.618396307061033,1.8028328696010956,37.588,8.0,0.1294173829990449,0.27507163323782235,1.01,532.795,28,5.0,10.060534035475412,43.92120796929401,0,0,1,0,0
28059,1.1246531859863624,198.0,17012.0,139668,17341,12.415871924850359,11.942606753157488,0.3862353705029384,142872,22975,16.08082759393023,3.6649556690798715,47.906,12.55,0.11209787604024345,0.0,0.85,722.797,28,5.0,11.847023456729977,193.2326780548342,0,1,1,0,1
28061,-3.774911660777385,-108.0,2830.0,17062,2735,16.029773766264213,13.456804595006448,0.2922552362396493,16454,3304,20.080223653822777,4.050449887558564,30.177,6.71,0.0,0.3967479674796748,-1.11,676.239,28,5.0,9.74460904746864,25.230724640252927,0,0,1,0,0
28063,-19.841290322580647,-246.0,1240.0,7726,998,12.917421692984727,12.024333419622055,0.7623196297304655,7129,1105,15.500070136063965,2.582648443079238,24.304,6.7,0.47804878048780486,0.0,-0.71,519.933,28,5.0,8.952346543226227,14.859606910890442,1,0,1,0,0
28065,-5.19806629834254,-114.0,2172.0,12487,2068,16.561223672619523,13.766316969648434,0.13614703880190604,11182,2512,22.464675371132177,5.903451698512654,25.986,5.88,0.0,0.01804511278195489,-1.1,408.446,28,5.0,9.432443382115146,30.571972794445287,0,0,1,0,0
28067,1.5918907563025213,154.0,9520.0,67761,9748,14.385856170953792,11.872611088974484,0.242752603433718,68307,11480,16.80647664221822,2.4206204712644297,36.017,7.95,0.12407481098288897,0.0,-0.38,694.812,28,5.0,11.123742087186342,97.52422237957893,0,0,1,0,0
28069,-4.55366568914956,-79.0,1705.0,10456,1635,15.636954858454477,12.863427697016066,0.3600169419737399,9829,2054,20.897344592532303,5.260389734077826,25.649,6.17,0.14545454545454545,0.37316017316017314,-0.6,766.182,28,5.0,9.254931255304058,13.646888076201215,1,0,1,0,0
28071,31.536604278074865,1180.0,3740.0,47351,4958,10.470739794302126,9.150809908977635,0.4003695719125347,54059,6832,12.63804361900886,2.1673038247067336,39.08,14.98,0.1997203257382578,0.05256230978037345,0.5,631.694,28,5.0,10.765343217715396,74.95876167891416,0,0,1,0,0
28073,34.11273382916385,1516.0,4437.0,55658,6008,10.794494951309785,10.030903014840634,0.211882010801828,62693,8525,13.598009347136045,2.8035143958262605,48.048,15.72,0.19138307836403373,0.02254136746799875,-0.26,496.675,28,5.0,10.926981101987296,112.06120702672774,0,0,1,0,0
28075,8.71719837587007,901.0,10344.0,80261,11318,14.101493876228805,11.933566738515593,0.2363248602224912,75557,12976,17.173789324615854,3.072295448387049,33.926,8.32,0.2576709429969581,0.07760216902526121,1.31,703.655,28,5.0,11.293039103249892,114.06299962339499,0,0,1,0,0
28077,-1.2791925465838507,-25.0,1932.0,12929,1922,14.86580555340707,12.792946090184856,0.6811762751287589,12595,2250,17.864231838030964,2.9984262846238945,35.593,7.15,0.09946808510638298,0.36542553191489363,-0.08,430.678,28,5.0,9.467228129254554,30.020107829979708,0,0,1,0,0
28079,5.8499484713157,169.0,2911.0,23805,3101,13.02667506826297,10.880067212770426,0.403611258629846,22791,3689,16.186213856346804,3.159538788083834,31.986,7.01,0.07682851874615858,0.0,0.72,582.897,28,5.0,10.077650921628619,40.83911908965048,0,0,1,0,0
28081,19.4590700280112,1740.0,8925.0,82910,10749,12.964660475214087,11.232661922566638,0.4488180196253346,85304,12704,14.892619337897402,1.9279588626833153,39.049,10.71,0.17329590117911287,0.22108927568781583,-0.86,449.951,28,5.0,11.325510961110265,184.26450880206954,0,1,1,0,0
28083,-11.533617511520738,-502.0,4340.0,32317,3848,11.90704582727357,10.749760188136275,0.4015455716342147,28764,4085,14.201780002781254,2.294734175507683,22.02,6.34,0.22870488322717622,0.18904458598726115,-1.41,594.074,28,5.0,10.383348686544645,54.39894693253703,0,0,1,0,0
28085,7.359329829172141,337.0,4566.0,34869,4944,14.17878344661447,12.501075453841521,0.35398230088495575,34197,5813,16.998567125771267,2.819783679156796,38.405,8.0,0.1524200821725624,0.09419781541236597,-0.99,586.132,28,5.0,10.459353461311817,59.490012488654436,0,0,1,0,0
28087,0.4915047268907562,38.0,7616.0,59779,7704,12.88746884357383,11.780056541594874,0.25229703268564546,58896,9402,15.963732681336593,3.076263837762763,37.607,10.42,0.14062350578559815,0.15817155972076122,-0.07,505.443,28,5.0,10.998409707695338,118.27050725798954,0,1,1,0,0
28089,107.974847014138,5119.0,4739.0,95203,9917,10.416688549730575,11.608877871495645,0.3319674256963535,105482,13869,13.14821486130335,2.7315263115727753,59.585,18.11,0.09497849942430152,0.0,-0.01,714.514,28,5.0,11.463766732887986,133.24161597953295,0,1,1,0,0
28091,20.80716253443526,682.0,3267.0,27088,3977,14.68177790903721,12.344949793266391,0.312552796080419,24785,4569,18.434537018357876,3.7527591093206656,31.332,7.96,0.1381172839506173,0.09969135802469135,0.04,542.385,28,5.0,10.206846104372916,49.94238409985527,0,0,1,0,0
28093,7.529120879120878,329.0,4368.0,37144,4727,12.726146887788067,12.814990307990524,0.42335864525233524,35502,6194,17.44690439975213,4.720757511964061,34.183,8.48,0.21596395236562602,0.06935951078210492,-1.0,706.185,28,5.0,10.522557529699757,52.59811522476405,0,0,1,0,0
28095,0.31043689320388324,16.0,5768.0,36989,5830,15.76144259104058,12.849766146692259,0.4193254329990884,35559,7002,19.691217413313087,3.929774822272506,35.685,7.95,0.20375301128439205,0.28540636490427285,0.86,765.089,28,5.0,10.518375850127462,48.34600941851209,0,0,1,0,0
28097,-10.157472369053338,-212.0,2081.0,10925,1878,17.189931350114414,13.556064073226546,0.5775895263765883,9956,2151,21.605062274005622,4.415130923891208,31.488,6.84,0.2766952455183164,0.12353858144972721,0.05,406.981,28,5.0,9.298809019963791,26.844005002690544,0,0,1,0,0
28099,-4.937949209391471,-206.0,4174.0,29676,3996,13.465426607359483,11.871546030462326,0.4208141134579591,29250,4770,16.307692307692307,2.842265700332824,34.905,6.92,0.16497083163749832,0.0,0.61,570.134,28,5.0,10.298093917309416,52.05092136234639,0,0,1,0,0
28101,-4.735796972395369,-160.0,3369.0,21720,3233,14.884898710865563,11.777163904235726,0.3093993385255521,21215,3439,16.21022861183125,1.3253299009656878,36.154,6.71,0.15788020977090808,0.3146563621308308,0.34,577.855,28,5.0,9.985988774047872,37.58728400723365,0,0,1,0,0
28103,-10.807274826789838,-188.0,1732.0,11545,1552,13.443048938934604,11.494153313122563,0.425531914893617,10566,1735,16.420594359265568,2.977545420330964,22.178,5.59,0.16705882352941176,0.3,0.39,695.158,28,5.0,9.354007721788596,16.60773521990684,1,0,1,0,0
28105,3.4700450985046287,147.0,4213.0,47671,4391,9.21105074363869,8.41601812422647,0.5251348641810283,49593,5651,11.394753291795213,2.183702548156523,30.32,10.69,0.15480246799889494,0.12358412376830279,-0.62,458.238,28,5.0,10.772078525532862,104.03109301280121,0,0,1,0,0
28107,1.1911839372259398,51.0,4333.0,34707,4411,12.709251735961043,11.882329213127035,0.34700959379465196,34079,5421,15.907156900143784,3.1979051641827407,34.03,7.5,0.1392696567606097,0.20386007237635706,-0.06,685.175,28,5.0,10.454696674696999,50.65421242748204,0,0,1,0,0
28109,15.27195540308748,1070.0,6996.0,55834,8136,14.571766307267971,13.217752623849268,0.48815086782376504,55512,10483,18.88420521689004,4.31243890962207,40.038,12.17,0.1435089174616342,0.08129406885109913,-0.91,811.317,28,5.0,10.930138281806371,68.81896965058047,0,0,1,0,0
28111,9.423150510204081,147.0,1568.0,12250,1732,14.138775510204082,12.906122448979593,0.7066497553904693,11981,2178,18.17878307319923,4.040007562995148,38.887,7.15,0.16081000595592615,0.3787969029184038,-0.28,647.207,28,5.0,9.413281215972873,18.927483788030724,0,0,1,0,0
28113,9.41016330451489,492.0,5205.0,40404,5731,14.184239184239184,12.456687456687456,0.2407479984323386,39365,6633,16.849993649180746,2.6657544649415623,30.779,8.2,0.20624518118735544,0.1951426368542791,-0.29,409.018,28,5.0,10.606684068949075,98.78293864817687,0,0,1,0,0
28115,0.7956752454231886,30.0,3769.0,29957,3831,12.788329939580064,11.346262976933605,0.5546623794212219,31996,4807,15.02375296912114,2.235423029541076,38.42,8.4,0.07510953473815982,0.6293553098268307,-0.45,497.764,28,5.0,10.307518299106112,60.183138997597254,0,0,1,0,0
28117,-4.117482347212077,-171.0,4107.0,25276,3972,15.714511789840167,12.039088463364457,0.20806947711235751,25155,4461,17.734048896839592,2.019537106999426,31.262,7.08,0.16394208313872022,0.39934609995329284,-0.79,414.985,28,5.0,10.137610607893345,60.90822559851561,0,0,1,0,0
28119,-16.5530094271211,-229.0,1379.0,8223,1156,14.058129636385747,12.63529125623252,0.3900808024519365,7038,1223,17.37709576584257,3.318966129456822,24.169,4.62,0.0,0.038366336633663366,-1.97,405.012,28,5.0,9.014690384970896,20.30310213030725,0,0,1,0,0
28121,8.281838972220354,1233.0,14867.0,141617,16236,11.464725280157042,11.63772710903352,0.2620071874944677,154119,23463,15.223950324100208,3.7592250439431663,54.028,14.24,0.16513890847553236,0.06763100106775188,0.16,775.531,28,5.0,11.860881509532726,182.60649799943525,0,1,1,0,0
28123,-13.917439565860878,-565.0,4054.0,28264,3512,12.425700537786584,11.46334559864138,0.20052310374891022,28288,4491,15.875989819004523,3.4502892812179393,35.765,6.38,0.0918025930572982,0.5333542450857381,-1.15,609.231,28,5.0,10.24934418903898,46.39291171985667,0,0,1,0,0
28125,-7.532321899736147,-56.0,758.0,4916,707,14.38161106590724,13.893409275834012,1.0476190476190477,4427,763,17.235147955726227,2.8535368898189866,30.129,6.53,0.3086574654956085,0.0,-1.34,431.72,28,5.0,8.500250470685925,11.38701009913833,1,0,1,0,0
28127,-1.2158996897621506,-48.0,3868.0,27503,3848,13.991200959895284,12.791331854706758,0.41897100720630126,26818,4760,17.749272876426282,3.758071916530998,36.739,7.51,0.39183891660727016,0.07002851033499644,-0.8,589.165,28,5.0,10.222050368613774,46.68132017346584,0,0,1,0,0
28129,0.9915151515151515,24.0,2475.0,16491,2520,15.281062397671457,12.81304954217452,0.17963244438303164,15919,3121,19.605502858219737,4.32444046054828,37.176,7.26,0.0,0.41280708819975837,-1.23,636.268,28,5.0,9.71057005652877,25.918323725222702,0,0,1,0,0
28131,30.578351783517835,497.0,1626.0,17786,2144,12.05442482851681,12.256831215562801,0.6842619745845552,18282,3069,16.787003610108304,4.732578781591494,43.728,10.54,0.1501779359430605,0.0,-1.13,445.485,28,5.0,9.786166909959585,39.92502553396859,0,0,1,0,0
28133,-10.489195678271308,-350.0,3332.0,29450,2995,10.169779286926994,10.835314091680814,0.371708828084667,25759,3475,13.490430529135446,3.320651242208452,25.012,6.33,0.0,0.0988768182655128,-1.47,697.759,28,5.0,10.290449189079732,42.206549825942766,0,0,1,0,0
28135,-18.27004524886878,-403.0,2210.0,15378,1816,11.809077903498505,10.61906619846534,0.867992766726944,14041,2129,15.162737696745246,3.3536597932467416,24.668,5.16,0.15846994535519127,0.0,-0.92,645.219,28,5.0,9.640693195592126,23.833768069446187,0,0,1,0,0
28137,6.589942960072051,218.0,3331.0,28886,3577,12.383161393062384,12.296614276812297,0.1918333790079474,28419,4643,16.337661423695415,3.9545000306330316,41.102,10.05,0.14554353426069036,0.19371458011334364,-0.7,404.763,28,5.0,10.271112327661113,71.3652186588201,0,0,1,0,0
28139,6.571768595041323,198.0,3025.0,22232,3255,14.641057934508817,11.892767182439727,0.3816006600660066,21976,3580,16.29049872588278,1.649440791373964,32.109,7.11,0.1257900101936799,0.30988786952089703,-1.17,457.822,28,5.0,10.00928797142234,48.56035751886104,0,0,1,0,0
28141,6.796674801708359,221.0,3278.0,19593,3534,18.037054049915785,13.525238605624457,0.41767848470131136,19396,3999,20.617653124355538,2.5805990744397533,30.211,7.32,0.13996043521266074,0.39317507418397624,1.66,424.303,28,5.0,9.882927638570767,46.176906597407985,0,0,1,0,0
28143,8.72126745435016,81.0,931.0,10778,1019,9.454444238263129,10.725552050473187,0.2706641682281907,9807,1186,12.09340267156113,2.6389584332980007,29.994,7.3,0.0,0.0,-0.4,454.678,28,5.0,9.285262298493443,23.70468771306287,0,0,1,0,0
28145,2.835895404120444,107.0,3786.0,27134,3923,14.457875727869093,11.937053143657405,0.3819444444444444,28578,4746,16.60718034851984,2.1493046206507476,35.928,7.86,0.1590477396479676,0.34329492212232493,-0.85,415.607,28,5.0,10.208542833045254,65.28763952483956,0,0,1,0,0
28147,8.325022301516501,186.0,2242.0,15443,2445,15.832415981350772,12.782490448747005,0.4206393718452047,14423,2841,19.697705054426955,3.865289073076182,33.054,8.38,0.18791002811621368,0.1724461105904405,-0.87,403.928,28,5.0,9.644911105223,38.23206115941455,0,0,1,0,0
28149,0.9361363636363634,57.0,6160.0,48773,6258,12.830869538474154,13.033850696081847,0.21921812203142127,46030,7712,16.75429067999131,3.9234211415171565,40.404,9.97,0.16511746680286007,0.15684371807967312,-0.14,588.517,28,5.0,10.79493216003758,82.87441144435928,0,0,1,0,0
28151,-16.612714228776404,-1255.0,7527.0,51137,6295,12.310069030252068,12.464555996636486,0.7232356734844297,45072,7376,16.364927227547035,4.054858197294967,27.797,7.28,0.1853999209382,0.07484517064171828,-1.03,724.737,28,5.0,10.842263584629356,70.55938913012582,0,0,1,0,0
28153,0.7219486457966933,20.0,2843.0,20747,2884,13.900804935653346,11.876415867354316,0.32562683165092804,20344,3334,16.38812426268187,2.4873193270285245,31.081,6.05,0.0,0.2017718715393134,-0.79,810.716,28,5.0,9.940156936893139,25.590959102817756,0,0,1,0,0
28155,11.06884561891516,159.0,1438.0,10253,1614,15.741734126597093,12.21106017750902,1.2489592006661114,9727,1752,18.011719954765088,2.2699858281679948,34.107,7.25,0.0,0.2660493827160494,-0.32,420.933,28,5.0,9.235325624670091,24.357795658691526,0,0,1,0,0
28157,7.967541766109784,100.0,1257.0,9878,1364,13.808463251670378,11.986232030775462,0.555886440341473,8727,1511,17.314082731752034,3.5056194800816556,28.066,5.54,0.2606755895474825,0.0815806246016571,-0.09,678.106,28,5.0,9.19806534110057,14.567044090451935,1,0,1,0,0
28159,-1.755458515283843,-56.0,3206.0,19198,3171,16.517345556828836,13.131576205854776,0.3201829616923957,18116,3689,20.36321483771252,3.845869280883683,30.738,7.19,0.12802373345504336,0.27818347786398906,0.49,607.251,28,5.0,9.862561385923483,31.614604175209266,0,0,1,0,0
28161,-1.7064622641509428,-37.0,2120.0,12678,2098,16.548351474996057,14.253036756586212,0.33102143757881464,12276,2497,20.340501792114697,3.79215031711864,29.911,6.17,0.15405164737310775,0.3530721282279608,0.53,467.151,28,5.0,9.447623486844112,27.13897647655683,0,0,1,0,0
28163,-9.046090534979424,-332.0,3645.0,28065,3329,11.861749510065918,10.372349902013184,0.29779630732578916,28511,3712,13.019536319315353,1.1577868092494352,27.356,7.05,0.23018571802249543,0.0,-0.91,922.339,28,5.0,10.2422785273763,30.428074710057796,0,0,1,0,0
29001,2.898219488507608,89.0,3089.0,25607,3210,12.53563478736283,10.23157730308119,0.3285092781674509,25468,3751,14.728286477147792,2.1926516897849613,31.176,9.78,0.22129725979882067,0.10128338536246966,-1.11,567.324,29,6.0,10.150621030590434,45.13646522974526,0,0,0,0,0
29003,8.054052953156823,198.0,2455.0,17291,2681,15.505176103175062,13.504135099184547,0.9307418560087599,17554,3367,19.180813489802894,3.675637386627832,52.72,12.55,0.2160318362706083,0.0,-1.01,432.632,29,6.0,9.75794141390479,39.96699273285379,0,0,0,0,0
29005,-0.7868571428571433,-11.0,1225.0,5685,1227,21.583113456464382,15.391380826737027,0.33500837520938026,5180,1320,25.482625482625483,3.8995120261611014,42.375,6.95,0.21107544141252008,0.0,-0.76,547.285,29,6.0,8.645586406184636,10.387640808719407,1,0,0,0,0
29007,-0.05341890891137993,-3.0,4051.0,25529,4084,15.99749304712288,11.904109052450154,1.1795060818282344,25336,4516,17.82443953268077,1.8269464855578903,40.935,8.47,0.18671897704155768,0.24077303109561174,-2.43,692.238,29,6.0,10.147570339863993,36.87893470164885,0,0,0,0,0
29009,3.8170841683366734,228.0,5988.0,35597,6271,17.616653088743433,13.408433294940586,0.45083604405638306,35615,7547,21.19050961673452,3.5738565279910866,36.143,10.16,0.1183284124460595,0.3867060337648573,1.95,778.254,29,6.0,10.480016643626312,45.73956574588759,0,0,0,0,0
29011,3.4095004897159646,69.0,2042.0,12402,2132,17.19077568134172,12.473794549266247,0.625,11732,2439,20.78929423798159,3.5985185566398705,39.573,8.4,0.14387144992526157,0.21898355754857998,-1.93,592.03,29,6.0,9.425613028909824,20.948262756954886,0,0,0,0,0
29013,7.931252255503428,219.0,2771.0,17049,3019,17.707783447709545,12.417150566015602,0.8671257332313186,16282,3181,19.53691192728166,1.829128479572116,38.882,10.2,0.2646436132674665,0.08574453069865914,-1.65,836.695,29,6.0,9.74384682996523,20.376600792403444,0,0,0,0,0
29015,17.477729781617473,726.0,4167.0,19056,4936,25.90260285474391,18.16750629722922,0.7137809187279152,19305,5968,30.914270914270915,5.011668059527004,33.305,9.75,0.1295060080106809,0.12283044058744993,1.47,704.042,29,6.0,9.855137291595081,27.066567051397502,0,0,0,0,0
29017,3.3945316455696206,66.0,1975.0,12363,2059,16.654533689234004,13.661732589177383,0.5614154474310991,12181,2437,20.006567605286925,3.352033916052921,33.938,9.28,0.22142343637670742,0.11502516175413371,0.49,617.904,29,6.0,9.422463420006927,20.007962401926513,0,0,0,0,0
29019,10.576437504625178,1434.0,13513.0,162642,15072,9.266979009112038,9.907035083188845,0.2688674497850498,179704,22027,12.257378800694475,2.990399791582437,45.786,15.39,0.23309821268455974,0.05430689222308566,-0.02,685.548,29,6.0,11.999306745324505,237.24378161704215,0,1,0,0,0
29021,2.140510918829831,258.0,12135.0,89201,12501,14.014416878734542,11.49762895034809,0.31748510162125587,87904,14245,16.205178376410633,2.1907614976760907,42.393,10.78,0.16855159858914553,0.26289680282170896,-0.47,408.244,29,6.0,11.398647529267592,218.49923085213743,0,1,0,0,0
29023,7.107004759071981,476.0,6724.0,42794,7265,16.9766789736879,13.09996728513343,0.3243626780193604,42570,8028,18.858350951374206,1.881671977686306,33.525,8.77,0.2640155999721429,0.0,-0.84,694.67,29,6.0,10.664153184826896,61.60335123152001,0,0,0,0,0
29025,0.4159485530546625,5.0,1555.0,9424,1576,16.723259762309,13.104838709677418,0.7166123778501629,9052,1792,19.796730004418915,3.0734702421099165,39.439,9.76,0.0,0.0,-2.83,426.392,29,6.0,9.151014905891367,22.101727987391882,0,0,0,0,0
29027,5.429122807017544,280.0,5130.0,44332,5460,12.316159884507805,12.417666696742758,0.2969441744951949,44944,7318,16.28248487006052,3.966324985552717,49.544,12.27,0.2060741402411791,0.12889682894149174,-0.06,834.566,29,6.0,10.699462042895544,53.119825154631265,0,0,0,0,0
29029,-0.4164471604678116,-40.0,9491.0,44002,9534,21.667196945593382,17.846916049270487,0.2428186387587111,45823,12843,28.027409816031252,6.36021287043787,44.617,18.72,0.1751333606893722,0.05941731637258925,1.68,656.029,29,6.0,10.691990366412826,67.07325438357145,0,0,0,0,0
29031,17.192531935800854,1580.0,9159.0,75674,10834,14.316674154927716,11.8283690567434,0.3127299484915379,78834,13082,16.594362838369232,2.277688683441516,44.479,13.25,0.25502176535375254,0.09157182566738344,0.91,578.535,29,6.0,11.234189919398908,130.8028036333152,0,1,0,0,0
29033,-9.490960451977402,-185.0,1947.0,9295,1779,19.139322216245294,13.394298009682625,0.6695464362850972,8723,1897,21.74710535366273,2.607783137417435,41.619,7.26,0.2074643249176729,0.12458836443468715,-0.14,694.622,29,6.0,9.137231900155545,13.381378649106997,1,0,0,0,0
29035,2.375745526838966,24.0,1006.0,6265,1040,16.600159616919395,13.487629688747008,1.4782876501385895,6085,1193,19.605587510271157,3.0054278933517615,28.408,8.81,0.22794846382556988,0.18037661050545095,1.23,507.358,29,6.0,8.742733867330168,12.348282672195964,1,0,0,0,0
29037,25.25883400506139,2701.0,10669.0,99478,13490,13.56078730975693,11.457809766983654,0.2797901573819635,104687,17573,16.786229426767413,3.2254421170104823,60.097,15.29,0.1485270969192714,0.10175399145491343,-1.68,696.615,29,6.0,11.507691793171615,142.80197813713457,0,1,0,0,0
29039,8.369150052465898,238.0,2859.0,13982,3126,22.357316549849806,14.010871120011442,0.4983388704318937,14144,3275,23.154694570135746,0.7973780202859402,32.8,9.23,0.2814614343707713,0.12088407758231845,1.24,474.483,29,6.0,9.54552606707193,29.46786291605811,0,0,0,0,0
29041,-4.768674698795181,-83.0,1743.0,7831,1675,21.389350019154644,13.867960669135487,0.28797696184305255,7449,1813,24.338837427842662,2.949487408688018,41.558,7.65,0.0,0.05858421480878763,0.06,751.178,29,6.0,8.965845494750937,10.424959197420584,1,0,0,0,0
29043,45.276914728682165,2923.0,6450.0,77422,9464,12.223915682880834,11.127328149621555,0.4370407904737776,87324,13686,15.672667307956575,3.44875162507574,51.135,14.68,0.10041976105908944,0.1002583144979012,0.08,562.645,29,6.0,11.257026256916028,137.60363995059052,0,1,0,0,0
29045,-3.265143299767622,-43.0,1291.0,7139,1261,17.66353831068777,14.077601905028716,0.5470774546501583,6783,1454,21.4359427981719,3.772404487484131,38.133,6.87,0.0,0.11258955987717502,-0.52,504.606,29,6.0,8.87332798950246,14.147671648771517,1,0,0,0,0
29047,5.734332250341997,1354.0,23392.0,221939,24964,11.248135749012116,11.337349451876417,0.29919717200110735,246480,34934,14.173158065563129,2.925022316551013,58.559,15.39,0.15500145109799748,0.11900212827706298,0.15,397.665,29,6.0,12.310157848322136,558.1054405089711,0,1,0,0,0
29049,30.84296716659911,761.0,2467.0,20743,3260,15.716145205611532,12.6596924263607,0.3605227579990987,20503,3626,17.685216797541823,1.969071591930291,51.915,15.02,0.322099805573558,0.0,-1.49,418.957,29,6.0,9.939964119346145,49.51104767315023,0,0,0,0,0
29051,4.126369168356998,368.0,8874.0,75990,9325,12.271351493617582,12.58981444926964,0.3898032421729984,76630,12715,16.592718256557486,4.321366762939904,53.877,13.63,0.1842073754789272,0.07037236590038314,0.96,391.51,29,6.0,11.238357031663831,194.09465914025185,0,1,0,0,0
29053,13.792513823904724,325.0,2351.0,17601,2702,15.351400488608602,12.18112607238225,0.25458930724909556,17522,3116,17.78335806414793,2.431957575539327,42.586,11.24,0.18204833141542,0.11944764096662831,-0.08,564.753,29,6.0,9.77571099759397,31.165837100466927,0,0,0,0,0
29055,6.4315423683507085,239.0,3741.0,24696,4017,16.265792031098155,12.702461937155816,0.3847762442492681,23984,4683,19.52551701134089,3.259724980242737,34.506,10.54,0.17685983557248847,0.30780028072989774,-0.28,742.477,29,6.0,10.114396566181995,33.26163638738978,0,0,0,0,0
29057,11.512334494773519,166.0,1435.0,7883,1617,20.51249524292782,15.070404668273499,0.5044136191677175,7571,1817,23.999471668207633,3.4869764252798134,32.714,7.3,0.0,0.0,0.95,490.01,29,6.0,8.972463821059907,16.087426787208425,1,0,0,0,0
29059,9.898171917541813,255.0,2571.0,16777,2853,17.0054240925076,13.220480419622103,1.1485251892456279,16841,3531,20.966688438928806,3.9612643464212063,38.101,9.68,0.0,0.0,-0.2,540.951,29,6.0,9.7277641797704,31.013899595342277,0,0,0,0,0
29061,-6.2975721784776875,-97.0,1524.0,8433,1441,17.087631922210363,13.791058935135775,0.4763038818766373,8294,1707,20.5811429949361,3.493511072725738,39.925,9.91,0.08834355828220859,0.0,-2.06,563.287,29,6.0,9.039907859574642,14.971053832238272,1,0,0,0,0
29063,3.9869436201780415,67.0,1685.0,12892,1771,13.737201365187712,11.255041886441203,0.5775005775005776,11872,2105,17.730795148247978,3.993593783060266,43.267,11.51,0.19893617021276597,0.0,-2.33,421.358,29,6.0,9.464362242935328,30.59631002615353,0,0,0,0,0
29065,9.109242144177449,246.0,2705.0,15657,2977,19.013859615507442,12.914351408315769,0.23335621139327387,15518,3396,21.884263436009796,2.8704038205023537,36.118,8.41,0.21557918942224777,0.16412762288013796,0.61,752.761,29,6.0,9.658673380311523,20.79943036368781,0,0,0,0,0
29067,4.397401086113266,112.0,2578.0,13684,2716,19.847997661502482,15.002923121894183,0.5522319374137138,13335,3253,24.39445069366329,4.546453032160809,30.968,8.78,0.09279717189571365,0.0,-0.88,813.623,29,6.0,9.523982546097495,16.81860026080875,1,0,0,0,0
29069,-0.9508442420793017,-51.0,5271.0,31953,5268,16.486714862454228,12.590367101680593,0.4854705596782024,29657,5299,17.867619786222477,1.3809049237682487,29.375,6.73,0.27303023089740536,0.02963580099976196,-2.1,541.101,29,6.0,10.372021352111275,59.05182211823671,0,0,0,0,0
29071,11.608496258749698,1447.0,12429.0,101492,14000,13.794190675127105,12.133961297442163,0.28558925815887054,103629,17987,17.35711046135734,3.5629197862302355,49.12,14.72,0.12424823640323787,0.24222229446376906,0.38,922.741,29,6.0,11.527735256623709,109.98969374938363,0,0,0,0,0
29073,11.470687752850312,312.0,2719.0,15222,3062,20.11562212587045,13.743266325055838,0.40219378427787933,14673,3340,22.762897839569277,2.6472757136988285,40.837,11.19,0.2069120287253142,0.25628366247755835,0.47,519.005,29,6.0,9.630497028827337,29.329197213899672,0,0,0,0,0
29075,2.709015777610819,35.0,1331.0,6738,1381,20.495696052241023,11.516770555060848,2.1190401994390777,6576,1289,19.601581508515814,-0.8941145437252089,35.556,7.95,0.41140301844605925,0.09726103968697597,-1.76,491.422,29,6.0,8.815518423966498,13.71122985946905,1,0,0,0,0
29077,14.340549509686678,4812.0,33448.0,275174,38593,14.024944217113536,11.5741312769375,0.28870616571095886,291574,47978,16.45482793390357,2.429883716790034,41.059,12.55,0.19648689527177607,0.0793517415734442,0.62,675.324,29,6.0,12.525158903833931,407.4695997772921,0,1,0,0,0
29079,3.9594500000000004,79.0,2000.0,10261,2100,20.46584153591268,12.143065977974857,0.6967947441767868,9885,2106,21.305007587253414,0.8391660513407331,35.239,7.17,0.28636191915375897,0.2538723082735172,-0.57,435.292,29,6.0,9.236105579862208,23.572682245481197,0,0,0,0,0
29081,-0.12782608695652214,-3.0,1840.0,8957,1854,20.698894719214024,12.035279669532208,0.5445881552076242,8427,1894,22.475376765159606,1.7764820459455812,35.0,7.77,0.2599388379204893,0.013251783893985729,-1.19,722.517,29,6.0,9.100190628475195,12.39694014120083,1,0,0,0,0
29083,10.060496036819229,395.0,3911.0,22272,4345,19.508800287356323,13.730244252873563,1.506522138526548,21854,4777,21.858698636405236,2.349898349048914,35.706,10.33,0.22935779816513763,0.20167936557300575,-0.46,696.944,29,6.0,10.011085563134147,31.956656488900116,0,0,0,0,0
29085,10.99126328217237,280.0,2541.0,9627,2846,29.56268827256674,17.741767944323257,0.5267008046817849,9452,3155,33.37917900973339,3.816490737166653,28.097,8.99,0.0,0.0,1.22,398.808,29,6.0,9.172326929777967,24.13943551784317,0,0,0,0,0
29087,-2.7755409219190965,-31.0,1063.0,4912,1043,21.23371335504886,15.126221498371336,0.819672131147541,4374,1133,25.90306355738454,4.669350202335682,40.261,7.46,0.0,0.15973741794310722,-0.15,462.693,29,6.0,8.499436469826978,10.61611046633513,1,0,0,0,0
29089,0.5714375788146275,8.0,1586.0,10144,1609,15.86159305993691,12.697160883280755,0.5456132693147098,10022,1938,19.33745759329475,3.475864533357841,42.067,9.83,0.22744881018262314,0.1527393469839513,0.29,463.79,29,6.0,9.224637676677007,21.87196791651394,0,0,0,0,0
29091,11.2379837398374,696.0,6150.0,40400,6909,17.101485148514854,12.80940594059406,0.416181122024305,40130,7932,19.765761275853478,2.664276127338624,35.282,9.42,0.24543959915446645,0.19188914115712832,0.31,927.248,29,6.0,10.606585063949241,43.56978931202871,0,0,0,0,0
29093,12.122480620155038,203.0,1677.0,10630,1899,17.86453433678269,13.98871119473189,0.6004878964158379,10150,2262,22.285714285714285,4.421179948931595,29.803,7.72,0.307802093244529,0.04471931493815414,0.81,550.264,29,6.0,9.271435471335993,19.318000087230857,0,0,0,0,0
29095,-6.140413808613516,-5502.0,88930.0,674158,83990,12.458503792879414,11.502644780600393,0.34571698627064607,700733,104959,14.978458271552789,2.519954478673375,46.252,12.99,0.15868664429424462,0.0864331742055427,-1.49,604.516,29,6.0,13.421219783787034,1115.2029061265541,0,1,0,0,0
29097,8.689240859614848,1248.0,14332.0,117404,15714,13.38455248543491,10.983441790739668,0.6276150627615062,120528,18765,15.56899641577061,2.1844439303357,37.894,9.34,0.181258725843192,0.162263942978911,-2.26,638.507,29,6.0,11.673376257345966,183.8726905108323,0,1,0,0,0
29099,6.875320768073622,1566.0,22602.0,218733,24394,11.152409558685704,12.161402257546872,0.3218222901878438,224777,33717,15.000200198418877,3.847790639733173,56.756,15.47,0.15209192842137234,0.10511529018704599,0.96,656.507,29,6.0,12.295607086914234,333.17695013152945,0,1,0,0,0
29101,11.190735586481113,564.0,5030.0,52595,5644,10.731058085369332,9.683429983838767,0.5620587142326273,53948,6826,12.652925038926375,1.9218669535570427,44.985,13.31,0.2184656741108354,0.12427626137303556,-2.0,829.259,29,6.0,10.870376337173374,63.42409307586652,0,0,0,0,0
29103,-1.3585042219541625,-12.0,829.0,4131,828,20.043572984749456,12.684580004841441,1.0048055919615553,3948,853,21.605876393110435,1.5623034083609788,33.029,5.65,0.06995230524642289,0.0,-1.47,504.009,29,6.0,8.326274787396764,8.196282209246263,1,0,0,0,0
29105,13.322863027806385,649.0,4855.0,35571,5556,15.619465294762588,12.231874279609794,0.354924578527063,35680,6397,17.928811659192824,2.3093463644302368,37.294,9.3,0.12104601006470166,0.3644859813084112,-0.11,764.701,29,6.0,10.47928597812618,46.516220065097336,0,0,0,0,0
29107,4.920782726045884,257.0,5187.0,33381,5495,16.461460112039784,12.309397561487073,0.44163609186030717,32697,6098,18.650029054653334,2.18856894261355,48.257,12.1,0.179405180684362,0.13383434601854813,-1.7,628.433,29,6.0,10.41574215482581,53.11783435943052,0,0,0,0,0
29109,14.348058608058606,783.0,5460.0,38634,6300,16.30687995030284,11.984262566651136,0.3904138386689891,38241,6905,18.056536178447217,1.749656228144378,38.35,9.47,0.20464725643896978,0.18631019036954088,-2.46,611.738,29,6.0,10.561887996766238,63.154487705520985,0,0,0,0,0
29111,-0.7902409638554215,-14.0,1660.0,10211,1664,16.296151209479973,11.791205562628537,0.48511576626240355,9898,1854,18.731056779147302,2.434905569667329,40.399,7.94,0.16674987518721918,0.0,-0.4,505.042,29,6.0,9.231220849555537,20.21812047314877,0,0,0,0,0
29113,23.771697287839018,1089.0,4572.0,52566,5715,10.872046570026253,10.746490126697864,0.4378658797772595,57590,7806,13.554436534120507,2.682389964094254,52.897,15.56,0.14238283744093985,0.15157706550887498,0.37,626.562,29,6.0,10.869824801894419,83.8959272984956,0,0,0,0,0
29115,-5.945862607338018,-153.0,2562.0,12761,2430,19.042394796646033,13.055403181568842,0.5132991133924405,12004,2546,21.20959680106631,2.167202004420279,37.706,6.68,0.15283842794759825,0.30037429819089206,-1.26,615.588,29,6.0,9.454148923733976,20.729773809755876,0,0,0,0,0
29117,13.079182156133829,318.0,2421.0,15195,2766,18.20335636722606,12.72128989799276,1.0104011887072808,14969,2982,19.921170418865657,1.7178140516395963,39.683,9.27,0.15543658851762968,0.08971755584271737,-2.04,532.298,29,6.0,9.628721705350893,28.546040000150292,0,0,0,0,0
29119,-7.0105519480519485,-217.0,3080.0,23083,2887,12.507039812849282,11.367673179396093,0.6750629722921915,22882,3566,15.584302071497246,3.0772622586479645,36.619,8.68,0.0,0.0,-0.2,539.48,29,6.0,10.046851694843998,42.78749907318158,0,0,0,0,0
29121,11.044403261675317,299.0,2698.0,15566,3026,19.439804702556852,13.51021457021714,0.46966731898238745,15154,3388,22.35713343011746,2.9173287275606086,36.429,8.42,0.19987812309567338,0.0,-0.55,801.208,29,6.0,9.652844327519334,19.428163473155536,0,0,0,0,0
29123,6.837810945273632,137.0,2010.0,12226,2167,17.7245215115328,12.375265826926222,0.8207705192629816,12176,2296,18.856767411300922,1.1322458997681224,33.456,8.34,0.0,0.09799713876967096,1.01,494.388,29,6.0,9.41132011058867,24.729564633445797,0,0,0,0,0
29125,0.5970352069178496,8.0,1619.0,9176,1646,17.938099389712292,13.306451612903224,0.1734981565820863,8791,1905,21.66988965987942,3.731790270167128,40.185,11.25,0.0,0.22833178005591798,0.2,526.978,29,6.0,9.124346658809207,17.412491603065025,0,0,0,0,0
29127,13.361919268849961,528.0,3939.0,28781,4507,15.659636565789931,12.581216774955701,0.5067830968345548,28572,5023,17.58014839703206,1.920511831242127,40.859,9.12,0.26008245205233915,0.11498476429467647,-1.48,436.922,29,6.0,10.267470726189352,65.87216940323444,0,0,0,0,0
29129,-14.312939841089669,-126.0,881.0,3785,763,20.158520475561424,12.919418758256274,0.09367681498829039,3623,786,21.694728125862543,1.5362076503011188,34.008,6.96,0.0,0.0,-1.24,453.835,29,6.0,8.23880116587155,8.340035475448126,1,0,0,0,0
29131,7.167944444444444,259.0,3600.0,24748,3897,15.746727008243091,12.950541457895588,0.2194701363850133,25369,4800,18.920730024833457,3.1740030165903654,35.838,10.82,0.07191547375596455,0.0407293796864349,0.83,592.602,29,6.0,10.116499956650879,41.76158703480582,0,0,0,0,0
29133,4.0118887823585805,82.0,2086.0,14358,2188,15.238891210474998,12.202256581696615,0.4552617755209245,13328,2450,18.38235294117647,3.143461730701473,29.586,6.74,0.20082120194102276,0.07278835386338185,-1.39,411.583,29,6.0,9.572062557136428,34.884822745351485,0,0,0,0,0
29135,4.766928746928747,97.0,2035.0,15607,2153,13.795091945921703,11.578138014993272,0.4209844559585492,15907,2574,16.181555290123846,2.3864633442021432,47.162,11.19,0.13310450038138824,0.0,0.39,415.028,29,6.0,9.655474810542554,37.6046917316422,0,0,0,0,0
29137,-4.992446252178966,-87.0,1721.0,8840,1648,18.642533936651585,14.377828054298641,0.5627344726969571,8630,2023,23.441483198146003,4.798949261494418,38.75,7.91,0.17848970251716248,0.14492753623188406,-0.94,647.655,29,6.0,9.08704215563169,13.649242266330068,1,0,0,0,0
29139,12.998501498501499,260.0,2002.0,12236,2286,18.682576005230466,13.264138607388034,0.09787928221859706,11414,2335,20.457333099702122,1.7747570944716564,39.369,10.73,0.19107057129140662,0.1982717234757561,-0.31,535.047,29,6.0,9.412137705270794,22.86901898337903,0,0,0,0,0
29141,5.057152875175316,216.0,4278.0,20565,4535,22.052030148310237,15.113056163384393,0.3931172262679642,20438,4788,23.426949799393288,1.3749196510830508,36.696,11.44,0.08722856091277144,0.15016562384983437,1.22,597.63,29,6.0,9.931345880664525,34.410923146428395,0,0,0,0,0
29143,-1.872009102730819,-57.0,3076.0,18956,3045,16.06351550960118,13.283393120911585,0.19927323877622785,17275,3266,18.905933429811867,2.8424179202106856,32.895,6.71,0.12338237901081368,0.0,-1.52,674.856,29,6.0,9.849875783087478,28.088955273421295,0,0,0,0,0
29145,5.984975845410628,498.0,8280.0,58114,8857,15.240733730254327,12.454830161406889,0.5141282441492206,58288,10629,18.235314301399946,2.994580571145619,41.163,10.34,0.29409872969930856,0.1678726483357453,-0.36,624.754,29,6.0,10.970161877668298,93.01901228323467,0,0,0,0,0
29147,3.2063325431764307,95.0,2953.0,23370,3077,13.16645271715875,9.554985023534446,0.2729945401091978,22199,3334,15.018694535789901,1.8522418186311516,38.621,9.49,0.15020333202151384,0.317722681359045,-2.85,876.964,29,6.0,10.059208427532903,26.6487563913684,0,0,0,0,0
29149,8.250380131779016,162.0,1973.0,10881,2153,19.786784302913336,15.136476426799009,0.6015311702515495,10561,2474,23.42581194962598,3.639027646712645,26.144,6.92,0.2609246358454718,0.11336288790373654,-0.76,789.797,29,6.0,9.294773427951013,13.776957876517637,1,0,0,0,0
29151,0.8524509803921568,16.0,2040.0,13878,2077,14.966133448623719,11.838881683239661,0.2755242614419103,13613,2371,17.41717475942114,2.4510413107974216,45.746,12.04,0.12085561497326203,0.3508021390374332,0.42,606.58,29,6.0,9.538060131459494,22.879092617626693,0,0,0,0,0
29153,3.056198723792162,65.0,2194.0,9723,2279,23.4392677157256,16.4044019335596,0.743099787685775,9138,2562,28.036769533814837,4.597501818089238,31.96,10.7,0.11272321428571429,0.0,1.6,744.972,29,6.0,9.182249491809657,13.051497237480067,1,0,0,0,0
29155,-8.697607655502393,-255.0,2926.0,18296,2693,14.719064276344557,11.89331001311762,0.37985540987624067,16330,2763,16.919779546846296,2.200715270501739,30.12,6.12,0.3036013400335008,0.15117252931323283,-1.16,492.616,29,6.0,9.814437735702617,37.14049076765676,0,0,0,0,0
29157,3.564759887005649,100.0,2832.0,18971,2960,15.602762110589849,12.376785620157083,0.32679738562091504,19227,3558,18.5052270244968,2.902464913906952,45.713,12.24,0.11619913515910855,0.0,2.29,474.355,29,6.0,9.850666776352545,39.99325399753349,0,0,0,0,0
29159,0.7550057348844832,45.0,6103.0,42201,6203,14.698703822184308,11.421530295490628,0.7342868102361774,42421,7124,16.793569222790598,2.09486540060629,37.658,9.32,0.15685714285714286,0.23177142857142857,-2.05,682.225,29,6.0,10.650199196425806,61.85789145809667,0,0,0,0,0
29161,8.80174812700678,494.0,5606.0,45156,6157,13.634954380370273,11.00850385330853,0.23549889929862286,44587,7209,16.168389889429655,2.533435509059382,40.26,11.47,0.261231027381588,0.0653649607200061,-0.16,671.779,29,6.0,10.717878440381437,67.21853466690682,0,0,0,0,0
29163,0.4700421940928274,12.0,2844.0,18516,2883,15.570317563188594,12.281270252754375,0.7365079365079366,18158,3235,17.815838748760875,2.245521185572281,42.082,9.79,0.21010638297872342,0.0,0.46,670.439,29,6.0,9.826390502151161,27.617725102507464,0,0,0,0,0
29165,7.442469028472072,682.0,9202.0,89322,9967,11.158505183493428,12.659815051163207,0.21161053463529053,102848,15122,14.703251400124456,3.5447462166310277,65.948,18.51,0.08193433940920894,0.06031313468905057,0.12,419.786,29,6.0,11.400003097105111,212.77984496862686,0,1,0,0,0
29167,22.095288343558284,902.0,4075.0,31137,5025,16.138356296367665,11.388380383466615,0.4509921828021648,32031,5689,17.760919109612562,1.6225628132448975,35.831,11.23,0.2742832065535401,0.0,-0.62,635.527,29,6.0,10.346152101633399,48.993984519933846,0,0,0,0,0
29169,2.9048511576626237,106.0,3628.0,52274,3768,7.208172322760838,7.03791559857673,0.20665773011617514,52359,4493,8.58114173303539,1.3729694102745515,43.155,12.02,0.16419997669269315,0.018878918540962592,0.54,547.112,29,6.0,10.8642543945108,95.54533623828394,0,0,0,0,0
29171,1.735019083969466,17.0,1048.0,4979,1076,21.61076521389837,14.079132355894759,0.4359490274983233,4746,1191,25.094816687737044,3.4840514738386723,34.545,9.82,0.0,0.10561056105610561,-0.9,517.317,29,6.0,8.512984346642183,9.624659541441707,1,0,0,0,0
29173,-2.520329024676851,-44.0,1702.0,10167,1676,16.484705419494443,15.078194157568603,0.5981092031641907,10258,2198,21.42717878728797,4.942473367793529,45.194,10.68,0.0,0.5340729001584786,-1.2,469.781,29,6.0,9.226902460275161,21.641999144282124,0,0,0,0,0
29175,3.984429569266589,138.0,3436.0,25414,3605,14.18509482962147,11.74549460927048,0.36400970692551804,24769,4053,16.363195930396866,2.1781011007753968,36.458,8.11,0.1933786731682279,0.11086872834595149,-0.22,482.712,29,6.0,10.14305548226448,52.64837004259269,0,0,0,0,0
29177,0.23599651365485175,8.0,3442.0,23494,3483,14.825061717885418,12.722397207797737,0.2904647435897436,22900,4179,18.24890829694323,3.4238465790578125,53.343,12.61,0.2151681537405628,0.0,-0.72,568.809,29,6.0,10.064500348383831,41.30384716134942,0,0,0,0,0
29179,-2.886870897155361,-41.0,1371.0,6696,1343,20.05675029868578,14.157706093189965,0.37193156459211507,6274,1465,23.35033471469557,3.2935844160097894,32.059,7.63,0.14011379800853485,0.19274537695590327,1.41,808.477,29,6.0,8.80926561216931,8.282239321588618,1,0,0,0,0
29181,9.695979899497488,231.0,2388.0,14100,2646,18.76595744680851,13.02127659574468,0.469910565408519,13484,2809,20.8320973005043,2.066139853695791,29.369,6.81,0.3125,0.19391025641025642,0.48,629.539,29,6.0,9.55393007636626,22.397341546750877,0,0,0,0,0
29183,26.061552272655682,8278.0,31747.0,360485,40378,11.201020846914574,11.341664701721292,0.25174448289555795,398472,60571,15.200817121403762,3.9997962744891886,70.331,19.73,0.12723612207430532,0.08564003866928009,0.86,560.479,29,6.0,12.795205625964908,643.1730716048237,0,1,0,0,0
29185,3.1270833333333337,68.0,2208.0,9805,2295,23.406425293217744,15.31871494135645,3.6879432624113475,9455,2558,27.054468535166578,3.648043241948834,32.217,8.28,0.397677793904209,0.029753265602322207,1.11,674.981,29,6.0,9.190647738630446,14.526334815350358,1,0,0,0,0
29186,-0.42374870555747274,-13.0,2897.0,18145,2911,16.042987048773767,13.810967208597411,0.5094361468102351,17887,3509,19.61759937384693,3.5746123250731614,46.911,12.47,0.0,0.33365384615384613,2.06,499.153,29,6.0,9.806150319647172,36.35157957580141,0,0,0,0,0
29187,17.142407383992918,1359.0,7909.0,65359,9354,14.311724475588672,11.456723634082529,0.6043994658795417,66653,11090,16.63841087422922,2.326686398640547,38.589,10.18,0.27019436018424897,0.09976407145264576,1.7,451.873,29,6.0,11.08765042953924,144.64019757763796,0,1,0,0,0
29189,-3.593635678653086,-5521.0,153952.0,998954,149493,14.964953341194889,12.87366585448379,0.31093618731051614,996179,179993,18.06833912379201,3.1033857825971225,57.561,17.93,0.14850377089428266,0.0654356742770615,0.64,507.427,29,6.0,13.814464010524492,1968.665443502218,0,1,0,0,0
29195,0.5998353457738748,23.0,3644.0,23370,3699,15.82798459563543,12.456140350877194,0.3854897696945735,22932,4162,18.149311006453864,2.3213264108184344,38.818,8.4,0.21727490488938989,0.2737776525292377,-1.0,755.493,29,6.0,10.059208427532903,30.93344346009824,0,0,0,0,0
29197,4.62636695018226,37.0,823.0,4431,870,19.63439404197698,11.893477770255021,0.142721217887726,4550,882,19.384615384615383,-0.24977865736159544,31.358,5.59,0.08978328173374613,0.0,-1.9,307.305,29,6.0,8.39638057119949,14.418899790110801,1,0,0,0,0
29199,2.264629847238543,18.0,851.0,4843,879,18.149907082386953,11.62502581044807,0.6331785563528914,4923,910,18.484663822872232,0.3347567404852789,39.722,7.5,0.2795838751625488,0.07802340702210664,-1.56,436.507,29,6.0,8.48528964240323,11.09489653086892,1,0,0,0,0
29201,-2.8009517448655865,-170.0,5989.0,39191,5872,14.983031818529765,12.599831593988418,0.682875139812798,38538,7003,18.171674710675177,3.1886428921454115,37.716,9.5,0.26755258669698695,0.14774019329164298,-1.44,419.991,29,6.0,10.57620240758158,93.31390434556931,0,0,0,0,0
29203,-3.6705921490352638,-56.0,1503.0,8441,1462,17.320222722426255,14.630967894799193,0.9365994236311239,8207,1748,21.29889119044718,3.978668468020924,30.766,7.21,0.1710261569416499,0.0,-0.23,1003.821,29,6.0,9.04085606398372,8.408869708842513,1,0,0,0,0
29205,4.648888888888888,54.0,1170.0,6373,1239,19.441393378314764,13.102149694021653,0.561447286338116,5975,1277,21.372384937238493,1.9309915589237292,35.012,6.94,0.09540034071550256,0.22572402044293016,-2.29,500.863,29,6.0,8.759825595314295,12.724038309877152,1,0,0,0,0
29207,3.2068367744448776,162.0,5134.0,29968,5346,17.839028296849975,12.857047517351841,0.35270776691895067,29255,5936,20.29054862416681,2.4515203273168353,35.932,8.08,0.18966763005780346,0.31153660886319845,-2.43,823.217,29,6.0,10.30788542468387,36.403524222653324,0,0,0,0,0
29209,9.912683201803834,705.0,7096.0,32202,7870,24.439475808955965,17.52686168560959,0.7608108771413145,31875,9825,30.823529411764707,6.384053602808741,41.351,13.99,0.10436356324150413,0.023929217775990348,2.24,464.029,29,6.0,10.379783841404883,69.39652478616638,0,0,0,0,0
29211,-15.056479400749065,-201.0,1335.0,6714,1144,17.03902293714626,13.211200476616025,0.4764740917212627,6163,1210,19.633295472983935,2.594272535837675,30.459,6.87,0.111218103033221,0.0,-1.58,647.982,29,6.0,8.81195017753998,10.361398927747993,1,0,0,0,0
29213,23.95344002188483,1755.0,7311.0,51675,9150,17.706821480406386,13.182389937106917,0.3794223209707742,55563,12073,21.728488382556737,4.021666902150351,39.026,13.21,0.09859911381640782,0.02287069775768697,1.63,632.355,29,6.0,10.852729384549969,81.71833859145575,0,0,0,0,0
29215,9.731174663200187,411.0,4231.0,26008,4682,18.002153183635805,13.36511842509997,0.47068891741548996,25518,5298,20.761815189278156,2.759662005642351,31.552,9.21,0.20681265206812652,0.17606724176067243,0.45,1177.266,29,6.0,10.16615946198374,22.09186369095854,0,0,0,0,0
29217,6.438639876352395,207.0,3235.0,21159,3476,16.42799754241694,13.204782834727538,1.0215903106898367,20560,3982,19.367704280155642,2.939706737738703,34.387,8.26,0.24649859943977592,0.18207282913165265,-1.6,826.391,29,6.0,9.959820625876288,25.60410265842682,0,0,0,0,0
29219,21.236684712554784,826.0,3879.0,32513,4749,14.606465106265187,12.210500415218528,0.2519577800476677,35090,6232,17.760045597036193,3.153580490771006,50.231,16.1,0.08967297762478485,0.18812392426850258,0.14,428.606,29,6.0,10.389395288339156,75.85754749116904,0,0,0,0,0
29221,7.154260089686098,222.0,3122.0,25195,3378,13.407422107561024,12.565985314546538,0.5899972769356449,24819,4119,16.59615617067569,3.1887340631146674,35.901,8.24,0.23024290112897708,0.1508723913787205,0.86,759.866,29,6.0,10.134400841114699,33.15716192065443,0,0,0,0,0
29223,2.4818279186005006,68.0,2801.0,13521,2895,21.4111382294209,14.658679091783153,0.40826425831993074,13058,3127,23.947005667024047,2.535867437603148,30.621,7.22,0.17965926690758904,0.2116675271037687,2.18,759.184,29,6.0,9.511999311358759,17.809911694661636,0,0,0,0,0
29225,13.561239749155813,562.0,4146.0,36202,4752,13.126346610684491,11.62090492237998,0.7560518831934522,39127,6066,15.50336085056355,2.377014239879058,40.889,12.05,0.100759285860866,0.13769751693002258,-0.45,592.563,29,6.0,10.496869644906498,61.09392587792353,0,0,0,0,0
29227,-1.1112840466926066,-6.0,514.0,2171,514,23.675725472132658,14.002763703362506,0.546448087431694,2001,497,24.837581209395303,1.1618557372626448,38.22,5.76,0.10752688172043011,0.0,-1.56,266.629,29,6.0,7.682943169878292,8.142400114016104,1,0,0,0,0
29229,6.2386119257087005,190.0,3069.0,18815,3291,17.491363273983524,12.468774913632739,0.3793103448275862,18256,3613,19.790753724802805,2.2993904508192813,29.636,8.93,0.13640699523052463,0.0,0.87,681.772,29,6.0,9.842409703027538,27.59720258385501,0,0,0,0,0
29510,-22.64824770480226,-10279.0,45312.0,319294,35175,11.016492636880116,10.842984835292865,0.591470551471006,304709,41612,13.656308149742868,2.639815512862752,33.652,12.22,0.15077896574296312,0.07560986253545712,-0.48,61.744,29,6.0,12.673867587420775,5171.255506607929,0,1,0,0,0
30001,4.941666666666666,72.0,1476.0,9246,1565,16.92623837335064,15.433701059917802,0.2844680447563057,9454,2106,22.276285170298287,5.350046796947648,38.264,16.97,0.20352839931153185,0.028399311531841654,3.5,5542.687,30,6.9,9.13194630454817,1.6681439886466618,1,0,0,1,0
30003,-3.483858858858859,-46.0,1332.0,12865,1290,10.027205596579867,11.169840652934319,0.25559105431309903,13302,1684,12.659750413471658,2.632544816891791,36.55,8.97,0.0,0.0,1.38,4997.81,30,6.9,9.462265724715845,2.57412746783091,1,0,0,1,0
30005,-11.45482233502538,-112.0,985.0,6491,877,13.51101525188723,12.109074102603605,0.5276116778051354,6698,1041,15.541952821737832,2.030937569850602,37.034,7.31,0.2448377581120944,0.01671583087512291,0.19,4227.122,30,6.9,8.778171881033469,1.5355601281439237,1,0,0,1,0
30007,22.99101123595506,184.0,801.0,5612,997,17.76550249465431,15.734141126158233,0.29684601113172543,6080,1427,23.470394736842103,5.704892242187793,44.667,15.97,0.0,0.0,3.93,1192.359,30,6.9,8.632662441222351,4.706636172495029,1,0,0,1,0
30009,6.256762874929259,109.0,1767.0,10078,1895,18.803333994840248,17.949990077396308,0.26393417171246697,10689,2740,25.63382917017495,6.8304951753347005,49.01,20.07,0.12118365429779239,0.0,4.22,2047.705,30,6.9,9.218110109240543,4.921607360435219,1,0,0,1,0
30011,0.8823076923076918,3.0,260.0,1160,269,23.189655172413794,18.103448275862068,0.7407407407407408,1305,343,26.283524904214563,3.093869731800769,35.703,6.62,0.0,0.0,-0.58,3340.477,30,6.9,7.05617528410041,0.3472557961033709,1,0,0,1,0
30013,2.696742325277596,338.0,12248.0,81327,12690,15.603674056586373,12.667379836954517,0.22802875845047751,81576,15185,18.61454349318427,3.0108694365978987,42.389,14.66,0.23184864793475748,0.0334466933007561,2.2,2698.174,30,6.9,11.306233343722834,30.141495693013127,0,0,0,1,0
30015,-4.522636103151863,-48.0,1047.0,5813,1008,17.340443832788576,14.450369860657148,0.20840569642236886,5731,1210,21.113243761996163,3.7727999292075864,41.064,10.7,0.24274809160305344,0.0,-0.98,3972.538,30,6.9,8.66785206770135,1.4632962604763,1,0,0,1,0
30017,6.25283315844701,119.0,1906.0,11699,2044,17.47157876741602,14.026839900846227,0.3057553956834532,11563,2310,19.97751448586007,2.50593571844405,38.913,8.67,0.2694052419354839,0.014364919354838709,-1.06,3783.309,30,6.9,9.367258647047601,3.092266584622086,1,0,0,1,0
30019,-13.071919191919193,-64.0,495.0,1751,435,24.84294688749286,16.619074814391777,0.36003600360036003,1705,446,26.158357771261,1.3154108837681378,38.125,7.73,0.0,0.0,-3.82,1426.016,30,6.9,7.467942332285852,1.2278964611897762,1,0,0,1,0
30021,1.1374045801526718,18.0,1572.0,8966,1606,17.91211242471559,14.722284184697749,0.1653673517599811,8824,1705,19.322302810516774,1.410190385801183,50.752,10.03,0.0,0.0,-1.01,2371.918,30,6.9,9.101194924715385,3.780063223096245,1,0,0,1,0
30023,0.9151428571428566,15.0,1750.0,9298,1782,19.165411916541192,16.390621639062164,0.7614213197969544,9153,2214,24.188790560471976,5.0233786439307835,35.31,10.26,0.47182359117955897,0.0,1.51,736.683,30,6.9,9.13755460225053,12.621439615139755,1,0,0,1,0
30025,3.8682672233820456,19.0,479.0,2890,504,17.439446366782008,13.944636678200691,0.06802721088435373,2975,510,17.142857142857142,-0.2965892239248653,52.529,8.67,0.0,0.017857142857142856,-1.33,1620.55,30,6.9,7.969011781106478,1.7833451605936257,1,0,0,1,0
30027,8.215175438596493,188.0,2280.0,11586,2490,21.491455204557226,16.640773347143103,0.32556545579163815,11167,2649,23.72167994985224,2.230224745295015,37.607,10.41,0.2571253447747472,0.09745632853202574,2.63,4339.329,30,6.9,9.35755275165657,2.6699980573033297,1,0,0,1,0
30029,17.127865452249978,1902.0,11089.0,90928,13103,14.410302657047334,15.040471581910964,0.27681366181887873,102001,19709,19.322359584709954,4.91205692766262,44.998,23.18,0.16910236425045466,0.07284359573915303,2.8,5087.161,30,6.9,11.417823263536903,17.874016568376742,0,0,0,1,0
30031,17.678777684328566,1261.0,7134.0,89513,8470,9.462312736697463,11.028565683196854,0.20336257655655135,111401,13940,12.513352662902488,3.051039926205025,50.136,27.73,0.1156493558668345,0.061145780325146636,3.86,2605.015,30,6.9,11.402139145111631,34.361798300585605,0,0,0,1,0
30033,0.22786885245901603,0.0,244.0,1206,248,20.563847429519072,17.66169154228856,0.11848341232227488,1051,218,20.742150333016173,0.17830290349710154,42.955,6.88,0.0,0.0,0.65,4676.56,30,6.9,7.095064377287131,0.2578818618813829,1,0,0,1,0
30035,-4.472346179851251,-66.0,1479.0,13399,1414,10.553026345249645,10.209717143070378,0.2991772625280479,13706,1634,11.92178607908945,1.3687597338398056,38.075,7.36,0.23114355231143552,0.0,4.69,2994.946,30,6.9,9.502935356288608,4.4738703135215125,1,0,0,1,0
30037,-18.695670995670998,-43.0,231.0,884,189,21.380090497737555,17.647058823529413,0.8403361344537815,814,208,25.552825552825553,4.172735055087998,35.726,9.09,0.0,0.0,0.06,1174.423,30,6.9,6.784457062637643,0.7527100542138565,1,0,0,1,0
30039,19.39277688603531,120.0,623.0,3079,753,24.45599220526145,20.363754465735628,0.38979447200566975,3325,990,29.774436090225564,5.318443884964115,36.052,16.99,0.0,0.030864197530864196,2.27,1727.162,30,6.9,8.0323601479245,1.7826932273868925,1,0,0,1,0
30041,-8.53878842676311,-188.0,2212.0,16096,2038,12.661530815109344,12.56833996023857,0.3172413793103448,16422,2464,15.004262574595057,2.342731759485712,43.606,10.9,0.22557251908396947,0.0,-1.22,2899.17,30,6.9,9.686326072899465,5.551933829337362,1,0,0,1,0
30043,9.834301521438451,141.0,1446.0,11406,1605,14.07154129405576,18.972470629493248,0.5143422354104847,12069,2557,21.186510895683156,7.114969601627397,56.695,22.53,0.1313451776649746,0.0,2.27,1656.863,30,6.9,9.341894811716484,6.884093615464887,1,0,0,1,0
30045,-14.806012024048096,-73.0,499.0,2072,431,20.801158301158303,17.22972972972973,0.0,1968,448,22.76422764227642,1.9630693411181177,41.473,10.15,0.0,0.0,1.89,1869.687,30,6.9,7.6362696033793735,1.108206881686614,1,0,0,1,0
30047,7.104283801874163,317.0,4482.0,28746,4834,16.816252696027274,14.722048284978781,0.1989389920424403,30383,6683,21.99585294408057,5.179600248053298,37.274,20.19,0.21907857006308545,0.06270311603899828,3.82,1490.467,30,6.9,10.266253906111178,19.286572597716017,0,0,0,1,0
30049,13.878136482939631,1060.0,7620.0,63395,8757,13.813392223361465,15.065856928779873,0.17229953611663354,68714,12796,18.62211485286841,4.808722629506946,50.238,18.55,0.20820730810103819,0.025423036050028613,3.16,3458.381,30,6.9,11.057140272962048,18.33083168106695,0,0,0,1,0
30051,6.807042253521127,28.0,426.0,2339,462,19.752030782385635,13.210773834972212,0.4793863854266539,2455,520,21.181262729124235,1.4292319467386,40.212,7.14,0.0,0.0,0.45,1429.983,30,6.9,7.757478766584179,1.6356837808561362,1,0,0,1,0
30053,11.587183059348007,416.0,3589.0,19687,4040,20.52115609285315,18.667140752781023,0.34171558748795233,19845,5695,28.697404887881078,8.176248795027927,30.823,14.85,0.22768670309653916,0.03460837887067395,2.33,3612.513,30,6.9,9.887713798420087,5.449668970049381,1,0,0,1,0
30055,-9.192344497607655,-38.0,418.0,1734,382,22.029988465974625,17.474048442906575,0.1984126984126984,1826,474,25.958378970427166,3.9283905044525405,48.167,8.28,0.0,0.0,0.52,2642.225,30,6.9,7.458186157340487,0.6562650796203957,1,0,0,1,0
30057,14.59389806173726,203.0,1393.0,7691,1612,20.95956312573137,20.023403978676374,0.5331412103746398,8530,2498,29.28487690504103,8.32531377930966,42.998,24.01,0.1171303074670571,0.0,3.22,3588.157,30,6.9,8.947806093057054,2.1434402117856046,1,0,0,1,0
30059,17.73463687150838,63.0,358.0,1891,428,22.633527234267582,18.13855103120042,0.6284916201117319,1795,579,32.25626740947075,9.62274017520317,31.577,9.65,0.3612167300380228,0.0,2.83,2391.868,30,6.9,7.544861068658458,0.7905954676428633,1,0,0,1,0
30061,28.891960507757407,204.0,709.0,4223,926,21.927539663746153,18.70708027468624,0.44971381847914965,4330,1230,28.406466512702078,6.4789268489559255,37.256,15.94,0.0,0.0,1.8,1219.619,30,6.9,8.348301054933943,3.4625567492798983,1,0,0,1,0
30063,8.3954254104838,961.0,11389.0,109299,12457,11.397176552392978,12.688130723977348,0.1656488244920768,119062,18483,15.523844719557879,4.126668167164901,42.887,23.37,0.20439646033016726,0.02812696077370778,1.74,2593.009,30,6.9,11.601842524991945,42.151415594778115,0,0,0,1,0
30065,7.644020356234098,60.0,786.0,4538,854,18.81886293521375,20.207139709122963,1.0550113036925395,4682,1284,27.424177701836822,8.60531476662307,37.033,11.22,0.24907063197026022,0.0,1.22,1868.958,30,6.9,8.420241665339788,2.428090946934067,1,0,0,1,0
30067,0.5122944400939708,13.0,2554.0,15636,2589,16.55794320798158,16.928882067024816,0.33066666666666666,16513,3714,22.49137043541452,5.93342722743294,38.83,20.73,0.17283670224846695,0.053826936179877355,3.61,2802.471,30,6.9,9.657331226912845,5.579361927384797,1,0,0,1,0
30069,-6.04485981308411,-6.0,107.0,494,103,20.850202429149796,14.777327935222672,1.2345679012345678,464,89,19.181034482758623,-1.6691679463911733,36.875,10.68,0.0,0.0,1.86,1655.625,30,6.9,6.202535517187923,0.29837674594186486,1,0,0,1,0
30071,3.323309178743961,27.0,828.0,4253,863,20.291558899600282,15.118739713143665,0.29978586723768735,4032,884,21.924603174603174,1.6330442750028915,36.453,7.91,0.0,0.0,0.29,5140.478,30,6.9,8.355379895253634,0.8273549658222445,1,0,0,1,0
30073,10.69306358381503,112.0,1038.0,6153,1161,18.86884446611409,13.034292215179589,0.22564874012786762,5911,1218,20.605650482151923,1.736806016037832,36.419,8.62,0.24827109266943292,0.029737206085753802,3.45,1624.567,30,6.9,8.724695046740491,3.7874707537454597,1,0,0,1,0
30075,8.743296089385476,31.0,358.0,1743,396,22.719449225473323,17.900172117039588,0.0,1634,430,26.31578947368421,3.596340248210886,37.685,9.97,0.0,0.0,-1.02,3298.196,30,6.9,7.463363045520021,0.528470715506295,1,0,0,1,0
30077,-0.34537521815008665,-5.0,1146.0,7027,1152,16.393909207343103,15.497367297566528,0.22544283413848631,6843,1400,20.458863071752155,4.064953864409052,39.851,11.46,0.1939615736505032,0.0,1.79,2326.042,30,6.9,8.857515151192198,3.0210116584309312,1,0,0,1,0
30079,8.315412186379929,22.0,279.0,1179,307,26.03901611535199,21.54368108566582,0.2971768202080238,1162,377,32.44406196213425,6.405045846782258,34.896,6.94,0.0,0.0,-0.39,1736.603,30,6.9,7.072421900537371,0.6789116453213544,1,0,0,1,0
30081,15.296071052235437,1017.0,6643.0,40212,7728,19.2181438376604,16.671640306376208,0.28085584435479755,43424,11221,25.840549005158437,6.622405167498037,43.0,23.55,0.16702663786897048,0.10211183105351572,1.59,2390.997,30,6.9,10.60192073752531,16.8180888558204,1,0,0,1,0
30083,-2.1649146757679185,-32.0,1465.0,9746,1448,14.85737738559409,13.86209727067515,0.1758241758241758,11097,1681,15.148238262593495,0.290860876999405,52.516,10.65,0.0,0.07783297847172936,-0.22,2084.346,30,6.9,9.184612223403452,4.675807183644174,1,0,0,1,0
30085,-6.768661679135494,-81.0,1203.0,10425,1126,10.80095923261391,10.973621103117507,0.8122077282795964,11091,1273,11.47777477233793,0.6768155397240214,37.451,6.17,0.26253521126760565,0.0,-2.45,2354.313,30,6.9,9.251962046667002,4.428043340031678,1,0,0,1,0
30087,-6.875531914893617,-77.0,1128.0,9233,1058,11.45889743312033,13.841654933391098,0.12324377618930245,9065,1374,15.157198014340873,3.6983005812205434,44.776,10.29,0.10793899100508408,0.0,-0.34,5008.135,30,6.9,9.130539301772627,1.8436004620482473,1,0,0,1,0
30089,11.206164383561644,245.0,2190.0,11413,2456,21.51932007360028,19.469026548672566,0.5540581012279125,11804,3653,30.947136563876654,9.427816490276374,30.622,17.25,0.23132880698351116,0.10184287099903007,2.33,2760.401,30,6.9,9.3425083355536,4.1345442202056875,1,0,0,1,0
30091,-9.1010550996483,-78.0,853.0,3384,782,23.10874704491726,17.494089834515368,0.28721876495931065,3389,763,22.514015933903806,-0.5947311110134521,39.578,6.84,0.3813186813186813,0.008791208791208791,-2.12,1675.804,30,6.9,8.126813720726114,2.0193292294325587,1,0,0,1,0
30093,4.91220294228593,262.0,5302.0,34200,5614,16.415204678362574,13.678362573099415,0.4785547646108752,34895,6593,18.893824330133256,2.478619651770682,37.986,11.72,0.23668863137165796,0.0,2.15,717.983,30,6.9,10.439980923050696,47.63343978896437,0,0,0,1,0
30095,3.282833217027215,46.0,1433.0,9117,1495,16.397937918174836,17.275419545903258,0.4788673745575682,9562,2189,22.892700271909643,6.4947623537348065,57.227,17.01,0.10428051001821494,0.0,2.63,1796.746,30,6.9,9.117896081584902,5.07417297714869,1,0,0,1,0
30097,11.730827067669173,77.0,665.0,3651,754,20.651876198301835,15.995617639003012,0.5586592178770949,3676,1017,27.66594124047878,7.014065042176945,43.723,18.41,0.025302530253025302,0.0484048404840484,3.19,1855.505,30,6.9,8.202756381655638,1.9676584002737798,1,0,0,1,0
30099,2.5330870279146143,31.0,1218.0,6073,1261,20.764037543224106,14.375102914539767,0.4495159059474412,6127,1376,22.45797290680594,1.6939353635818328,39.516,13.37,0.21539792387543252,0.018166089965397925,3.88,2271.603,30,6.9,8.711607995897575,2.6734424985351755,1,0,0,1,0
30101,-7.761712846347607,-62.0,794.0,5324,739,13.88054094665665,14.2374154770849,0.4280821917808219,4812,878,18.24605153782211,4.365510591165462,42.949,9.79,0.0,0.0,0.97,1915.016,30,6.9,8.579980179515003,2.780133429694582,1,0,0,1,0
30103,-12.600518134715024,-24.0,193.0,718,171,23.81615598885794,16.434540389972145,0.47393364928909953,614,185,30.130293159609124,6.314137170751184,37.969,6.62,0.0,0.0,-0.02,977.801,30,6.9,6.576469569048224,0.7343007421755551,1,0,0,1,0
30105,2.754520734194426,39.0,1471.0,7369,1525,20.69480255122812,15.375220518387842,0.5124000819840131,7424,1700,22.898706896551722,2.203904345323604,42.05,8.14,0.0,0.0,-0.03,4926.1,30,6.9,8.905037290767,1.495909543046223,1,0,0,1,0
30107,-3.3000000000000003,-16.0,456.0,2168,448,20.66420664206642,15.821033210332104,0.7518796992481203,2138,547,25.58465855940131,4.920451917334887,30.321,8.5,0.0,0.0,3.07,1422.481,30,6.9,7.681560362559537,1.5240976856632884,1,0,0,1,0
30109,67.8507042253521,96.0,142.0,1017,243,23.893805309734514,16.125860373647985,0.37174721189591076,1037,260,25.07232401157184,1.1785187018373264,40.417,6.0,0.0,0.0,-0.81,888.61,30,6.9,6.92461239604856,1.14448408188069,1,0,0,1,0
30111,14.412553921026435,2612.0,18082.0,147972,20868,14.102668072338009,12.661854945530235,0.2017421766260576,160390,27317,17.03161044952927,2.9289423771912624,48.641,16.88,0.18879776133843382,0.05307890388937678,1.08,2633.467,30,6.9,11.904778345658531,56.18904660662161,0,0,0,1,0
31001,-1.4897678241216357,-72.0,4867.0,31364,4838,15.42532840198954,12.275219997449305,0.35205992509363293,31541,5620,17.818078057131988,2.392749655142447,44.443,9.5,0.2119200358048635,0.1894674026555274,-2.36,563.273,31,6.84,10.353416017350813,55.681703188329635,0,0,0,0,0
31003,-7.017883456128599,-106.0,1493.0,6685,1404,21.002243829468963,15.153328347045624,0.5481120584652862,6315,1485,23.51543942992874,2.5131956004597775,37.058,6.7,0.20445062586926285,0.07301808066759388,-2.49,857.236,31,6.84,8.807621489536043,7.798319249308242,1,0,0,0,0
31005,-7.938,-8.0,100.0,460,94,20.434782608695652,13.478260869565217,0.39370078740157477,439,136,30.979498861047837,10.544716252352185,43.25,7.61,0.0,0.0,-0.25,715.355,31,6.84,6.131226489483141,0.6430373730525404,1,0,0,0,0
31007,-16.395031055900624,-27.0,161.0,690,136,19.710144927536234,17.82608695652174,0.27100271002710025,645,174,26.976744186046513,7.266599258510279,34.063,7.69,0.0,0.0,-0.75,746.211,31,6.84,6.536691597591305,0.9246714401154633,1,0,0,0,0
31009,-30.405263157894737,-39.0,133.0,478,95,19.874476987447697,14.435146443514643,0.9202453987730062,467,147,31.47751605995717,11.603039072509475,39.0,5.76,0.0,0.0,-0.81,710.688,31,6.84,6.169610732491456,0.6725876896753569,1,0,0,0,0
31011,-4.776528925619835,-58.0,1210.0,5505,1164,21.14441416893733,13.079019073569482,0.1887504718761797,5228,1177,22.513389441469013,1.3689752725316815,40.703,7.11,0.0,0.062339331619537273,-1.21,686.554,31,6.84,8.61341204915678,8.018305916213437,1,0,0,0,0
31013,5.844097439100562,94.0,1601.0,11308,1713,15.14856738592147,14.936328263176513,0.21905805038335158,10845,1952,17.999077916090364,2.8505105301688936,44.404,9.06,0.20806506269061334,0.0,-0.02,1075.293,31,6.84,9.33326571881348,10.516203490583498,1,0,0,0,0
31015,2.4330855018587356,12.0,538.0,2099,557,26.53644592663173,14.959504525964745,0.3597122302158274,1882,621,32.99681190223167,6.460365975599942,34.906,5.21,0.0,0.0,-2.64,539.935,31,6.84,7.649216319820633,3.8875049774509898,1,0,0,0,0
31017,-1.9492146596858642,-16.0,764.0,3145,757,24.069952305246424,14.91255961844197,0.6970509383378015,2887,790,27.364045722202977,3.294093416956553,28.038,5.64,0.22687224669603523,0.0,-1.1,1221.356,31,6.84,8.05356916913454,2.575006795725407,1,0,0,0,0
31019,15.571951474586907,746.0,4781.0,46102,5578,12.099258166673897,10.745737712029847,0.23080151070079732,49594,7231,14.580392789450336,2.4811346227764393,47.12,12.86,0.1831704410011919,0.15842669845053636,0.04,968.22,31,6.84,10.738611611991622,47.6152114188924,0,0,0,0,0
31021,6.068381855111713,90.0,1477.0,6858,1585,23.111694371536892,14.596092155147272,0.7787712719930776,6503,1561,24.004305705059203,0.8926113335223107,43.817,8.31,0.0,0.0,-1.73,491.586,31,6.84,8.833171133022866,13.950763447291013,1,0,0,0,0
31023,5.974598930481283,90.0,1496.0,8395,1603,19.0946992257296,13.365098272781417,0.5428077966938071,7997,1664,20.807802926097285,1.7131037003676859,44.595,8.78,0.18623676612127046,0.28392685274302215,-3.37,584.901,31,6.84,9.035391569511642,14.35285629533887,1,0,0,0,0
31025,2.1734763948497857,77.0,3495.0,25241,3603,14.274394833802148,13.929717523077533,0.5936853467662139,26022,4546,17.46983321804627,3.1954383842441203,62.039,14.28,0.0,0.11670687575392039,-2.12,557.353,31,6.84,10.136224935521659,45.28727754223984,0,0,0,0,0
31027,4.395265926358854,76.0,1711.0,8852,1804,20.379575237234523,12.708992318120199,0.4098360655737705,8483,1826,21.525403748673817,1.1458285114392943,40.497,8.51,0.10614525139664804,0.0,-2.01,740.243,31,6.84,9.08839870117094,11.958235336234182,1,0,0,0,0
31029,5.628496042216359,43.0,758.0,3966,810,20.423600605143722,13.262733232476046,0.5652620760534429,3707,897,24.197464256811436,3.773863651667714,38.314,8.26,0.0,0.0,-1.47,894.419,31,6.84,8.285513309079741,4.434163406636039,1,0,0,0,0
31031,5.954365436543655,66.0,1111.0,5713,1190,20.82968667950289,13.705583756345177,0.4117833386126069,5801,1213,20.910187898638167,0.08050121913527875,43.431,9.53,0.0,0.027120600115406807,-0.74,5960.208,31,6.84,8.650499558724462,0.9585235951496995,1,0,0,0,0
31033,-2.0034847542003735,-31.0,1607.0,9998,1592,15.923184636927385,12.60252050410082,0.22504091653027825,9428,1855,19.6754348748409,3.7522502379135148,49.493,9.42,0.09157105030891438,0.0,-1.68,1196.287,31,6.84,9.210140351973516,8.357526245792188,1,0,0,0,0
31035,-4.501154163231657,-55.0,1213.0,6542,1168,17.853867318862733,13.75726077652094,0.3665444851716095,6193,1263,20.39399321814952,2.540125899286789,42.909,7.37,0.14475743348982786,0.0,-3.36,572.289,31,6.84,8.785998208098329,11.431287339089167,1,0,0,0,0
31037,-12.67652495378928,-206.0,1623.0,10515,1428,13.580599144079885,9.995244888254874,0.2928972418843056,10681,1333,12.48010485909559,-1.1004942849842951,48.133,8.54,0.07885998893193137,0.0,-0.72,411.647,31,6.84,9.2605580881368,25.543730429226983,0,0,0,0,0
31039,0.43313798614810867,8.0,1877.0,9139,1901,20.800962906226065,12.583433636065214,0.570884871550904,8882,1930,21.72934023868498,0.9283773324589149,44.278,8.8,0.14773980154355015,0.14149209849320102,-0.77,570.525,31,6.84,9.120306249272202,16.018579378642478,1,0,0,0,0
31041,1.642516853932584,35.0,2225.0,10939,2283,20.870280647225524,14.132918913977512,0.6452769313497042,10788,2388,22.135706340378196,1.2654256931526717,42.364,7.15,0.23327102803738317,0.0,-1.4,2575.594,31,6.84,9.30008966411979,4.247175602987117,1,0,0,0,0
31043,4.549359823399559,104.0,2265.0,21006,2391,11.38246215367038,10.520803579929543,0.20967107849561,20124,2755,13.690121248260784,2.307659094590404,43.729,9.78,0.05616193689224053,0.0,-1.76,264.257,31,6.84,9.952563390182721,79.49079873002418,0,0,0,0,0
31045,10.165453194650818,137.0,1346.0,9182,1500,16.336310172075798,11.108690917011545,0.517403574788335,8685,1587,18.272884283246977,1.9365741111711792,34.937,9.18,0.18243549117247623,0.0,-0.39,1396.484,31,6.84,9.125000324809168,6.575084283099556,1,0,0,0,0
31047,-3.9693918531267927,-140.0,3486.0,24326,3373,13.865822576666941,11.699416262435253,0.2963548355230663,23638,3815,16.139267281495897,2.2734447048289557,41.83,8.34,0.10835261939827477,0.0,0.56,1013.089,31,6.84,10.099301016178382,24.01171071840677,0,0,0,0,0
31049,4.317741935483872,18.0,434.0,1941,460,23.69912416280268,14.580113343637299,0.4789272030651341,1770,399,22.54237288135593,-1.1567512814467484,37.148,6.56,0.0,0.0,-0.61,439.851,31,6.84,7.57095858316901,4.412857990546799,1,0,0,0,0
31051,1.169723018147087,12.0,1047.0,6000,1070,17.833333333333336,14.05,0.1488095238095238,5682,1161,20.43294614572334,2.599612812390003,42.388,7.52,0.08262108262108261,0.0,-1.71,476.11,31,6.84,8.699514748210191,12.602129759929428,1,0,0,0,0
31053,11.880612757408336,711.0,5973.0,36691,6740,18.369627429069798,12.10923659753073,0.31958514230583696,36565,7003,19.15219472172843,0.7825672926586336,42.849,11.05,0.18718619616717347,0.22247365815713174,-0.55,529.064,31,6.84,10.510286772360844,69.35077797771159,0,0,0,0,0
31055,-4.320808091450245,-2491.0,56949.0,517110,54875,10.611862079634895,10.761346715399045,0.24182530285089715,565739,73544,12.999634106893815,2.3877720272589205,51.878,14.14,0.143204118052558,0.06678628260715505,-1.92,326.411,31,6.84,13.156010896816547,1584.2296981413003,0,1,0,0,0
31057,5.9727272727272736,25.0,429.0,2008,461,22.95816733067729,15.08964143426295,0.17777777777777778,1928,362,18.775933609958507,-4.182233720718784,37.031,6.34,0.0,0.058823529411764705,-1.93,919.678,31,6.84,7.60489448081162,2.1833728761588294,1,0,0,0,0
31059,7.9924481327800825,95.0,1205.0,5890,1316,22.34295415959253,14.108658743633276,0.5492619292825266,5542,1290,23.27679538072898,0.9338412211364506,43.167,7.51,0.1705665024630542,0.11822660098522167,-4.0,575.371,31,6.84,8.681011276645632,10.236873252214659,1,0,0,0,0
31061,2.344101876675603,17.0,746.0,3225,772,23.93798449612403,14.790697674418604,0.6343713956170703,2970,812,27.340067340067343,3.4020828439433117,37.22,5.04,0.0,0.0,-1.56,575.816,31,6.84,8.078688229229872,5.600747460994484,1,0,0,0,0
31063,-13.726999999999999,-82.0,600.0,2756,523,18.976777939042087,14.04208998548621,0.3176620076238882,2636,667,25.30349013657056,6.326712197528472,42.009,7.36,0.09016393442622951,0.0,0.29,974.631,31,6.84,7.9215356321335495,2.8277368563076695,1,0,0,0,0
31065,3.6336431226765797,38.0,1076.0,4959,1127,22.72635612018552,15.386166565839886,1.396545387725101,4712,1185,25.148556876061118,2.422200755875597,37.938,5.57,0.24715693707354056,0.06595905989385899,-1.63,719.132,31,6.84,8.508959386489133,6.895813286017032,1,0,0,0,0
31067,5.626817845698792,229.0,4057.0,22311,4326,19.389538792523865,13.199766931110215,0.421213861765269,21548,4491,20.841841470206052,1.4523026776821872,43.311,9.78,0.2550289335905208,0.0,-2.26,851.462,31,6.84,10.01283510937141,26.203165848857612,0,0,0,0,0
31069,-0.5445242369838416,-4.0,557.0,2057,560,27.22411278561011,13.85512882839086,0.30441400304414,1916,519,27.08768267223382,-0.13643011337628863,32.962,5.87,0.0,0.0,2.14,1705.446,31,6.84,7.6290038896529575,1.2061361075050163,1,0,0,0,0
31071,38.45583756345178,151.0,394.0,2049,555,27.086383601756953,15.031722791605661,0.4244482173174873,2081,551,26.477654973570395,-0.608728628186558,38.709,7.39,0.1786833855799373,0.15203761755485892,-1.42,569.33,31,6.84,7.6251071482389,3.598967207067957,1,0,0,0,0
31073,-6.636105032822757,-30.0,457.0,2044,431,21.086105675146772,16.046966731898237,0.31570639305445936,2001,560,27.98600699650175,6.899901321354978,41.442,9.49,0.0,0.0,-1.08,458.155,31,6.84,7.622663951323595,4.461372243018193,1,0,0,0,0
31075,-19.900000000000002,-29.0,147.0,614,119,19.381107491856678,16.123778501628664,0.7672634271099744,691,158,22.865412445730826,3.4843049538741475,39.261,4.11,0.0,0.0,-0.08,776.869,31,6.84,6.419994928147142,0.7903520413351542,1,0,0,0,0
31077,1.8761904761904757,10.0,567.0,2538,585,23.04964539007092,13.750985027580773,0.9230769230769231,2361,611,25.878864887759423,2.829219497688502,41.181,5.21,0.0,0.0,-0.6,569.811,31,6.84,7.839131648274333,4.4541084675445015,1,0,0,0,0
31079,3.864959317060157,289.0,7497.0,58607,7850,13.39430443462385,11.290460183937071,0.246294959446261,61338,9163,14.93853728520656,1.544232850582711,46.138,10.77,0.1444619563394923,0.23345964253378493,-1.83,546.391,31,6.84,10.978609422355966,107.26201566277629,0,0,0,0,0
31081,4.6150704225352115,66.0,1420.0,9124,1499,16.429197720298113,13.711091626479613,0.7560483870967742,9219,1826,19.806920490291787,3.3777227699936745,50.702,10.86,0.12307098765432099,0.19791666666666666,-2.83,541.898,31,6.84,9.11866358340428,16.837116948207964,1,0,0,0,0
31083,-8.998859749144811,-80.0,877.0,3423,805,23.517382413087933,16.155419222903884,2.3157894736842106,3380,855,25.295857988165682,1.7784755750777492,44.656,6.99,0.0,0.0,-0.41,553.466,31,6.84,8.138272638530186,6.184661749773247,1,0,0,0,0
31085,-26.213438735177863,-67.0,253.0,967,191,19.751809720785936,15.92554291623578,0.3913894324853229,889,193,21.70978627671541,1.9579765559294735,45.595,8.45,0.0,0.0,-2.55,713.062,31,6.84,6.874198495453294,1.3561233104554722,1,0,0,0,0
31087,-2.493620178041543,-17.0,674.0,2908,665,22.867950481430537,15.646492434662997,0.9075439591605219,2788,705,25.286944045911046,2.418993564480509,35.549,4.87,0.0,0.20567375886524822,-0.97,709.943,31,6.84,7.97522083865341,4.096103489998493,1,0,0,0,0
31089,-0.5644329896907216,-13.0,2134.0,10435,2143,20.536655486344035,14.163871586008625,0.30680728667305845,10123,2215,21.880865356119727,1.3442098697756926,43.452,8.23,0.2215568862275449,0.08896492728828058,-1.67,2412.397,31,6.84,9.252920819511301,4.32557327836173,1,0,0,0,0
31091,19.657324840764332,31.0,157.0,736,193,26.222826086956523,15.896739130434783,0.23201856148491878,741,188,25.371120107962213,-0.8517059789943104,38.75,6.78,0.0,0.0,-1.64,721.16,31,6.84,6.601230118728877,1.0205779577347607,1,0,0,0,0
31093,6.486996336996337,70.0,1092.0,6274,1175,18.728084156837742,13.57985336308575,1.1182649949169774,6428,1350,21.001866832607345,2.2737826757696027,45.453,8.93,0.0,0.0,0.3,569.338,31,6.84,8.744169388750624,11.019815996824383,1,0,0,0,0
31095,-0.1990308903694732,-4.0,1651.0,7547,1661,22.008745196766927,15.35709553464953,0.5359877488514548,7102,1724,24.274852154322726,2.266106957555799,42.665,7.44,0.0,0.2073523337463858,-2.42,570.171,31,6.84,8.928905412284868,13.23637996320402,1,0,0,0,0
31097,-2.9810436634717794,-28.0,939.0,5217,919,17.615487828253787,12.267586735671843,0.5020538566864445,5118,934,18.249316139116843,0.6338283108630556,42.083,7.64,0.3063133281371785,0.0,-2.6,376.073,31,6.84,8.559677803022392,13.872306706410724,1,0,0,0,0
31099,-1.7888146911519198,-22.0,1198.0,6489,1187,18.292494991524116,13.576822314686392,0.45045045045045046,6588,1278,19.398907103825135,1.1064121123010189,54.518,10.11,0.0,0.06854642683519689,-3.34,516.243,31,6.84,8.77786371462117,12.56966196151812,1,0,0,0,0
31101,-1.4129629629629628,-27.0,1782.0,8368,1772,21.175908221797325,15.487571701720842,0.2949852507374631,8048,2161,26.851391650099405,5.67548342830208,42.898,8.82,0.11243543901470004,0.0,1.5,1061.6,31,6.84,9.032170186304704,7.882441597588547,1,0,0,0,0
31103,-12.490756302521008,-30.0,238.0,824,211,25.606796116504853,16.38349514563107,0.36429872495446264,875,209,23.885714285714286,-1.7210818307905669,32.0,5.75,0.0,0.0,-3.69,773.076,31,6.84,6.714170529909472,1.065871919449058,1,0,0,0,0
31105,-2.0807737397420873,-18.0,853.0,3821,844,22.08845851871238,13.97539911018058,0.05094243504839531,3576,914,25.559284116331092,3.4708255976187132,42.01,7.68,0.0,0.0,-0.08,951.846,31,6.84,8.2482674474469,4.014304835025834,1,0,0,0,0
31107,0.8721336760925447,16.0,1945.0,8701,1979,22.744512125043098,14.274221353867372,0.35505430242272346,8400,2091,24.892857142857142,2.1483450178140444,36.798,6.7,0.17791798107255521,0.022712933753943218,-1.32,1108.444,31,6.84,9.071193240566025,7.849742521949688,1,0,0,0,0
31109,5.15191966721222,1515.0,29328.0,285407,31101,10.897069798568362,10.952779714583034,0.32347466390899693,315976,43943,13.9070688913082,3.0099990927398377,50.849,14.54,0.17632589824065423,0.085252002523619,-2.55,837.567,31,6.84,12.56167151070377,340.75721703457754,0,1,0,0,0
31111,2.339063643013899,130.0,5468.0,36288,5648,15.564373897707231,13.37632275132275,0.3075438702285473,35042,6724,19.188402488442442,3.624028590735211,45.181,10.91,0.2176954012939325,0.021682112257387656,0.25,2564.133,31,6.84,10.499242387087424,14.152152013955595,1,0,0,0,0
31113,-8.8496644295302,-13.0,149.0,763,139,18.2175622542595,14.678899082568808,0.25316455696202533,896,172,19.196428571428573,0.9788663171690715,45.192,7.22,0.0,0.0,-1.41,570.661,31,6.84,6.637258031284457,1.3370459870220675,1,0,0,0,0
31115,-17.124691358024695,-28.0,162.0,632,137,21.677215189873415,16.139240506329113,0.7042253521126761,690,158,22.89855072463768,1.2213355347642647,34.219,5.89,0.0,0.0,-1.42,563.521,31,6.84,6.448889394146858,1.121519872373878,1,0,0,0,0
31117,-11.776635514018693,-12.0,107.0,539,97,17.996289424860855,12.987012987012985,0.0,420,139,33.095238095238095,15.09894867037724,50.625,7.44,0.0,0.0,-0.9,858.974,31,6.84,6.289715570908998,0.6274927995492297,1,0,0,0,0
31119,9.996599523500109,463.0,4617.0,34876,5124,14.692051840807432,11.621172152769812,0.26641800985746633,35023,5489,15.672558033292407,0.9805061924849756,44.089,10.05,0.19227558573098114,0.18582002337358786,-0.53,572.622,31,6.84,10.459554192547706,60.905798240374985,0,0,0,0,0
31121,-6.917904509283819,-105.0,1508.0,7845,1416,18.049713193116634,13.677501593371574,0.3785830178474851,7826,1644,21.006900076667517,2.9571868835508823,46.116,7.89,0.0,0.13708690330477355,-2.29,485.852,31,6.84,8.967631665167133,16.14689246931164,1,0,0,0,0
31123,-2.5840681362725446,-25.0,998.0,5042,981,19.456564855216186,13.764379214597383,0.6552006552006553,4711,971,20.61133517299936,1.154770317783175,37.717,7.98,0.206794682422452,0.0,1.63,1423.837,31,6.84,8.525558107747866,3.54113567774963,1,0,0,0,0
31125,7.384274809160305,47.0,655.0,3735,712,19.062918340026773,14.912985274431056,0.6662965019433648,3525,754,21.390070921985817,2.3271525819590444,41.61,6.02,0.25957446808510637,0.0,-0.42,441.634,31,6.84,8.225503097566918,8.457229289411593,1,0,0,0,0
31127,3.9091935483870963,49.0,1240.0,7248,1303,17.97737306843267,13.451986754966889,1.257861635220126,6978,1397,20.020063055316708,2.0426899868840387,42.534,7.82,0.23622047244094488,0.0,-1.88,407.377,31,6.84,8.888480847722816,17.791873375276463,0,0,0,0,0
31129,4.500990099009901,50.0,1111.0,4500,1174,26.08888888888889,14.28888888888889,0.7302231237322515,4204,1133,26.950523311132258,0.8616344222433696,31.761,5.42,0.32724107919930373,0.005221932114882507,-1.85,575.155,31,6.84,8.411832675758411,7.823977884222514,1,0,0,0,0
31131,12.745632183908045,332.0,2610.0,15740,2971,18.875476493011437,12.72554002541296,0.199288256227758,15965,3073,19.248355778264955,0.3728792852535179,47.493,11.4,0.0,0.262051677593521,-2.36,615.664,31,6.84,9.663960521971394,25.56589308453962,0,0,0,0,0
31133,-3.4751014884979696,-26.0,739.0,2773,720,25.964659213847817,14.965741074648395,0.3148614609571789,2640,750,28.40909090909091,2.444431695243093,41.969,5.51,0.22122302158273383,0.0,-2.5,431.075,31,6.84,7.927685045615778,6.432755320999826,1,0,0,0,0
31135,7.102166064981949,39.0,554.0,2970,602,20.26936026936027,14.14141414141414,0.5517241379310345,2889,675,23.364485981308412,3.0951257119481426,47.0,7.71,0.0,0.0,-2.24,883.335,31,6.84,7.996317231796746,3.3622578070607414,1,0,0,0,0
31137,2.935318642048838,50.0,1679.0,9188,1746,19.003047453199827,13.234653896386591,0.9580838323353293,9050,1882,20.795580110497237,1.7925326572974107,45.221,9.02,0.20516717325227962,0.0,-2.21,539.79,31,6.84,9.125653563808989,17.021434261472056,1,0,0,0,0
31139,0.29821289821289837,3.0,1287.0,7266,1304,17.946600605560143,12.111202862647948,0.27932960893854747,7132,1374,19.265283230510374,1.318682624950231,48.318,8.78,0.24644886363636365,0.07741477272727272,-2.58,573.249,31,6.84,8.890961212781146,12.67512023570909,1,0,0,0,0
31141,-1.936236359892938,-96.0,4857.0,32237,4802,14.895927040357353,11.94900269876229,0.18687397219315294,33250,5851,17.596992481203007,2.701065440845653,49.523,10.81,0.10180951767660507,0.33118681177152426,-0.6,674.1,31,6.84,10.380870140181768,47.822281560599315,0,0,0,0,0
31143,-5.388203753351206,-61.0,1119.0,5406,1069,19.77432482426933,15.353311135775064,0.43939948736726475,5208,1155,22.177419354838708,2.40309453056938,48.444,8.64,0.29191090269636577,0.031652989449003514,-3.13,438.346,31,6.84,8.595264726836392,12.332723465025346,1,0,0,0,0
31145,-1.7414634146341461,-37.0,2091.0,11055,2072,18.74265038444143,12.59158751696065,0.4176950825897095,10725,2173,20.26107226107226,1.518421876630832,41.927,7.73,0.1338169084542271,0.0,-1.76,717.006,31,6.84,9.310638093291546,15.418281018568884,1,0,0,0,0
31147,6.039798770262716,108.0,1789.0,8363,1916,22.910438837737654,14.169556379289727,1.0471204188481675,7913,1914,24.188044989258184,1.27760615152053,35.165,6.37,0.23549295774647888,0.10704225352112676,-1.91,551.841,31,6.84,9.031572493381526,15.154727539273088,1,0,0,0,0
31149,-2.056302521008403,-8.0,357.0,1526,355,23.26343381389253,16.972477064220186,3.618421052631579,1430,349,24.405594405594407,1.1421605917018773,39.159,5.73,0.0,0.0,-1.06,1008.293,31,6.84,7.330405211844402,1.5134489677107745,1,0,0,0,0
31151,0.2972181551976574,7.0,2049.0,14200,2075,14.612676056338028,10.985915492957748,0.5900728913571677,14221,2063,14.50671542085648,-0.10596063548154788,45.469,9.51,0.15112745881976652,0.4473052934591396,-3.04,574.061,31,6.84,9.560997243589352,24.736047214494626,0,0,0,0,0
31153,15.651934510986644,1820.0,11605.0,158840,13544,8.526819440946865,9.797280282044825,0.2502502502502503,183956,21583,11.732696949270478,3.2058775083236135,68.28,15.86,0.10552357871352115,0.06066343532262951,-2.03,238.152,31,6.84,11.975652685245187,666.9689945916894,0,1,0,0,0
31155,0.4504719949653874,12.0,3178.0,20780,3220,15.495668912415784,13.070259865255052,0.4554820518381954,21356,3944,18.467877879752763,2.9722089673369787,57.699,13.75,0.183175423485501,0.11972437553832903,-2.6,750.288,31,6.84,9.941746264653219,27.69603139061267,0,0,0,0,0
31157,4.54509337860781,273.0,5890.0,36970,6215,16.810927779280497,12.980795239383284,0.32910775231594347,35884,6831,19.036339315572402,2.2254115362919045,39.004,9.59,0.22576756148529176,0.08109628677061566,1.11,739.416,31,6.84,10.517862051930678,49.99891806506756,0,0,0,0,0
31159,5.881470588235294,140.0,2380.0,16750,2545,15.194029850746269,12.185074626865672,0.3781818181818182,17217,2971,17.25620026717779,2.0621704164315204,55.877,13.64,0.15088757396449703,0.16962524654832348,-3.21,571.43,31,6.84,9.726153537253213,29.312426718933207,0,0,0,0,0
31161,0.8603694374475231,9.0,1191.0,5469,1212,22.161272627537027,15.57871640153593,1.2602179836512262,5215,1349,25.867689357622243,3.706416730085216,33.608,6.33,0.0,0.0,2.0,2440.96,31,6.84,8.606851063346772,2.2405119297325644,1,0,0,0,0
31163,3.1644886363636378,22.0,704.0,3152,736,23.3502538071066,15.57741116751269,0.46367851622874806,3015,829,27.495854063018243,4.145600255911642,38.631,5.32,0.0,0.0,0.26,565.829,31,6.84,8.05579245097777,5.570587580346713,1,0,0,0,0
31165,-14.77323076923077,-47.0,325.0,1311,280,21.35774218154081,15.942028985507244,0.36809815950920244,1298,262,20.184899845916796,-1.172842335624015,42.386,10.93,0.0,0.0,-0.67,2066.699,31,6.84,7.1785454837637,0.6343449142811798,1,0,0,0,0
31167,-11.957084188911706,-117.0,974.0,6129,865,14.113232174906184,12.383749388154675,0.379794910748196,5946,1072,18.028927009754455,3.9156948348482707,47.713,8.78,0.0,0.0,-0.61,427.608,31,6.84,8.720786883485731,14.333221080990066,1,0,0,0,0
31169,1.2902809415337888,17.0,1317.0,5228,1347,25.765110941086455,15.091813312930375,0.5492493592090809,5000,1287,25.740000000000002,-0.025110941086452954,39.159,6.19,0.0,0.0,-3.12,573.807,31,6.84,8.561784074744113,9.111077418016858,1,0,0,0,0
31171,-19.929696969696966,-32.0,165.0,647,135,20.86553323029366,17.619783616692427,1.2437810945273633,586,149,25.426621160409557,4.561087930115896,48.25,7.11,0.0,0.0,-1.61,712.9,31,6.84,6.472346294500901,0.907560667695329,1,0,0,0,0
31173,-9.500883002207505,-86.0,906.0,6940,825,11.887608069164266,9.596541786743517,0.12458471760797342,7218,874,12.108617345525076,0.22100927636081025,39.048,6.71,0.25642965204236007,0.0,-1.96,393.584,31,6.84,8.84505705350085,17.632830602870037,0,0,0,0,0
31175,-2.6919921875000004,-28.0,1024.0,4260,1006,23.615023474178404,14.507042253521126,1.451825780906291,4100,1064,25.951219512195124,2.3361960380167197,38.588,7.29,0.28290468986384265,0.0,-0.06,568.112,31,6.84,8.357024439263416,7.498521418311882,1,0,0,0,0
31177,6.920494296577948,183.0,2630.0,20234,2841,14.040723534644659,13.645349411880991,0.34935549933742926,20546,3704,18.027839968850383,3.987116434205724,61.94,16.72,0.11663667593652871,0.1377392442336005,-2.35,389.957,31,6.84,9.915119636765835,51.88777224155484,0,0,0,0,0
31179,-9.663409563409564,-140.0,1443.0,9595,1315,13.705054715997916,10.109431995831162,0.1853813559322034,9388,1474,15.70089475926715,1.9958400432692347,45.0,10.24,0.0,0.0,-4.02,442.916,31,6.84,9.1689974084418,21.663249916462714,0,0,0,0,0
31181,3.9517482517482523,33.0,858.0,3812,902,23.66211962224554,12.985309548793284,0.2615062761506276,3497,798,22.8195596225336,-0.8425599997119413,38.015,5.87,0.2722689075630252,0.0,-1.88,574.913,31,6.84,8.245909264774093,6.630568451226534,1,0,0,0,0
31183,-4.8175,-8.0,160.0,818,155,18.94865525672372,16.014669926650367,0.6944444444444444,689,219,31.78519593613933,12.836540679415613,37.222,6.61,0.0,0.0,-2.04,575.183,31,6.84,6.706862336602747,1.422156079021807,1,0,0,0,0
31185,-2.8524822695035463,-73.0,2538.0,13665,2489,18.214416392242956,13.340651298938894,0.5296100144439095,13671,2753,20.137517372540415,1.923100980297459,47.689,9.23,0.18768277997591604,0.12214003096507828,-4.05,572.51,31,6.84,9.522593098362169,23.868578714782274,0,0,0,0,0
32001,17.416264493889063,556.0,3191.0,24877,3781,15.198777987699483,12.983880693009608,0.31405874745981893,24606,4738,19.255466146468343,4.056688158768861,51.597,18.83,0.17151549724282183,0.05780566647651645,5.42,4930.574,32,0.0,10.121698960804775,5.045457182064401,1,0,0,1,0
32003,19.183282628453874,35349.0,183743.0,1951269,220445,11.297519716656186,11.031897703494495,0.27096078625037634,2228866,330177,14.813676551214833,3.5161568345586467,56.258,25.73,0.09092523870163799,0.025837710213205516,4.86,7891.651,32,0.0,14.483990488112225,247.25738631878173,0,1,0,1,0
32005,15.293030674846625,1253.0,8150.0,46997,9479,20.169372513139137,17.020235334170266,0.329517130666216,48486,13830,28.5236975621829,8.354325049043762,60.721,37.58,0.07842401500938086,0.09637273295809881,7.61,709.722,32,0.0,10.757839048867755,66.21888570454347,0,0,0,1,0
32007,-5.977538883806038,-260.0,4372.0,48818,4143,8.486623786308328,11.446597566471384,0.2913216804661147,52537,6132,11.671774178198223,3.185150391889895,67.038,17.82,0.07556848228450555,0.008408249603384453,2.05,17169.202,32,0.0,10.79585437629091,2.843347058296594,1,0,0,1,0
32009,-14.559656652360516,-34.0,233.0,783,202,25.798212005108557,20.178799489144318,0.7058823529411765,1030,262,25.436893203883493,-0.3613188012250639,39.712,7.73,0.0,0.0,4.12,3581.889,32,0.0,6.663132695990803,0.218599738852879,1,0,0,1,0
32011,-8.101811594202898,-22.0,276.0,1987,257,12.934071464519375,15.148465022647207,0.2788104089219331,1839,339,18.43393148450245,5.499860019983073,61.4,8.74,0.0,0.0,1.92,4175.679,32,0.0,7.594381242551817,0.47585075385344516,1,0,0,1,0
32013,0.42978468899521527,9.0,1672.0,16528,1692,10.237173281703775,12.778315585672798,0.7019514249613927,16834,2651,15.747891172626826,5.5107178909230505,55.656,13.81,0.09393791646351374,0.0451812124167073,3.87,9640.791,32,0.0,9.71281119135942,1.7143821497634375,1,0,0,1,0
32015,-1.9035087719298251,-12.0,684.0,5775,681,11.792207792207792,12.813852813852813,0.1941747572815534,5565,747,13.423180592991915,1.6309728007841233,66.525,10.34,0.0,0.0,3.67,5490.119,32,0.0,8.661293535389994,1.05188976778099,1,0,0,1,0
32017,16.449574726609963,135.0,823.0,5345,968,18.110383536014968,13.545369504209543,0.6227106227106227,5177,1154,22.29090206683407,4.1805185308191035,44.695,15.19,0.0,0.0,3.86,10633.386,32,0.0,8.583916823459145,0.5026620871282205,1,0,0,1,0
32019,55.27715484363082,2902.0,5244.0,51980,8215,15.804155444401694,14.205463639861485,0.45682352419390604,55667,11778,21.15795713798121,5.353801693579516,48.433,18.5,0.07164351851851852,0.20543981481481483,5.7,2001.234,32,0.0,10.858614308195481,25.97397405800621,0,0,0,1,0
32021,6.810010010010008,67.0,999.0,4772,1076,22.548197820620285,17.2883487007544,0.1413427561837456,4487,1348,30.042344550924895,7.49414673030461,35.446,11.42,0.0,0.0,5.71,3752.842,32,0.0,8.470520783217808,1.2715696530789198,1,0,0,1,0
32023,57.080627306273065,3716.0,6504.0,43946,10301,23.440131069949484,16.30182496700496,0.9664429530201342,45514,13634,29.955618051588523,6.5154869816390395,41.181,16.17,0.12758374910905204,0.024376336421952957,4.97,18181.914,32,0.0,10.690716886457212,2.4170172623190274,1,0,0,1,0
32027,10.708706786171575,83.0,781.0,6753,875,12.957204205538279,12.157559603139346,0.3246753246753247,6591,1058,16.05219238355333,3.0949881780150506,56.491,13.45,0.0,0.0,4.23,6036.589,32,0.0,8.817742129574842,1.1186781144119635,1,0,0,1,0
32029,-9.050062111801243,-73.0,805.0,4010,738,18.403990024937656,21.546134663341647,0.35175879396984927,4086,1292,31.620166421928538,13.216176396990882,61.525,23.92,0.0,0.0,5.11,263.971,32,0.0,8.296546520300614,15.191062654609787,1,0,0,1,0
32031,15.526186444556311,6800.0,43702.0,421407,50879,12.073601055511656,12.65261374395774,0.24778052488354857,464182,75922,16.356084466868598,4.282483411356942,55.658,29.57,0.13177877465146368,0.07814105897004946,6.77,6301.418,32,0.0,12.951354391509941,66.8749478292029,0,0,0,1,0
32033,6.25929648241206,86.0,1393.0,10030,1494,14.89531405782652,13.988035892323031,1.511783014673188,9570,1737,18.150470219435736,3.255156161609216,48.545,11.75,0.13766959297685555,0.0,3.04,8874.599,32,0.0,9.21333588095598,1.1301919106429485,1,0,0,1,0
32510,16.930131680867543,1314.0,7746.0,55274,9133,16.523139269819445,13.758729239787243,0.10622928528936856,55244,11221,20.311708058793716,3.7885687889742705,52.067,27.05,0.16741695493531725,0.14268113538359475,7.29,144.662,32,0.0,10.92005791420062,382.0906665191965,0,1,0,1,0
33001,7.116738335841754,667.0,9302.0,60088,10057,16.737118892291306,15.880042604180536,0.2434066227999786,61174,13485,22.0436786870239,5.306559794732593,54.929,23.23,0.19073229291716687,0.11294117647058824,0.8,401.844,33,5.0,11.003565433365848,149.53066364061675,0,1,0,0,0
33003,11.043330298201685,968.0,8786.0,47818,9838,20.573842486093103,17.388849387260027,0.21098636123879133,48461,13709,28.288727017601783,7.71488453150868,49.897,24.08,0.16248069111505234,0.04679901596201156,0.93,931.862,33,5.0,10.77515741663288,51.314465017352354,0,0,0,0,0
33005,1.2515765765765765,142.0,11100.0,77117,11342,14.707522336190465,14.086388215309206,0.27607626606850144,76040,15167,19.94608100999474,5.238558673804274,53.828,20.18,0.14472938509492775,0.18790733918957211,0.26,706.709,33,5.0,11.253079028112849,109.12129320554854,0,0,0,0,0
33007,5.98057830519806,360.0,5983.0,33055,6399,19.35864468310392,15.994554530328243,0.3517658646404953,31486,7459,23.689893921107792,4.331249238003874,41.534,13.14,0.24353978671041837,0.10377358490566038,-0.09,1794.567,33,5.0,10.405928119767678,18.41948503455151,0,0,0,0,0
33009,11.094749229021263,1372.0,12322.0,89118,13811,15.497430373213044,14.292286631208063,0.24061032863849766,90331,18592,20.582081455978567,5.084651082765523,53.075,21.06,0.20862672741650035,0.10078322099634748,0.32,1708.599,33,5.0,11.397716613257588,52.158522859957195,0,0,0,0,0
33011,-1.6704403696518348,-811.0,47937.0,400721,47527,11.860371680046716,12.356477449397461,0.19812951286637398,415305,65205,15.700509264275652,3.840137584228936,69.321,26.99,0.15502639838172566,0.14749849272847138,0.07,876.542,33,5.0,12.90102070353647,457.16120847603423,0,1,0,0,0
33013,7.117891097666378,1321.0,18512.0,146445,20008,13.662467137833318,13.768991771654887,0.2533797075903747,150902,27616,18.300618944745597,4.63815180691228,63.012,24.36,0.2046410615958138,0.09324874311706967,0.02,932.877,33,5.0,11.894405210327882,156.98211018172813,0,1,0,0,0
33015,3.1566531361209966,1129.0,35968.0,295223,37424,12.676519105896219,13.876967580439192,0.23518455674024735,308211,55003,17.845891288759972,5.1693721828637536,75.825,30.68,0.11705709692641143,0.11185047147553046,0.34,695.386,33,5.0,12.595486281952505,424.54550422355356,0,1,0,0,1
33017,4.466992946595653,621.0,13894.0,123143,14645,11.892677618703457,11.528060872319173,0.15861655415207845,130161,19648,15.095151389433086,3.202473770729629,57.809,22.91,0.17919560833520054,0.13362648442751512,-0.1,367.554,33,5.0,11.721101560682651,335.0337637462795,0,1,0,0,0
33019,1.9585862904375095,135.0,7017.0,43742,7217,16.499016963101823,15.21649673083078,0.24170807036390493,43173,9258,21.443958029323884,4.944941066222061,50.689,18.18,0.13556321624895182,0.26814497344638033,-0.17,537.544,33,5.0,10.686064017922497,81.37380381885018,0,0,0,0,0
34001,8.084854167832951,2911.0,35726.0,274549,38902,14.169419666434772,12.42073363953247,0.2889922382685733,264650,47906,18.101643680332515,3.932224013897743,54.766,26.44,0.1524402596601869,0.013212017651255582,-0.04,555.513,34,8.97,12.522885030376584,494.226057716021,0,1,0,0,1
34003,-12.843741367844903,-20203.0,156392.0,905116,137103,15.147561196575909,12.65318478515461,0.2554002973994574,931275,161217,17.311427881130708,2.163866684554799,81.708,48.23,0.16122588046121264,0.08209957643736764,1.2,232.785,34,8.97,13.7158183912637,3888.2058551882637,0,1,0,0,1
34005,2.3465872910586367,1436.0,60304.0,448734,62190,13.858989958416345,12.399105037728365,0.19189704751871994,446301,75921,17.011165110541988,3.1521751521256434,76.258,27.02,0.14039088323025717,0.09699524352462886,-1.3,799.326,34,8.97,13.014185563552886,561.3904714722154,0,1,0,0,0
34007,-4.795088368569056,-3336.0,68633.0,513657,65725,12.795503614279568,11.920211347260915,0.16931537061524424,506721,79391,15.667596172252582,2.872092557973014,60.976,22.37,0.22258748421829963,0.07413230424736178,-1.15,221.351,34,8.97,13.14931100650833,2320.5542328699667,0,1,0,0,1
34009,-0.2938182863714783,-68.0,20868.0,97265,20977,21.566853441628542,15.714799773813809,0.18411335686458005,92701,24658,26.59949730855115,5.032643866922609,54.292,33.73,0.18353499018966646,0.01851700457815566,0.07,251.508,34,8.97,11.485194491231917,386.7272611606788,0,1,0,0,1
34011,-1.2188605305466238,-241.0,19904.0,156898,19795,12.616476946806204,11.109128223431783,0.2579073682702296,150085,22839,15.217376819802112,2.6008998729959085,50.651,17.55,0.18552076393515435,0.17614923384410394,0.38,483.361,34,8.97,11.963351191667286,324.59797128854007,0,1,0,0,1
34013,-19.944916573971078,-22462.0,112375.0,783969,90287,11.516654357506482,10.910890609195006,0.19811218262108807,798698,109354,13.691532969908526,2.1748786124020434,55.125,39.57,0.1909812703583062,0.06312771444082518,-0.02,126.085,34,8.97,13.572124757734459,6217.781655232581,0,1,0,0,1
34015,10.774556435209815,3459.0,31957.0,288288,35699,12.383103008103008,12.001193251193252,0.23862435790010564,291745,46273,15.860768822087781,3.477665813984773,72.664,23.69,0.14836752899197145,0.09374962830805827,-0.61,321.972,34,8.97,12.571715259451166,895.3822071484477,0,1,0,0,1
34017,-22.087308083556103,-18722.0,84542.0,634266,66066,10.416134555533482,9.803457855221625,0.17311853811012262,671923,80389,11.964019686779586,1.5478851312461046,55.275,38.39,0.12390191323093505,0.03884275250483819,0.49,46.19,34,8.97,13.360223703788986,13731.673522407447,0,1,0,0,1
34019,-5.725552711193858,-982.0,17188.0,128349,16344,12.734029871678004,14.404475297820785,0.2727989168872633,125063,23314,18.64180453051662,5.9077746588386155,100.98,44.67,0.17275807955605085,0.07964702403966431,0.83,427.826,34,8.97,11.762508395072986,300.00280487861886,0,1,0,0,0
34021,-7.7685986955303905,-3926.0,49982.0,366513,46347,12.645390477281843,11.686897872653903,0.23538615203011823,368085,56354,15.3100506676447,2.6646601903628575,71.217,30.93,0.15856266851727552,0.038436159683272846,-0.8,224.434,34,8.97,12.81178927034826,1633.0547065061444,0,1,0,0,0
34023,-7.842645345857446,-8483.0,107313.0,809858,99462,12.28141229697058,11.241106465577916,0.20386702849389415,825015,124295,15.065786682666376,2.7843743856957968,77.615,35.6,0.12205864758306181,0.07904819407848059,-0.57,309.218,34,8.97,13.60461420263829,2619.0519310001355,0,1,0,0,1
34025,-1.0787010747744121,-955.0,86995.0,630380,86691,13.752181224023605,12.958532948380341,0.2859796447505902,620821,109761,17.679975387430517,3.9277941634069116,82.265,42.48,0.1791376001181117,0.04031022773410106,0.64,468.174,34,8.97,13.354078091134205,1346.4652031082462,0,1,0,0,1
34027,-4.1534024590628364,-2960.0,70596.0,492276,68155,13.844875638869253,12.64270449910213,0.1970059312480905,492715,84176,17.08411556376404,3.239239924894788,96.747,47.47,0.11941655093181702,0.052636936746966054,1.3,460.564,34,8.97,13.106794813796204,1068.854708574704,0,1,0,0,0
34029,21.29475167419169,21104.0,99003.0,576567,121104,21.004323868691756,12.304901251719228,0.3024614100959533,602018,136010,22.592347737110853,1.5880238684190964,59.62,29.41,0.25726714966910846,0.038734008250174895,0.66,628.362,34,8.97,13.264846830498675,917.5713999255207,0,1,0,0,1
34031,-12.402403642678886,-8545.0,68521.0,501226,60324,12.035289470219022,11.088610726498626,0.17901185456281327,502763,73469,14.613048295121162,2.5777588249021406,54.944,38.26,0.16950687011205282,0.13356500665074203,1.3,186.011,34,8.97,13.124812376157365,2694.6040825542577,0,1,0,0,0
34033,4.050708395009516,384.0,9458.0,66083,9917,15.006885280631932,13.470938062739283,0.583579530947952,62754,11647,18.559773082193963,3.552887801562031,59.441,19.66,0.17628962258968303,0.15041476679668186,-0.2,331.845,34,8.97,11.098666806680072,199.1381518480013,0,1,0,0,1
34035,-3.74127849235763,-1559.0,41283.0,323444,40002,12.36751957062119,11.981981424914359,0.2200979476475509,330151,52092,15.778234807709199,3.4107152370880094,97.44,43.12,0.11588643372504094,0.06050927774209786,-1.44,301.861,34,8.97,12.686781271292348,1071.4997962638433,0,1,0,0,0
34037,-0.4794626798561146,-92.0,17792.0,149265,17850,11.958597125916993,13.968445382373632,0.29489018160723207,140996,24483,17.3643223921246,5.405725266207606,83.089,32.24,0.20651338542333803,0.06151530677597028,1.3,518.72,34,8.97,11.913478528717372,287.7564003701419,0,1,0,0,0
34039,-17.283140597216264,-14140.0,81545.0,536499,67761,12.630219254835517,11.27588308645496,0.2245737860232895,555208,80255,14.454943012348526,1.8247237575130093,66.791,39.72,0.146051024394586,0.1164095995885608,0.14,102.765,34,8.97,13.192819977118255,5220.639322726609,0,1,0,0,1
34041,5.569385054669546,803.0,14359.0,108692,15292,14.069112722187466,12.722187465498841,0.2582081246521981,105730,19134,18.097039629244303,4.0279269070568375,71.364,30.73,0.20994041460020693,0.12623541584900275,0.95,356.536,34,8.97,11.596273473344787,304.85561065362265,0,1,0,0,0
35001,7.509229742357496,5677.0,74910.0,662564,81014,12.227347094016578,11.950694574410925,0.1632457763673593,679037,110885,16.32974344549708,4.102396351480502,47.481,18.88,0.17831569243938172,0.05312844655879109,3.77,1161.256,35,4.9,13.403872435950255,570.5580853834124,0,1,0,1,0
35003,1.3942100098135417,13.0,1019.0,3725,1041,27.946308724832214,23.543624161073826,0.12161751292186075,3547,1474,41.55624471384268,13.609935989010467,31.914,12.94,0.283987915407855,0.0,6.24,6924.185,35,4.9,8.22282213081366,0.5379694505562749,1,0,0,1,0
35005,-2.0935374510011657,-201.0,9439.0,65645,9293,14.156447558839211,11.341305506893137,0.20226991796831106,64912,10234,15.765960069016515,1.6095125101773036,37.524,8.62,0.23250402720601396,0.0753534991945588,3.87,6067.158,35,4.9,11.09201671536821,10.819728116525068,1,0,0,1,0
35006,-0.7708987161198289,-27.0,3505.0,27213,3486,12.810054018300077,11.847278874067541,0.4053688856859743,26763,4499,16.810521989313603,4.000467971013526,37.361,7.48,0.22946859903381642,0.00759144237405107,3.04,4539.984,35,4.9,10.211450079283054,5.994073987925948,1,0,0,1,0
35007,-3.7407017543859657,-108.0,2850.0,13750,2758,20.05818181818182,16.356363636363636,0.35917390002993116,12106,3351,27.680489013712204,7.622307195530386,39.216,10.31,0.1554431727442108,0.038594623369709875,3.7,3757.975,35,4.9,9.528794103094718,3.658885436970709,1,0,0,1,0
35009,-0.9440151651922729,-52.0,5539.0,48376,5526,11.42301967917976,9.57706300644948,0.284119230385804,49502,6139,12.40151913054018,0.9784994513604204,38.09,9.85,0.20300164152270772,0.043695771124833895,0.94,1405.45,35,4.9,10.786759101953049,34.420292433028564,0,0,0,1,0
35011,-20.603799654576857,-120.0,579.0,2022,463,22.898120672601387,16.172106824925816,0.3720238095238095,1995,290,14.536340852130325,-8.361779820471062,30.643,7.11,0.2290909090909091,0.0,3.43,2323.107,35,4.9,7.611842399580417,0.8703860820874803,1,0,0,1,0
35013,16.035347391186807,3567.0,22194.0,209233,25881,12.369463707923703,10.738267864055862,0.18652137633141905,217696,34203,15.71135895928267,3.3418952513589666,36.657,13.72,0.24496677774008818,0.04850649480216294,4.77,3808.176,35,4.9,12.251203742518513,54.94310136926445,0,0,0,1,0
35015,-4.943476607074933,-393.0,7887.0,53829,7541,14.009177209310966,12.470972895651043,0.4073500110692938,57865,8355,14.438779918776461,0.4296027094654953,46.583,9.07,0.16392118863049096,0.06944444444444445,4.97,4176.428,35,4.9,10.893567634380776,12.888765231915887,1,0,0,1,0
35017,7.429526748971194,431.0,5832.0,29514,6299,21.342413769736396,16.317679745205666,0.35391002518205944,27391,7453,27.209667409002957,5.867253639266561,36.591,12.5,0.24460874922982132,0.018176216882316697,6.45,3961.188,35,4.9,10.292620006023395,7.45079506451095,1,0,0,1,0
35019,-1.9940540540540546,-15.0,740.0,4687,728,15.532323447834436,12.118625986771923,0.12536564981195153,4336,898,20.710332103321033,5.178008655486597,28.488,7.45,0.06791338582677166,0.0,2.66,3029.772,35,4.9,8.452547997922705,1.5469810929667316,1,0,0,1,0
35021,-17.580737704918032,-43.0,244.0,695,203,29.208633093525183,22.73381294964029,0.5703422053231939,432,126,29.166666666666668,-0.04196642685851515,33.75,7.03,0.0,0.0,1.28,2125.478,35,4.9,6.543911845564792,0.326985271077847,1,0,0,1,0
35023,-15.493958333333333,-150.0,960.0,4894,815,16.65304454434001,13.322435635472008,0.25073129962390306,4234,926,21.870571563533304,5.2175270191932945,36.733,9.08,0.14906832298136646,0.0,3.37,3438.487,35,4.9,8.495765244002618,1.4233004225404953,1,0,0,1,0
35025,-7.1577400828102045,-539.0,7487.0,64727,6991,10.800747755959646,9.94793517388416,0.18459809783699185,70359,7792,11.074631532568684,0.27388377660903807,43.91,8.75,0.12506895341256707,0.0,1.79,4391.468,35,4.9,11.07793370410372,14.739262588273444,1,0,0,1,0
35027,-7.875695732838593,-382.0,4851.0,20497,4505,21.97882616968337,18.529540908425624,0.2511558878931446,19640,5615,28.58961303462322,6.6107868649398505,43.75,16.66,0.10506424792139078,0.015306122448979591,4.26,4831.115,35,4.9,9.928033812954128,4.242705876386714,1,0,0,1,0
35028,-25.02681281618887,-890.0,3558.0,17950,2686,14.963788300835654,15.437325905292479,0.16758439071103662,18976,3347,17.638069139966273,2.6742808391306188,103.643,29.71,0.0,0.0,3.04,109.2,35,4.9,9.795345393916424,164.37728937728937,0,1,0,1,0
35029,-0.9541911913943567,-49.0,4927.0,25095,4907,19.553695955369594,12.365012950787008,0.3727611601054641,24022,4935,20.543668304054616,0.989972348685022,27.997,9.17,0.1919497944167929,0.13308807617398832,2.87,2965.243,35,4.9,10.130423902089033,8.463050077177487,1,0,0,1,0
35031,-5.49764803541782,-401.0,7228.0,71492,6813,9.529737593017401,9.999720248419404,0.1123464920776353,71956,8881,12.342264717327255,2.812527124309854,31.335,6.93,0.2858551010349926,0.0,3.39,5450.679,35,4.9,11.17734083431027,13.116164059560285,1,0,0,1,0
35033,-10.541666666666666,-108.0,1020.0,4881,915,18.74615857406269,17.3120262241344,0.06188118811881188,4500,1393,30.955555555555552,12.209396981492862,37.784,10.75,0.41042345276872966,0.0,5.22,1926.249,35,4.9,8.493105395887147,2.5339403161273544,1,0,0,1,0
35035,6.900270239837856,611.0,8881.0,63797,9552,14.972490869476621,11.792090537172594,0.2903975219411461,66804,11481,17.186096640919704,2.213605771443083,39.615,10.45,0.19099099099099098,0.023914823914823916,4.0,6612.562,35,4.9,11.06346144628374,9.6478490485231,1,0,0,1,0
35037,-12.427633443552198,-264.0,2117.0,9041,1865,20.62824908749032,15.684105740515431,0.12569581612497754,8265,2043,24.71869328493648,4.0904441974461605,28.773,6.52,0.0,0.028694404591104734,1.66,2873.888,35,4.9,9.109525066737367,3.145912436392789,1,0,0,1,0
35039,-3.911647678966162,-232.0,5881.0,40246,5659,14.061024698106644,13.501962927992844,0.229147571035747,38962,7532,19.331656485806683,5.270631787700038,41.437,13.63,0.23210777434746,0.013050799887735054,5.23,5860.872,35,4.9,10.602765899026313,6.866896257075738,1,0,0,1,0
35041,4.237661182747888,95.0,2249.0,19846,2363,11.906681447143,9.765191978232389,0.31851035158642654,18723,2680,14.313945414730544,2.407263967587543,37.762,9.48,0.16082015810276679,0.10844861660079051,1.44,2446.051,35,4.9,9.895757754474186,8.1134857776882,1,0,0,1,0
35043,36.14098162684378,4196.0,11593.0,131561,15880,12.070446408890174,13.037298287486413,0.32512861705586477,144954,25805,17.802199318404462,5.731752909514288,57.158,18.44,0.08206599713055954,0.1250256200040992,3.66,3710.111,35,4.9,11.787225901368663,35.46012504747163,0,0,0,1,0
35045,6.8521759012270405,908.0,13121.0,130044,14083,10.829411583771646,11.010119651810156,0.30198009768752154,125608,18599,14.807177886758804,3.977766302987158,46.189,14.94,0.17236467236467237,0.03176110583517991,2.83,5517.203,35,4.9,11.775628133710995,23.570638963257288,0,0,0,1,0
35047,1.3480546075085318,60.0,4395.0,29393,4469,15.204300343619229,14.500051032558773,0.19878166078871434,27546,5925,21.509475059899806,6.305174716280577,32.213,11.22,0.0,0.0,3.73,4721.515,35,4.9,10.288511829739507,6.225332335066181,1,0,0,1,0
35049,7.719934396898763,1552.0,20121.0,144170,21804,15.12381216619269,16.82388846500659,0.2623935341743023,150319,36492,24.276372248351837,9.152560082159146,52.696,29.17,0.18815338911944124,0.01476290904143139,3.02,1910.097,35,4.9,11.87874843780595,75.47784222476659,0,0,0,1,0
35051,2.162104673943464,76.0,3573.0,11988,3674,30.64731398064731,18.535201868535204,0.2752513164193394,10988,4001,36.412449945394975,5.765135964747664,25.583,9.28,0.33172496984318456,0.0,6.72,4181.196,35,4.9,9.391661428436555,2.8671222300987567,1,0,0,1,0
35053,-1.9776438569206842,-52.0,2572.0,17866,2533,14.17776782715773,12.94078137243927,0.6452413450800347,16723,3236,19.35059498893739,5.1728271617796615,33.284,10.84,0.0,0.028469750889679714,3.13,6646.387,35,4.9,9.790654744261785,2.688076995817427,1,0,0,1,0
35055,7.692943664679869,400.0,5201.0,32937,5627,17.084130309378512,17.676169657224396,0.23686158401184307,32759,8643,26.383589242650874,9.299458933272362,35.441,21.24,0.17856338662463409,0.013060121594235533,4.16,2202.373,35,4.9,10.402351924902842,14.95523237889313,1,0,0,1,0
35057,2.3362145390070914,51.0,2256.0,16383,2326,14.197643899163767,15.607642067997315,0.7950756604257502,15477,3193,20.6306131679266,6.432969268762834,37.117,9.23,0.13633834168057873,0.0,4.02,3345.218,35,4.9,9.703999490820264,4.897438672158287,1,0,0,1,0
35059,5.151827676240208,38.0,766.0,4549,813,17.872059793361178,11.914706528907452,0.6073752711496746,4106,865,21.06673161227472,3.194671818913541,39.975,9.19,0.21990049751243781,0.0,0.99,3825.063,35,4.9,8.422662707570003,1.1892614579158565,1,0,0,1,0
35061,14.492900177200237,1228.0,8465.0,76569,9742,12.723164727239483,12.75320299337852,0.2991524015290012,76518,13609,17.78535769361457,5.062192966375088,42.044,12.99,0.25818215821956236,0.06798204600710679,3.04,1066.744,35,4.9,11.24594757407674,71.7782335780656,0,0,0,1,0
36001,-2.9476578929124395,-1286.0,43273.0,304204,42314,13.909744776531538,12.787471565133924,0.20909110709385142,306165,51871,16.942171704799698,3.03242692826816,56.09,20.25,0.1932762100975938,0.044188137500669876,0.3,522.829,36,8.97,12.625453807964798,581.842246700164,0,1,0,0,0
36003,-1.3413770053475935,-99.0,7480.0,48946,7443,15.206554161729253,12.826380092346668,0.3366488140780413,46304,8726,18.84502418797512,3.6384700262458676,41.305,6.61,0.1581077863322486,0.22708151440590524,-0.9,1029.36,36,8.97,10.798472928582948,47.54993393953525,0,0,0,0,0
36005,-11.890222985599982,-19738.0,165347.0,1385108,145882,10.532175108367001,9.636721468650821,0.08986200321940395,1427056,184157,12.904679283784237,2.3725041754172356,34.264,38.62,0.4083190883190883,0.029265833881218496,1.04,42.05,36,8.97,14.141288672902773,32939.54815695601,0,1,0,0,1
36007,-1.3263668029683477,-438.0,33015.0,200600,32844,16.372881355932204,12.562811565304088,0.24955003699082406,192042,36681,19.10050926359859,2.7276279076663847,44.457,9.95,0.20724679739645951,0.12256263560106684,-0.84,705.816,36,8.97,12.209068154509973,284.2100490779466,0,1,0,0,0
36009,-5.6341069240196076,-739.0,13056.0,80317,12419,15.46247992330391,13.711916530746915,0.3818929240349298,76750,14746,19.21302931596091,3.7505493926569997,42.466,7.7,0.1461646785950961,0.20178926441351888,-0.32,1308.352,36,8.97,11.293736583630396,61.387913955877316,0,0,0,0,0
36011,-2.2671256038647347,-286.0,12420.0,80026,12235,15.288781146127508,13.291930122710118,0.3590123050782428,76958,14584,18.950596429221132,3.661815283093624,48.415,9.84,0.21619897959183673,0.16709183673469388,-1.44,691.583,36,8.97,11.290106860854959,115.7142382042358,0,1,0,0,1
36013,-0.771795101019131,-175.0,22372.0,134905,22381,16.590193098847337,13.32196731032949,0.4019725044829647,127584,25647,20.102050413844996,3.511857314997659,40.639,7.96,0.2046247193158473,0.22578949882948737,-0.26,1060.224,36,8.97,11.812326106001192,127.24197905348305,0,1,0,0,1
36015,-0.7379646906846562,-105.0,13934.0,88830,13943,15.696273781380166,13.197118090735113,0.39354687377831066,84115,15870,18.867027284075373,3.1707535026952076,44.502,8.59,0.2140361630401471,0.17511492491572173,-1.13,407.352,36,8.97,11.394479709763747,218.0669298297296,0,1,0,0,0
36017,1.0614218124469248,87.0,8243.0,50477,8403,16.647185847019436,13.99053034055114,0.3237555645487657,47527,9762,20.539903633723988,3.8927177867045515,43.943,8.82,0.14992081647017422,0.22250571881048742,-1.41,893.593,36,8.97,10.829273065972073,56.48768510944021,0,0,0,0,0
36019,-0.6821373068836274,-81.0,10939.0,82128,10952,13.335281511786478,12.178550555230858,0.28979045920642,80320,13542,16.860059760956176,3.5247782491696977,47.489,11.78,0.1999380637169512,0.12422095768977665,-0.34,1037.754,36,8.97,11.316034284800084,79.14014303967993,0,0,0,0,0
36021,-0.20906697094707288,-25.0,11393.0,63096,11463,18.167554203119057,15.584189172055282,0.3112128146453089,60016,14357,23.921954145561184,5.754399942442127,55.546,22.19,0.26212061489948757,0.09992116673236105,-0.33,634.663,36,8.97,11.052412655077827,99.41654074682154,0,0,0,0,0
36023,-0.9210958056028479,-60.0,6461.0,49336,6458,13.089832982000974,12.062185827793092,0.2575691305826894,47618,7755,16.285858288882356,3.1960253068813813,45.338,9.51,0.22652663791904298,0.16288774516622617,-1.55,498.773,36,8.97,10.80640931667133,98.9147367640189,0,0,0,0,0
36025,-3.6778310240650067,-354.0,9599.0,47980,9321,19.426844518549398,15.448103376406836,0.3747357632438665,44676,10947,24.503088906795593,5.076244388246195,42.967,12.67,0.1768617021276596,0.33927304964539007,0.35,1442.42,36,8.97,10.778539536393685,33.26354321210188,0,0,0,0,0
36027,0.5607954545454549,224.0,39776.0,297488,40304,13.548109503576613,12.478486527187652,0.2646706788718623,293524,51644,17.59447268366471,4.046363180088095,69.838,32.33,0.19053200427345995,0.0,-0.07,795.647,36,8.97,12.603129167019844,373.8944531934388,0,1,0,0,1
36029,-5.807035793374908,-8911.0,152179.0,919040,144364,15.708130222841227,12.683669916434539,0.3038283322300904,918873,165159,17.974083469641617,2.2659532468003896,47.372,11.77,0.18468638493399564,0.1055189004474104,-0.7,1042.724,36,8.97,13.731084925961888,881.3837602280182,0,1,0,0,1
36031,8.626688152240638,563.0,6516.0,39370,7143,18.143256286512575,14.673609347218694,0.30465179861734953,37281,8749,23.467718140607815,5.32446185409524,45.216,14.81,0.1956544125218824,0.0,-0.26,1794.118,36,8.97,10.580759383937783,21.9439301093908,0,0,0,0,0
36033,-4.228862073803844,-302.0,7127.0,51599,6880,13.33359173627396,12.323882245779958,0.3319370900181775,50389,8610,17.08706265256306,3.7534709162891,42.05,8.88,0.29403149029659464,0.04393994873672647,-0.63,1629.214,36,8.97,10.851257571436902,31.671100297444045,0,0,0,0,0
36035,-2.774129572498899,-252.0,9076.0,55531,8901,16.028884767067044,13.52937998595379,0.49716406414116665,53452,10432,19.516575619247174,3.4876908521801298,43.24,9.52,0.23427051125332565,0.1423743438556123,-0.24,495.46,36,8.97,10.924696702357316,112.0796835264199,0,0,0,0,0
36037,4.501751628115878,406.0,8906.0,60079,9390,15.629421262005028,12.748214850446912,0.3438977685724335,57554,10791,18.749348437988672,3.119927175983644,49.75,10.14,0.17636662806996162,0.16557986470839173,-2.94,492.937,36,8.97,11.00341564182546,121.87967225020641,0,1,0,0,0
36039,3.3276798825256972,271.0,8172.0,49221,8514,17.297494971658438,14.583206355011072,0.31838411502909963,47335,10507,22.19710573571353,4.899610764055094,46.235,18.05,0.10053152492668621,0.0813782991202346,0.31,647.161,36,8.97,10.804075640682992,76.05680812039046,0,0,0,0,0
36041,-11.172619047619047,-140.0,1260.0,4836,1130,23.366418527708852,19.602977667493796,0.14952841039797563,4454,1373,30.82622361921868,7.459805091509828,49.557,17.23,0.0,0.029205607476635514,0.24,1717.376,36,8.97,8.483843211734683,2.815923827979429,1,0,0,0,0
36043,-1.1396252411132544,-122.0,10887.0,64519,10856,16.82605124071979,13.789736356732124,0.4074173931278272,61738,12728,20.61615212672908,3.7901008860092915,42.318,8.76,0.20168558077436582,0.23064085447263016,-1.59,1411.515,36,8.97,11.074715033048978,45.70904312033524,0,0,0,0,0
36045,-4.6279896334690855,-633.0,13505.0,116229,12981,11.168469142812896,10.044825301774944,0.2880999206431356,111454,15169,13.610099233764602,2.4416300909517066,43.41,11.68,0.20080696255293606,0.07646136916869518,-1.27,1268.696,36,8.97,11.66331766197001,91.61296323153853,0,0,0,0,1
36047,-17.824477558893754,-62352.0,348891.0,2504700,287633,11.483730586497384,10.620513434742684,0.20793907385136157,2576771,360759,14.0004292193602,2.5166986328628163,43.567,56.24,0.3500586458729244,0.041379056680112304,-0.17,69.371,36,8.97,14.733679524850201,36105.86556341987,0,1,0,0,1
36049,-2.4303644701906832,-102.0,4143.0,27087,4076,15.04780891202422,12.670284638387418,0.31762837480148226,26456,4959,18.74433020864832,3.696521296624102,42.846,10.07,0.1923821820529374,0.281256724768668,-2.79,1274.642,36,8.97,10.206809186975589,21.25067273791386,0,0,0,0,0
36051,8.23493800145879,682.0,8226.0,65393,8985,13.740002752588198,12.872937470371445,0.3723776868340523,63218,11287,17.85409218893353,4.114089436345333,51.69,11.23,0.162515762925599,0.16677175283732662,-0.91,631.762,36,8.97,11.088170498077638,103.50891633241633,0,0,0,0,0
36053,0.11714342079305587,11.0,10138.0,73442,10239,13.941613790474117,12.607227472018737,0.3873161822590295,70990,13026,18.349063248344837,4.407449457870721,53.345,11.17,0.17721812801021297,0.1360761330006383,-0.94,654.865,36,8.97,11.204251258039026,112.14830537591718,0,0,0,0,0
36055,-1.4707526284011083,-1515.0,104341.0,744344,103594,13.917489762797846,12.335425555925756,0.2588952347680704,743084,128723,17.322806035387657,3.405316272589811,51.303,13.04,0.17988740658632313,0.10910536731417418,-0.75,656.873,36,8.97,13.520258572548594,1133.1627270416045,0,1,0,0,1
36057,-1.4590204957102,-127.0,8392.0,50219,8329,16.585356140106335,13.391345904936378,0.45527468239170965,49294,9187,18.63715665192518,2.051800511818847,42.603,9.5,0.2612193338208896,0.22378831194734392,-2.63,403.117,36,8.97,10.824148720127818,124.57673578638459,0,1,0,0,0
36059,-11.168145303961525,-25644.0,228927.0,1339532,204681,15.280038102859805,12.865090195680281,0.2771455291600654,1355683,241563,17.818546076036952,2.538507973177147,93.613,48.79,0.19503897612162663,0.03474710978420895,0.76,284.59,36,8.97,14.107830857192463,4706.883586914509,0,1,0,0,1
36061,-10.985687162260843,-26441.0,239645.0,1585873,214153,13.503792548331422,11.238100402743473,0.2981973580139064,1629153,270750,16.619065244332486,3.115272696001064,64.971,82.52,0.11820241250564566,0.010262522436566689,-0.31,22.657,36,8.97,14.27664560230866,69994.83603301409,0,1,0,0,1
36063,0.8595626960175158,308.0,33798.0,216469,34388,15.885877423557185,13.40099506164855,0.4025423728813559,210145,40194,19.126793404554,3.2409159809968155,45.964,9.76,0.17778616265907454,0.13350255548314066,-0.52,522.353,36,8.97,12.285202629105461,414.4113272059317,0,1,0,0,1
36065,-0.9943730407523511,-413.0,38280.0,234878,38168,16.250138369706825,12.8177181345209,0.3589940487617585,229074,42949,18.748963217126345,2.4988248474195203,46.708,10.19,0.22965798528037915,0.11530749424658783,-1.65,1212.331,36,8.97,12.366821509385659,193.7408183078714,0,1,0,0,0
36067,-2.2434060571480052,-1532.0,66599.0,467026,65578,14.04161652670301,12.222231738704055,0.2658667602306814,461591,78845,17.08113893035176,3.03952240364875,50.676,12.44,0.16618159826887277,0.0967616959755072,-2.26,778.387,36,8.97,13.054140209619467,599.9920348104478,0,1,0,0,0
36069,13.291063566318105,1936.0,14536.0,107931,16612,15.391314821506333,14.178502932429051,0.3568983047330525,109774,21956,20.0010931550276,4.609778333521268,56.468,12.96,0.17464126087979298,0.1442248882615855,-0.67,644.044,36,8.97,11.589247413040994,167.5832707082125,0,1,0,0,0
36071,-2.9266132111492933,-1220.0,41904.0,372813,40985,10.993447116919205,11.27830842808593,0.36489691662105456,382077,53427,13.983307029734842,2.9898599128156373,69.523,31.21,0.1911475059912484,0.06339565525337887,0.09,812.321,36,8.97,12.828832232430221,458.9478789788766,0,1,0,0,0
36073,2.170677570093458,133.0,5992.0,42883,6178,14.406641326399738,12.82093137140592,0.46117953447995225,40624,7240,17.82197715636077,3.415335829961032,48.063,8.64,0.1899536698366252,0.25371860521823947,-0.58,391.263,36,8.97,10.666230755983976,109.60147011089728,0,0,0,0,1
36075,-1.748349102143271,-272.0,15537.0,122109,15400,12.61168300452874,12.365181927622043,0.3712825105414381,117630,19291,16.39972796055428,3.7880449560255407,45.333,8.8,0.20072742832691484,0.12182284980744544,-0.23,951.644,36,8.97,11.712669367456051,128.3137391713708,0,1,0,0,1
36077,0.873733174980206,88.0,10104.0,62259,10281,16.51327518912928,13.771502915241172,0.4126458069337492,59593,12582,21.113217995402145,4.599942806272864,45.268,12.9,0.3128701353637902,0.04674280879864636,-0.77,1001.727,36,8.97,11.03905838218977,62.151664076140506,0,0,0,0,0
36079,-6.135681610247026,-805.0,13116.0,99710,12417,12.453114030689,13.477083542272592,0.28777731268313106,98714,17181,17.404826063172397,4.951712032483398,89.218,41.81,0.24118272296840274,0.07846168711952846,0.37,230.32,36,8.97,11.510021251822838,432.91941646405,0,1,0,0,1
36081,-18.904155375914517,-66648.0,351689.0,2230722,286146,12.82750607202511,11.371923529691284,0.2083515441364008,2270976,359534,15.831695271108103,3.004189199082992,55.291,47.93,0.23909419713585184,0.0473226845243874,0.01,108.778,36,8.97,14.61783585785128,20507.106216330507,0,1,0,0,1
36083,0.5681404299258425,120.0,21306.0,159429,21607,13.552741345677385,13.035896856908092,0.24484085344526058,159013,27048,17.009930005722804,3.4571886600454196,54.152,17.12,0.22666570069308603,0.057258083991402836,-0.49,652.455,36,8.97,11.97935396103651,244.35248407936177,0,1,0,0,0
36085,-5.675979137335211,-3592.0,62504.0,468730,59344,12.660593518656796,12.50677362234122,0.19755909790779821,475596,77313,16.25602402038705,3.5954305017302524,71.084,46.17,0.3220537779385489,0.011509750402841265,0.23,57.519,36,8.97,13.057782188689842,8149.133329856221,0,1,0,0,1
36087,-6.755840833090199,-3004.0,44557.0,311687,41841,13.424043992851804,11.729716029221624,0.23833091478708784,325213,51185,15.738915726001112,2.3148717331493085,82.534,47.69,0.2261467700684762,0.09818703077303853,0.77,173.436,36,8.97,12.649754758116348,1797.1297769782514,0,1,0,0,0
36089,-0.8275347400926403,-125.0,15544.0,111944,15553,13.89355391981705,12.401736582577003,0.28388928317955997,108352,18836,17.384081512108683,3.490527592291633,42.303,7.96,0.23473938153373786,0.09711967249067914,-2.11,2679.269,36,8.97,11.62575402523555,41.781545638007984,0,0,0,0,0
36091,5.414522821576763,1538.0,28197.0,219607,29994,13.65803457995419,13.392560346437044,0.27570548167369446,229313,41546,18.11759472860239,4.459560148648201,65.1,22.11,0.12951077346257123,0.08048988145916564,0.11,809.996,36,8.97,12.299594864247913,271.12109195600965,0,1,0,0,0
36093,-4.586965936537021,-1109.0,24014.0,154727,23083,14.918533933961106,12.416061837946836,0.2639450994193208,155086,26686,17.207226957945913,2.2886930239848073,55.188,16.02,0.23934813315624143,0.08241097969767883,-2.06,204.58,36,8.97,11.949417552683336,756.3153778472969,0,1,0,0,0
36095,-2.019632714880728,-107.0,5282.0,32749,5220,15.939417997496108,14.907325414516473,0.5861528640241426,31189,6799,21.7993523357594,5.859934338263294,50.864,13.9,0.19180837447430973,0.047723532638507954,-0.3,621.819,36,8.97,10.39662770624607,52.66645116987419,0,0,0,0,0
36097,-1.6829990448901624,-53.0,3141.0,18343,3116,16.9874066401352,15.041160115575424,0.16922263352723427,17845,3789,21.232838330064443,4.245431689929241,47.404,8.67,0.0,0.15591699383062255,-0.03,328.343,36,8.97,9.817003309314352,55.865360309188866,0,0,0,0,0
36099,1.684779756326148,90.0,5335.0,35251,5472,15.52296388754929,13.696065359847948,0.43632737019260737,34295,6574,19.168975069252078,3.6460111817027876,46.707,8.89,0.1534468187854642,0.14620306652179163,-1.08,323.709,36,8.97,10.470249176632354,108.89718852426098,0,0,0,0,0
36101,-1.2698460953828616,-202.0,15789.0,98990,15718,15.878371552682088,13.7690675825841,0.3028132992327366,95843,18596,19.402564610874034,3.524193058191946,43.867,8.3,0.20684806299655487,0.2036138648667651,-0.76,1390.549,36,8.97,11.502774113913853,71.18771075309104,0,0,0,0,0
36103,-1.4456496068803328,-2996.0,203246.0,1493350,201793,13.512773294940905,11.933973951183582,0.22719896137617657,1481364,250684,16.922511955198047,3.4097386602571422,84.506,42.42,0.17109647671199904,0.09985219340474184,1.52,911.777,36,8.97,14.216532476375063,1637.8456574359739,0,1,0,0,1
36105,-8.753157345743402,-1093.0,12463.0,77547,11455,14.771686847976065,14.040517363663326,0.4411824502907331,75329,14255,18.923654900503127,4.151968052527062,48.103,18.69,0.2848408662362151,0.05765384835152277,0.14,968.137,36,8.97,11.258639483136877,80.09920083624529,0,0,0,0,0
36107,-2.2378819487053625,-184.0,8149.0,51125,8032,15.710513447432763,13.218581907090465,0.42336621177318384,48431,9769,20.17096487786748,4.460451430434716,51.948,9.82,0.12725897285029839,0.12784735647642262,-1.05,518.61,36,8.97,10.842028893345104,98.58082181215171,0,0,0,0,0
36109,1.8924248120300753,200.0,10640.0,101564,10929,10.760702611161435,11.129927927218306,0.25915438882756636,102237,14640,14.319669004372193,3.558966393210758,48.655,16.21,0.11198627123118894,0.06052538942180762,-0.28,474.641,36,8.97,11.528444420627899,213.9806717076696,0,1,0,0,0
36111,-2.349487086213168,-662.0,27490.0,182493,27044,14.819198544601711,14.03725074386415,0.29532030895047706,178371,35285,19.78180309579472,4.96260455119301,57.584,24.21,0.19413578193270786,0.07501053518752634,0.7,1124.236,36,8.97,12.114467095104683,162.32623755154611,0,1,0,0,0
36113,5.025852968897267,536.0,10610.0,65707,11247,17.11689774301064,14.92991614287671,0.250477715230078,64187,14319,22.30825556576877,5.191357822758132,51.619,18.3,0.21320481927710844,0.13320481927710842,0.0,867.245,36,8.97,11.092960743698262,75.76521052297794,0,0,0,0,0
36115,3.22533805537669,303.0,9318.0,63216,9707,15.35528980005062,13.393761073146038,0.4368326168353903,61304,11905,19.419613728304842,4.064323928254222,48.327,13.7,0.16980338555356955,0.2931342655872148,-0.64,831.167,36,8.97,11.054312712651171,76.0569175628965,0,0,0,0,0
36117,1.1143457016338374,150.0,13098.0,93772,13363,14.250522544042997,13.60320778057416,0.36534573885086585,90103,16957,18.819573155166864,4.569050611123867,52.562,10.74,0.1328323347212349,0.2961308012592668,-0.51,603.829,36,8.97,11.448621582969409,155.2956217737141,0,1,0,0,1
36119,-8.853449957172037,-13536.0,151770.0,949113,139122,14.658107095783116,12.113942175483846,0.2257153721067577,968738,165858,17.121037886404785,2.4629307906216695,79.619,55.69,0.20085515446942048,0.03252961877311734,0.8,430.568,36,8.97,13.763283143211586,2204.3277716876314,0,1,0,0,1
36121,-5.121310379408323,-308.0,5983.0,42155,5723,13.576088245759696,13.2914245048037,0.6065664997217585,40027,7239,18.085292427611364,4.509204181851668,50.075,9.73,0.15281846947146374,0.18985116606117428,-2.69,592.75,36,8.97,10.649108580356776,71.11767186840996,0,0,0,0,0
36123,-0.3536701620591039,-17.0,4196.0,25348,4216,16.63247593498501,13.79201514912419,0.5040397301904973,24981,5159,20.651695288419198,4.019219353434188,46.822,11.42,0.20914127423822715,0.167194301543332,-0.03,338.143,36,8.97,10.140455110443408,74.96236799223998,0,0,0,0,0
37001,15.883209053889681,3008.0,18909.0,151131,22081,14.610503470499104,11.854616193898009,0.3079187695265561,166144,27867,16.772799499229585,2.1622960287304807,44.167,13.71,0.15357187279737966,0.19851569302209876,-0.96,423.432,37,7.75,11.92590228936223,356.9191747435243,0,1,1,0,0
37003,11.106875249103227,558.0,5018.0,37198,5627,15.12715737405237,13.296413785687403,0.3953301624559887,37271,7541,20.232888841190203,5.105731467137833,40.014,11.94,0.07806412945759664,0.4677854360203776,1.17,259.985,37,7.75,10.524010275375073,143.07748523953305,0,1,1,0,0
37005,3.6722524977293367,79.0,2202.0,11155,2304,20.65441506051098,15.858359480053789,0.4694835680751174,11085,3047,27.48759585024808,6.833180789737099,30.845,13.31,0.24632352941176472,0.0,1.47,234.403,37,7.75,9.319643106866632,47.58898136969237,0,0,1,0,0
37007,2.305990415335463,87.0,3756.0,26948,3866,14.346148137153037,12.865518776903667,0.7342778161713891,24430,4552,18.632828489562016,4.286680352408979,34.745,7.84,0.13598868724958757,0.2988451567287297,0.06,531.461,37,7.75,10.20166436208055,50.70550802410713,0,0,1,0,0
37009,12.820799668531178,622.0,4827.0,27281,5501,20.164216854220886,15.497965617096149,0.2825510321762196,27009,6849,25.358213928690436,5.19399707446955,34.538,14.57,0.2122842827982928,0.0,2.28,425.061,37,7.75,10.213945768177046,64.18137632010465,0,0,1,0,0
37011,3.8692047377326566,113.0,2955.0,17797,3097,17.401809293701184,13.884362533011183,0.23758099352051837,17510,3869,22.09594517418618,4.694135880484996,34.918,15.51,0.1684373616644533,0.03718459495351926,1.95,247.338,37,7.75,9.786785182749986,71.95416798065804,0,0,1,0,0
37013,10.20121350018961,807.0,7911.0,47759,8782,18.388157205971652,15.649406394606252,0.20657809462086846,47160,11194,23.7362171331637,5.348059927192047,40.653,10.7,0.18619582664526485,0.21157226935718107,0.02,831.973,37,7.75,10.77392280982383,57.404507117418476,0,0,1,0,1
37015,16.57438281500481,518.0,3119.0,21282,3656,17.17883657550982,13.922563668828117,0.20362451639177356,19081,4348,22.78706566741785,5.608229091908029,29.11,7.74,0.29328486703654105,0.0,-0.3,699.176,37,7.75,9.965616924001678,30.438687826813275,0,0,1,0,1
37017,10.536620004057617,518.0,4929.0,35190,5481,15.575447570332482,14.856493321966468,0.8014448583361554,33209,7298,21.975970369478155,6.400522799145673,30.471,7.73,0.11485023457235655,0.0,-0.31,874.864,37,7.75,10.46851723031563,40.22339472192249,0,0,1,0,0
37019,42.22139430565074,6783.0,16051.0,107431,23026,21.43329206653573,18.183764462771453,0.2942618930848455,137303,43237,31.490207788613507,10.056915722077775,45.806,19.05,0.14640522875816994,0.0,1.12,849.187,37,7.75,11.584604060004121,126.51041525600368,0,1,1,0,1
37021,12.780985095134263,4303.0,33479.0,238318,38096,15.985364093354256,13.708154650508982,0.3078551581175848,259576,51876,19.98489844977964,3.9995343564253822,44.19,18.83,0.21639717556614022,0.09571112225286203,2.18,656.497,37,7.75,12.381361195274073,363.0146063119862,0,1,1,0,0
37023,3.7534746004566206,528.0,14016.0,90912,14673,16.139783526927136,13.329373460049279,0.344920374764549,90148,18143,20.1257931401695,3.986009613242363,37.139,10.88,0.197620304178861,0.3516768219546131,1.82,506.237,37,7.75,11.417647284653915,179.5838707956945,0,1,1,0,0
37025,20.434804425367272,3386.0,16541.0,178011,20085,11.28301060046851,10.596536169113145,0.27941115142416284,211605,27940,13.203846790009688,1.9208361895411787,53.928,16.41,0.17868394672776744,0.09143634541028212,-1.08,361.238,37,7.75,12.08960062511763,492.78038301618324,0,1,1,0,0
37027,5.539029658552796,664.0,12037.0,83029,12816,15.435570704211782,13.686784135663444,0.34785841365941744,82056,16534,20.149653894901043,4.71408319068926,37.261,10.69,0.1747991588936216,0.3090526769828005,1.51,471.891,37,7.75,11.326945223343973,175.94953071789882,0,1,1,0,0
37029,8.192163543441225,96.0,1174.0,9980,1283,12.855711422845692,11.983967935871744,1.145224171539961,10654,1874,17.58963769476253,4.733926271916838,61.091,22.19,0.051457975986277875,0.0,0.42,240.329,37,7.75,9.20833836930551,41.526407549650685,0,0,1,0,1
37031,5.8371216592192905,689.0,11861.0,66469,12659,19.044968331101717,16.0781717793257,0.30303659270636585,69301,17306,24.972222623050172,5.927254291948454,46.155,20.75,0.1703752906011292,0.05640429536145245,1.22,507.607,37,7.75,11.104490952541536,130.9457907396864,0,1,1,0,1
37033,3.6519300194390447,130.0,3601.0,23719,3755,15.831190185083688,15.312618575825287,0.45201996421508617,22619,4862,21.4952031477961,5.6640129627124125,36.927,9.75,0.30017152658662094,0.0,0.45,425.366,37,7.75,10.074031693706946,55.7613913664938,0,0,1,0,0
37035,9.115758066147466,1814.0,19774.0,154358,21773,14.105520931859703,12.83768900866816,0.3933064254780072,158507,28148,17.758206262184004,3.652685330324301,43.484,13.03,0.14091671699885913,0.29623515200322126,1.32,401.373,37,7.75,11.947029858843075,384.574946496152,0,1,1,0,0
37037,44.797439759036145,3573.0,7968.0,63505,11631,18.31509329974018,14.89646484528777,0.5947205508990366,72853,17757,24.373738898878564,6.058645599138384,56.038,19.39,0.20024025827764846,0.2479915909602823,0.41,681.718,37,7.75,11.05887392193842,93.15435414643592,0,0,1,0,0
37039,15.403852565289867,830.0,5399.0,27444,6284,22.89753680221542,17.267890977991545,0.2569226377390808,28413,8439,29.701193115827262,6.803656313611842,38.144,14.61,0.249266384088686,0.17052494294098466,3.0,455.537,37,7.75,10.21990284381078,60.245380726483255,0,0,1,0,0
37041,11.57724990343762,299.0,2589.0,14793,2908,19.657946325964986,15.29777597512337,0.3704211826039237,13995,3478,24.851732761700607,5.193786435735621,36.761,13.7,0.3115942028985507,0.0,0.51,172.657,37,7.75,9.601909374892236,85.67854184886798,0,0,1,0,1
37043,17.868032396379228,374.0,2099.0,10587,2498,23.594974969301973,17.84263719656182,0.49019607843137253,11150,3462,31.049327354260093,7.454352384958121,35.109,16.3,0.2156448202959831,0.0,3.05,214.983,37,7.75,9.26738211234338,49.2457543154575,0,0,1,0,0
37045,3.3133692875390293,469.0,14092.0,98078,14677,14.96461999632945,13.414833092028793,0.447282871832707,97765,18083,18.496394415179257,3.531774418849807,38.208,10.33,0.19909962242230614,0.19608626198083068,0.76,464.207,37,7.75,11.493518359445,211.280743289093,0,1,1,0,0
37047,7.6090909090909085,620.0,8151.0,58098,8830,15.198457778236774,13.460015835312747,0.6220720374779203,55659,11142,20.018325877216622,4.819868098979848,35.421,8.9,0.2829995739241585,0.16344269279931828,-0.39,938.116,37,7.75,10.969886518839585,61.9305075278537,0,0,1,0,0
37049,20.105812083620496,2634.0,13059.0,103505,15810,15.274624414279502,11.937587556156707,0.366650371094618,102290,19706,19.26483527226513,3.9902108579856286,44.599,15.15,0.23304242940258266,0.10635731516957571,0.19,706.597,37,7.75,11.547375199699454,146.48378071234382,0,1,1,0,1
37051,2.7163763304699,813.0,29219.0,319431,30200,9.454310946652015,9.648719128700721,0.2833446474425194,334562,39910,11.929029596905805,2.4747186502537897,43.834,11.69,0.20265387758613274,0.07720762183319713,-0.71,652.561,37,7.75,12.674296567035165,489.50366325906697,0,1,1,0,0
37053,7.744781987133668,216.0,2798.0,23547,3041,12.91459633923642,13.126937614133436,0.7334117484259323,27210,4467,16.4167585446527,3.5021622054162815,55.376,24.0,0.05660377358490566,0.01835099508917033,0.88,261.938,37,7.75,10.066753702794923,89.89531873954905,0,0,1,0,1
37055,-7.652957086188243,-425.0,5546.0,33920,5167,15.232900943396228,15.76061320754717,0.10151678012659739,36698,7853,21.398986320780423,6.166085377384196,53.889,34.21,0.06987709669938935,0.026435804282291104,1.63,383.225,37,7.75,10.43176008990584,88.51197077434927,0,0,1,0,1
37057,5.798763291197007,1278.0,21913.0,162878,23388,14.359213644568328,12.847652844460272,0.3867593420962081,166837,30238,18.124276988917327,3.7650633443489987,44.249,12.82,0.14600715137067938,0.2708581644815256,-0.09,553.173,37,7.75,12.000756733290519,294.44314888832247,0,1,1,0,0
37059,21.712969958625653,1210.0,5559.0,41240,6829,16.559165858389914,13.962172647914645,0.9266366926198049,42543,8799,20.682603483534308,4.123437625144394,49.727,16.09,0.13003250812703177,0.18642160540135033,-0.46,263.695,37,7.75,10.627163938130897,156.39280229052505,0,1,1,0,0
37061,19.73513003050995,1360.0,6883.0,58505,8295,14.17827536108025,12.460473463806512,0.5169465174129353,58965,10914,18.509285169168148,4.331009808087899,32.816,8.38,0.16801075268817203,0.41239721695129666,-1.51,814.738,37,7.75,10.976867499653059,71.80836047907425,0,0,1,0,0
37063,7.354763873955835,1794.0,24182.0,267587,26117,9.760190143766327,10.507236898653522,0.3285724980659973,317665,41538,13.076039223710511,3.3158490799441847,49.894,17.61,0.15242107693195592,0.0669667763221177,-0.26,286.452,37,7.75,12.49720002608606,934.1425439515172,0,1,1,0,0
37065,7.814216931924569,588.0,7477.0,56552,8104,14.330173999151224,13.822676474748905,0.2898784121104759,52069,10276,19.73535116864161,5.405177169490386,32.665,8.26,0.17639593908629442,0.2323745064861816,-2.13,505.433,37,7.75,10.94291584785079,111.88822257351617,0,0,1,0,0
37067,5.630894803311661,2433.0,42758.0,350670,45511,12.978298685373712,11.82393703481906,0.23841093375490846,378499,60329,15.939011727904168,2.9607130425304558,46.749,14.9,0.20635083292236947,0.09328986723198217,-1.06,407.782,37,7.75,12.767600889269925,859.9447744137799,0,1,1,0,0
37069,27.562004350008365,1648.0,5977.0,60619,7678,12.665995809894588,12.783120803708409,0.32735071678519023,68027,11502,16.907992414776484,4.241996604881896,43.71,12.17,0.14287252368647718,0.23083548664944015,-1.43,491.8,37,7.75,11.012363654269858,123.25945506303376,0,1,1,0,0
37071,3.465099644264239,927.0,26143.0,206086,27294,13.2439855206079,12.535058179594927,0.28640371648287216,222119,35727,16.084621306596915,2.840635785989015,43.253,12.08,0.19449990451223112,0.18811090470320666,0.42,355.72,37,7.75,12.236048836381128,579.3489261216687,0,1,1,0,0
37073,10.939244363193177,179.0,1641.0,12197,1831,15.01188816922194,13.552512913011396,0.5952380952380952,11519,2361,20.496570882889138,5.484682713667198,45.682,12.02,0.0,0.1346153846153846,-1.0,340.612,37,7.75,9.40894529884324,35.80907308022031,0,0,1,0,0
37075,6.644348363187153,107.0,1619.0,8861,1742,19.65918067938156,14.840311477259904,0.387858347386172,8501,1996,23.479590636395717,3.8204099570141565,28.447,11.9,0.16875602700096431,0.0,3.14,291.965,37,7.75,9.089414904047302,30.349528196872914,0,0,1,0,0
37077,16.478859483301825,1050.0,6348.0,59916,7441,12.419053341344549,12.682755858201483,0.3504621719893109,59823,10187,17.028567607776274,4.6095142664317255,48.21,12.52,0.0,0.30362961279078576,-0.94,531.991,37,7.75,11.00069886028861,112.62596547685958,0,0,1,0,0
37079,2.2511574074074074,57.0,2592.0,21362,2665,12.475423649471024,12.320943731860313,0.45050529648118837,20987,3430,16.343450707580885,3.8680270581098615,41.488,8.51,0.39092872570194387,0.05453563714902808,-2.33,266.739,37,7.75,9.969368921649641,80.08577673306117,0,0,1,0,0
37081,5.817754342431762,3305.0,56420.0,488406,60123,12.310045331138438,11.487573862728958,0.27704261594279345,532956,80918,15.182866878316409,2.8728215471779706,45.676,15.38,0.139440919051057,0.13041000113994755,-0.85,645.89,37,7.75,13.098902306155512,756.175200111474,0,1,1,0,0
37083,-2.1569903236569905,-195.0,8991.0,54691,8836,16.15622314457589,13.925508767438885,0.36848842170590745,50678,10531,20.780220213899522,4.623997069323632,30.439,8.58,0.2479054458408139,0.14908737283064033,-1.3,723.736,37,7.75,10.909454441052057,75.5676102888346,0,0,1,0,0
37085,11.729264844486334,1249.0,10610.0,114678,11947,10.417865676066901,10.123127365318545,0.3231259763326272,134328,16882,12.567744625096777,2.149878949029876,42.853,12.35,0.1927652733118971,0.09383708467309754,-0.52,595.026,37,7.75,11.649883480012653,192.72771273860303,0,1,1,0,0
37087,8.703110914714982,989.0,11315.0,59036,12416,21.03123517853513,15.011179619215396,0.3032557075012874,61862,15298,24.72923604151175,3.6980008629766203,41.377,15.82,0.22091026191498497,0.0,2.23,553.56,37,7.75,10.985902706301667,106.64787918202184,0,0,1,0,0
37089,25.902577347036583,4880.0,18779.0,106740,23865,22.358066329398536,14.244894135281994,0.3399744105282398,116298,30025,25.817296944057507,3.4592306146589706,46.446,18.42,0.21421253927059145,0.19099166780494467,1.99,372.93,37,7.75,11.578151249887936,286.21993403587805,0,1,1,0,0
37091,9.28371372217526,331.0,3549.0,24669,3898,15.801207993838421,13.936519518423932,0.4983544898918665,23752,4792,20.175143145840348,4.373935152001927,30.878,8.3,0.324256737982773,0.12308974715198666,-1.25,353.164,37,7.75,10.113302673639005,69.8514004824954,0,0,1,0,0
37093,12.136869340232858,376.0,3092.0,46952,3483,7.418214346566707,8.985772704038167,0.29103289220800616,54590,5470,10.020150210661294,2.601935864094587,42.927,11.69,0.2201371346084446,0.42241068206423676,-1.26,390.118,37,7.75,10.75688108223817,120.3533289927663,0,1,1,0,0
37095,-10.138080495356036,-98.0,969.0,5810,875,15.060240963855422,14.905335628227196,0.2091425156856887,5089,1002,19.68952642955394,4.629285465698517,38.265,9.56,0.0,0.0,1.48,612.333,37,7.75,8.667335849845957,9.488301300109582,1,0,1,0,1
37097,20.527394898019857,3461.0,16817.0,159437,20445,12.82324679967636,11.836650212936771,0.3752916117253271,178853,28396,15.876725579106864,3.0534787794305043,48.962,16.43,0.1508948684747326,0.15885910921120314,1.32,574.192,37,7.75,11.979404138854163,277.6719285535152,0,1,1,0,0
37099,8.142557388809182,456.0,5576.0,40271,6084,15.107645700379926,13.143453105212188,0.32757823338985664,43435,8622,19.850351099343847,4.7427053989639205,37.19,16.32,0.24079865287466923,0.032475342795285064,2.62,491.193,37,7.75,10.603386885918606,81.98610322215504,0,0,1,0,0
37101,18.284007187780773,2652.0,14469.0,168878,17259,10.219803645235022,11.000840843685975,0.24821961525959635,203308,27100,13.329529580734647,3.1097259354996254,49.745,13.62,0.14219863109372818,0.1668668808492806,-1.16,791.232,37,7.75,12.036931839723511,213.4367669659468,0,1,1,0,0
37103,-0.08373424971363157,-3.0,1746.0,10153,1756,17.29538067566237,15.266423717127942,0.5994212484497726,9453,2204,23.31534962445784,6.019968948795473,38.354,9.15,0.3155778894472362,0.0,-1.59,471.368,37,7.75,9.225524507301223,21.539434157600855,0,0,1,0,0
37105,11.910321296559568,843.0,7034.0,57866,7937,13.716171845297756,11.818684547056995,0.2900232018561485,61083,10034,16.426829068644302,2.710657223346546,44.12,12.78,0.11491085222765042,0.393836903419767,-0.68,255.062,37,7.75,10.965885271736585,226.8703295669288,0,1,1,0,0
37107,1.7902767309141814,164.0,9287.0,59495,9514,15.99125976972855,13.799478947810739,0.291577067463644,56350,11109,19.714285714285715,3.7230259445571647,33.625,9.19,0.23179162609542356,0.1579844206426485,-1.71,399.087,37,7.75,10.993647554389254,149.07777001004794,0,1,1,0,0
37109,16.400861678004535,1448.0,8820.0,78265,10361,13.238356864498819,13.36357247811921,0.4904729348116881,84580,14982,17.71340742492315,4.475050560424332,47.45,14.67,0.13501955034213098,0.21768084066471163,1.49,295.841,37,7.75,11.267855783322323,264.5508905121332,0,1,1,0,0
37111,3.5206315491362217,249.0,7062.0,44996,7377,16.394790648057604,13.943461641034757,0.31718569780853517,45402,9327,20.543147878948066,4.148357230890461,34.953,9.92,0.11198672749896309,0.454417254251348,2.21,439.955,37,7.75,10.714328875912717,102.27409621438557,0,0,1,0,0
37113,13.022964951950254,921.0,7076.0,33922,8069,23.786922940864336,16.060373798714696,0.26936026936026936,35172,10093,28.696121915159782,4.909198974295446,38.615,16.78,0.16690711352791032,0.08134502274997225,3.33,515.584,37,7.75,10.431819050431784,65.79335278053625,0,0,1,0,0
37115,7.278989361702127,247.0,3384.0,20764,3666,17.655557696012327,15.324600269697552,0.6787330316742082,21608,4817,22.29266938171048,4.637111685698152,38.58,15.46,0.16350210970464135,0.12341772151898735,1.92,449.615,37,7.75,9.94097599694712,46.18173326067858,0,0,1,0,0
37117,14.198823214763308,532.0,3739.0,24505,4297,17.535196898592122,15.41726178330953,0.22214627477785376,22644,5203,22.977389153859743,5.442192255267621,34.766,7.94,0.28474455162558054,0.14790996784565916,-2.93,456.425,37,7.75,10.106632457343649,53.68899600153366,0,0,1,0,0
37119,9.198901888480675,6832.0,73763.0,919628,81113,8.820196862209501,9.76481794812685,0.23663145215929338,1095170,122780,11.211044860615246,2.3908479984057447,55.294,18.51,0.11805886937710759,0.047434704460138706,0.82,523.573,37,7.75,13.73172451942851,1756.4465700102946,0,1,1,0,0
37121,4.407366720516962,135.0,3095.0,15579,3260,20.925604981064254,14.904679376083187,0.275450476299782,14959,3738,24.988301357042584,4.06269637597833,32.743,10.5,0.24517978113600833,0.10109431995831163,1.55,221.252,37,7.75,9.653679132512428,70.41292282103664,0,0,1,0,0
37123,0.7396603861363106,31.0,4299.0,27798,4364,15.698971149003526,13.846319879127995,0.2953374387331909,27223,5583,20.508393637732798,4.809422488729272,33.861,8.31,0.15182613945064896,0.3658315725928162,1.37,491.524,37,7.75,10.232719354644704,56.55471553779673,0,0,1,0,0
37125,20.26909355660721,3353.0,16482.0,88247,19986,22.64779539247793,13.75797477534647,0.45061447428311335,99263,23951,24.128829473217614,1.4810340807396827,48.319,18.69,0.27791052457449544,0.061463809138697936,0.12,697.678,37,7.75,11.387894979883445,126.48671736818417,0,1,1,0,0
37127,14.768725735484427,1717.0,11591.0,95840,13393,13.974332220367277,13.541318864774624,0.3831055195573003,94287,17227,18.270811458631623,4.296479238264347,44.499,11.63,0.16298389375529812,0.0,-1.39,540.443,37,7.75,11.470435413349277,177.33600028125076,0,1,1,0,0
37129,17.931521463042927,4251.0,23622.0,202667,28092,13.861161412563467,12.404091440639078,0.31645569620253167,231448,41068,17.743942483840865,3.882781071277398,48.553,22.78,0.18763461915018603,0.05586694732719796,1.25,192.203,37,7.75,12.219319517015684,1054.4424384634995,0,1,1,0,1
37131,8.432061260356514,335.0,3983.0,22099,4336,19.62079732114575,15.303859903163039,0.4283022100394038,19672,5094,25.894672631150872,6.2738753100051206,30.578,7.46,0.20703227499344004,0.10968249803201259,-0.65,536.643,37,7.75,10.003287637613305,41.18007688537817,0,0,1,0,0
37133,7.392099893903533,907.0,12253.0,177772,13262,7.460117453817248,7.326238102738339,0.26676047254712276,198377,18239,9.19411020430796,1.733992750490711,43.561,13.74,0.1739261220069787,0.02406449284081338,0.74,761.941,37,7.75,12.088257109345653,233.31465297181802,0,1,1,0,1
37135,2.2771309771309767,286.0,12506.0,133801,12889,9.632962384436588,11.468524151538478,0.2697987301473101,146354,20600,14.075460868852236,4.442498484415648,52.981,25.88,0.32386537480877103,0.018689444161142273,-1.39,397.533,37,7.75,11.80410890048989,336.578346954844,0,1,1,0,0
37137,0.5735106382978721,16.0,2820.0,13144,2857,21.73615337796713,17.247413268411442,0.34510220334483677,12673,3801,29.992898287698257,8.256744909731125,40.561,13.38,0.24881641241451868,0.04944765912677538,1.0,336.502,37,7.75,9.483720659717104,39.060689089515066,0,0,1,0,1
37139,9.800922768304915,491.0,4985.0,40661,5513,13.55844666879811,11.556528368707115,0.7782332323412345,39775,6736,16.935260842237586,3.3768141734394757,44.085,17.07,0.23739767341663076,0.06040499784575614,0.43,226.88,37,7.75,10.613024681075675,179.21808885754584,0,1,1,0,1
37141,8.337178423236516,601.0,7230.0,52217,7886,15.102361299959782,13.869046479115996,0.5463254003891633,61891,11003,17.778029115703415,2.6756678157436333,44.338,14.72,0.18039161227607275,0.15400638800166644,0.52,871.296,37,7.75,10.863163391349689,59.93026480094021,0,0,1,0,1
37143,19.287963348604748,463.0,2401.0,13453,2887,21.459897420649668,15.684233999851335,0.5153163469796735,13513,3759,27.8176570709687,6.357759650319032,43.041,15.91,0.1378299120234604,0.03592375366568915,0.5,247.144,37,7.75,9.506957408485542,54.43385232900657,0,0,1,0,1
37145,13.071078151739876,691.0,5259.0,39464,5993,15.18599229677681,13.72643421852828,0.2858242181058649,39561,7771,19.643082834104295,4.457090537327485,44.668,11.59,0.16765358993338267,0.20429311621021465,1.33,392.334,37,7.75,10.583144142913573,100.58776450677229,0,0,1,0,0
37147,17.029841967259582,2407.0,14111.0,168148,16619,9.88355496348455,10.212431905226348,0.273369782637685,179961,23774,13.210640083129121,3.327085119644572,38.592,12.59,0.27859424920127795,0.08292509762158325,-1.74,652.366,37,7.75,12.032599822955545,257.7510170671065,0,1,1,0,0
37149,29.570243391782256,1129.0,3821.0,20510,4993,24.344222330570453,16.35299853729888,0.3761371588523443,20682,6417,31.02697998259356,6.682757652023106,43.692,16.75,0.4031300593631948,0.10226659471127901,1.84,237.687,37,7.75,9.928667851066427,86.28995275299027,0,0,1,0,0
37151,6.0693149509146505,1136.0,18641.0,141752,19949,14.073170043456177,12.569134827021841,0.45051686571320915,143460,25413,17.714345462149726,3.6411754186935497,40.346,11.91,0.12638003526380034,0.39243184592431846,-0.01,782.319,37,7.75,11.861834330837905,181.19462776693396,0,1,1,0,0
37153,0.5036297640653363,33.0,6612.0,46639,6691,14.346362486331182,13.079182658290273,0.49185070884366866,44759,7932,17.72157554905159,3.375213062720407,30.439,7.13,0.1774403874813711,0.2716095380029806,0.89,473.704,37,7.75,10.750192379971189,98.45599783831253,0,0,1,0,0
37155,6.781771720613288,961.0,14088.0,134168,15078,11.238149186095045,11.645101663585953,0.6104149684366172,131656,20028,15.212371635170443,3.9742224490753983,29.667,6.92,0.26597526410718886,0.224426694150992,-1.52,947.277,37,7.75,11.806848025011464,141.635445598278,0,1,1,0,0
37157,4.3316095937889925,629.0,14426.0,93643,15171,16.200890616490287,13.958331108571917,0.31124130355181256,91051,18554,20.377590581102897,4.1766999646126095,39.231,10.1,0.1615541018387553,0.26723833097595473,0.1,565.632,37,7.75,11.447244958682427,165.5546362299163,0,1,1,0,0
37159,4.735613905325444,910.0,18928.0,138428,19993,14.442887277140462,12.50686277342734,0.4467622195279932,140978,24653,17.487125650810764,3.044238373670302,43.596,12.51,0.0,0.18099547511312217,-0.1,511.479,37,7.75,11.838105613842094,270.6425874767097,0,1,1,0,0
37161,14.424682484985723,1471.0,10157.0,67810,11726,17.29243474413803,14.314997787936882,0.5106558828738414,66741,14333,21.475554756446563,4.183120012308532,35.364,10.11,0.20128318027424832,0.19121902126053592,0.45,565.437,37,7.75,11.124464955677889,119.92494300868178,0,1,1,0,0
37163,4.974164914739547,424.0,8562.0,63431,9044,14.25801264366004,12.34569847550882,0.3157817434089741,63284,11340,17.919221288161307,3.661208644501267,35.74,8.75,0.21749298409728718,0.21538821328344246,-1.63,945.702,37,7.75,11.057707979914358,67.07292572078731,0,0,1,0,0
37165,7.07609649122807,325.0,4560.0,36157,4914,13.590729319357248,13.615620764997097,0.34226288422299744,34921,6232,17.84599524641333,4.255265927056083,29.368,7.77,0.2526784867734901,0.18583483455010905,-0.69,319.141,37,7.75,10.49562584646259,113.29475059613148,0,0,1,0,0
37167,6.421818181818182,569.0,8855.0,60585,9507,15.692002971032434,13.089048444334406,0.3983769826632239,62050,11742,18.92344883158743,3.231445860554995,44.802,12.56,0.2147940197166547,0.20323823202977084,0.68,395.126,37,7.75,11.011802616665623,153.33083623957927,0,1,1,0,0
37169,18.16130099228225,1157.0,6349.0,47401,7575,15.980675513174827,13.98704668677876,0.3284072249589491,45688,9389,20.550253895990195,4.569578382815369,42.689,11.78,0.22877959927140254,0.18506375227686703,0.02,449.014,37,7.75,10.766398604507042,105.56686428485526,0,0,1,0,0
37171,5.1864656442249375,599.0,11541.0,73673,12250,16.627529759884897,13.25315923065438,0.4128671993346601,71904,14678,20.41332888295505,3.785799123070152,37.294,10.37,0.1625433784842718,0.15243106086047986,1.24,533.742,37,7.75,11.207391660987005,138.031108662987,0,1,1,0,0
37173,11.186817962337036,231.0,2071.0,13981,2321,16.601101494885917,13.904584793648523,0.44709388971684055,14241,2720,19.0997823186574,2.4986808237714833,35.071,11.46,0.0,0.0,2.97,527.728,37,7.75,9.545454543987825,26.492814480186766,0,0,1,0,0
37175,22.324414231993057,1546.0,6914.0,33090,8539,25.805379268661227,15.494106980961014,0.18786202577884464,34039,10270,30.17127412673698,4.365894858075752,39.408,16.96,0.23583862945565073,0.06175739154462559,2.4,378.435,37,7.75,10.406986400915658,87.43905822664394,0,0,1,0,0
37177,5.527442528735633,38.0,696.0,4407,742,16.836850465169046,12.480145223508057,0.5802707930367506,3978,901,22.64957264957265,5.812722184403604,32.215,11.2,0.08913649025069638,0.0,0.67,390.776,37,7.75,8.390949464841986,11.277560546195263,1,0,1,0,1
37179,39.737136238598524,5492.0,13814.0,201292,19466,9.670528386622419,10.05305725016394,0.3828736105393166,235767,29768,12.626024846564619,2.9554964599422,63.386,19.49,0.12272449315583987,0.21981278517333835,-0.34,632.688,37,7.75,12.212511869159075,318.1536555142503,0,1,1,0,0
37181,9.294915254237289,545.0,5841.0,45422,6421,14.136321606270089,13.03113028928713,0.4879992032666069,44614,8140,18.245393822566907,4.109072216296818,34.025,9.81,0.20926517571884984,0.14407424311577666,0.05,252.398,37,7.75,10.723751848155539,179.96180635345763,0,1,1,0,0
37183,23.485785333506694,14486.0,61528.0,900993,76549,8.496070446718232,9.833261745651741,0.2888370141675362,1091662,127133,11.645820776027744,3.149750329309512,63.77,22.23,0.13928936843084364,0.03801287978683242,0.23,834.822,37,7.75,13.711252767414901,1079.26360349871,0,1,1,0,0
37185,3.658366167586026,137.0,3807.0,20972,3961,18.887087545298492,15.654205607476634,0.44045400643740473,19746,5017,25.407677504304672,6.52058995900618,30.641,9.47,0.21904761904761905,0.19775910364145657,-0.25,429.119,37,7.75,9.950943493692423,48.87222425481043,0,0,1,0,0
37187,4.2120922140060895,96.0,2299.0,13228,2414,18.249168430601753,15.633504687027516,1.0013865352025884,11788,2885,24.474041398031897,6.224872967430144,32.716,9.19,0.2809968847352025,0.0,0.31,346.51,37,7.75,9.490091074101683,38.17494444604773,0,0,1,0,1
37189,6.035165764546685,359.0,5912.0,51079,6329,12.390610622760821,11.2707766401065,0.29560942216137165,55669,8909,16.00352081050495,3.612910187744127,31.967,21.58,0.20750926100332767,0.04369937841401394,1.82,312.419,37,7.75,10.841128732820934,163.49517795012468,0,1,1,0,0
37191,6.161317994414151,937.0,15038.0,122623,16078,13.111732709198112,11.772669075132725,0.273848420177907,123785,20357,16.445449771781718,3.333717062583606,41.224,10.48,0.2285106005499867,0.14917649841804903,-1.41,553.917,37,7.75,11.716869886846787,221.37432142360677,0,1,1,0,0
37193,6.9520296893613125,761.0,10913.0,69340,11778,16.98586674358235,13.94000576867609,0.3810675941327688,68341,14702,21.512708330284894,4.526841586702545,33.438,10.91,0.17515492957746479,0.20867605633802816,1.88,754.54,37,7.75,11.146777219239015,91.89704985819175,0,0,1,0,0
37195,10.00973076923077,1046.0,10400.0,81234,11517,14.177561119728194,13.027796242952459,0.22809833572695784,81579,14810,18.154181836011716,3.976620716283522,38.596,11.11,0.15001582779360556,0.23646723646723647,-1.23,367.574,37,7.75,11.305089157723167,221.00039719893135,0,1,1,0,0
37197,6.036135895676046,354.0,5828.0,38406,6241,16.25006509399573,13.070874342550642,0.3056340464794418,37589,7422,19.745138205326025,3.4950731113302957,39.807,10.9,0.1635673624288425,0.2346616065781151,0.2,334.942,37,7.75,10.555968976370059,114.66462850284526,0,1,1,0,0
37199,2.4830518018018015,87.0,3552.0,17818,3672,20.608373554832195,15.630261533280951,0.5257432922407542,17870,4601,25.747062115277004,5.138688560444809,35.703,12.97,0.19824890556597874,0.1813633520950594,1.37,312.592,37,7.75,9.78796446128059,57.000818958898506,0,0,1,0,0
38001,-2.321217391304348,-13.0,575.0,2343,568,24.242424242424242,16.730687153222366,0.2178649237472767,2271,584,25.71554381329811,1.473119570873866,35.966,8.13,0.0,0.0,-1.82,987.611,38,4.86,7.759187438507795,2.372391559024758,1,0,0,0,0
38003,-1.8028284671532848,-41.0,2192.0,11066,2170,19.609615037050425,14.549069221037412,0.1753155680224404,10592,2383,22.49811178247734,2.8884967454269166,41.773,8.06,0.2629491367242184,0.1649556696220252,-2.83,1491.554,38,4.86,9.311632623458054,7.41910785663811,1,0,0,0,0
38005,-21.102230483271377,-226.0,1076.0,6660,853,12.807807807807809,11.006006006006006,0.13559322033898305,6860,972,14.169096209912539,1.36128840210473,30.479,4.78,0.0,0.0,-3.08,1388.643,38,4.86,8.803874763534434,4.796049092531342,1,0,0,0,0
38007,-23.856701030927837,-46.0,194.0,783,151,19.284802043422733,17.879948914431672,0.0,886,187,21.10609480812641,1.8212927647036778,51.923,7.95,0.0,0.0,-0.76,1148.84,38,4.86,6.663132695990803,0.6815570488492741,1,0,0,0,0
38009,-5.95034293552812,-87.0,1458.0,6429,1382,21.496344688131902,16.68999844454814,0.506795669200645,6418,1500,23.371766905578063,1.875422217446161,40.227,6.83,0.15949227373068434,0.0380794701986755,-3.44,1668.423,38,4.86,8.768574284141687,3.853339350991925,1,0,0,0,0
38011,10.313408723747981,63.0,619.0,3151,692,21.961282132656297,14.439860361789908,0.0,3091,660,21.352313167259787,-0.6089689653965102,48.063,8.51,0.0,0.037037037037037035,-1.01,1161.9,38,4.86,8.055475141757274,2.711937344005508,1,0,0,0,0
38013,-32.17379767827529,-193.0,603.0,1968,412,20.934959349593495,16.819105691056908,0.5223880597014926,2142,424,19.794584500466854,-1.1403748491266406,50.8,4.56,0.0,0.0,-2.07,1103.582,38,4.86,7.584773077612199,1.7832838882837885,1,0,0,0,0
38015,13.22186616399623,1267.0,9549.0,81308,10913,13.421803512569488,12.279234515668815,0.22375118867818986,95509,15468,16.19533237705347,2.7735288644839837,53.465,15.29,0.2342658970300717,0.01536169816590634,-2.01,1632.522,38,4.86,11.305999691678853,49.80514810826439,0,0,0,0,0
38017,7.818898108694027,1050.0,13377.0,149778,14550,9.714377278371991,10.287892747933608,0.1707439135682534,179937,21668,12.041992475144077,2.3276151967720864,47.6,14.79,0.1539124646726973,0.08863743002738889,-4.84,1764.969,38,4.86,11.916909476796594,84.86154714332093,0,0,0,0,0
38019,-11.262489044697634,-128.0,1141.0,3993,1022,25.59479088404708,15.852742299023289,0.86617583369424,3769,1043,27.673122844255772,2.0783319602086934,48.786,5.88,0.1959087332808812,0.0,-3.52,1488.962,38,4.86,8.292298107063221,2.68173398649529,1,0,0,0,0
38021,7.194166666666667,77.0,1080.0,5289,1170,22.12138400453772,12.4031007751938,0.4931714719271623,4857,1003,20.650607370805023,-1.4707766337326973,37.179,6.16,0.1965065502183406,0.1457423580786026,-2.96,1131.47,38,4.86,8.57338447106598,4.674450051702652,1,0,0,0,0
38023,-8.63561872909699,-52.0,598.0,2071,551,26.605504587155966,16.851762433606954,0.1510574018126888,2289,567,24.770642201834864,-1.8348623853211024,48.152,5.6,0.0,0.0,-2.06,1260.744,38,4.86,7.635786861395585,1.6426808297322852,1,0,0,0,0
38025,-9.067904903417533,-62.0,673.0,3536,616,17.420814479638008,15.35633484162896,0.28142589118198874,4362,749,17.171022466758366,-0.2497920128796416,48.707,7.3,0.0,0.0,0.2,2008.474,38,4.86,8.170751423757535,1.7605405895221946,1,0,0,0,0
38027,14.136363636363637,71.0,506.0,2385,586,24.570230607966455,15.429769392033544,0.15117157974300832,2262,550,24.314765694076037,-0.2554649138904175,38.404,4.89,0.5076586433260394,0.0,-2.47,630.17,38,4.86,7.776954403322442,3.7846930193439867,1,0,0,0,0
38029,-10.25843429636533,-111.0,1073.0,3550,971,27.35211267605634,15.070422535211266,1.1990407673860912,3262,973,29.82832618025751,2.4762135042011693,35.615,5.96,0.25725593667546176,0.0,-1.81,1509.716,38,4.86,8.174702882469461,2.3514356342517404,1,0,0,0,0
38031,9.49077598828697,64.0,683.0,3343,758,22.674244690397845,12.593478911157643,0.6107717934480844,3231,732,22.65552460538533,-0.01872008501251443,41.066,7.65,0.22553782095766828,0.0,-2.53,635.451,38,4.86,8.114623886420098,5.26083049676529,1,0,0,0,0
38033,-19.311363636363637,-85.0,440.0,1680,358,21.30952380952381,15.0,0.0,1796,411,22.884187082405344,1.5746632728815335,33.333,5.64,0.0,0.0,-1.55,1001.508,38,4.86,7.426549072397305,1.6774703746749902,1,0,0,0,0
38035,-0.3888193332362788,-24.0,6869.0,66861,6903,10.324404361286849,10.408160212979165,0.12949836423118866,70243,8925,12.705892402089889,2.38148804080304,44.242,13.91,0.206657866778275,0.06635330478735392,-5.01,1436.081,38,4.86,11.110371116488025,46.55795877809121,0,0,0,0,0
38037,-4.454179104477611,-31.0,670.0,2394,645,26.94235588972431,17.627401837928154,0.41420118343195267,2318,669,28.86108714408973,1.9187312543654187,39.5,5.92,0.4851258581235698,0.0,-1.79,1659.151,38,4.86,7.780720886117918,1.4429066432169224,1,0,0,0,0
38039,8.327586206896552,48.0,580.0,2420,637,26.322314049586776,18.264462809917354,0.4791238877481177,2314,740,31.979256698357823,5.656942648771047,40.085,6.12,0.0,0.0,-3.18,708.817,38,4.86,7.791522819150732,3.4141393335656454,1,0,0,0,0
38041,-3.556030534351145,-24.0,655.0,2477,638,25.756964069438837,14.977795720629794,0.49504950495049505,2510,629,25.059760956175296,-0.6972031132635408,38.393,5.84,0.0,0.0,-1.81,1132.221,38,4.86,7.814803429489359,2.187735433276719,1,0,0,0,0
38043,-20.361417322834647,-129.0,635.0,2435,511,20.985626283367555,15.277207392197125,0.7168458781362007,2468,545,22.08265802269044,1.0970317393228832,34.25,5.94,0.059113300492610835,0.0,-1.4,1351.171,38,4.86,7.79770203551669,1.8021405136729547,1,0,0,0,0
38045,-5.875069767441861,-64.0,1075.0,4139,1022,24.69195457840058,14.7378593863252,0.6702412868632708,4225,1090,25.79881656804734,1.1068619896467595,46.098,6.34,0.1698685540950455,0.05358948432760364,-3.35,1145.941,38,4.86,8.328209491748732,3.611878796552353,1,0,0,0,0
38047,-11.938880000000001,-75.0,625.0,1990,557,27.98994974874372,13.517587939698492,4.195804195804196,1743,512,29.37464142283419,1.3846916740904724,41.741,5.55,0.0,0.0,-2.59,992.795,38,4.86,7.595889917718538,2.0044420046434563,1,0,0,0,0
38049,-18.380426784400292,-250.0,1359.0,5395,1118,20.722891566265062,14.90268767377201,0.33921302578018997,5825,1199,20.583690987124463,-0.13920057914059925,36.944,6.63,0.0,0.0,-3.3,1873.967,38,4.86,8.593227877692234,2.8789194260091024,1,0,0,0,0
38051,0.8726495726495729,7.0,936.0,2809,954,33.9622641509434,12.709149163403346,2.3143164693218514,2535,800,31.558185404339252,-2.4040787466041458,34.904,4.98,0.3858632676709154,0.0,-2.21,974.733,38,4.86,7.940583827104244,2.881814814928806,1,0,0,0,0
38053,-11.80680473372781,-120.0,1014.0,6360,902,14.182389937106917,12.861635220125786,0.3559870550161813,13836,1190,8.600751662330152,-5.581638274776765,48.48,8.66,0.1079761258817146,0.0,-0.05,2760.482,38,4.86,8.757783656334167,2.3039454703924895,1,0,0,0,0
38055,2.618923240938166,48.0,1876.0,8962,1941,21.658112028565053,17.864316000892657,0.26833631484794274,9531,2234,23.439303325988877,1.781191297423824,52.922,9.41,0.0,0.0,-1.41,2110.331,38,4.86,9.100748695346088,4.246727172182942,1,0,0,0,0
38057,-0.7598490566037733,-11.0,1325.0,8424,1328,15.7644824311491,15.776353276353278,0.1348314606741573,8359,1612,19.284603421461895,3.5201209903127957,60.191,9.61,0.0,0.0,-1.6,1042.673,38,4.86,9.03884005381381,8.07923481283202,1,0,0,0,0
38059,6.547077747989276,246.0,3730.0,27471,4013,14.608132212150995,12.984601943868078,0.3642685652785827,31118,5065,16.27675300469182,1.6686207925408247,50.591,11.08,0.16510144927536233,0.10086956521739131,-1.3,1926.177,38,4.86,10.220886181775843,14.261929199652991,1,0,0,0,0
38061,-6.41078167115903,-71.0,1113.0,7673,1050,13.684347712759026,13.150006516356052,0.5826656955571741,10348,1193,11.528797835330499,-2.155549877428527,53.912,6.69,0.14954763171899946,0.0,-1.35,1825.286,38,4.86,8.945462952177666,4.203724786143103,1,0,0,0,0
38063,-1.8247113163972295,-17.0,866.0,3126,858,27.447216890595012,16.442738323736407,0.46704722366372603,2864,793,27.68854748603352,0.24133059543850877,39.071,5.11,0.3405698778833107,0.0,-3.72,981.776,38,4.86,8.047509510981422,3.1840256840664267,1,0,0,0,0
38065,-23.515,-94.0,400.0,1846,308,16.68472372697725,19.014084507042252,0.5524861878453038,1962,487,24.821610601427118,8.136886874449868,62.308,9.21,0.0,0.0,-2.18,722.512,38,4.86,7.520776415062797,2.5549748654693625,1,0,0,0,0
38067,-10.241069258809237,-169.0,1646.0,7413,1489,20.086334817213004,15.756104141373264,1.0106245141228298,6850,1583,23.10948905109489,3.023154233881886,48.502,7.18,0.0,0.0,-5.18,1118.696,38,4.86,8.910990494656719,6.626465098650573,1,0,0,0,0
38069,5.335336787564766,52.0,965.0,4357,1029,23.617167775992655,13.747991737434015,0.09095043201455207,4061,975,24.008864811622754,0.3916970356300986,37.091,7.71,0.24562584118438763,0.0,-2.72,1018.456,38,4.86,8.379539026117442,4.27804441232611,1,0,0,0,0
38071,1.7714285714285714,37.0,2016.0,11451,2072,18.094489564230198,13.422408523273077,0.3027604630454141,11521,2287,19.850707403871194,1.7562178396409962,41.792,8.53,0.23218797372410308,0.0,-3.1,1186.945,38,4.86,9.34583234141334,9.647456284832069,1,0,0,0,0
38073,10.301233299075024,100.0,973.0,5457,1084,19.86439435587319,14.586769287154114,0.30120481927710846,5258,1102,20.958539368581206,1.0941450127080152,46.044,8.72,0.25334957369062117,0.17600487210718635,-4.21,862.357,38,4.86,8.604654467186231,6.328005686739947,1,0,0,0,0
38075,-9.237773722627738,-51.0,548.0,2470,502,20.323886639676115,14.17004048582996,1.0101010101010102,2387,448,18.7683284457478,-1.555558193928313,49.583,6.49,0.0,0.0,-2.7,877.053,38,4.86,7.8119734296220225,2.816249417081978,1,0,0,0,0
38077,-14.944295302013424,-424.0,2831.0,16321,2424,14.852031125543776,12.781079590711354,0.7330401172864187,16245,2906,17.888581101877502,3.036549976333726,47.131,9.34,0.11377345844504022,0.0,-3.81,1435.763,38,4.86,9.700207901150696,11.36747499413204,1,0,0,0,0
38079,-7.6370786516853935,-117.0,1513.0,13937,1398,10.030853124775776,10.07390399655593,0.37230081906180196,14437,1697,11.754519637043707,1.7236665122679309,28.265,5.67,0.21254071661237786,0.0,-2.21,903.075,38,4.86,9.54230245311951,15.432826730891675,1,0,0,0,0
38081,-17.316284403669723,-151.0,872.0,3829,727,18.98668059545573,15.722120658135283,1.9461077844311379,3899,893,22.903308540651448,3.9166279451957173,49.318,7.46,0.050119331742243436,0.0,-3.61,858.506,38,4.86,8.250358951477294,4.460073662851512,1,0,0,0,0
38083,-25.38764258555133,-133.0,526.0,1321,396,29.977289931869795,16.578349735049205,0.5592841163310962,1289,409,31.7300232738557,1.7527333419859055,37.727,4.87,0.0,0.0,-1.89,972.383,38,4.86,7.186144304522325,1.358518197047871,1,0,0,0,0
38085,-8.757763975155282,-27.0,322.0,4153,294,7.0792198410787375,7.512641464001926,0.07627765064836003,4339,371,8.550357225167089,1.471137384088351,30.99,7.18,0.0,0.0,-0.96,1094.094,38,4.86,8.331586243630754,3.7958347271806625,1,0,0,0,0
38087,-24.514689265536724,-43.0,177.0,727,135,18.56946354883081,18.707015130674005,0.0,788,211,26.776649746192895,8.207186197362084,43.625,5.29,0.0,0.0,-0.78,1214.888,38,4.86,6.588926477533519,0.5984090714535003,1,0,0,0,0
38089,8.780906515580735,310.0,3530.0,24199,3875,16.0130583908426,11.736022149675607,0.16767582673497905,31164,4091,13.127326402259017,-2.885731988583581,49.536,11.53,0.17473069198466315,0.08909987219280628,-1.74,1334.788,38,4.86,10.094066588976938,18.12947074741457,0,0,0,0,0
38091,-15.826640926640929,-82.0,518.0,1975,441,22.329113924050635,15.08860759493671,0.25619128949615716,1817,397,21.849201981287834,-0.4799119427628007,44.191,6.31,0.0,0.26171875,-3.56,712.209,38,4.86,7.5883236773352225,2.773062401626489,1,0,0,0,0
38093,-5.273759239704329,-201.0,3788.0,21100,3618,17.14691943127962,13.701421800947866,0.33461772459947275,20879,3988,19.100531634656832,1.9536122033772116,44.62,9.15,0.2983897469602366,0.0866469492825063,-1.79,2221.749,38,4.86,9.957028319464158,9.497022390918147,1,0,0,0,0
38095,-7.49358108108108,-44.0,592.0,2246,552,24.577025823686554,16.51825467497774,0.4140786749482402,2191,537,24.509356458238248,-0.0676693654483067,43.684,4.88,0.0,0.06401384083044982,-3.99,1024.558,38,4.86,7.716906135298388,2.1921648164379177,1,0,0,0,0
38097,7.764802867383512,109.0,1395.0,8121,1521,18.729220539342446,13.003324713705208,0.21164021164021166,7999,1566,19.57744718089761,0.8482266415551649,44.29,8.9,0.23381155486622723,0.1423032183016673,-5.12,861.949,38,4.86,9.002208578282412,9.421671119753025,1,0,0,0,0
38099,-0.9942436412315933,-23.0,2241.0,11119,2237,20.11871571184459,14.425757712024462,0.4728992360858494,10642,2255,21.18962601014847,1.070910298303879,44.139,6.43,0.1980225988700565,0.14689265536723164,-3.95,1281.669,38,4.86,9.31641063570325,8.675406832809406,1,0,0,0,0
38101,7.258273769386378,542.0,7415.0,61675,8026,13.013376570733683,10.334819618970409,0.2766975770266228,68962,8698,12.612743249905744,-0.40063332082793934,48.793,11.82,0.19158151465455617,0.025945082208485765,-2.01,2013.004,38,4.86,11.029633941397558,30.63828983946381,0,0,0,0,0
38103,-1.9092382495948137,-24.0,1234.0,4207,1221,29.02305681007844,14.47587354409318,0.6852075775896815,3889,1053,27.07636924659295,-1.94668756348549,40.136,5.57,0.3420855213803451,0.0,-2.27,1270.627,38,4.86,8.344505083590521,3.31096379976185,1,0,0,0,0
38105,0.1135536688902365,2.0,3298.0,22398,3328,14.858469506205912,12.89400839360657,0.34403669724770647,36044,3382,9.382976362223948,-5.475493143981964,55.396,9.38,0.13847312435281936,0.020333239197966677,-2.01,2077.945,38,4.86,10.016726948142638,10.778918595054247,1,0,0,0,0
39001,6.500914866581956,256.0,3935.0,28550,4230,14.816112084063047,12.893169877408056,0.5856064108491292,27685,4956,17.901390644753477,3.08527856069043,32.791,9.76,0.2876908396946565,0.0,-1.84,583.867,39,5.92,10.259412215084156,48.89812234635628,0,0,0,0,0
39003,-1.1003363797918255,-183.0,15756.0,106331,15697,14.762392905173469,12.631311658876527,0.39556434587435274,102808,18159,17.663022332892382,2.900629427718913,43.632,10.48,0.25243427981858435,0.1531930443006685,-2.37,402.504,39,5.92,11.57431214928444,264.1737721861149,0,1,0,0,0
39005,4.773077889447236,382.0,7960.0,53139,8416,15.837708650896703,12.74581757278082,0.3974526895804164,53533,9954,18.594138195131972,2.756429544235269,44.542,12.85,0.1624575198240821,0.2356900113280469,-2.84,422.961,39,5.92,10.880666400920706,125.63569690822558,0,1,0,0,0
39007,1.8830302245809334,292.0,15451.0,101497,15877,15.642826881582709,13.44768810900815,0.6377578689342502,97416,18686,19.1816539377515,3.53882705616879,42.139,11.85,0.24541578707727968,0.23821350221449564,-0.92,702.073,39,5.92,11.527784520376926,144.56758770099407,0,1,0,0,1
39009,1.7471392643822696,115.0,6362.0,64757,6538,10.096205815587505,9.835230168167149,0.37900322152738297,65945,8514,12.910758965804837,2.814553150217332,31.559,11.41,0.2419661231597277,0.022479024853569732,-0.01,503.627,39,5.92,11.078397081826632,128.581271456852,0,1,0,0,0
39011,8.588000620925179,557.0,6442.0,45949,7061,15.36703736751616,12.818559707501795,0.5003829461322441,45709,8346,18.25898619527883,2.89194882776267,52.018,12.5,0.13099597766704688,0.38536351083628506,-3.25,401.394,39,5.92,10.735287364761383,114.47355964463843,0,1,0,0,0
39013,5.864293085655315,683.0,11628.0,70400,12419,17.640625,14.588068181818182,0.5238506101318872,67424,14007,20.77450166112957,3.1338766611295696,38.32,8.52,0.24943469365780122,0.05766124690427479,0.13,532.126,39,5.92,11.161948542146133,132.2994929772272,0,1,0,0,0
39015,20.044452773613195,1071.0,5336.0,44846,6469,14.424920840208713,12.872942960353209,0.6528159162737682,43508,8033,18.463271122552175,4.038350282343462,45.887,12.41,0.23965071151358344,0.09864165588615782,-0.08,490.017,39,5.92,10.710989677333476,91.51927382111234,0,0,0,0,0
39017,4.820255242928576,1931.0,40197.0,368130,42484,11.54048841441882,11.651318827588081,0.2839357131777195,382129,56487,14.782180886559251,3.241692472140432,54.788,16.06,0.11416975765539496,0.13793017414879993,-1.65,466.621,39,5.92,12.816191415638704,788.9272021619258,0,1,0,0,0
39019,-2.2828612479474546,-112.0,4872.0,28836,4803,16.656263004577614,14.634484671937855,0.4380201489268506,27195,5782,21.26126126126126,4.604998256683647,43.148,11.03,0.18065580532068468,0.2623221282738709,0.01,394.608,39,5.92,10.269379885524469,73.07505169687386,0,0,0,0,0
39021,-1.3892918825561313,-83.0,5790.0,40097,5758,14.360176571813351,12.736613711749008,0.42972247090420773,38861,7156,18.414348575692856,4.054172003879504,49.246,12.49,0.12504402958788305,0.35728542914171657,-2.35,428.994,39,5.92,10.59905679752845,93.46750770407044,0,0,0,0,0
39023,0.5692592927557202,127.0,22114.0,138333,22422,16.20871375593676,13.565815821242943,0.34842638271544635,134409,26076,19.40048657455974,3.1917728186229795,44.141,10.99,0.21169067400816086,0.12730445897448503,-2.03,396.862,39,5.92,11.837419100903269,348.56700817916555,0,1,0,0,0
39025,11.399656440530341,2365.0,20666.0,197363,23244,11.777283482719659,12.61887993190213,0.363271176353898,205616,33587,16.334818302077657,4.557534819357999,58.472,16.2,0.12329749103942653,0.09970878136200717,-0.06,452.11,39,5.92,12.192799951736271,436.53756829090264,0,1,0,0,0
39027,7.376449275362319,387.0,5244.0,42040,5684,13.52045670789724,12.728353948620361,0.3970661225390173,42000,7113,16.935714285714283,3.4152575778170426,46.261,12.56,0.1530551856783548,0.21430685012575826,-2.07,408.685,39,5.92,10.646376824990888,102.8665108824645,0,0,0,0,0
39029,1.9609829430471233,342.0,17295.0,107841,17793,16.49929062230506,14.11429790154023,0.40774719673802245,102514,20808,20.297715433989506,3.798424811684445,39.502,9.74,0.23300970873786409,0.20722716835193167,-0.25,531.927,39,5.92,11.588413199100172,202.73646571804025,0,1,0,0,0
39031,2.4114004829251465,139.0,5798.0,36901,5992,16.238042329476166,13.343811820817864,0.3747355696585071,36558,7040,19.25707095574156,3.0190286262653956,39.469,9.48,0.2090111301369863,0.2842465753424658,-0.64,563.945,39,5.92,10.515993929932415,65.43368590908688,0,0,0,0,0
39033,0.0707901554404145,5.0,7720.0,43784,7796,17.805591083500822,13.431847250137036,0.39172906232954824,41603,8596,20.661971492440447,2.856380408939625,41.228,9.38,0.17918029963836749,0.3077320475288445,-3.71,401.786,39,5.92,10.687023732823754,108.97343361889165,0,0,0,0,0
39035,-8.411390420711376,-18301.0,215611.0,1280122,198541,15.50953737221921,12.819949973518149,0.3789225154922374,1241475,225523,18.1657302805131,2.656192908293889,43.603,13.72,0.21425236464811367,0.10648221670276897,-0.63,457.185,39,5.92,14.062465943853852,2800.0087491934337,0,1,0,0,1
39037,5.034133016627078,430.0,8420.0,52959,8929,16.86021261730773,12.706055627938595,0.48834139903211615,51387,10013,19.485472979547357,2.6252603622396258,44.28,11.46,0.16078646297184354,0.27313831609234773,-3.31,598.1,39,5.92,10.877273308257394,88.54539374686507,0,0,0,0,0
39039,0.06279310344827599,5.0,5800.0,39037,5857,15.003714424776494,13.179803775904912,0.567876143224341,38024,7079,18.617189143698717,3.613474718922223,44.48,10.84,0.1802762854950115,0.2372985418265541,-2.6,411.45,39,5.92,10.572265193312061,94.8766557297363,0,0,0,0,0
39041,37.21088287079735,4440.0,11927.0,174214,16517,9.480868357307678,11.400920706717026,0.4203199855373769,205454,28195,13.723266521946517,4.242398164638839,87.908,25.27,0.07943939348174102,0.08540489926601626,-1.6,443.16,39,5.92,12.068039707565054,393.11760989258954,0,1,0,0,0
39043,0.5064184559159433,65.0,13134.0,77079,13305,17.26151091737049,14.81596803279752,0.36728762055753733,74419,16184,21.747134468348136,4.485623550977646,46.593,13.81,0.1762053539728751,0.19193353688844705,-0.91,251.435,39,5.92,11.252586148910154,306.5563664565395,0,1,0,0,1
39045,11.953319994998125,1919.0,15994.0,146156,18075,12.366923013766112,12.115137250608939,0.24707345749484552,156204,24611,15.755678471742081,3.3887554579759698,56.796,16.72,0.19663129318854886,0.13592053307008883,-0.17,504.41,39,5.92,11.892429823408651,289.7563490018041,0,1,0,0,0
39047,6.115684340320591,248.0,4055.0,29030,4345,14.967275232518084,12.955563210471926,0.5593634286614669,28609,5006,17.497990142962006,2.5307149104439226,39.599,11.22,0.14856349460642956,0.18092491722738438,-3.2,406.361,39,5.92,10.276085057018676,71.43894222132538,0,0,0,0,0
39049,-2.074484610793759,-2427.0,117290.0,1163414,115706,9.945384875891127,10.475806548657658,0.2826326951019185,1304715,156727,12.012355188681052,2.066970312789925,49.087,15.53,0.16562128055189249,0.05242871596844391,-2.43,532.413,39,5.92,13.966869344080738,2185.172037497206,0,1,0,0,0
39051,3.361293688054252,196.0,5751.0,42698,6000,14.052180429996723,13.080237950255281,0.34468891825127823,42186,7613,18.046271274830513,3.9940908448337904,50.717,13.4,0.1491299069202752,0.4193309051665992,-3.29,405.446,39,5.92,10.66190735971227,105.31118817302426,0,0,0,0,0
39053,2.8348886086591008,136.0,4758.0,30934,4940,15.969483416305682,12.655977241869786,0.39497307001795334,29995,5605,18.686447741290216,2.7169643249845343,37.409,9.81,0.0,0.05079265748852733,-1.02,466.531,39,5.92,10.339611181598086,66.30641908040408,0,0,0,0,0
39055,0.31116548975739294,44.0,14303.0,93389,14474,15.498613327051366,14.524194498281382,0.3116968338163723,93657,19055,20.34551608528994,4.846902758238574,65.663,23.09,0.13643374463519314,0.3340598175965665,-2.45,400.301,39,5.92,11.444528844261875,233.29694404960267,0,1,0,0,0
39057,4.462474858730007,937.0,20882.0,161573,21998,13.614898528838356,12.544793994046035,0.296009730220835,167867,28667,17.077209934054938,3.4623114052165818,56.679,16.0,0.12337447880113941,0.07199768814762829,-1.97,413.624,39,5.92,11.992712331901926,390.6277198615167,0,1,0,0,0
39059,-1.2192928039702233,-78.0,6448.0,40087,6426,16.03013445755482,13.615386534287923,0.5991767832022091,38996,7582,19.44301979690225,3.4128853393474294,37.573,9.08,0.2228514323784144,0.21568954030646237,0.55,522.254,39,5.92,10.598807371207691,76.75766963967725,0,0,0,0,0
39061,-8.888594121229275,-10445.0,116589.0,802374,106863,13.31835278810131,11.956892920259131,0.4094190224822718,815790,125679,15.405802963998088,2.0874501758967785,48.234,14.82,0.19174908768648843,0.09825222275775217,-1.39,405.945,39,5.92,13.595330112313256,1976.558400768577,0,1,0,0,0
39063,3.6828333333333334,380.0,10200.0,74782,10673,14.272151052392287,12.493648204113288,0.3798155181768855,75765,13027,17.19395499241074,2.921803940018455,49.07,13.04,0.1373019153920353,0.24952459694088466,-2.63,531.313,39,5.92,11.222332493292477,140.7494264209609,0,1,0,0,0
39065,-0.6597904540162981,-28.0,4295.0,32058,4303,13.422546634225466,11.457358537650508,0.6870229007633588,31393,5030,16.022680215334628,2.600133581109162,41.343,10.27,0.10181818181818182,0.2190909090909091,-3.57,470.405,39,5.92,10.375302041185826,68.14978582285478,0,0,0,0,0
39067,3.273371924746743,89.0,2764.0,15864,2880,18.15431164901664,15.021432173474533,0.4528763769889841,15132,3270,21.60983346550357,3.455521816486929,35.363,8.18,0.2528548123980424,0.14396411092985317,-0.01,402.331,39,5.92,9.671807670199632,39.43022039067335,0,0,0,0,0
39069,-2.467548620533695,-110.0,4422.0,28215,4349,15.41378699273436,12.560694665957826,0.6018557218089108,27068,5002,18.479385251958032,3.0655982592236715,48.367,11.98,0.16453240201785022,0.3328159358427112,-2.68,416.01,39,5.92,10.24760903040324,67.82288887286363,0,0,0,0,0
39071,9.663008198092689,579.0,5977.0,43589,6618,15.182729587740026,12.358622588267682,0.8875128998968008,43080,7879,18.289229340761374,3.106499753021348,39.844,10.62,0.21638141809290953,0.21222493887530564,-1.49,553.084,39,5.92,10.682560103927765,78.81081354730928,0,0,0,0,0
39073,2.4871316758747692,108.0,4344.0,29380,4491,15.285908781484004,13.757658270932607,0.7155101736602818,28306,5340,18.86525824913446,3.579349467650456,39.586,11.4,0.2075623491552695,0.1568785197103781,-0.68,421.327,39,5.92,10.288069449727868,69.73206084585132,0,0,0,0,0
39075,4.021277061010277,186.0,4573.0,42366,4801,11.332200349336732,9.755464287400274,0.17561832284501683,43954,6037,13.734813668835603,2.4026133194988706,43.533,15.46,0.09370980190378184,0.35535117056856186,-0.95,422.552,39,5.92,10.654101432744401,100.26221624794108,0,0,0,0,0
39077,1.0788689724816964,87.0,7922.0,59626,8084,13.557843893603462,12.518029047730856,0.38895062708366407,58271,10029,17.210962571433473,3.6531186778300118,47.058,12.15,0.14947197400487408,0.31321805732853664,-3.09,491.495,39,5.92,10.995846999538472,121.31557798146471,0,1,0,0,0
39079,4.698691630949696,209.0,4433.0,33225,4690,14.115876598946574,13.399548532731377,0.747240693768424,32440,5558,17.13316892725031,3.0172923283037356,34.044,8.86,0.1586176340274701,0.35700044306601686,-1.28,420.31,39,5.92,10.411057883581446,79.04879731626656,0,0,0,0,0
39081,-3.324532192774765,-442.0,13093.0,69709,12756,18.298928402358374,14.909122208036266,0.5696703832328033,65943,14174,21.494320852857772,3.195392450499398,37.527,8.48,0.20871274834437087,0.07388245033112582,-0.77,408.124,39,5.92,11.152084713233384,170.80348129490056,0,1,0,0,0
39083,11.937012823736485,951.0,7954.0,60921,8987,14.751891794290966,12.471889824526846,0.2747033999522255,61776,11109,17.98271173271173,3.2308199384207654,45.655,13.47,0.15397001665741256,0.24153248195446975,-2.89,525.505,39,5.92,11.017333221844828,115.92848783551061,0,1,0,0,0
39085,3.039592123769339,1094.0,35550.0,230041,36965,16.068874678861594,13.685821223173262,0.2796387423173455,229755,45868,19.96387456203347,3.8949998831718773,54.896,15.81,0.13139795844494317,0.21439947875190038,-0.42,229.27,39,5.92,12.346012832888317,1003.3628472979456,0,1,0,0,1
39087,0.6197262563995403,58.0,9571.0,62450,9717,15.55964771817454,13.10968775020016,0.5542875774372351,59901,11152,18.61738535249829,3.0577376343237486,36.461,9.23,0.25498673479414363,0.08312862336641447,-1.08,453.371,39,5.92,11.042121515553724,137.745907876772,0,1,0,0,0
39089,7.284111416241664,1496.0,20392.0,166492,22087,13.266102875813854,12.55555822501982,0.2713195075839575,175409,28771,16.402237057391584,3.136134181577731,53.291,15.26,0.15226746826409462,0.1477476698168292,-0.55,682.438,39,5.92,12.022702539200242,243.9664848674898,0,1,0,0,0
39091,-2.835092807424594,-195.0,6896.0,45858,6760,14.741157486152906,13.367351389070608,0.5133514516198612,45315,8187,18.066865276398545,3.325707790245639,46.493,12.45,0.14008415908782407,0.0,-1.38,458.444,39,5.92,10.73330494447094,100.02966556438736,0,0,0,0,0
39093,9.096775839200081,3582.0,39204.0,301356,43131,14.312308366184844,13.129985797528503,0.46758399193929284,309134,56737,18.353529537352735,4.041221171167891,52.066,14.74,0.1793073548913598,0.18028919718453534,-0.33,491.214,39,5.92,12.616047569116166,613.4922864576336,0,1,0,0,1
39095,-5.551898879915788,-3409.0,60799.0,441815,57809,13.084435793261887,12.30990346638299,0.31140502393525143,430319,69910,16.246087205073444,3.1616514118115564,42.072,12.24,0.22685944491329757,0.09845915404744086,-0.87,340.71,39,5.92,12.998646521406284,1296.7479674796748,0,1,0,0,1
39097,5.934378721714966,300.0,5038.0,43435,5389,12.407045009784735,11.849890641187983,0.3638873204090595,44248,6831,15.43798589766769,3.030940887882956,50.533,14.68,0.12322834645669291,0.25905511811023624,-3.07,465.832,39,5.92,10.679020846694021,93.24176956499339,0,0,0,0,0
39099,-1.8411830047209108,-829.0,43212.0,238823,42702,17.88018741913467,14.13850424791582,0.37019484409789594,228452,47841,20.9413793707212,3.0611919515865296,40.123,9.84,0.20755577423884214,0.09010284781643405,-1.72,411.506,39,5.92,12.383477970770473,580.3633482865378,0,1,0,0,0
39101,0.1561485909479076,17.0,9368.0,66501,9468,14.237379889024226,13.11408850994722,0.4383128547819214,65179,11546,17.714294481351356,3.4769145923271303,40.511,9.85,0.20871065114273393,0.306022710938623,-3.93,403.757,39,5.92,11.104972264124868,164.70550355783305,0,1,0,0,0
39103,12.394103773584906,2474.0,19928.0,172332,22601,13.114801661908409,13.153680105842211,0.335352192075859,179116,32011,17.871658589964046,4.756856928055637,66.193,18.49,0.1477503040129712,0.15626266720713416,-3.16,421.394,39,5.92,12.05717812784862,408.95693816238486,0,1,0,0,0
39105,2.535658699277377,90.0,3598.0,23770,3725,15.671013883045855,13.937736642827092,0.8399606826914485,22974,4517,19.66135631583529,3.9903424327894363,33.407,8.07,0.0,0.0,-3.23,430.102,39,5.92,10.07617956035424,55.265960167588155,0,0,0,0,0
39107,5.819078278549645,346.0,5902.0,40814,6304,15.445680403783015,12.777478316264027,0.43101003799693755,41034,7254,17.678023102792807,2.2323426990097914,49.719,12.56,0.13367475692124992,0.2515401172715802,-1.88,462.444,39,5.92,10.61678043878903,88.25717276037747,0,0,0,0,0
39109,1.9811342971151957,306.0,15287.0,102506,15731,15.346418746219733,13.4548221567518,0.2869667389732466,106074,19823,18.687897128419785,3.3414783822000516,51.507,13.77,0.15026801126555828,0.2706459525756337,-2.33,406.51,39,5.92,11.537676612432767,252.16107844825467,0,1,0,0,0
39111,-0.006287744227352753,0.0,2815.0,14642,2838,19.38259800573692,15.148203797295452,0.5946874587022598,13827,3290,23.794026180661028,4.411428174924108,37.03,8.69,0.08914100486223663,0.0,-0.21,455.723,39,5.92,9.591649390206587,32.12916618208868,0,0,0,0,0
39113,-2.6623293551468543,-2233.0,82701.0,535153,81041,15.1435197037109,12.718418844704225,0.34147777450691785,531988,95292,17.912434115055227,2.7689144113443263,43.965,11.91,0.23105074410296678,0.11148457840287632,-2.23,461.491,39,5.92,13.190307966301695,1159.6174139907387,0,1,0,0,0
39115,0.04709976798143894,0.0,2586.0,15054,2611,17.34422744785439,14.002922811212967,0.3167764825139382,14557,3153,21.659682626914886,4.315455179060496,34.962,8.6,0.21767497034400948,0.24851720047449585,0.28,416.426,39,5.92,9.619399015594476,36.15048051754694,0,0,0,0,0
39117,1.355225185832969,60.0,4574.0,34827,4680,13.437849944008958,12.921009561547075,0.33203814906393503,35148,6165,17.540116080573576,4.102266136564618,49.891,13.13,0.23771834061135372,0.0,-2.67,406.134,39,5.92,10.458148227006145,85.7524856328207,0,0,0,0,0
39119,3.9095132039452754,496.0,12572.0,86074,13184,15.317052768547992,12.624021191068149,0.6592425277091979,86033,15149,17.608359582950726,2.291306814402734,39.538,11.11,0.2258655431397692,0.12841179703242353,0.42,664.544,39,5.92,11.362962670364041,129.52340251360332,0,1,0,0,0
39121,52.96526582278481,1046.0,1975.0,14645,3042,20.771594400819392,18.90064868555821,0.3469354039319346,14410,3953,27.4323386537127,6.660744252893309,39.5,8.86,0.2625482625482625,0.0,0.63,398.012,39,5.92,9.591854259261833,36.79537300382903,0,0,0,0,0
39123,5.999864001087992,445.0,7353.0,41428,7868,18.991986096359952,16.085739113642948,0.27231359059801497,40557,10277,25.339645437285796,6.347659340925844,53.463,14.22,0.17145151575988757,0.21260791005822124,-1.41,254.739,39,5.92,10.63171225970877,162.62920086833975,0,1,0,0,1
39125,-4.151447587354409,-125.0,3005.0,19614,2907,14.82104619149587,13.495462424798612,0.5257743742141959,18742,3511,18.733326219186853,3.912280027690983,46.459,8.96,0.19237385321100917,0.32081422018348627,-2.67,416.435,39,5.92,9.883998875952265,47.099787481839904,0,0,0,0,0
39127,1.3297979797979802,59.0,4554.0,36058,4658,12.918076432414443,12.751677852348994,0.5916770758004076,36076,6081,16.8560816054995,3.938005173085058,42.388,10.04,0.20464630644740275,0.18611328634821195,0.2,407.934,39,5.92,10.492884032102145,88.39174964577603,0,0,0,0,0
39129,1.3618959107806694,96.0,6994.0,55698,7156,12.84785809185249,12.027361844231391,0.27262044653349005,58112,9071,15.609512665198238,2.761654573345748,49.262,14.48,0.23438400922544686,0.19738612339035172,-2.21,501.236,39,5.92,10.927699518627987,111.12130812631176,0,0,0,0,0
39131,10.696974522292994,404.0,3768.0,28709,4212,14.671357414051341,12.511755895363825,0.6009133883502924,27914,4901,17.557498029662536,2.886140615611195,35.912,9.64,0.2426026792286177,0.25364345649933756,-0.79,440.282,39,5.92,10.26496594143918,65.20593619543838,0,0,0,0,0
39133,3.8543609628361364,779.0,19858.0,161419,20819,12.897490382173102,12.324447555740031,0.36311358785866726,162476,26780,16.4824343287624,3.5849439465893003,50.447,15.71,0.12933552615429933,0.21571467144505266,-2.17,487.404,39,5.92,11.99175874783997,331.1811146400112,0,1,0,0,0
39135,-1.3316196965004643,-88.0,6458.0,42270,6428,15.207002602318429,13.756801514076178,0.5646243291592129,40995,7848,19.143798024149287,3.9367954218308583,49.78,12.35,0.1377194059162882,0.3613600098195655,-1.97,424.226,39,5.92,10.651832893560835,99.64028607393229,0,0,0,0,0
39137,1.0796483971044468,51.0,4835.0,34499,4930,14.290269283167628,12.078610974231136,0.44425023669069985,33836,5871,17.351341766166215,3.0610724829985863,56.573,13.02,0.12403463608705827,0.29452375380294876,-3.7,482.544,39,5.92,10.448685617092117,71.4939984747505,0,0,0,0,0
39139,-1.081065117881577,-225.0,20317.0,124475,20260,16.276360715003012,13.301466157863024,0.3718016813494753,121043,23602,19.498855778524987,3.2224950635219756,42.664,11.22,0.18750587792720774,0.18846985798927865,-2.88,495.197,39,5.92,11.731860171510384,251.3646084285648,0,1,0,0,0
39141,3.520287984111221,357.0,10070.0,78064,10520,13.476122156179546,12.544835007173601,0.33905686201318896,76816,12773,16.62804624036659,3.151924084187044,42.626,11.18,0.25323227819884087,0.16272848863129738,-1.1,689.187,39,5.92,11.26528428205562,113.2696931311821,0,0,0,0,0
39143,1.6361575704225353,149.0,9088.0,60944,9315,15.284523496980833,13.148135993699134,0.5039787798408488,58801,11022,18.744579173823574,3.4600556768427406,48.056,11.63,0.15659143829482358,0.3916801003044958,-2.54,408.455,39,5.92,11.017710688718385,149.20615490078467,0,1,0,0,1
39145,3.942093161883675,464.0,11743.0,79499,12317,15.493276644989246,12.514622825444347,0.5535703825200633,75441,13707,18.169165307989026,2.67588866299978,32.812,8.5,0.36626718948472964,0.09090407024907494,-0.97,610.23,39,5.92,11.28349972194696,130.27710863117184,0,1,0,0,0
39147,0.3217339097022096,26.0,8328.0,56745,8425,14.847123094545776,13.047845625165214,0.3689577978608739,55251,9858,17.84221100070587,2.9950879061600943,42.573,10.11,0.18530274899682578,0.20919925735162004,-3.37,551.026,39,5.92,10.946322825735239,102.98062160406225,0,0,0,0,0
39149,-2.516187384044527,-162.0,6468.0,49423,6362,12.872549217975438,12.271614430528297,0.4659693649928122,48610,8078,16.617979839539192,3.745430621563754,48.475,12.45,0.09029805775738191,0.4569137347610439,-2.44,407.696,39,5.92,10.80817118186853,121.22512852713785,0,1,0,0,0
39151,2.379694193745026,1426.0,59057.0,375586,60978,16.235429435601965,13.528992028456866,0.36861059831129134,371516,72224,19.440347118293694,3.204917682691729,44.941,12.8,0.20634083891859326,0.16505760975977107,-2.5,575.317,39,5.92,12.836242751926143,652.8331337332288,0,1,0,0,0
39153,-0.04760568768730473,-40.0,78415.0,541781,78968,14.575631112940467,13.201644206792043,0.29456282715036985,540810,96986,17.933470165122685,3.357839052182218,47.926,14.12,0.18764296077483106,0.10977209057123313,-2.4,412.813,39,5.92,13.202617139727343,1312.4126420437342,0,1,0,0,0
39155,-2.5071235008451613,-950.0,37271.0,210312,36617,17.410799193579063,14.346304538019705,0.4294791135883864,199144,42832,21.508054473145062,4.097255279565999,42.296,10.25,0.17678156358070185,0.2022223482056806,-2.12,618.039,39,5.92,12.256347421403797,340.28920505016674,0,1,0,0,0
39157,6.353728597707656,904.0,14134.0,92582,15172,16.387634745414875,13.42269555637165,0.4576431378401234,92165,17999,19.529105408777735,3.1414706633628597,42.081,11.09,0.1772082316968427,0.24121345380836226,-0.33,567.432,39,5.92,11.435850017289921,163.15963851175118,0,1,0,0,0
39159,4.0200212539851226,191.0,4705.0,52300,4943,9.451242829827915,10.353728489483748,0.2985228267023522,57871,7069,12.215099099721796,2.7638562698938802,68.452,17.48,0.07388736857266312,0.2795141389408997,-3.5,431.75,39,5.92,10.864751650053014,121.13491603937464,0,1,0,0,0
39161,0.36613356386427487,18.0,4627.0,28744,4688,16.309490676315058,12.910520456443084,0.5707491082045184,28213,5302,18.79275511289122,2.483264436576164,44.415,8.81,0.19262795603419564,0.32419229488175866,-3.6,409.153,39,5.92,10.266184328793354,70.252448350617,0,0,0,0,0
39163,3.190465631929047,57.0,1804.0,13435,1879,13.985857834015631,13.20431708224786,0.4291845493562232,13045,2283,17.50095822154082,3.515100387525189,34.242,8.73,0.19304005252790546,0.0,-0.64,412.356,39,5.92,9.505618521049591,32.58107072529562,0,0,0,0,0
39165,30.13169768107644,5268.0,17465.0,212693,22936,10.783617702510192,11.148932969115108,0.30712074303405573,232540,33578,14.439666293970928,3.6560485914607366,71.274,19.47,0.12189106427789555,0.13833811364675563,-1.09,401.25,39,5.92,12.267605090444613,530.0760124610592,0,1,0,0,0
39167,5.8270567270567275,596.0,10101.0,61778,10794,17.472239308491698,14.391854705558613,0.4406528712941093,60217,12583,20.896092465582807,3.4238531570911093,41.654,11.08,0.21645367412140576,0.15518699492576582,0.21,631.974,39,5.92,11.031302593012333,97.75402152620202,0,0,0,0,0
39169,7.349623425529152,1136.0,15402.0,114520,16687,14.571253929444639,12.560251484456863,0.2966388204244553,116063,20628,17.773105985542333,3.201852056097694,48.375,13.68,0.1571396920350061,0.2731527639304309,-3.22,554.866,39,5.92,11.64850475921205,206.39217396632702,0,1,0,0,0
39171,2.041824705279344,123.0,5853.0,37642,6031,16.021996705807343,12.876574039636576,0.4019678425725942,36760,6918,18.81936887921654,2.7973721734091974,44.538,10.19,0.14412368112543963,0.44101699882766704,-2.97,420.66,39,5.92,10.53587572725051,89.48319307754481,0,0,0,0,0
39173,4.6875291695264245,683.0,14570.0,125488,15389,12.263323983169705,12.067289302562795,0.34472422062350117,130662,19874,15.210237100304603,2.9469131171348977,53.298,15.46,0.10695674830640958,0.21923310752127845,-2.8,617.197,39,5.92,11.739965415452447,203.31919954244754,0,1,0,0,0
39175,1.7737988826815645,65.0,3580.0,22615,3680,16.272385584788857,12.973690028741986,0.4761904761904762,21907,4221,19.26781394074953,2.995428355960673,47.216,10.75,0.09560841720036596,0.34324489173528516,-3.19,406.864,39,5.92,10.026368681911944,55.583683982854225,0,0,0,0,0
40001,6.096148255813953,168.0,2752.0,22683,2934,12.934796984525857,11.502005907507826,0.5906803762852767,22171,3477,15.682648504803574,2.7478515202777167,29.811,7.41,0.15698994485890366,0.3383068439831333,1.0,573.679,40,5.5,10.02937102422638,39.53953343245962,0,0,1,0,0
40003,-14.705496987951808,-195.0,1328.0,5642,1142,20.241049273307336,13.204537398085787,3.0039811798769454,5791,1120,19.34035572439993,-0.9006935489074053,42.5,5.01,0.0,0.0,-0.17,866.455,40,5.5,8.637993891561942,6.511590330715386,1,0,1,0,0
40005,-0.2652594547053653,-7.0,2274.0,14182,2286,16.119024115075447,12.960090255253137,0.3485424588086185,13815,2706,19.587404994571116,3.468380879495669,31.179,6.83,0.20018885741265344,0.06562795089707271,3.2,975.519,40,5.5,9.559728833863941,14.537902388369679,1,0,1,0,0
40007,-21.15542388331814,-232.0,1097.0,5636,872,15.47196593328602,13.821859474804826,1.4606741573033708,5326,1022,19.188884716485166,3.716918783199146,49.743,6.68,0.0682800345721694,0.0,0.7,1814.688,40,5.5,8.636929873018572,3.1057680438731063,1,0,1,0,0
40009,4.201159311892296,112.0,2674.0,22119,2813,12.717573127175733,10.78258510782585,0.6426868456514979,21860,2985,13.655077767612076,0.9375046404363427,43.642,8.61,0.15722905546530516,0.0,-0.4,901.817,40,5.5,10.00419224665776,24.527149077917137,0,0,1,0,0
40011,-7.863778256189452,-148.0,1858.0,11943,1724,14.435234028301098,10.968768316168468,0.6932409012131715,9521,1746,18.338409830900115,3.9031758025990175,41.421,6.79,0.14735099337748345,0.0,-0.2,928.424,40,5.5,9.387900611668426,12.863734672951152,1,0,1,0,0
40013,21.063048245614034,1155.0,5472.0,42416,6680,15.748774047529235,11.93653338362882,0.4493005207801491,47325,8324,17.589012150026413,1.8402381024971781,37.23,8.57,0.21445461087694048,0.1009561015729413,2.03,904.509,40,5.5,10.655280928528807,46.89395019839493,0,0,1,0,0
40015,-5.342387011847301,-244.0,4558.0,29600,4343,14.672297297297296,11.844594594594595,0.6011719047256677,29179,4900,16.792899002707426,2.120601705410129,36.413,6.41,0.1626949740034662,0.0,0.95,1277.837,40,5.5,10.295529640312152,23.164143783596813,0,0,1,0,0
40017,17.816521739130433,1888.0,10580.0,115541,12576,10.884447944885366,11.370855367358773,0.5260860074219603,144610,19189,13.269483438213125,2.3850354933277593,60.489,13.16,0.12285993080812561,0.12166237913598865,-0.1,896.642,40,5.5,11.657380724309053,128.8596786677403,0,1,1,0,0
40019,4.666164853182292,311.0,6709.0,47557,7078,14.883192800218684,12.246357003175138,0.34991488556837524,48380,8166,16.878875568416703,1.9956827681980194,38.385,8.85,0.1854197274431329,0.15411115051421045,1.18,822.18,40,5.5,10.769684270598214,57.84256488846725,0,0,1,0,0
40021,11.16478375992939,635.0,5665.0,46987,6338,13.488837337987103,11.728776044437824,0.5732929387089257,48871,8174,16.72566552761351,3.236828189626408,32.322,9.71,0.276213432672291,0.0,2.39,749.3,40,5.5,10.757626246687856,62.707860669958635,0,0,1,0,0
40023,6.793413873733436,172.0,2566.0,15205,2759,18.145346925353504,13.73232489312726,0.2526259805876878,14727,3022,20.520133088884364,2.3747861635308603,27.549,6.83,0.303177784139708,0.0,0.29,770.357,40,5.5,9.629379600111465,19.737602176653162,0,0,1,0,0
40025,-11.633895446880269,-69.0,593.0,2475,530,21.41414141414141,14.747474747474747,1.1342155009451798,2159,534,24.733672996757758,3.319531582616346,34.096,5.64,0.0,0.0,1.56,1834.802,40,5.5,7.813995675002791,1.3489193929372216,1,0,1,0,0
40027,12.779481162821014,2949.0,23013.0,255755,26177,10.235186017868664,10.794705870852965,0.35107468923211954,282189,38024,13.474657056086523,3.239471038217859,52.688,13.18,0.18272788947822868,0.04844578759097077,1.06,538.892,40,5.5,12.451975233964898,474.59416729140526,0,1,1,0,0
40029,8.62151767151767,82.0,962.0,5925,1053,17.772151898734176,13.468354430379748,0.5338078291814947,5577,1181,21.1762596377981,3.4041077390639245,31.764,6.31,0.3184885290148448,0.08771929824561403,0.88,516.682,40,5.5,8.686935966003333,11.467401612597303,1,0,1,0,0
40031,1.025520499679692,126.0,12488.0,124098,12702,10.235459072668375,9.313606988025592,0.4611837048424289,121374,15354,12.650155717039894,2.414696644371519,44.012,9.99,0.18976272015655576,0.10206702544031311,2.29,1069.29,40,5.5,11.728826855027378,116.05644867154841,0,1,1,0,0
40033,-9.551562500000001,-110.0,1152.0,6193,1051,16.970773453899564,13.192313902793476,0.8952254641909815,5783,1129,19.52273906277019,2.551965608870624,44.144,7.21,0.0,0.0,0.88,632.654,40,5.5,8.731174900938061,9.788920958375352,1,0,1,0,0
40035,6.592947929479294,161.0,2439.0,15029,2621,17.439616740967463,12.715416860735912,0.6074974070232627,14274,2803,19.63710242398767,2.197485683020208,39.836,8.7,0.3286185761433286,0.128005657708628,-1.49,761.354,40,5.5,9.617736946934095,19.739831931007124,0,0,1,0,0
40037,6.949716874292187,678.0,9713.0,69967,10475,14.971343633427187,13.314848428544884,0.6148986929202648,71505,12664,17.710649604922732,2.7393059714955452,42.314,10.06,0.14262306274322387,0.2227759950843176,0.58,950.169,40,5.5,11.155778981302682,73.63637416080718,0,0,1,0,0
40039,7.155552282768777,245.0,3395.0,27469,3671,13.36415595762496,10.400815464705667,0.6309406751884629,28929,3867,13.367209374675932,0.0030534170509728398,42.108,9.0,0.157596601254299,0.12714950434958527,0.46,988.82,40,5.5,10.220813375077594,27.779575655832204,0,0,1,0,0
40041,13.075703427123615,977.0,7499.0,41487,8536,20.57511991708246,15.207173331405018,0.4633733580465791,42741,10591,24.779485739687885,4.204365822605425,34.383,9.24,0.19221698113207547,0.109375,0.72,738.132,40,5.5,10.633135404132767,56.20539415714263,0,0,1,0,0
40043,6.8062076749435665,60.0,886.0,4810,958,19.91683991683992,12.744282744282746,0.65439672801636,4885,932,19.078812691914024,-0.8380272249258951,39.94,7.32,0.0,0.0,0.16,999.485,40,5.5,8.478452363099807,4.812478426389591,1,0,1,0,0
40045,-9.14560185185185,-79.0,864.0,4151,792,19.079739821729707,15.562515056612863,1.1378555798687089,3936,911,23.145325203252032,4.065585381522325,43.032,6.68,0.21855146124523506,0.0,1.11,1231.514,40,5.5,8.33110454805304,3.3706478367278003,1,0,1,0,0
40047,4.019916450265327,360.0,8857.0,60580,9296,15.344998349290195,11.809177946517002,0.47706011702880996,61555,10015,16.2700024368451,0.925004087554905,40.636,8.21,0.19767180547440336,0.1103420378443975,-1.25,1058.491,40,5.5,11.011720084581228,57.232418603464744,0,0,1,0,0
40049,2.351399435886309,108.0,4609.0,27576,4758,17.254134029590947,12.514505366985784,0.3742106494113978,27789,4991,17.96034402101551,0.7062099914245614,37.785,7.44,0.16772196426058816,0.13915857605177995,0.38,802.063,40,5.5,10.224701108196701,34.38133912173981,0,0,1,0,0
40051,8.885278331544242,580.0,6521.0,52431,7162,13.659857717762392,12.399153172741318,0.8371213826004771,55315,9043,16.34818765253548,2.688329934773087,45.26,10.41,0.17737240442460703,0.15612264700174655,-0.25,1100.51,40,5.5,10.867253298434472,47.64245667917602,0,0,1,0,0
40053,-5.477755710029792,-56.0,1007.0,4527,962,21.25027612105147,13.49679699580296,0.8045052292839904,4369,929,21.263447013046463,0.013170891994992218,42.043,6.09,0.12330456226880394,0.0,-1.01,1000.871,40,5.5,8.417814747435958,4.523060414379076,1,0,1,0,0
40055,-0.42423398328690815,-5.0,1077.0,6239,1084,17.374579259496713,11.412085270075332,0.5843681519357196,5790,977,16.87392055267703,-0.5006587068196815,35.096,5.78,0.36380597014925375,0.0,0.74,639.325,40,5.5,8.738575192110787,9.758729910452429,1,0,1,0,0
40057,-7.786924493554328,-42.0,543.0,2922,506,17.31690622861054,13.175906913073238,3.173575129533679,2663,508,19.076229815996996,1.7593235873864543,31.679,4.44,0.26595744680851063,0.0,-0.46,537.194,40,5.5,7.980023592310645,5.439375719013988,1,0,1,0,0
40059,-0.517982456140351,-4.0,684.0,3685,686,18.616010854816825,12.157394843962008,2.410901467505241,3730,708,18.98123324396783,0.365222389151004,39.946,6.57,0.20207253886010362,0.0,0.51,1039.017,40,5.5,8.212025804623437,3.5466214701010665,1,0,1,0,0
40061,11.076411794102949,221.0,2001.0,12769,2242,17.558148641240503,13.28216775001958,0.3483742534837425,12688,2559,20.168663303909206,2.6105146626687024,37.474,7.22,0.3508771929824561,0.0,2.0,576.526,40,5.5,9.454775637424682,22.148177185417484,0,0,1,0,0
40063,0.86593591905565,19.0,2372.0,14003,2411,17.21773905591659,12.754409769335142,0.3396409509946628,13265,2498,18.831511496419147,1.613772440502558,32.677,6.57,0.34075273168757586,0.0,-0.05,804.649,40,5.5,9.547026871355778,17.402619030160977,0,0,1,0,0
40065,0.23299881936245576,7.0,3388.0,26446,3423,12.943356273160402,11.033804734175302,1.3331125279456817,24808,3733,15.04756530151564,2.1042090283552373,41.437,8.51,0.0,0.0,-0.05,802.651,40,5.5,10.182860197116769,32.948317512841825,0,0,1,0,0
40067,3.319392917369308,38.0,1186.0,6472,1239,19.144004944375773,13.488875154511742,0.5624629958555358,6084,1271,20.89086127547666,1.7468563311008865,32.75,5.61,0.11398176291793313,0.05927051671732523,1.29,758.832,40,5.5,8.775240458738327,8.528897041769456,1,0,1,0,0
40069,10.399203431372548,170.0,1632.0,10957,1819,16.601259468832712,13.078397371543304,0.5462348809988294,11028,2151,19.504896626768225,2.9036371579355134,34.556,6.49,0.3111731843575419,0.0,1.67,642.942,40,5.5,9.301733800405394,17.04197268182822,0,0,1,0,0
40071,2.5184399010287803,190.0,7679.0,46562,7932,17.035350715175465,12.694901421760232,0.7048092868988391,44074,8446,19.16322548441258,2.1278747692371134,39.505,7.47,0.16329768885822699,0.1723352880303553,0.05,919.636,40,5.5,10.748540036809226,50.63090179157841,0,0,1,0,0
40073,8.217538759689923,170.0,2064.0,15034,2257,15.012638020486897,11.65358520686444,0.3588703385863629,15811,2512,15.887673138953891,0.8750351184669949,49.104,10.18,0.11320372620494128,0.07897934386391252,-0.77,898.058,40,5.5,9.618069581737414,16.740566867618796,1,0,1,0,0
40075,-4.592896781354052,-83.0,1802.0,9446,1734,18.356976497988565,13.794198602583105,0.7285276073619631,8816,1710,19.396551724137932,1.039575226149367,32.565,5.01,0.3301378070701019,0.0,1.99,1015.144,40,5.5,9.153346650456063,9.305083810769704,1,0,1,0,0
40077,4.069380053908356,74.0,1855.0,11154,1944,17.428725121032812,12.712928097543482,0.38160273147218315,10239,2189,21.379040921965036,3.9503158009322235,42.639,6.57,0.22799575821845175,0.0,0.89,722.048,40,5.5,9.3195534569495,15.447726466938486,1,0,1,0,0
40079,10.007141820293223,693.0,6889.0,50384,7641,15.16552873928231,12.787789774531596,0.3823200298396121,49999,8891,17.782355647112944,2.6168269078306334,36.335,7.27,0.2795887662988967,0.08224674022066199,1.31,1589.283,40,5.5,10.827428943340806,31.70234627816443,0,0,1,0,0
40081,4.461283851554664,222.0,4985.0,34273,5252,15.324015989262685,13.208648207043444,1.2756443976854288,34936,6468,18.513853904282115,3.18983791501943,42.282,8.77,0.1452556121486512,0.11620448971892096,0.13,952.32,40,5.5,10.442113151159798,35.98895329301075,0,0,1,0,0
40083,8.049886761375335,392.0,4857.0,41848,5293,12.648155228445804,12.581246415599312,0.6048269845885432,47401,7495,15.811902702474631,3.1637474740288276,48.683,11.64,0.21958816404222184,0.06212147430351272,-0.27,743.834,40,5.5,10.641799285050446,56.25986443211792,0,0,1,0,0
40085,-0.6178947368421062,-10.0,1615.0,9423,1618,17.170752414305422,13.626233683540272,0.9032826613791585,10128,1922,18.977093206951025,1.806340792645603,41.629,7.72,0.04821376706360732,0.04530932326459483,1.34,513.995,40,5.5,9.150908788206756,18.332863160147472,0,0,1,0,0
40087,11.78781512605042,480.0,4046.0,34506,4566,13.232481307598679,12.125427461890686,0.32152043440983136,39921,6145,15.392900979434382,2.1604196718357027,53.708,11.82,0.12749638205499275,0.03675832127351664,0.64,570.711,40,5.5,10.448888500941809,60.46142443373266,0,0,1,0,0
40089,-0.5395634379263301,-28.0,5131.0,33151,5140,15.504811317908961,12.81107658894151,0.44421554110603234,32913,5914,17.968583842250784,2.463772524341822,31.082,7.15,0.1998217014773306,0.2632450331125828,2.08,1850.64,40,5.5,10.408828161071545,17.91326243894004,0,0,1,0,0
40091,-0.8608490566037735,-38.0,4452.0,20252,4445,21.94844953584831,15.346632431364803,0.5168539325842696,19677,5052,25.674645525232503,3.726195989384191,30.62,7.44,0.24806919987642878,0.03583565029348162,1.21,618.496,40,5.5,9.9160088330898,32.74394660596027,0,0,1,0,0
40093,2.274785714285714,32.0,1400.0,7527,1448,19.237411983525973,13.365218546565696,0.3813674748025061,7654,1539,20.10713352495427,0.8697215414282979,46.748,7.76,0.0,0.03662109375,-1.49,954.988,40,5.5,8.926251835034533,7.881774430673474,1,0,1,0,0
40095,19.443135755258126,508.0,2615.0,15840,3151,19.892676767676768,13.630050505050505,0.5896462122726365,16688,3726,22.327420901246406,2.4347441335696374,40.419,8.08,0.0,0.2578974624546867,2.54,371.56,40,5.5,9.670293665368417,42.631069006351595,0,0,1,0,0
40097,2.415380937201147,152.0,6274.0,41259,6471,15.68385079618992,12.891732712862646,0.5457664119756744,41098,7630,18.565380310477394,2.8815295142874735,41.228,8.92,0.1111490329920364,0.27098976109215017,0.21,655.382,40,5.5,10.627624549782817,62.95412446481595,0,0,1,0,0
40099,5.403735373537353,119.0,2222.0,13488,2363,17.519276393831554,13.47864768683274,0.26682478505781204,13972,2661,19.045233323790438,1.525956929958884,40.87,7.77,0.1739270732494353,0.07615359793481769,1.34,416.328,40,5.5,9.509555680241636,32.39753271459042,0,0,1,0,0
40101,1.1666079812206578,118.0,10224.0,70990,10408,14.661219890125372,12.376391040991688,0.5338423709072085,68451,11393,16.64402273158902,1.9828028414636467,37.002,8.41,0.24407809110629067,0.15865509761388286,0.45,810.379,40,5.5,11.170294301033431,87.60098669881623,0,0,1,0,0
40103,-0.8491455204557223,-17.0,1931.0,11561,1932,16.71135714903555,12.793010985208891,0.44935405354802466,11263,2194,19.479712332415875,2.7683551833803257,39.515,7.48,0.1266233766233766,0.0,-0.04,731.886,40,5.5,9.355392643675321,15.796175907176801,1,0,1,0,0
40105,-1.4649187205034082,-29.0,1907.0,10536,1893,17.966970387243737,13.116932422171601,0.8285004142502072,10243,2001,19.53529239480621,1.5683220075624718,37.5,7.68,0.22575869726128794,0.21095484826054775,-0.36,565.778,40,5.5,9.262553243423117,18.622145081639793,0,0,1,0,0
40107,3.6372629420809837,70.0,1951.0,12191,2034,16.684439340497086,12.320564350750555,0.605831124574025,11987,2127,17.744222908150498,1.0597835676534118,33.286,7.04,0.2918350848827809,0.0,0.34,618.569,40,5.5,9.408453253565146,19.708391464816376,0,0,1,0,0
40109,0.20537915882717275,185.0,85571.0,718633,86357,12.016843089588148,11.119583987932645,0.3383068399264605,792668,108527,13.691356280309034,1.6745131907208854,42.916,11.75,0.16165562992499763,0.057153707395803666,0.24,708.824,40,5.5,13.485106075234475,1013.8384140491858,0,1,1,0,0
40111,1.2365304151915033,77.0,6214.0,40069,6334,15.80773166288153,12.618233547131199,0.9949136437314852,38553,7082,18.3695172878894,2.5617856250078717,37.82,7.8,0.27866453844107475,0.18754988028731046,-0.87,697.348,40,5.5,10.598358246992348,57.45911653865789,0,0,1,0,0
40113,0.02457814661134123,2.0,7230.0,47472,7278,15.331142568250758,13.926103808560836,0.6243201059452301,47074,9287,19.72851255470111,4.39736998645035,41.125,9.61,0.1376227208976157,0.05329593267882188,1.17,2246.552,40,5.5,10.767895342530602,21.131048825043887,0,0,1,0,0
40115,1.3313370998116763,69.0,5310.0,31848,5418,17.0120572720422,12.390102989198693,0.689900426742532,31283,5704,18.23354537608286,1.2214881040406596,35.483,7.87,0.16745548794230336,0.0,0.03,470.839,40,5.5,10.368729864680153,67.6409558256644,0,0,1,0,0
40117,-0.13974879940893953,-4.0,2707.0,16577,2723,16.426373891536468,13.760028955782108,1.4977404777275662,16402,3137,19.125716376051702,2.6993424845152347,40.059,7.81,0.26431181485992694,0.12302070645554203,0.01,568.16,40,5.5,9.715771471424866,29.17664038299071,0,0,1,0,0
40119,4.311174934725848,334.0,7660.0,77350,8061,10.421460892049126,9.031674208144796,0.4677708805271984,81912,10329,12.6098740111339,2.1884131190847746,34.752,11.6,0.1677973141354008,0.07619179472979833,0.42,684.711,40,5.5,11.256095856001211,112.967368714684,0,0,1,0,0
40121,5.196344199551273,396.0,7577.0,45837,8036,17.531688374020987,13.48473940266597,0.9057170628258372,43955,8610,19.588215220111476,2.056526846090488,39.245,8.3,0.23960941412118178,0.10665998998497747,1.64,1305.46,40,5.5,10.732846904220825,35.11176137147059,0,0,1,0,0
40123,5.020543519574306,266.0,5262.0,37492,5570,14.856502720580393,11.469113410860984,0.4941247363663754,38385,6339,16.514263384134427,1.6577606635540345,37.484,9.25,0.26648330058939096,0.09972495088408645,1.04,720.423,40,5.5,10.531882855866376,52.04164775416665,0,0,1,0,0
40125,6.390414507772021,590.0,9264.0,69442,9935,14.306903603006827,11.801215402782178,0.9128659185284327,72511,11837,16.324419743211376,2.017516140204549,40.085,8.93,0.17124253933803582,0.13353228431904504,0.26,787.672,40,5.5,11.148247150762785,88.16106196487878,0,0,1,0,0
40127,6.876093965914325,148.0,2171.0,11572,2338,20.20394054614587,13.982025578983754,1.702127659574468,11055,2532,22.903663500678427,2.6997229545325574,26.742,6.94,0.3629075360769642,0.053981827899518976,1.75,1395.841,40,5.5,9.356343666096025,8.290342524685835,1,0,1,0,0
40129,-13.279076086956522,-98.0,736.0,3647,645,17.68576912530847,13.655058952563751,1.2073490813648293,3635,750,20.63273727647868,2.946968151170207,48.917,7.89,0.0,0.0,-0.28,1141.131,40,5.5,8.20166019080868,3.1959520861320914,1,0,1,0,0
40131,18.864502477291495,1833.0,9688.0,86905,11609,13.358264771877337,11.898049594384673,0.42946530147895334,92052,15004,16.299482900969018,2.9412181290916806,57.443,13.92,0.12876182287188306,0.2156061908856406,0.23,675.62,40,5.5,11.372570846997581,128.62999911192682,0,1,1,0,0
40133,-0.8019990248659189,-33.0,4102.0,25482,4097,16.078015854328545,12.746252256494781,0.7644734581686996,24624,4442,18.03931124106563,1.9612953867370848,32.985,6.6,0.19759889785475301,0.11080495965361149,0.58,632.837,40,5.5,10.145727599541326,40.26629290006748,0,0,1,0,0
40135,3.758983666061707,227.0,6061.0,42391,6329,14.930055908093697,12.606449482201409,0.3644939965694683,41687,7605,18.24309736848418,3.3130414603904814,36.357,8.01,0.2964643304130163,0.0,2.55,673.277,40,5.5,10.654691354537883,62.96219832253292,0,0,1,0,0
40137,4.7155835364202545,347.0,7386.0,45048,7798,17.31042443615699,13.048304031255551,0.6196146771226644,43401,8545,19.6884864404046,2.37806200424761,43.524,8.09,0.18000970402717129,0.13698851690118066,1.13,870.248,40,5.5,10.715483866934454,51.76455447182872,0,0,1,0,0
40139,-14.72553796183516,-363.0,2463.0,20640,2115,10.247093023255815,9.854651162790699,0.6213450292397661,20633,2293,11.113265157756992,0.866172134501177,44.623,8.36,0.0765043401500662,0.0,2.01,2041.294,40,5.5,9.9349862195955,10.111233364718654,1,0,1,0,0
40141,-18.30895869691681,-314.0,1719.0,7992,1414,17.692692692692695,12.75025025025025,1.398086828550405,7347,1419,19.31400571661903,1.6213130239263336,29.832,5.11,0.0,0.0,0.41,871.134,40,5.5,8.98619632032839,9.174248737852041,1,0,1,0,0
40143,3.2550791905285554,2289.0,70021.0,603403,72856,12.074185908919908,11.297259045778691,0.38707129711726884,650291,93536,14.383714367875305,2.3095284589553966,45.613,12.62,0.15581305044427113,0.10590392779411141,-0.3,570.32,40,5.5,13.310340577521055,1058.0077851030999,0,1,1,0,0
40145,6.948761500353857,590.0,8478.0,73085,9139,12.50461791065198,12.640076623110078,0.31319458476459894,80264,13203,16.449466759693014,3.9448488490410334,55.487,13.38,0.09534141671984685,0.24441608168474793,0.05,561.572,40,5.5,11.199378426323394,130.14359690297948,0,1,1,0,0
40147,3.2604837785165657,288.0,8723.0,50976,9083,17.818188951663526,13.043392969240427,0.3965715747729308,51995,10147,19.515338013270505,1.6971490616069786,44.823,9.97,0.1585305229667926,0.049562537283754225,0.96,415.454,40,5.5,10.839110212709775,122.6995046382993,0,1,1,0,0
40149,-4.432783705140641,-93.0,2062.0,11629,1987,17.086593860177143,11.68630148766016,0.7848147472166453,11066,2010,18.16374480390385,1.077150943726707,43.039,7.28,0.15043653458697112,0.05842847548690396,-0.3,1003.167,40,5.5,9.361257257293044,11.592287226354136,1,0,1,0,0
40151,-3.960267005721551,-63.0,1573.0,8878,1523,17.154764586618608,11.027258391529623,0.7146047342563644,8914,1518,17.02939196769127,-0.12537261892733653,48.076,8.07,0.0,0.018590575010808474,-1.14,1286.454,40,5.5,9.09133158539398,6.901140654854352,1,0,1,0,0
40153,-3.2787941075710862,-97.0,2919.0,20081,2848,14.182560629450725,10.905831382899258,0.4525910839556461,20352,3120,15.330188679245282,1.147628049794557,49.672,9.56,0.16768631813125695,0.04991657397107898,-0.65,1242.399,40,5.5,9.90752937336246,16.163084484131105,1,0,1,0,0
41001,3.7686060248080335,126.0,3386.0,16134,3542,21.953638279409944,16.75343994049833,0.5438477226376615,16090,4293,26.68116842759478,4.727530148184837,39.704,14.24,0.20844998727411554,0.1326037159582591,2.42,3067.967,41,11.0,9.68868412549692,5.258857086793959,1,0,0,1,0
41003,9.796767589699385,913.0,9281.0,85579,10280,12.012292735367321,12.4411362600638,0.25106911298110085,92168,14774,16.029424529120735,4.017131793753414,48.012,26.32,0.20296827856152655,0.13153388241050315,3.1,675.182,41,11.0,11.357195204929413,126.74952827533909,0,1,0,1,0
41005,12.287974012198356,5556.0,45252.0,375992,51231,13.625555862890701,14.377965488627417,0.26378667686132085,415084,74920,18.049358684025403,4.423802821134702,62.007,33.11,0.12517632003722715,0.1098564718542324,3.64,1870.678,41,11.0,12.837323145549936,200.99236747318352,0,1,0,1,0
41007,3.4409961036760977,203.0,5903.0,37039,6160,16.63111855071681,16.628418693809227,0.21813793743618304,39656,8831,22.26901351623966,5.63789496552285,42.223,25.31,0.14269813000890472,0.0,4.97,828.143,41,11.0,10.519726690555494,44.72536747880499,0,0,0,1,1
41009,11.171121251629726,686.0,6136.0,49351,6883,13.947032481611316,14.960183177645844,0.2657261571166296,52117,9743,18.694475890784197,4.747443409172881,55.199,21.98,0.14692697035430224,0.1665943600867679,4.98,658.114,41,11.0,10.806713308080846,74.988527823447,0,0,0,1,1
41011,9.704599868809446,1180.0,12196.0,63043,13486,21.39174848912647,16.577574036768556,0.4576210244173504,64175,16601,25.86832878846903,4.476580299342558,37.491,19.48,0.21593630268199235,0.0733955938697318,5.53,1596.036,41,11.0,11.051572312231935,39.49973559493645,0,0,0,1,1
41013,29.08305926155756,940.0,3223.0,20978,4203,20.035275050052437,16.064448469825532,0.5293079788276809,23733,5905,24.880967429317828,4.84569237926539,46.059,22.87,0.1222466960352423,0.1781387665198238,5.06,2978.895,41,11.0,9.95122954852155,7.042208604197194,1,0,0,1,0
41015,11.647680690399136,647.0,5562.0,22364,6261,27.9958862457521,19.50008942944017,0.3409181003726314,22889,7862,34.348376949626456,6.352490703874356,37.469,26.68,0.15804225959465287,0.12052608883139285,6.47,1628.381,41,11.0,10.015207802146536,13.733886602705386,1,0,0,1,1
41017,31.869403703493973,5634.0,17659.0,157733,23491,14.892888615571884,14.151128806273894,0.3119579730218745,191749,38139,19.890064615721595,4.997176000149711,53.071,31.44,0.16714249645555362,0.07706500417564917,6.1,3017.599,41,11.0,11.968659009144682,52.27102739628426,0,0,0,1,0
41019,20.454392764857882,3813.0,18576.0,107667,22570,20.962783396955427,15.91945535772335,0.306654400490647,110015,28235,25.664682088806074,4.701898691850648,39.711,18.51,0.1840588065724993,0.15047564139521477,6.78,5035.648,41,11.0,11.586798409507123,21.380962291248316,0,0,0,1,1
41021,10.259568733153639,38.0,371.0,1871,415,22.180652057723144,17.53073222875468,0.43252595155709345,1896,564,29.746835443037973,7.5661833853148295,42.148,9.99,0.1457975986277873,0.0,0.45,1204.721,41,11.0,7.534228326274089,1.5530566828336188,1,0,0,1,0
41023,15.722642762284195,236.0,1506.0,7445,1760,23.64002686366689,18.146406984553394,0.5755064456721916,7174,2192,30.554781154167827,6.914754290500937,35.974,12.85,0.0,0.0,0.44,4527.792,41,11.0,8.915297945118109,1.6442893136433827,1,0,0,1,0
41025,4.03941660433807,53.0,1337.0,7422,1402,18.88978711937483,15.871732686607384,0.2346805736636245,7310,1750,23.93980848153215,5.05002136215732,39.036,12.43,0.22264728385615914,0.005355776587605203,3.45,10134.438,41,11.0,8.912203841620542,0.7323543742632793,1,0,0,1,0
41027,5.707332826747721,150.0,2632.0,22346,2807,12.561532265282377,12.082699364539515,0.2372991047351958,23270,3535,15.191233347657928,2.6297010823755507,51.307,30.8,0.20080229226361032,0.12687679083094555,4.54,522.089,41,11.0,10.014402613107283,42.80113160782931,0,0,0,1,0
41029,18.96586974719571,5677.0,29865.0,203206,35834,17.63432182120607,14.876529236341446,0.32550007147805626,218781,48119,21.99414025898044,4.359818437774372,44.142,27.45,0.18147424372703821,0.08327991870554209,4.5,2783.255,41,11.0,12.22197552180959,73.0101984906162,0,0,0,1,0
41031,11.286657681940701,335.0,2968.0,21720,3331,15.336095764272558,13.591160220994475,0.32603158430973,24048,4642,19.303060545575516,3.9669647813029574,41.425,18.49,0.0,0.25057142857142856,4.99,1782.238,41,11.0,9.985988774047872,12.186924529720496,1,0,0,1,0
41033,21.66697723945162,3262.0,15026.0,82713,18438,22.291538210438507,16.25742023623856,0.3499907897160601,87097,22605,25.95382160120326,3.6622833907647525,38.035,25.36,0.220160533722506,0.11049723756906077,4.26,1638.65,41,11.0,11.323132063337559,50.476306715894175,0,0,0,1,0
41035,11.16336790123457,1135.0,10125.0,66380,11351,17.100030129557094,15.049713769207592,0.33563190333801185,67606,14309,21.16528118806023,4.0652510585031365,41.818,17.01,0.17023606716962764,0.10848138233146751,5.15,5942.746,41,11.0,11.103151085273966,11.169920437454335,1,0,0,1,0
41037,11.24926931106472,161.0,1437.0,7895,1612,20.417986067131096,16.94743508549715,0.5181347150259068,7896,1968,24.924012158054712,4.506026090923616,41.105,12.22,0.20619396903015486,0.15158924205378974,4.19,8138.6,41,11.0,8.973984926689743,0.9700685621605681,1,0,0,1,0
41039,12.372528133321877,5787.0,46564.0,351715,52781,15.006752626416276,14.237095375517109,0.21010556523521573,377749,72919,19.30355871226661,4.296806085850335,42.923,23.0,0.18967107560872953,0.1130324984104525,4.29,4556.606,41,11.0,12.770576467538373,77.18793329947773,0,0,0,1,1
41041,4.137792289867284,392.0,9494.0,46034,9972,21.662249641569275,19.34656992657601,0.2613524991832734,49336,14185,28.751824225717527,7.089574584148252,39.738,24.63,0.13042856120769836,0.06789725978393074,6.06,980.399,41,11.0,10.73713553288364,46.954352258621235,0,0,0,1,1
41043,12.250434290030213,1951.0,15888.0,116672,17991,15.420152221612726,13.52595309928689,0.3236312242682452,127216,23643,18.58492642434914,3.164774202736412,45.832,18.03,0.142113728829596,0.19062036774213895,3.65,2287.129,41,11.0,11.667121858038335,51.01242649627547,0,0,0,1,0
41045,1.450195993031359,66.0,4592.0,31313,4694,14.990578992750613,11.407402676204772,0.4105371193978789,30632,5076,16.5709062418386,1.5803272490879863,39.144,13.64,0.17994536763032096,0.0,1.68,9887.711,41,11.0,10.351788625763605,3.1668603582770576,1,0,0,1,0
41047,9.50250565133317,3506.0,36717.0,315335,40549,12.859022943853363,11.708500483612665,0.21744882098091745,343742,54019,15.71498391235287,2.8559609684995078,46.069,20.51,0.1925381206964698,0.09224896507249693,3.51,1180.552,41,11.0,12.6613908447642,267.10809858439103,0,1,0,1,0
41049,-7.386259040105194,-114.0,1521.0,11173,1421,12.71815984963752,12.941913541573435,0.22512381809995496,11425,1715,15.0109409190372,2.2927810693996804,43.902,11.53,0.08695652173913043,0.45217391304347826,3.34,2030.529,41,11.0,9.321255432547337,5.502506982170656,1,0,0,1,0
41051,-2.2017156457217038,-1720.0,78571.0,735334,77423,10.528956909377236,11.935664609551576,0.2336592453945424,809869,108984,13.456991192402723,2.9280342830254877,49.618,28.16,0.14944283109340176,0.08124265550077665,4.33,431.106,41,11.0,13.508080096745378,1705.6918716046634,0,1,0,1,1
41053,13.459197290084171,1318.0,9742.0,75403,11152,14.789862472315427,12.961022770977282,0.28050953732426903,84730,15121,17.846099374483654,3.0562369021682265,50.975,22.79,0.2126770795495823,0.17117689792953142,3.28,740.924,41,11.0,11.230602341002943,101.76887238097295,0,0,0,1,0
41055,-7.072906403940886,-30.0,406.0,1765,384,21.756373937677054,15.01416430594901,0.8714596949891068,1686,389,23.072360616844602,1.3159866791675476,41.354,11.95,0.0,0.0,1.61,823.614,41,11.0,7.475905969367397,2.1429941695988655,1,0,0,1,0
41057,-1.8129626150666907,-97.0,5323.0,25250,5273,20.883168316831682,17.58019801980198,0.21787679067487337,26782,6841,25.543275334179672,4.66010701734799,39.412,23.79,0.0,0.21783602365350807,5.54,1102.369,41,11.0,10.136581434703507,22.90521594856169,0,0,0,1,1
41059,-0.45122610141313385,-43.0,9624.0,75889,9657,12.725164384825206,12.091343936538893,0.27279156703600177,77319,12031,15.560211590941424,2.8350472061162186,45.861,13.79,0.1379556486152089,0.1218711335300276,1.64,3215.449,41,11.0,11.23702702534448,23.601369513246826,0,0,0,1,0
41061,12.70903328050713,482.0,3786.0,25748,4308,16.731396613329192,14.575889389467141,0.2785272869701454,26502,5457,20.59089880009056,3.859502186761368,42.162,15.12,0.2033290285550294,0.14033577270770556,1.38,2036.92,41,11.0,10.156112233172507,12.640653535730417,1,0,0,1,0
41063,5.274444444444444,80.0,1530.0,7008,1626,23.20205479452055,19.006849315068493,0.2921129503407984,7065,2015,28.520877565463554,5.3188227709430045,41.116,18.38,0.24893746205221615,0.046751669702489375,2.68,3145.897,41,11.0,8.854807632616227,2.2276635249024364,1,0,0,1,0
41065,15.09381685363945,579.0,3833.0,25213,4450,17.649625193352637,14.897076904771348,0.20893183598850876,26274,5293,20.14539088071858,2.4957656873659424,42.133,18.84,0.2469276936267505,0.043726779079737065,3.38,2381.135,41,11.0,10.135115013498648,10.58864785070985,1,0,0,1,0
41067,10.176675171490714,4871.0,47816.0,529710,53109,10.026051990711899,10.99960355666308,0.1986349729348082,595761,79502,13.344613024350368,3.3185610336384688,62.574,30.37,0.11151516808618261,0.11913452818753105,2.65,724.269,41,11.0,13.180084965964953,731.3719073990464,0,1,0,1,0
41069,-2.9272093023255814,-13.0,430.0,1441,420,29.14642609299098,17.626648160999306,0.6703910614525139,1417,487,34.36838390966832,5.221957816677339,33.403,9.91,0.0,0.0,2.79,1716.021,41,11.0,7.273092595999522,0.8397333132869587,1,0,0,1,0
41071,26.570288739172284,2766.0,10390.0,99193,13266,13.373927595697277,12.073432601090802,0.2640797628671517,106087,18268,17.2198290082668,3.845901412569523,52.485,23.78,0.15424841315637622,0.20048326601269476,3.25,715.899,41,11.0,11.504822726267042,138.55725458479478,0,1,0,1,0
42001,19.25843891402715,2559.0,13260.0,101407,15954,15.732641730846982,13.333399075014546,0.24742773150416464,102627,20884,20.34942071774484,4.6167789868978595,56.529,20.07,0.15706806282722513,0.19993455497382198,-0.13,518.761,42,3.07,11.526897401287087,195.47922839226544,0,1,0,0,0
42003,-6.386219261588536,-14029.0,217521.0,1223348,205059,16.762115113606267,13.29997678501947,0.46860069823370976,1218380,230745,18.93867266370098,2.1765575500947136,47.961,11.52,0.1825301050145069,0.056946166660877,0.47,730.117,42,3.07,14.017101920391593,1675.5506309262762,0,1,0,0,0
42005,-0.5952117572692794,-79.0,12656.0,68941,12687,18.402692157061836,14.283227687442887,0.4243542435424354,65356,14496,22.180059979190894,3.777367822129058,42.752,8.91,0.23534275405892965,0.10974143114852676,0.36,653.179,42,3.07,11.14100634533264,105.54687153138727,0,0,0,0,0
42007,-3.2004837765383782,-1053.0,32453.0,170539,31660,18.564668492251037,14.063058889755423,0.47052204932809966,164781,35351,21.45332289523671,2.888654402985672,46.19,11.24,0.20153066544324652,0.14120075907659582,0.64,434.714,42,3.07,12.046719288551865,392.3016051932995,0,1,0,0,0
42009,0.1913386666666666,17.0,9375.0,49762,9476,19.042642980587594,13.606768216711549,0.3757201302496451,48154,10950,22.73954396311833,3.6969009825307353,40.249,11.28,0.14442980075974882,0.15846189627102877,-0.67,1012.302,42,3.07,10.815006919531392,49.15726729770365,0,0,0,0,0
42011,1.153823101292919,692.0,58395.0,411442,59558,14.475430315816082,12.128562470530476,0.27058673639634284,419062,72293,17.251146608377756,2.7757162925616736,53.47,17.04,0.16670640541943085,0.193102287549615,-0.73,856.37,42,3.07,12.927423341413068,480.4488713990448,0,1,0,0,0
42013,6.159756445628389,1308.0,21022.0,127089,22527,17.725373557113517,13.705356089039963,0.3678299808088706,122495,25372,20.712682150291847,2.98730859317833,42.363,9.74,0.2292450960966911,0.13273231622746187,-0.86,525.801,42,3.07,11.752642907405471,241.70551216144509,0,1,0,0,0
42015,3.7429295298864598,397.0,10657.0,62622,11152,17.808437929162274,14.095685222445786,0.30354581540411624,60721,12948,21.323759490126974,3.5153215609647006,40.543,10.17,0.24505842524844382,0.23910669433220488,0.29,1147.417,42,3.07,11.044871933048107,54.57649660062558,0,0,0,0,0
42017,6.377348884786775,5423.0,85051.0,625249,91219,14.589227651703563,13.40857802251583,0.248011839516011,627668,117271,18.683603433662384,4.094375781958821,74.828,32.15,0.16632583785931912,0.1065828255398066,0.01,604.428,42,3.07,13.345905249378331,1034.4474445260644,0,1,0,0,0
42019,12.843972703497876,3145.0,24472.0,183862,27853,15.148861646234677,13.294209787775616,0.33901774406079294,187798,35240,18.7648430760711,3.615981429836422,56.878,15.9,0.1705224991205996,0.15879265091863518,-0.25,788.595,42,3.07,12.121940755200418,233.15136413494886,0,1,0,0,0
42021,-3.8852207224947195,-1089.0,27931.0,143679,27071,18.841305966773152,14.423819764892572,0.4782939832444783,131611,29633,22.515595201009035,3.674289234235882,39.574,8.6,0.24073194856577645,0.11256181998021761,-0.23,688.361,42,3.07,11.875336923600893,208.7262352166959,0,1,0,0,0
42023,-7.574699828473413,-89.0,1166.0,5085,1086,21.35693215339233,16.932153392330385,0.22446689113355783,4512,1234,27.349290780141843,5.992358626749514,40.733,7.42,0.12333333333333334,0.55,0.73,396.231,42,3.07,8.53405030848266,12.833422927534697,1,0,0,0,0
42025,12.682371325324738,1300.0,10239.0,65249,11644,17.845484221980414,14.115158853009241,0.46357036648298783,63964,13398,20.946157213432556,3.100672991452143,47.744,13.98,0.2094122945282594,0.14974104931321774,0.67,381.46,42,3.07,11.085965999397002,171.05069994232687,0,1,0,0,0
42027,7.498869315342328,1207.0,16008.0,153990,17366,11.277355672446262,9.721410481200078,0.26225571512077983,162264,23102,14.23729231376029,2.9599366413140284,47.016,17.58,0.17302243485531144,0.08774211528635793,-0.4,1109.862,42,3.07,11.944642944222458,138.74697935418996,0,1,0,0,0
42029,5.486716942183156,3299.0,60069.0,498886,63875,12.803526256499481,12.341897748182951,0.2634286248714032,521980,85378,16.35656538564696,3.5530391291474785,84.741,33.43,0.14108916400674884,0.06664707898731698,-1.53,750.524,42,3.07,13.120132891719573,664.716917780111,0,1,0,0,0
42031,-0.7355409735998779,-48.0,6553.0,39988,6566,16.419925977793337,12.773832149644893,0.3306281935677788,38633,7587,19.63865089431315,3.2187249165198146,40.028,9.78,0.2268105601141634,0.15322868355333571,-0.3,600.836,42,3.07,10.59633468808707,66.55393485077458,0,0,0,0,0
42033,-0.9191100210231252,-136.0,14270.0,81642,14258,17.464050366233067,13.379143088116411,0.6132905496325433,79466,16306,20.51946744519669,3.0554170789636217,37.13,8.29,0.2322044528065224,0.09720915647538414,0.81,1144.683,42,3.07,11.310099114418913,71.3228029070057,0,0,0,0,0
42035,-1.2809598494353829,-83.0,6376.0,39238,6350,16.183291707018707,12.38340384321321,0.29350104821802936,38549,7220,18.729409323199047,2.5461176161803394,39.354,9.84,0.1140763014470964,0.2953392219507611,0.47,887.984,42,3.07,10.577400943980773,44.18773311230833,0,0,0,0,0
42037,4.78494571065245,492.0,10223.0,67295,10811,16.065086559179733,12.89694628129876,0.3017153705335955,65390,12716,19.44639853188561,3.381311972705877,42.788,11.88,0.1816495036645329,0.24371463029965673,-0.05,483.107,42,3.07,11.116841218667815,139.29626356066046,0,1,0,0,0
42039,1.4510607219865068,207.0,14377.0,88765,14712,16.57410015208697,14.024671886441729,0.38043235017678917,85074,17487,20.555046195077225,3.9809460429902543,38.924,9.79,0.19226852724872714,0.2490665660946634,-1.99,1012.302,42,3.07,11.393747707140898,87.68628334232274,0,0,0,0,0
42041,9.81540665239287,3270.0,33161.0,235406,36745,15.609202824057162,13.071459520997767,0.29103492419090293,251487,46482,18.482863925371888,2.8736611013147257,60.219,17.46,0.13748052366710245,0.07108189909916364,-0.57,545.499,42,3.07,12.369066962013648,431.54249595324643,0,1,0,0,0
42043,-3.192481939188653,-1220.0,37789.0,268100,36841,13.741514360313317,13.192092502797465,0.3230736009833397,277071,46922,16.935009438014085,3.193495077700767,52.371,15.31,0.21249832258611312,0.057215704831658276,1.07,524.907,42,3.07,12.49911532422405,510.7571436463983,0,1,0,0,0
42045,-5.3387924645580815,-4509.0,83658.0,558979,79726,14.262789836469706,12.053404510724016,0.2759060035351859,565328,93043,16.458233096538645,2.1954432600689398,61.876,23.23,0.1864679263258177,0.0687073277230867,-0.69,183.819,42,3.07,13.233867184347497,3040.9206882857598,0,1,0,0,1
42047,-3.147641281597166,-197.0,6211.0,31946,6066,18.98829274400551,14.02053465222563,0.3184532271822576,30077,6728,22.36925225255178,3.3809595085462725,43.745,9.13,0.15118168389955686,0.4738552437223043,0.07,827.361,42,3.07,10.371802256349902,38.61192393646788,0,0,0,0,0
42049,-0.8428137775710544,-359.0,40849.0,280566,40824,14.550587027651249,12.630896117134649,0.27866843492420557,272046,48770,17.927115267270977,3.376528239619729,43.595,11.13,0.20580782076882437,0.19575203488632395,-0.57,799.084,42,3.07,12.544564270385216,351.109520400859,0,1,0,0,1
42051,-5.46144419452416,-1411.0,25786.0,136606,24580,17.99335314700672,14.513271745018521,0.5942045146798783,130329,27486,21.08970374974104,3.096350602734322,34.796,8.25,0.21548059404847347,0.09738861591122398,0.27,790.339,42,3.07,11.824856149019503,172.84481722400133,0,1,0,0,0
42053,39.83545816733068,400.0,1004.0,7716,1418,18.377397615344737,14.009849663037844,0.07990867579908677,7190,1675,23.29624478442281,4.918847169078074,35.15,7.97,0.0,0.18076644974692696,-1.09,427.27,42,3.07,8.951051374025619,18.05883867343834,0,0,0,0,0
42055,10.875464768296002,2414.0,22054.0,149618,24679,16.494673100830116,12.479781844430484,0.2657428937502966,154954,30172,19.47158511558269,2.9769120147525747,51.035,17.5,0.16582426127527217,0.15694660445826852,-0.57,772.223,42,3.07,11.915840658140155,193.7497329139381,0,1,0,0,0
42057,-1.9807003891050583,-51.0,2570.0,14845,2544,17.137083192994275,13.203098686426406,0.35102499297950013,14492,3086,21.294507314380347,4.157424121386072,45.24,15.75,0.0,0.0,-1.2,437.551,42,3.07,9.60541838719786,33.92747359736351,0,0,0,0,0
42059,-3.8374447897922463,-235.0,6113.0,38686,5931,15.331127539678437,14.118802667631702,0.4313487241798299,36484,6946,19.03848262251946,3.7073550828410227,40.498,8.18,0.11569075577271652,0.031602175112302,0.22,575.949,42,3.07,10.563233056462042,67.16914171220022,0,0,0,0,0
42061,-1.389225230030671,-106.0,7499.0,45913,7458,16.24376538235358,13.519046893036831,0.4202995752291527,45145,9437,20.90375456861225,4.65998918625867,41.7,10.58,0.18902071184395736,0.21033581339231852,0.15,874.652,42,3.07,10.734503580349049,52.49287716714762,0,0,0,0,0
42063,1.130130269320843,162.0,13664.0,88880,13944,15.688568856885688,12.815031503150315,0.36353175018307354,84463,16296,19.293655209973597,3.605086353087909,40.225,9.82,0.17386201078384625,0.1003191138172615,0.4,827.471,42,3.07,11.395042424313512,107.41161925916437,0,0,0,0,0
42065,3.039632149155959,245.0,7938.0,45200,8255,18.263274336283185,13.29203539823009,0.4680395827761434,43570,9114,20.91806288730778,2.6547885510245948,38.406,8.01,0.24699067108034908,0.26715317484201023,-0.93,652.432,42,3.07,10.718852365820323,69.27925055791255,0,0,0,0,0
42067,7.012957157784744,269.0,3828.0,24636,4134,16.780321480759863,12.692807273908102,0.4099107305520131,24657,4984,20.21332684430385,3.4330053635439874,44.276,12.72,0.11902457905941552,0.36210567060189663,-0.34,391.35,42,3.07,10.111964066806934,62.951322345726325,0,0,0,0,0
42069,1.2397240710301527,466.0,37111.0,214437,37895,17.671857002289716,13.358235752225594,0.35525446133509586,210162,41918,19.9455658016197,2.2737087993299845,43.673,13.71,0.23047935195624034,0.10128815399390372,0.16,458.773,42,3.07,12.275771267916362,467.4141677910426,0,1,0,0,0
42071,14.101023729214747,9563.0,67596.0,519445,77780,14.973673824947781,11.93427600612192,0.26163821987465014,543050,97717,17.994107356597,3.0204335316492177,54.765,18.44,0.1635339978193537,0.16393925066818477,0.45,943.866,42,3.07,13.160516212886849,550.3376538618829,0,1,0,0,0
42073,0.598892573729717,97.0,16886.0,91108,17128,18.799666330069808,14.028405848004565,0.6418547895057962,86148,18952,21.999349955889862,3.199683625820054,42.57,9.26,0.22259111144646496,0.13551648683316986,0.24,358.18,42,3.07,11.419800894979753,254.36372773465854,0,1,0,0,0
42075,15.698818513381621,3069.0,19467.0,133568,22729,17.016800431241016,13.00311451844753,0.241041876528997,140410,27278,19.427391211452175,2.410590780211159,52.356,15.59,0.17456881663481244,0.20427383885601125,-0.66,361.805,42,3.07,11.802365990436872,369.17123865065435,0,1,0,0,0
42077,2.354444155480425,1210.0,49987.0,349497,51604,14.765219730069216,12.15489689468007,0.26505297553518964,367338,61356,16.702873103245512,1.9376533731762962,53.541,20.32,0.2227678163321275,0.09504002716362164,-0.4,345.203,42,3.07,12.764250256928175,1012.4390575979932,0,1,0,0,0
42079,0.554465747636402,306.0,56799.0,320918,57595,17.946952180930957,13.40996765528889,0.4692500067227795,317547,63077,19.863831180896057,1.9168789999650997,42.224,11.33,0.1973406604190177,0.13216557905238538,0.3,890.345,42,3.07,12.678940917765411,360.44230045656457,0,1,0,0,0
42081,-2.8731922308204787,-562.0,19513.0,116111,19112,16.460111445082724,13.220108344601286,0.26857142857142857,114014,22059,19.347623976002946,2.8875125309202225,42.689,11.92,0.18444128851919478,0.19501363810554315,0.33,1228.752,42,3.07,11.662301909106572,94.49506491138978,0,0,0,0,0
42083,-1.7719232317809688,-133.0,7451.0,43450,7381,16.987341772151897,12.991944764096663,0.37691401648998824,41021,7980,19.453450671607225,2.466108899455328,40.097,7.23,0.2080167467824469,0.23453248565669096,-1.11,979.181,42,3.07,10.679366130693538,44.37381852793304,0,0,0,0,0
42085,2.919705145500096,621.0,20756.0,116638,21556,18.481112501929044,13.460450282069308,0.3286103647575049,110519,23997,21.71300862295171,3.2318961210226647,42.573,10.17,0.2469175709997691,0.16388824751789424,-2.78,672.582,42,3.07,11.666830400319071,173.41825978096352,0,1,0,0,0
42087,5.646984087825337,459.0,8107.0,46682,8643,18.5146309069877,13.277066106850608,0.5896828713376979,46179,9992,21.637540873557246,3.1229099665695443,37.539,9.25,0.24789488966318235,0.28027003484320556,-0.19,411.045,42,3.07,10.751113930384133,113.56907394567504,0,0,0,0,0
42089,7.190814040328603,1451.0,20085.0,169842,21701,12.777169369178413,12.840169098338455,0.3247924936845904,168824,29373,17.398592617163438,4.621423247985025,56.733,20.64,0.13467983377273338,0.10858394030117521,0.94,608.257,42,3.07,12.042623872096781,279.2273660640157,0,1,0,0,0
42091,2.551100156615061,2976.0,116847.0,799874,120727,15.093252187219486,12.49596811497811,0.22349455846009794,827180,146901,17.75925433400227,2.6660021467827857,76.38,29.72,0.15332667636268912,0.08610502094775002,-0.53,482.958,42,3.07,13.592209494245637,1656.1978474318678,0,1,0,0,0
42093,19.099610205527995,540.0,2822.0,18267,3395,18.58542727322494,13.965073630043248,0.21343377275580663,18178,3840,21.124436131587636,2.5390088583626955,45.255,14.39,0.5285680323321975,0.0,0.11,130.242,42,3.07,9.812851432276684,140.25429584926522,0,1,0,0,0
42095,7.314062790265651,3171.0,43064.0,297735,46606,15.653517389625001,12.899390397501135,0.2475843905519138,304233,57836,19.01042950633232,3.356912116707317,58.762,22.08,0.13767461565046768,0.122155701974425,-0.04,369.646,42,3.07,12.603959108114788,805.4598183126559,0,1,0,0,0
42097,1.400338527986926,233.0,17133.0,94528,17516,18.529959377115777,13.96200067704807,0.48975069252077563,91234,19318,21.174123681960673,2.644164304844896,38.387,9.35,0.18828028837700017,0.19513803411288905,0.72,458.002,42,3.07,11.456651365891052,206.3921118248392,0,1,0,0,0
42099,-0.5858144724258846,-39.0,6274.0,45969,6294,13.691835802388566,14.483673780156192,0.3672150411280846,46133,8497,18.41848568270002,4.726649880311454,52.659,14.48,0.14760508308895406,0.08618442489410232,-0.45,551.448,42,3.07,10.735722535246286,83.36053444749098,0,0,0,0,0
42101,-14.824240522972305,-32232.0,216761.0,1526006,185309,12.14339917405305,10.537835368930397,0.41019381620511786,1581531,217403,13.746363492084567,1.6029643180315176,36.251,13.52,0.25532060314188976,0.042508744996600144,-0.46,134.233,42,3.07,14.238164422666777,11368.337145113348,0,1,0,0,1
42103,4.675899239759446,412.0,8813.0,57369,9303,16.216074883647963,14.016280569645629,0.24250325945241197,55660,12375,22.233201581027668,6.017126697379705,56.843,21.79,0.1182454749636676,0.02246003435064077,1.26,544.961,42,3.07,10.957259366731083,105.2717533915271,0,0,0,0,0
42105,6.472537878787879,205.0,3168.0,17457,3403,19.49361287735579,14.899467262416222,0.34797401793999383,16685,4001,23.979622415343123,4.486009537987332,39.196,8.96,0.21364161849710983,0.16508670520231214,-2.42,1081.323,42,3.07,9.76749599332478,16.144112351258595,1,0,0,0,0
42107,0.6032902201043793,155.0,26442.0,148289,26828,18.091699316874482,13.718482153092948,0.9059042453442581,141935,28972,20.41216049600169,2.320461179127207,42.315,8.84,0.20528786755621448,0.22302940449715838,0.49,778.631,42,3.07,11.90691835140332,190.44836385913226,0,1,0,0,0
42109,0.18499012508229098,11.0,6076.0,39702,6144,15.475290917334139,12.581230164727216,0.2994946028576777,40452,7634,18.871749233659646,3.396458316325507,44.713,12.29,0.0631261770244821,0.24858757062146894,-0.63,328.783,42,3.07,10.589156843240115,120.75441856786999,0,1,0,0,0
42111,2.1113251980304004,296.0,14013.0,77742,14431,18.562681690720588,14.389905070618198,0.3620811796499882,73844,16425,22.242836249390606,3.6801545586700186,39.194,9.22,0.17076430992504893,0.15152527808278035,0.01,1074.365,42,3.07,11.261150930856866,72.36088294015535,0,0,0,0,0
42113,17.78583460949464,232.0,1306.0,6428,1557,24.222153080273802,16.568139390168017,0.2220812182741117,6038,1691,28.005962239152037,3.7838091588782348,36.25,12.06,0.36318816762530814,0.0,0.01,449.94,42,3.07,8.768418726857403,14.28634929101658,1,0,0,0,0
42115,10.315356230485381,728.0,7046.0,43356,7845,18.094381400498204,14.874527170403173,0.25252525252525254,40604,9522,23.450891537779526,5.356510137281322,43.457,12.44,0.1710109989453066,0.0834714479433479,0.25,823.496,42,3.07,10.677200380935641,52.648707461845596,0,0,0,0,0
42117,2.117356948228883,154.0,7340.0,41981,7562,18.012910602415378,13.696672304137586,0.2855270548586407,40759,8952,21.96324738094654,3.950336778531163,40.338,10.57,0.19347319347319347,0.2286409242930982,-0.25,1133.773,42,3.07,10.64497241395799,37.02769425625765,0,0,0,0,0
42119,11.59735906551549,688.0,5907.0,44947,6654,14.80410260974036,11.277727100807617,0.4706712949344002,44831,8157,18.19499899623029,3.3908963864899295,45.474,14.32,0.24143178509990737,0.09593754135238851,-1.08,315.956,42,3.07,10.71323929684936,142.2571497297092,0,1,0,0,0
42121,-0.13128759302681203,-12.0,9809.0,54984,9884,17.97613851302197,14.857049323439547,0.44421788523157585,51355,11576,22.541135235128028,4.564996722106059,39.812,7.65,0.2264208348545698,0.2304977485700377,-0.86,674.284,42,3.07,10.91479751280144,81.54427511256385,0,0,0,0,0
42123,-0.1990242649890872,-16.0,7789.0,41815,7840,18.74925266052852,15.068755231376299,0.23344651952461798,39466,9043,22.913393807327825,4.164141146799306,41.286,8.39,0.219680464778504,0.19644153957879448,-0.71,884.139,42,3.07,10.641010405815626,47.29459960481327,0,0,0,0,0
42125,3.166540740104748,1120.0,34941.0,207820,36366,17.498797035896448,14.399961505148687,0.6517740946685739,207081,42525,20.53544265287496,3.036645616978511,49.687,13.03,0.16307325487012986,0.11856990665584416,0.4,856.989,42,3.07,12.244427599406638,242.50019545175024,0,1,0,0,0
42127,16.569560117302053,1416.0,8525.0,52822,10028,18.98451402824581,15.480292302449735,0.2085110416074306,51268,12282,23.956464071155498,4.97195004290969,45.93,17.36,0.2080504752016612,0.046641642041370494,0.44,725.582,42,3.07,10.87468304957957,72.7994906158091,0,0,0,0,0
42129,2.610815927873779,1742.0,66550.0,365169,68877,18.861677743729615,14.785209040197827,0.4649254751811842,350722,79710,22.72740233005058,3.8657245863209653,47.689,12.68,0.16935932677875778,0.14891141204445418,0.88,1028.04,42,3.07,12.808115539105492,355.2089412863313,0,1,0,0,0
42131,4.886456140350877,210.0,4275.0,28276,4528,16.01358042155892,14.70151365115292,0.24898143956541421,27078,5729,21.15739714897703,5.143816727418109,47.403,14.08,0.13166259168704156,0.0,0.68,397.305,42,3.07,10.249768667290844,71.1695045368168,0,0,0,0,0
42133,4.347886668161203,2561.0,57989.0,434972,61057,14.036995484766834,12.82220464765548,0.29439584487689663,447628,78264,17.48416095507877,3.447165470311937,57.494,17.55,0.1485832167188968,0.21610790284539225,-0.58,904.206,42,3.07,12.983036940183032,481.0540960798756,0,1,0,0,0
44001,0.0014992141216299667,1.0,8271.0,49875,8343,16.72781954887218,13.419548872180451,0.2589928057553957,48645,9674,19.88693596464179,3.15911641576961,68.333,36.31,0.21629640900791236,0.12035909920876446,1.36,24.137,44,9.9,10.817275154192165,2066.329701288478,0,1,0,0,1
44003,1.2772997962701778,322.0,25524.0,166158,26069,15.68928369383358,13.723082848854704,0.2672962375001696,164122,30970,18.870108821486458,3.180825127652877,61.088,24.66,0.17331629170237178,0.11770344657303453,1.3,168.558,44,9.9,12.020694421886317,985.7615776172,0,1,0,0,1
44005,2.5932361816442184,359.0,13587.0,82888,14063,16.966267734774636,14.663159926648007,0.23207962484448272,82731,18390,22.228668818218082,5.2624010834434465,67.239,38.88,0.16497788920227027,0.0,2.14,102.437,44,9.9,11.325245577931588,809.1607524624892,0,1,0,0,1
44007,-6.1583921994469755,-5556.0,89327.0,626667,84389,13.466322624296476,11.244568486931655,0.2628051428247777,636161,97381,15.307602949567798,1.8412803252713221,48.5,25.8,0.22990384848264672,0.09161035626922424,0.97,409.486,44,9.9,13.348170578052775,1530.3746648237059,0,1,0,0,1
44009,3.4145655036208034,627.0,18228.0,126979,19017,14.9764921758716,14.548862410319815,0.2813233450149503,126139,26071,20.668468911280414,5.691976735408813,70.285,35.11,0.19075012090513402,0.1570494056558149,2.64,329.279,44,9.9,11.751776997437485,385.62738589463646,0,1,0,0,1
45001,-0.6773365041617124,-30.0,4205.0,25417,4203,16.536176574733446,14.68702049809183,2.1193807434390264,24582,5318,21.633715726954684,5.097539152221238,33.143,8.59,0.1101793617516888,0.40670859538784065,-0.61,491.427,45,7.0,10.143173520469649,51.72080492117853,0,0,1,0,0
45003,21.450382817937754,4325.0,20114.0,160099,24619,15.377360258340152,13.371726244386286,0.488588077343631,169947,32791,19.294838979211164,3.917478720871012,44.468,11.9,0.12270511357742973,0.13712270511357744,-0.04,1070.609,45,7.0,11.98354765286911,149.540121556983,0,1,1,0,0
45005,-4.958281358281358,-73.0,1443.0,10419,1375,13.197043862174873,14.022458969190902,0.5572893446277307,8789,1787,20.332233473660256,7.135189611485384,20.081,6.75,0.0,0.4630829015544041,-0.27,408.091,45,7.0,9.251386341412184,25.531070275992363,0,0,1,0,0
45007,12.412847083299992,3112.0,24994.0,187126,28329,15.138997253187691,12.912689845344849,0.47420199589496775,200183,35993,17.9800482558459,2.84105100265821,42.871,11.77,0.15815629516700655,0.2025461817173857,0.71,713.852,45,7.0,12.139537465729026,262.13556871732516,0,1,1,0,0
45009,0.8150138285262739,20.0,2531.0,15987,2565,16.044285982360666,13.84875211109026,0.6868843960601347,14236,3089,21.698510817645406,5.65422483528474,32.538,8.43,0.21834586466165415,0.24060150375939848,-0.75,393.367,45,7.0,9.679531170964893,40.641436622797535,0,0,1,0,0
45011,-1.5680499219968793,-50.0,3205.0,22621,3173,14.02678926661067,13.337164581583485,0.6009156810377719,21170,3898,18.41284837033538,4.386059103724708,33.816,6.74,0.17782814753760562,0.35421388831650524,-0.21,548.379,45,7.0,10.026633957357836,41.25066787750807,0,0,1,0,0
45013,46.20312778868463,10362.0,22412.0,162233,33032,20.36083904014596,13.658750069344707,0.30315083366479256,189732,51621,27.207324014926314,6.846484974780353,55.286,29.09,0.14517086407190707,0.013842957686763335,1.66,576.175,45,7.0,11.996788852497534,281.5689677615308,0,1,1,0,1
45015,10.737199974932631,1718.0,15957.0,177843,17794,10.005454248972407,11.317847764601362,0.36389903505424415,222103,30785,13.860686258177513,3.855232009205105,50.777,14.97,0.05785544167625572,0.12395300917873103,0.71,1103.607,45,7.0,12.088656417591613,161.147038755644,0,1,1,0,0
45017,-2.573711340206186,-66.0,2522.0,15175,2470,16.27677100494234,15.775947281713346,0.4087193460490463,14608,3327,22.775191675794083,6.498420670851743,36.79,9.45,0.0,0.3133245382585752,0.2,381.152,45,7.0,9.627404615927698,39.81351271933507,0,0,1,0,0
45019,5.079493970205722,2155.0,42290.0,350209,44721,12.769803174675692,12.295229420146256,0.3306193524096385,407543,66759,16.380848155900114,3.6110449812244223,48.433,24.21,0.17142163480897227,0.0548153674885715,1.45,917.919,45,7.0,12.766285398103888,381.52494936917094,0,1,1,0,1
45021,4.293007486933183,304.0,7079.0,55342,7442,13.447291388095842,12.760651946080733,0.4667250072925782,57110,9475,16.590789704079846,3.1434983159840044,34.132,8.27,0.07517015070491007,0.3094919786096257,-0.31,393.335,45,7.0,10.921287392911944,140.69940381608552,0,1,1,0,0
45023,-3.797075906268776,-190.0,4993.0,33140,4835,14.589619794809897,13.551599275799639,0.46935582613427657,32260,5956,18.462492250464972,3.8728724556550755,32.743,8.71,0.0,0.32684761281883584,-0.04,580.656,45,7.0,10.408496290980555,57.07337907470172,0,0,1,0,0
45025,6.8528032619775745,403.0,5886.0,46734,6332,13.549022125219325,13.392818932682843,0.423610464574993,45833,8424,18.379770034691163,4.830747909471837,32.979,7.76,0.14483370288248337,0.3589356984478936,-0.38,798.955,45,7.0,10.752227230148003,58.493907666889875,0,0,1,0,0
45027,9.396307403936271,501.0,5335.0,34971,5867,16.7767578851048,14.646421320522718,0.41220587393370356,33865,7982,23.5700575815739,6.793299696469099,33.066,8.91,0.28111401218450827,0.11784160139251523,1.15,606.96,45,7.0,10.462274425587943,57.61664689600632,0,0,1,0,0
45029,5.139314901756217,295.0,5751.0,38892,6078,15.627892625732798,14.074874010079194,0.5426862971709965,37624,7496,19.923453115032956,4.295560489300158,33.263,9.0,0.15985745195367188,0.13796614483899708,0.67,1056.48,45,7.0,10.568543852929547,36.81281235801908,0,0,1,0,1
45031,6.534414019715224,601.0,9130.0,68681,9793,14.258674160248102,14.043185160379142,0.5644123180512922,66858,12644,18.911723353974093,4.653049193725991,38.379,8.18,0.14322630305696063,0.18182318011875961,0.28,560.637,45,7.0,11.13722787518497,122.50529308625725,0,1,1,0,0
45033,7.960391644908617,303.0,3830.0,32062,4159,12.971742249391804,12.563158879670638,0.4802794353078154,30473,4997,16.39812292849408,3.426380679102275,26.818,6.14,0.14135922330097087,0.28245954692556635,-0.68,405.065,45,7.0,10.37542680724962,79.15272857442633,0,0,1,0,0
45035,21.522560113154167,2440.0,11312.0,136555,13849,10.141701146058365,11.2884918164842,0.2899286050809988,161309,22464,13.92606736139955,3.7843662153411852,55.034,17.14,0.11922956607230639,0.1770567993922331,-1.11,568.594,45,7.0,11.824482742855427,240.16257646053245,0,1,1,0,0
45037,11.506590257879655,361.0,3141.0,26985,3524,13.05910691124699,14.000370576246063,0.6913533478549105,27021,5145,19.04074608637726,5.981639175130271,42.834,10.16,0.12456587172956703,0.26765454966427416,-0.25,500.76,45,7.0,10.203036435052743,53.888090103043375,0,0,1,0,0
45039,10.415042042977268,334.0,3211.0,23956,3565,14.881449323760226,15.457505426615462,0.35955825699854466,22406,4833,21.570115147728288,6.688665823968062,32.022,9.15,0.14185331576635923,0.1642512077294686,0.67,686.278,45,7.0,10.083974093384352,34.9071367579902,0,0,1,0,0
45041,10.250899457861014,1674.0,16232.0,136885,18017,13.162143405048033,12.869927311246668,0.328981011147854,138237,23370,16.905748822674102,3.7436054176260694,40.487,10.84,0.24344000922048484,0.10857120903607514,-0.56,800.51,45,7.0,11.826896436244928,170.99723925997176,0,1,1,0,0
45043,16.574711964549483,1681.0,10155.0,60158,11920,19.8144885135809,16.47661158948103,0.33856022808268,62150,17268,27.78439259855189,7.969904084970988,42.666,17.47,0.12123613312202852,0.09537016074258546,1.49,813.885,45,7.0,11.004729713390253,73.91461938725988,0,0,1,0,1
45045,10.452975534281016,5434.0,51705.0,451225,57581,12.761039392764143,11.769073078840933,0.3831946874584318,516126,81392,15.769792647531805,3.0087532547676616,46.83,14.81,0.12461185756986563,0.12772667034253268,1.83,785.062,45,7.0,13.01972138543245,574.7635218619675,0,1,1,0,0
45047,9.782420809733585,936.0,9534.0,69661,10544,15.1361594005254,12.11438250958212,0.31235911637792235,70672,13153,18.611331220285262,3.4751718197598613,38.797,10.5,0.2169379994017861,0.2579583814040935,-0.11,454.725,45,7.0,11.151395899257666,153.19368849304524,0,1,1,0,0
45049,2.542622950819673,69.0,2745.0,21090,2829,13.413940256045521,12.783309625414887,0.5142231947483589,19223,3612,18.789991156427195,5.376050900381674,34.846,7.96,0.13948973932334996,0.17027176927343315,-0.69,559.975,45,7.0,9.95655427347282,37.66239564266262,0,0,1,0,0
45051,30.590530378842033,10716.0,34975.0,269291,46070,17.107887006992435,14.30645658414132,0.2817325476364575,344186,82869,24.076807307676663,6.968920300684228,43.142,17.01,0.1107609672633551,0.03063578181345635,0.88,1133.682,45,7.0,12.503547858263511,237.53662843725135,0,1,1,0,1
45053,-2.290889755405884,-66.0,2821.0,24777,2769,11.175687129192397,11.010211082859103,0.6408389163996504,29558,5802,19.62920359970228,8.453516470509882,37.393,11.87,0.15626096106629253,0.04366888810943528,0.59,655.162,45,7.0,10.117671082478827,37.81812742497275,0,0,1,0,1
45055,12.077204466692338,945.0,7791.0,61697,8797,14.258391818078675,13.796456877968136,0.29114200451270106,65926,12254,18.587507205048084,4.329115386969409,44.064,11.08,0.17820279295689131,0.22389192471159683,0.27,726.471,45,7.0,11.029990586345086,84.92699639765387,0,0,1,0,0
45057,33.79197516670499,2945.0,8698.0,76652,11737,15.312059698377082,13.366904973125294,0.5537369596475663,95378,19954,20.920967099331083,5.608907400954001,38.959,12.23,0.17664693673610576,0.11699592589745561,0.09,549.068,45,7.0,11.247030976588386,139.60383777601317,0,1,1,0,0
45059,-4.669254419677172,-489.0,10408.0,66537,9988,15.01119677773269,13.395554353217006,0.6219675013839591,66990,12391,18.496790565756083,3.485593788023392,37.529,8.58,0.12507920415663415,0.35261690533519197,-0.35,713.757,45,7.0,11.10551346289332,93.22080203766829,0,0,1,0,0
45061,0.5689105058365768,13.0,2570.0,19220,2596,13.506763787721123,13.548387096774196,0.7202572347266881,17144,3191,18.612925804946336,5.106162017225213,23.378,6.14,0.18991678903573175,0.12579539892315222,-1.0,410.184,45,7.0,9.863706682524283,46.85702026407661,0,0,1,0,0
45063,17.097715988083415,4659.0,27189.0,262391,32111,12.237843523596464,12.39371777233213,0.3676825469255947,295033,46873,15.887375310558479,3.649531786962015,52.205,13.68,0.14491756666895966,0.10691110041044691,0.99,698.99,45,7.0,12.477591036683366,375.3859139615731,0,1,1,0,0
45065,22.723030303030303,451.0,1980.0,10233,2449,23.932375647415224,18.20580474934037,0.5134788189987163,9495,3279,34.53396524486572,10.601589597450495,35.858,11.08,0.0,0.24772727272727274,0.81,359.129,45,7.0,9.233373071086755,28.493939503632397,0,0,1,0,0
45067,1.376176470588235,66.0,4760.0,33062,4852,14.675458229992136,14.878107797471419,0.5149468334113556,30954,6084,19.654971893777866,4.979513663785729,30.629,8.25,0.20526557477422316,0.130720955150773,-0.15,489.258,45,7.0,10.406139865612957,67.57579845398543,0,0,1,0,0
45069,0.03311170212765958,2.0,3760.0,28933,3779,13.061210382608094,13.068122904641758,0.8449304174950298,26376,4707,17.845768880800726,4.784558498192633,27.688,6.03,0.1612772837510105,0.4318916734033953,0.27,479.874,45,7.0,10.27273809117664,60.29291022226668,0,0,1,0,0
45071,6.424793239841783,356.0,5562.0,37508,5959,15.887277380825424,13.597099285485765,0.6026113157013726,38329,7573,19.757885674032714,3.8706082932072903,41.815,10.23,0.08415107659724673,0.5219908224497,0.18,630.04,45,7.0,10.532309522539515,59.53272808075678,0,0,1,0,0
45073,11.368498168498167,1428.0,12558.0,74273,14106,18.992096724247034,14.695784470803657,0.4463018858189511,78314,18195,23.233393773782467,4.241297049535433,42.266,12.67,0.1419462905927487,0.23763981196304101,3.55,626.444,45,7.0,11.215502773007652,118.56287233974626,0,1,1,0,0
45075,1.4364195700518916,190.0,13490.0,92501,13734,14.847407055058865,13.283099642166029,0.6375870506305289,86953,17040,19.59679367014364,4.749386615084775,32.849,8.1,0.15728966435014047,0.26803933165754845,0.25,1106.338,45,7.0,11.434974734252892,83.6100721479331,0,0,1,0,0
45077,7.308623840790631,1085.0,14773.0,119224,15993,13.41424545393545,11.496007515265383,0.5873858402934978,125381,20561,16.398816407589667,2.9845709536542167,41.898,12.35,0.12854847348687734,0.19817889662560256,3.02,496.916,45,7.0,11.688759355628628,239.92787513382544,0,1,1,0,0
45079,4.223809523809524,1532.0,35805.0,384504,37541,9.763487505981733,10.700798951376319,0.29185345493893955,414660,52863,12.7485168571842,2.985029351202467,47.922,14.63,0.1718798117108794,0.06634740473990837,0.56,757.318,45,7.0,12.85970947099466,507.7180259811598,0,1,1,0,0
45081,1.5722702529618953,48.0,3123.0,19875,3195,16.07547169811321,13.036477987421383,0.398320594251265,20292,4024,19.830475064064657,3.755003365951449,40.508,9.64,0.12475687691025285,0.0,0.02,452.898,45,7.0,9.897217939522532,43.88405336300889,0,0,1,0,0
45083,6.5802917451305545,2358.0,35579.0,284307,38227,13.445676680489752,12.376410007491902,0.35228495938937276,313791,50797,16.188163459117693,2.7424867786279403,42.68,11.63,0.12468517339680607,0.20898951039273753,0.52,807.744,45,7.0,12.557809919214275,351.9766163536962,0,1,1,0,0
45085,4.233892440767206,560.0,13295.0,107456,13921,12.955069982132223,11.300439249553305,0.38251722414205297,106675,17497,16.40215608155613,3.447086099423906,39.137,9.88,0.1781317885590152,0.2055756698044895,0.45,665.075,45,7.0,11.584836740437213,161.56974777280757,0,1,1,0,0
45087,-0.20610912155045322,-12.0,4747.0,28961,4769,16.466972825523982,13.94288871240634,0.21903483360418285,27325,5444,19.923147301006406,3.456174475482424,33.47,7.43,0.16664003834478353,0.24460776481866112,-0.8,514.171,45,7.0,10.273705376290232,56.325619297860044,0,0,1,0,0
45089,-6.107744107744109,-326.0,5346.0,34423,5039,14.63846846585132,14.650088603549952,0.3450745491242919,30810,6387,20.730282375851996,6.091813910000676,24.191,6.72,0.14303272392072516,0.0,-0.88,934.166,45,7.0,10.446480224596142,36.8489112213461,0,0,1,0,0
45091,24.941989384706112,5079.0,20348.0,226073,25626,11.33527665842449,11.742224856572877,0.30149900208076774,273887,39332,14.36066699040115,3.0253903319766593,51.925,15.89,0.13221004111124954,0.12358290768655787,0.45,680.673,45,7.0,12.328613234947852,332.13158153768404,0,1,1,0,0
46003,-13.174959349593495,-81.0,615.0,2710,539,19.88929889298893,13.357933579335793,0.3776435045317221,2757,501,18.171926006528835,-1.717372886460094,45.23,6.31,0.34782608695652173,0.0,-2.83,708.46,46,0.0,7.904703913873747,3.825198317477345,1,0,0,0,0
46005,-1.9998684643209474,-62.0,3041.0,17398,3006,17.277848028509023,12.932520979422923,0.26493256262042386,18338,3371,18.382593521649035,1.1047454931400118,40.716,8.34,0.21292448774896117,0.19673305631179253,-3.25,1258.709,46,0.0,9.764110536067486,13.822098674117687,1,0,0,0,0
46007,-19.89704641350211,-93.0,474.0,3431,384,11.19207228213349,10.11366948411542,0.395882818685669,3430,424,12.361516034985423,1.169443752851933,32.841,6.02,0.2431561996779388,0.0,0.5,1184.642,46,0.0,8.14060704285845,2.8962336300755838,1,0,0,0,0
46009,-4.675802997858672,-66.0,1401.0,7070,1347,19.052333804809052,12.574257425742575,1.6035482770385534,6914,1431,20.69713624529939,1.6448024404903379,41.107,6.77,0.29820936639118456,0.2059228650137741,-1.59,563.549,46,0.0,8.863615758890619,12.545492938502242,1,0,0,0,0
46011,-3.9491292392300643,-130.0,3273.0,31965,3170,9.917096824651964,8.928515563898014,0.35776813579964983,35115,4220,12.017656272248328,2.100559447596364,45.134,13.83,0.10313708637730984,0.3747314138375591,-2.06,792.208,46,0.0,10.372396833200828,40.349251711671684,0,0,0,0,0
46013,3.940592645483756,221.0,5602.0,36531,5873,16.07675672716323,12.181434945662588,0.2573925535735664,38988,6945,17.813173284087412,1.7364165569241834,45.615,11.57,0.17666535720298557,0.12901958583534429,-2.72,1713.03,46,0.0,10.505916494175118,21.325370834136006,0,0,0,0,0
46015,-0.6183516483516484,-6.0,910.0,5255,914,17.392959086584206,12.921027592768791,0.2055076037813399,5233,956,18.268679533728264,0.8757204471440581,48.277,8.73,0.2518878101402373,0.0,-1.54,817.241,46,0.0,8.566935283311052,6.430171760839214,1,0,0,0,0
46017,-21.87840909090909,-39.0,176.0,1912,137,7.165271966527197,7.060669456066945,0.0,2005,155,7.73067331670823,0.5654013501810331,27.926,6.75,0.0,0.0,-1.59,471.405,46,0.0,7.555905093611346,4.055960373776265,1,0,0,0,0
46019,17.189873417721518,231.0,1343.0,10110,1591,15.736894164193869,14.253214638971315,0.2813243886604631,10295,2019,19.611461874696452,3.8745677105025838,39.041,11.43,0.1310344827586207,0.08866995073891626,0.43,2250.017,46,0.0,9.221280312014517,4.493299383960211,1,0,0,0,0
46021,-19.811622807017542,-89.0,456.0,1466,370,25.2387448840382,14.938608458390176,0.30612244897959184,1458,367,25.171467764060356,-0.06727711997784525,42.833,4.06,0.0,0.0,-1.45,733.677,46,0.0,7.290292882446597,1.9981545012314683,1,0,0,0,0
46023,-2.3109489051094894,-40.0,1644.0,9129,1619,17.734691642019936,11.249863073721109,0.4936347103143674,9324,1719,18.436293436293436,0.7016017942735004,35.808,6.77,0.22568093385214008,0.028534370946822308,-1.23,1097.488,46,0.0,9.119211438565081,8.318086393655328,1,0,0,0,0
46025,-10.546067415730334,-96.0,890.0,3691,804,21.782714711460308,14.386345163912221,0.9941520467836258,3715,795,21.399730820995963,-0.3829838904643452,43.894,6.45,0.0,0.0,-2.27,957.604,46,0.0,8.213652703029998,3.854411635707453,1,0,0,0,0
46027,1.9635047067342508,27.0,1381.0,13864,1421,10.249567224466244,9.052221581073283,0.26600461074658627,14076,1692,12.020460358056265,1.7708931335900218,37.198,11.69,0.0,0.01117798796216681,-1.87,412.031,46,0.0,9.537050831395442,33.64795367338865,0,0,0,0,0
46029,9.99547697368421,366.0,3648.0,27227,4051,14.878613141367026,11.694274066184303,0.2984593046704848,28133,4883,17.356840720861623,2.4782275794945967,43.275,13.1,0.13035700976373257,0.21442945516881567,-1.73,687.585,46,0.0,10.211964406994612,39.59801333653294,0,0,0,0,0
46031,-22.02606284658041,-119.0,541.0,4050,423,10.444444444444445,9.481481481481481,1.4935064935064934,4106,457,11.130053580126644,0.6856091356821992,30.877,4.59,0.18592964824120603,0.0,-0.71,2469.694,46,0.0,8.306472160100585,1.6398792724928675,1,0,0,0,0
46033,15.968455931080186,241.0,1509.0,8216,1766,21.49464459591042,19.936708860759495,0.3673292999135696,8826,2702,30.614094720145026,9.119450124234607,46.743,16.07,0.174079754601227,0.0,0.97,1556.947,46,0.0,9.013838751608395,5.276994014568254,1,0,0,0,0
46035,17.3216361679225,483.0,2787.0,19504,3301,16.92473338802297,11.859105824446267,0.25982828739267966,19890,3709,18.64756158873806,1.7228282007150924,41.867,10.88,0.1737417943107221,0.15789934354485777,-3.29,435.633,46,0.0,9.878374851721052,44.771631166601246,0,0,0,0,0
46037,1.0196261682242995,12.0,1284.0,5710,1309,22.924693520140103,15.183887915936953,0.24793388429752067,5452,1418,26.008804108584005,3.0841105884439024,36.818,6.48,0.21210106382978725,0.11236702127659574,-1.21,1028.495,46,0.0,8.649974302650056,5.551801418577631,1,0,0,0,0
46039,-5.144355758266819,-46.0,877.0,4364,839,19.225481209899176,13.405132905591199,0.4537205081669692,4309,925,21.46669760965421,2.241216399755036,47.0,8.72,0.102843315184513,0.4494857834240774,-1.68,622.739,46,0.0,8.381144346952961,7.00775124088904,1,0,0,0,0
46041,-9.409330985915492,-52.0,568.0,5301,515,9.71514808526693,9.054895302773062,0.4995004995004995,5841,552,9.450436569080637,-0.26471151618629385,33.255,5.69,0.26639892904953144,0.0,0.62,2302.488,46,0.0,8.575650760987806,2.302292129209794,1,0,0,0,0
46043,3.5053237410071945,23.0,695.0,3002,727,24.217188540972685,14.057295136575615,0.4169562195969423,2913,684,23.480947476828014,-0.7362410641446715,42.794,5.83,0.0,0.12430632630410655,-3.59,431.801,46,0.0,8.007034012193408,6.952276627427913,1,0,0,0,0
46045,-6.5715351812366745,-62.0,938.0,4071,883,21.69000245639892,13.141734217636944,0.3051881993896236,3876,713,18.395252837977296,-3.2947496184216227,47.026,7.03,0.2452153110047847,0.0729665071770335,-2.68,1125.981,46,0.0,8.31164394850298,3.615513938512284,1,0,0,0,0
46047,0.8636024844720483,13.0,1610.0,7094,1638,23.089935156470258,18.95968424020299,1.5270818420424719,6721,1958,29.132569558101473,6.042634401631215,35.833,8.68,0.0,0.0,1.89,1739.889,46,0.0,8.867004635333567,4.077271596061588,1,0,0,0,0
46049,-2.5066783831282953,-16.0,569.0,2364,560,23.688663282571913,13.028764805414554,0.7922535211267605,2315,670,28.94168466522678,5.253021382654868,38.203,5.13,0.0,0.0,-2.32,981.692,46,0.0,7.768110378525988,2.4080872615851,1,0,0,0,0
46051,-1.5046018991964936,-21.0,1369.0,7356,1363,18.529091897770527,14.274061990212072,0.19852524106636413,7125,1493,20.95438596491228,2.4252940671417527,42.625,9.98,0.11490015360983102,0.17542242703533026,-2.49,681.446,46,0.0,8.903271585724212,10.794692462792355,1,0,0,0,0
46053,1.8435532994923858,18.0,985.0,4271,1013,23.718098805900254,15.218918286115663,0.1997602876548142,4193,1035,24.68399713808729,0.9658983321870345,33.94,5.61,0.2640144665461121,0.0433996383363472,-0.64,1014.95,46,0.0,8.359603270841466,4.208089068427016,1,0,0,0,0
46055,13.886776859504131,50.0,363.0,1937,421,21.734641197728447,14.919979349509552,0.09871668311944717,1935,435,22.48062015503876,0.7459789573103137,46.281,7.48,0.0,0.0,-0.3,1810.542,46,0.0,7.5688956634069955,1.0698453833161563,1,0,0,0,0
46057,15.591169724770642,135.0,872.0,5903,1020,17.27934948331357,10.638658309334236,0.5434782608695652,6104,963,15.776539973787681,-1.502809509525889,44.439,8.37,0.17313432835820897,0.0,-1.37,507.235,46,0.0,8.683215975240689,11.637603871972557,1,0,0,0,0
46059,-1.9308219178082193,-17.0,876.0,3431,867,25.26960069950452,13.378023899737688,0.27548209366391185,3064,783,25.554830287206265,0.2852295877017461,45.895,7.49,0.19692603266090297,0.053794428434197884,-3.2,1436.65,46,0.0,8.14060704285845,2.3881947586398913,1,0,0,0,0
46061,-21.799153976311334,-129.0,591.0,3331,467,14.019813869708797,10.387271089762834,0.08496176720475786,3423,526,15.366637452527025,1.346823582818228,46.556,8.73,0.0,0.0,-3.42,434.587,46,0.0,8.11102783819368,7.664748370291795,1,0,0,0,0
46063,-20.15291479820628,-45.0,223.0,1255,182,14.50199203187251,16.89243027888446,0.0,1178,219,18.59083191850594,4.088839886633432,34.792,6.7,0.0,0.0,-0.65,2671.57,46,0.0,7.134890851565884,0.46976122654469094,1,0,0,0,0
46065,-6.680238781391519,-162.0,2429.0,17022,2285,13.423804488309246,13.735166255434144,0.07870916961826052,17560,2988,17.015945330296127,3.5921408419868808,53.501,13.32,0.18180397061122403,0.0,0.07,741.527,46,0.0,9.742261904036907,22.95533406066131,0,0,0,0,0
46067,6.5098303101228785,112.0,1709.0,7343,1838,25.030641427209588,12.855781015933543,1.2831990450611759,7308,1677,22.947454844006568,-2.0831865832030196,39.31,6.87,0.300556586270872,0.08951762523191095,-3.33,813.013,46,0.0,8.90150275745161,9.031835899302962,1,0,0,0,0
46069,-4.587349397590361,-14.0,332.0,1420,321,22.6056338028169,14.295774647887324,0.2824858757062147,1446,360,24.896265560165975,2.2906317573490753,41.196,6.66,0.0,0.0,-2.39,860.629,46,0.0,7.258412150595307,1.6499560205384667,1,0,0,0,0
46071,8.425945945945946,31.0,370.0,3031,407,13.427911580336522,10.260640052787858,0.2514668901927913,3296,459,13.925970873786408,0.4980592934498862,36.354,5.46,0.0,0.0,-0.75,1863.883,46,0.0,8.016647877057803,1.6261750335187348,1,0,0,0,0
46073,-8.665541740674955,-48.0,563.0,2071,519,25.060357315306614,15.934331240946403,0.09345794392523366,2009,619,30.81134892981583,5.750991614509214,40.607,6.22,0.0,0.0,-2.91,526.133,46,0.0,7.635786861395585,3.9362670655518657,1,0,0,0,0
46075,-22.05632183908046,-58.0,261.0,1006,207,20.576540755467196,13.817097415506957,0.1697792869269949,873,169,19.358533791523485,-1.2180069639437114,49.464,7.5,0.0,0.0,-1.48,969.672,46,0.0,6.913737350659685,1.0374642147035287,1,0,0,0,0
46077,1.8496323529411764,20.0,1088.0,5148,1120,21.756021756021756,14.840714840714842,0.29411764705882354,4936,1133,22.95380875202593,1.1977869960041758,44.948,7.03,0.15863141524105753,0.26594090202177295,-1.92,832.237,46,0.0,8.546363568716018,6.18573795685604,1,0,0,0,0
46079,3.7047566371681415,66.0,1808.0,11200,1893,16.901785714285715,13.026785714285714,0.3417880913833423,12747,2772,21.746293245469523,4.844507531183808,45.606,10.88,0.19374634716540035,0.1952074810052601,-1.86,562.891,46,0.0,9.323669057283185,19.897280290500294,0,0,0,0,0
46081,19.439100241545894,643.0,3312.0,24097,3993,16.570527451549985,14.595177822965514,0.2116650987770461,25806,5631,21.820506858870033,5.249979407320048,42.356,15.51,0.12525727727139077,0.04371263353915515,1.76,800.053,46,0.0,10.089842630402503,30.119254599382792,0,0,0,0,0
46083,59.41125299281723,1489.0,2506.0,44828,4032,8.994378513429107,9.71267957526546,0.3412587412587412,58887,7524,12.777013602323093,3.7826350888939864,67.365,16.97,0.17847361694358224,0.15939382873836042,-3.91,577.293,46,0.0,10.710588223171918,77.65207615543581,0,0,0,0,0
46085,-16.731393568147013,-110.0,653.0,3755,548,14.59387483355526,11.424766977363515,0.35211267605633806,3831,618,16.131558339859044,1.5376835063037841,36.323,6.49,0.0,0.0,-1.28,1642.147,46,0.0,8.230843564198235,2.2866405991668226,1,0,0,0,0
46087,7.626197757390419,75.0,981.0,5618,1066,18.974724101103597,12.97614809540762,0.6824568446407066,5543,1033,18.636117625834387,-0.3386064752692093,42.022,9.19,0.2738496071829405,0.006734006734006734,-3.05,574.205,46,0.0,8.633731007664188,9.783962173788106,1,0,0,0,0
46089,-11.384390243902438,-94.0,820.0,2459,733,29.80886539243595,14.07076047173648,1.3399153737658673,2316,698,30.13816925734024,0.32930386490428987,31.923,4.51,0.0,0.13573407202216067,-1.98,1136.643,46,0.0,7.807510042216193,2.163388152656551,1,0,0,0,0
46091,-6.761317747077578,-64.0,941.0,4656,887,19.05068728522337,14.325601374570446,0.4340962904498816,4881,1062,21.75783650891211,2.7071492236887416,41.023,8.17,0.0,0.2533589251439539,-1.65,838.121,46,0.0,8.445911989411274,5.555283783606424,1,0,0,0,0
46093,9.663434196135618,265.0,2743.0,25434,3038,11.944641031689864,13.037666116222379,0.3090909090909091,28149,4316,15.332693879001031,3.388052847311167,46.18,14.58,0.3011374975054879,0.04809419277589304,-1.66,3470.945,46,0.0,10.143842140580691,7.327687416539299,1,0,0,0,0
46095,6.401568627450981,16.0,255.0,2048,277,13.525390625,12.158203125,0.5966587112171837,2065,319,15.447941888619853,1.9225512636198534,34.055,4.98,0.0,0.0,-0.76,1307.325,46,0.0,7.6246189861593985,1.5665576654619164,1,0,0,0,0
46097,-11.22495784148398,-66.0,593.0,2389,532,22.26873168689828,13.43658434491419,0.45871559633027525,2213,461,20.831450519656574,-1.4372811672417072,43.958,5.84,0.0,0.0,-3.45,570.17,46,0.0,7.77863014732581,4.1899784274865395,1,0,0,0,0
46099,6.7888126286890875,1195.0,17484.0,169468,18843,11.118913305166757,10.848655793424127,0.19005827522115237,191682,25093,13.090952723782099,1.972039418615342,51.799,14.49,0.20720357613952806,0.09695148761541844,-2.58,806.835,46,0.0,12.040419397418988,210.0404667621013,0,1,0,0,0
46101,-8.376315789473685,-89.0,1064.0,6486,983,15.155720012334259,13.552266419981498,0.3895184135977337,6508,1246,19.145666871542716,3.989946859208457,52.354,10.28,0.0,0.0,-2.96,519.383,46,0.0,8.777401286867264,12.48789428995558,1,0,0,0,0
46103,13.234202582592655,1581.0,11926.0,100948,13617,13.489123112889805,12.375678567183105,0.315913590958642,112504,20307,18.050024888003982,4.560901775114177,46.849,14.97,0.18890675241157556,0.04731281580156178,1.27,2776.773,46,0.0,11.522360811756714,36.35443012446462,0,0,0,0,0
46105,-4.357342657342658,-32.0,715.0,2982,690,23.138832997987926,15.492957746478872,2.3001725129384707,2996,731,24.399198931909215,1.260365933921289,33.361,5.08,0.19164619164619165,0.0,-0.73,2870.478,46,0.0,8.000349495324684,1.0388513690054408,1,0,0,0,0
46107,6.401030927835052,36.0,582.0,2329,627,26.921425504508374,15.757835981107771,0.13333333333333333,2311,646,27.953266983989618,1.031841479481244,42.422,5.56,0.20556227327690446,0.0,-1.38,861.138,46,0.0,7.753194269884341,2.7045607092010804,1,0,0,0,0
46109,5.100361663652803,85.0,1659.0,10149,1758,17.32190363582619,12.956941570598088,0.44852191641182465,10310,2055,19.932104752667314,2.610201116841125,37.708,7.32,0.23031938821412506,0.11560953666216824,-1.68,1101.049,46,0.0,9.225130457448818,9.21757342316282,1,0,0,0,0
46111,-12.08104089219331,-64.0,538.0,2355,477,20.254777070063696,14.777070063694268,0.8532423208191127,2372,467,19.688026981450253,-0.5667500886134427,44.732,6.27,0.0,0.0,-3.47,569.248,46,0.0,7.764296006450518,4.137036932936084,1,0,0,0,0
46115,-6.303584491587418,-86.0,1367.0,6415,1291,20.124707716289947,13.749025720966484,0.6371455877668047,6438,1343,20.860515688101895,0.7358079718119477,45.0,6.27,0.22939346811819597,0.09642301710730948,-3.62,1503.533,46,0.0,8.766394277049736,4.2666173605767215,1,0,0,0,0
46117,-2.315368421052631,-12.0,475.0,2966,469,15.81254214430209,15.3068105192178,0.2883922134102379,3058,703,22.988881621975146,7.176339477673055,51.875,11.37,0.01582591493570722,0.0,-0.15,1444.432,46,0.0,7.994969522697877,2.0534023062352538,1,0,0,0,0
46119,-27.845303867403317,-100.0,362.0,1373,263,19.155134741442097,15.149308084486526,0.35502958579881655,1278,333,26.056338028169012,6.901203286726915,48.958,7.22,0.0,0.0,0.2,1006.724,46,0.0,7.224753405767971,1.3638296097043479,1,0,0,0,0
46121,-8.29074074074074,-55.0,648.0,9612,593,6.169371618809821,8.177278401997503,0.19096117122851686,10308,765,7.421420256111758,1.2520486373019368,25.196,5.38,0.0,0.0,-0.98,1388.595,46,0.0,9.17076759685636,6.922104717358192,1,0,0,0,0
46123,3.7370141342756176,42.0,1132.0,5644,1187,21.031183557760453,13.377037562012756,0.26041666666666663,5448,1218,22.356828193832598,1.3256446360721448,40.221,6.94,0.29906542056074764,0.02219626168224299,-2.25,1612.458,46,0.0,8.638348312972704,3.500246207963246,1,0,0,0,0
46125,-2.995049504950495,-47.0,1616.0,8347,1583,18.964897567988498,13.789385407930993,1.1678090886011678,8325,1729,20.76876876876877,1.8038712007802715,48.068,8.56,0.2634902411021814,0.09529276693455797,-3.48,617.064,46,0.0,9.029657471850737,13.526959926360961,1,0,0,0,0
46127,6.1998408488063665,117.0,1885.0,14399,2022,14.042641850128481,13.903743315508022,0.605095541401274,15659,2774,17.71505204674628,3.6724101966177987,59.889,13.22,0.11092233009708738,0.183373786407767,-1.78,460.742,46,0.0,9.57491403870827,31.25176345981048,0,0,0,0,0
46129,2.909105431309905,37.0,1252.0,5438,1303,23.96101507907319,14.63773446119897,0.3663003663003663,5431,1263,23.255385748480943,-0.7056293305922452,39.517,6.25,0.20428954423592494,0.0,-1.45,708.642,46,0.0,8.601166625192416,7.673832485232317,1,0,0,0,0
46135,12.09771534424205,393.0,3239.0,22438,3665,16.333897851858453,12.56350833407612,0.22793203481143803,22746,4312,18.957179284269763,2.6232814324113107,47.124,11.55,0.19064350968778235,0.23361108322457586,-1.76,521.189,46,0.0,10.01851122910491,43.05156095005843,0,0,0,0,0
46137,-27.508550185873606,-73.0,269.0,2801,195,6.961799357372367,7.318814709032488,0.2026342451874367,2767,279,10.083122515359594,3.121323157987227,27.578,6.22,0.0,0.0,-0.55,1961.24,46,0.0,7.937731775260109,1.428178091411556,1,0,0,0,0
47001,4.006875502008032,504.0,12450.0,75129,13064,17.388758002901675,14.069134422127275,0.4435867154420025,76513,15193,19.85675636819887,2.467998365297195,44.65,11.64,0.0878305353411629,0.21987655210509882,1.36,337.203,47,6.0,11.226961915012412,222.80050889226965,0,1,1,0,0
47003,14.481306930693071,733.0,5050.0,45058,5834,12.9477562253096,11.400861112344089,0.41938997821350765,48937,7275,14.866052271287575,1.918296045977975,38.55,11.44,0.08532016348773842,0.31369209809264303,-0.55,473.639,47,6.0,10.715705827737088,95.13152421992277,0,0,1,0,0
47005,3.135490009514748,98.0,3153.0,16489,3281,19.898113894111226,15.677118078719147,0.40111420612813375,16133,3852,23.87652637451187,3.9784124804006424,33.953,7.79,0.23014888337468983,0.19106699751861042,1.13,394.306,47,6.0,9.710448770900967,41.817776041957266,0,0,1,0,0
47007,6.219163952225841,114.0,1842.0,12876,1977,15.354147250698974,14.344516930723827,0.9793634137810423,14961,2716,18.15386672013903,2.7997194694400545,29.729,9.97,0.2509727626459144,0.08560311284046693,-0.56,406.425,47,6.0,9.463120392418698,31.681121978224763,0,0,1,0,0
47009,18.821144278606965,3112.0,16482.0,123010,19770,16.071864076091373,13.708641573855784,0.3799804581478667,131641,26618,20.22014418000471,4.148280103913336,47.322,15.72,0.15964750756280416,0.0,1.25,558.817,47,6.0,11.72002093186283,220.12572989010712,0,1,1,0,0
47011,11.200994386527666,1398.0,12470.0,98963,13999,14.145690813738469,12.11867061426998,0.3526996014011354,106924,18248,17.066327484942576,2.9206366712041074,40.032,13.38,0.13381047809905525,0.20970512453478385,-0.17,328.762,47,6.0,11.502501321885772,301.0171491839081,0,1,1,0,0
47013,2.8641841871483567,193.0,6754.0,40716,7011,17.21927497789567,13.930641516848413,0.445757788240008,39818,8168,20.51333567733186,3.2940606994361907,30.686,8.64,0.27752727272727273,0.1930181818181818,1.87,480.163,47,6.0,10.61437641457223,84.79620462218038,0,0,1,0,0
47015,13.329715762273901,258.0,1935.0,13801,2216,16.05680747771901,12.788928338526192,0.7454033460327978,14374,2594,18.046472798107693,1.989665320388685,38.733,11.21,0.2997097242380261,0.0,-2.75,265.635,47,6.0,9.53249633228804,51.954749938825834,0,0,1,0,0
47017,6.700253271422541,319.0,4738.0,28522,5103,17.891452212327327,13.754294930229296,0.5461165048543689,27841,5545,19.916669659854172,2.0252174475268454,36.16,7.74,0.26261747302471283,0.1642882004872955,-1.91,597.658,47,6.0,10.258430998296712,47.72294522954599,0,0,1,0,0
47019,3.1460551431601274,297.0,9430.0,57424,9818,17.097380886040682,14.044650320423516,0.558639083111079,56452,12270,21.735279529511796,4.6378986434711145,31.173,9.27,0.20473660911907923,0.12073926516157592,2.93,341.258,47,6.0,10.958217613387388,168.27151304877836,0,1,1,0,0
47021,4.3620535714285715,176.0,4032.0,39105,4250,10.868175425137451,12.934407364787113,0.2936857562408223,40539,6063,14.955968326796418,4.0877929016589665,52.585,15.59,0.08582223821518532,0.3371716444764304,-0.23,302.469,47,6.0,10.574005615035713,129.28597641411187,0,1,1,0,0
47023,12.180734360834089,269.0,2206.0,17131,2500,14.593427120424959,11.48210845835036,0.4154727793696275,17260,2984,17.288528389339515,2.6951012689145557,39.915,10.25,0.14773940904236382,0.13634745461018155,-2.01,285.736,47,6.0,9.748644966730458,59.95394350029398,0,0,1,0,0
47025,16.38244170096022,717.0,4374.0,32213,5142,15.962499611957906,14.171297302331357,0.5114745272225587,31827,6254,19.649982719075,3.6874831071170924,31.353,8.93,0.18580192813321647,0.28104002337131173,1.57,434.6,47,6.0,10.380125376764875,74.12103083294984,0,0,1,0,0
47027,6.863791923340178,100.0,1461.0,7861,1579,20.086502989441545,14.73095026078107,0.3035964502568893,7640,1834,24.005235602094242,3.918732612652697,32.106,8.86,0.0,0.0,1.29,236.536,47,6.0,8.969669103793757,33.23384178306896,0,0,1,0,0
47029,12.827725797212144,673.0,5237.0,35662,5965,16.72648757781392,14.836520666255398,0.4868549172346641,35797,7608,21.253177640584404,4.526690062770484,28.809,9.59,0.1357776661644065,0.24644232379039008,1.31,435.826,47,6.0,10.481840975093991,81.8262334050745,0,0,1,0,0
47031,10.271138157014844,769.0,7477.0,52796,8322,15.762557769527993,12.506629290097734,0.36272083297772467,56024,9634,17.19620162787377,1.4336438583457767,40.078,11.92,0.14110929853181076,0.21380505709624797,-0.89,428.965,47,6.0,10.874190709248845,123.07764036692971,0,1,1,0,0
47033,7.462466001813237,165.0,2206.0,14586,2395,16.41985465514877,11.92239133415604,0.669260700389105,14310,2702,18.88190076869322,2.4620461135444494,36.556,8.41,0.2548125633232016,0.1281661600810537,-2.21,265.548,47,6.0,9.587817443544179,54.92792263545574,0,0,1,0,0
47035,32.221720785177034,3521.0,10902.0,56053,14553,25.96292794319662,15.050041924607068,0.4831089481723562,60016,18503,30.830111970141296,4.8671840269446776,36.813,13.39,0.23619288961764925,0.1490646195125587,0.54,681.026,47,6.0,10.934052950707574,82.30669607327768,0,0,1,0,0
47037,-6.998888109786638,-4925.0,69881.0,626681,65403,10.436410231042588,10.734967232132457,0.2302995302453007,690540,84748,12.272714107799693,1.8363038767571052,45.668,16.47,0.1826259703522959,0.04452284039256756,0.33,503.49,47,6.0,13.34819291821688,1244.6741742636398,0,1,1,0,0
47039,7.247032574743417,163.0,2241.0,11757,2428,20.651526750021265,14.297865101641575,0.6401862359959261,11663,2853,24.461973763182716,3.8104470131614505,30.445,6.65,0.3433489827856025,0.15242566510172145,0.34,333.878,47,6.0,9.372204086867741,35.213461204392026,0,0,1,0,0
47041,7.2336263736263735,196.0,2730.0,18723,2956,15.788068151471451,13.715750680980612,0.44657097288676234,20104,3777,18.787306008754477,2.999237857283026,34.863,9.8,0.09532032464168537,0.41080987739595926,1.23,304.385,47,6.0,9.837507993602152,61.51091545246974,0,0,1,0,0
47043,12.53825711820535,728.0,5795.0,49666,6585,13.258567229090323,12.036403173196955,0.31219980787704127,53289,8513,15.975154347050985,2.716587117960662,44.554,12.87,0.16833853156874315,0.25920930624631205,-0.83,489.898,47,6.0,10.813075873350607,101.38028732511665,0,0,1,0,0
47045,5.744603481624758,299.0,5170.0,38335,5517,14.391548193556803,12.87596191469936,0.239477938094953,37201,6497,17.464584285368673,3.07303609181187,36.856,9.19,0.1632355200491627,0.3223229374711937,-0.39,512.336,47,6.0,10.554118595992994,74.82394366197182,0,0,1,0,0
47047,28.557515302652458,1261.0,4411.0,38413,5714,14.87517246765418,15.260458698877985,0.35739357967962215,40612,8652,21.304048064611443,6.428875596957264,56.729,17.04,0.09172957006892025,0.3344273055464391,-1.18,704.775,47,6.0,10.556151222950184,54.50391969068143,0,0,1,0,0
47049,19.12272727272727,485.0,2530.0,17959,3047,16.966423520240546,14.689013864914527,0.8927575047427743,18405,3943,21.423526215702253,4.457102695461707,29.642,10.1,0.3788838612368024,0.11010558069381599,-0.05,498.611,47,6.0,9.795846661018736,36.018058165583994,0,0,1,0,0
47051,6.303485214242607,419.0,6628.0,41052,7109,17.31706128812238,13.658287050570008,0.716692517516179,41999,8415,20.036191337888997,2.7191300497666155,40.983,11.07,0.1640200362357455,0.29382926569327505,1.68,554.488,47,6.0,10.622594834765605,74.03586732264719,0,0,1,0,0
47053,6.780328731097961,520.0,7605.0,49683,8187,16.478473522130308,12.41672201759153,0.3954725214782491,49193,8738,17.762689813591365,1.2842162914610569,35.947,8.69,0.16325829180271526,0.22546829352122358,-1.86,602.745,47,6.0,10.8134181012576,82.4278923923052,0,0,1,0,0
47055,5.781199739187132,265.0,4601.0,29485,4910,16.652535187383418,13.949465830083094,0.9390349609939324,29403,5886,20.018365472910926,3.365830285527508,37.86,9.87,0.12546870493221807,0.29146235938852033,-1.46,610.931,47,6.0,10.291636938434605,48.262406065496755,0,0,1,0,0
47057,15.31064308681672,477.0,3110.0,22657,3625,15.999470362360418,14.43703932559474,0.5140444281255737,23268,4821,20.719443011861784,4.719972649501367,30.623,8.99,0.10818858560794045,0.3940446650124069,1.45,280.587,47,6.0,10.028224133937455,80.74857352621468,0,0,1,0,0
47059,14.930063780440667,1547.0,10348.0,68831,12006,17.442722029318187,14.250846275660676,0.5870413739266198,69077,15124,21.894407689969164,4.451685660650977,36.867,10.42,0.19814286405184506,0.25380857958117714,0.14,622.169,47,6.0,11.13940950383547,110.63071287704788,0,0,1,0,0
47061,8.378923357664233,183.0,2192.0,13703,2401,17.52171057432679,13.829088520761875,0.7347193997186181,13371,2784,20.821180166030963,3.299469591704174,26.529,8.01,0.26307922272047835,0.11584454409566518,0.02,360.445,47,6.0,9.5253700659462,38.016895781603296,0,0,1,0,0
47063,9.076821412705463,821.0,9004.0,62544,9918,15.857636224098234,12.586339217191098,0.38200496977339315,64479,11671,18.100466818654134,2.2428305945558993,39.807,11.89,0.1539005245340575,0.34879654774747965,1.52,161.189,47,6.0,11.043625588032736,388.01655199796517,0,1,1,0,0
47065,6.559888258440401,3043.0,45999.0,336463,49415,14.686607442720298,13.175297135197631,0.3831721892433838,364718,64056,17.56315838538268,2.87655094266238,45.408,14.72,0.1560920416671791,0.1437505380575814,1.16,542.34,47,6.0,12.726243466597902,620.3912674705904,0,1,1,0,0
47067,2.146304541406945,24.0,1123.0,6819,1159,16.996627071418096,14.91421029476463,0.24834437086092717,6568,1387,21.11753958587089,4.120912514452794,23.125,7.62,0.296028880866426,0.0,0.38,222.324,47,6.0,8.827468112520654,30.671452474766554,0,0,1,0,0
47069,-0.00832232496697394,0.0,3785.0,27253,3811,13.983781602025466,12.8279455472792,0.3870611003594139,25247,4563,18.07343446746148,4.089652865436015,32.539,8.87,0.25919701213818863,0.0,-1.05,667.744,47,6.0,10.212918885774858,40.81354531077778,0,0,1,0,0
47071,7.471209386281589,333.0,4432.0,26026,4809,18.477676169983862,14.681472373780066,0.3872078015201491,25665,5810,22.637833625560102,4.16015745557624,30.732,8.66,0.17015791169835642,0.25362552368675473,0.44,577.328,47,6.0,10.166851317336702,45.08009311864313,0,0,1,0,0
47073,9.551310507674145,811.0,8470.0,56833,9367,16.481621593088523,14.229408970140586,0.5173055452177149,56735,11859,20.902441173878557,4.420819580790035,35.392,10.49,0.16158678455095393,0.38610981852024195,1.21,487.054,47,6.0,10.94787242191776,116.68726670964617,0,1,1,0,0
47075,-4.773610081541883,-130.0,2698.0,18787,2583,13.74886889870655,13.477404588279128,0.28863499699338546,17391,3223,18.532574320050603,4.783705421344052,32.414,8.71,0.08856983031885139,0.31568152153645346,-1.7,533.107,47,6.0,9.840920420267299,35.24058022123139,0,0,1,0,0
47077,8.644061916199627,325.0,3747.0,27769,4112,14.807879289855594,12.989304620260004,0.32091421415153415,27956,5094,18.221490914293888,3.4136116244382944,38.887,9.07,0.1504142766093053,0.22195666029318037,0.82,520.009,47,6.0,10.231675569569644,53.40099882886642,0,0,1,0,0
47079,11.64365599009025,657.0,5651.0,32330,6364,19.68450355706774,14.627281163006495,0.621555060396388,32251,7437,23.059750085268675,3.375246528200936,36.836,8.5,0.17427007299270073,0.16503193430656934,0.06,561.84,47,6.0,10.383750870719478,57.543072760928375,0,0,1,0,0
47081,8.869629156010232,278.0,3128.0,24690,3440,13.932766302146618,12.940461725394897,0.3588400737076908,25017,4254,17.00443698285166,3.0716706807050436,42.075,10.28,0.2052060737527115,0.23080260303687636,-2.18,612.483,47,6.0,10.114153582339226,40.31132292651388,0,0,1,0,0
47083,5.701633522727272,79.0,1408.0,8426,1503,17.83764538333729,14.028008544979825,0.28653295128939826,8201,1692,20.631630288989147,2.7939849056518575,33.738,8.79,0.0,0.14984709480122324,0.56,200.294,47,6.0,9.039077442538963,42.06815980508652,0,0,1,0,0
47085,4.656577645895153,141.0,3033.0,18538,3205,17.288812169597584,14.122343294853815,0.3722504230118443,18528,3593,19.39227115716753,2.1034589875699474,41.486,10.49,0.1469704556835253,0.30645968953430147,0.61,530.763,47,6.0,9.827577958435779,34.92707668017552,0,0,1,0,0
47087,9.716981132075471,179.0,1855.0,11638,2055,17.657673139714728,15.535315346279429,0.5647783672770837,11767,2651,22.529106824169286,4.8714336844545585,32.722,8.92,0.0,0.23214285714285715,0.86,308.638,47,6.0,9.362030885216615,37.70760567396108,0,0,1,0,0
47089,22.19095216940619,1502.0,6753.0,51407,8334,16.21179994942323,13.31336199350283,0.5106600280863015,54162,10771,19.886636387134892,3.6748364377116616,38.239,12.26,0.10848303393213572,0.21307385229540918,1.39,274.925,47,6.0,10.847529628941109,186.98554151132126,0,1,1,0,0
47091,2.9233268983268985,89.0,3108.0,18244,3228,17.6934882701162,14.152598114448587,0.547119249665029,17755,4044,22.776682624612786,5.083194354496584,29.949,9.28,0.19404220107571368,0.18494000827472074,0.74,298.44,47,6.0,9.81159153783159,61.13121565473797,0,0,1,0,0
47093,5.926848698153194,3168.0,52848.0,432226,56491,13.069782937629851,12.085806962098532,0.41857101087976856,466184,73677,15.804274706982651,2.7344917693528004,46.759,15.23,0.17414273809401332,0.05571044969598453,0.62,508.331,47,6.0,12.97670387858011,850.2845586832202,0,1,1,0,0
47095,6.527281845536611,65.0,997.0,7832,1074,13.712972420837588,11.810520939734422,0.23094688221709006,7273,1119,15.385673037261101,1.6727006164235139,24.7,6.54,0.0,0.0,-0.36,165.785,47,6.0,8.965973184210347,47.2419097023253,0,0,1,0,0
47097,-3.1414529914529914,-110.0,3510.0,27815,3424,12.309904727664929,11.411109113787525,0.35536602700781805,25689,4026,15.6720775429172,3.362172815252272,32.894,7.71,0.12339851652056642,0.24904472915261858,0.05,471.967,47,6.0,10.233330722509393,58.93420514569875,0,0,1,0,0
47099,9.406655737704918,575.0,6100.0,41869,6738,16.09305213881392,12.400582770068546,0.6271661990427464,43780,7708,17.606212882594793,1.5131607437808725,34.985,9.16,0.15450152594099695,0.17065106815869788,-0.89,617.126,47,6.0,10.642300975279205,67.84514021447808,0,0,1,0,0
47101,17.1181981981982,284.0,1665.0,12161,1971,16.207548721322258,14.332702902721817,0.8043875685557587,12131,2555,21.061742642815926,4.854193921493668,35.0,9.04,0.26333520494104434,0.08871420550252666,-0.8,282.092,47,6.0,9.405989388981,43.11004920380585,0,0,1,0,0
47103,7.286065573770492,375.0,5124.0,33361,5550,16.63619196067264,13.4408440993975,0.6626861754478053,34158,6519,19.084841032847358,2.4486490721747174,42.962,11.36,0.14016454749439042,0.30964846671652957,-1.2,570.342,47,6.0,10.415142832042596,58.492974390804115,0,0,1,0,0
47105,38.552815013404825,2879.0,7460.0,48556,10434,21.48859049345086,15.7076365433726,0.428078250863061,53169,13988,26.308563260546556,4.819972767095695,49.343,16.64,0.11857070106942794,0.26150059412663385,1.14,229.272,47,6.0,10.790473050017694,211.7833839282599,0,1,1,0,0
47107,13.219143968871595,1022.0,7710.0,52266,8813,16.861822217120118,13.586270233038686,0.6040872284820702,53392,10584,19.82319448606533,2.9613722689452118,37.146,10.56,0.15248404903577317,0.31658183382321314,-0.35,430.117,47,6.0,10.864101343046947,121.51577361508612,0,1,1,0,0
47109,7.013854266538831,293.0,4172.0,26075,4507,17.28475551294343,13.92521572387344,0.4273862398391016,25814,5416,20.98086309754397,3.69610758460054,34.777,8.42,0.180299414189629,0.2937730527229334,-1.69,562.842,47,6.0,10.168732279868973,46.327388503345524,0,0,1,0,0
47111,11.652178610010802,324.0,2777.0,22248,3134,14.08665947500899,12.66181229773463,0.5374708447419125,24208,3789,15.651850627891605,1.5651911528826155,33.087,9.35,0.16240097501523462,0.23705057891529555,-2.11,307.144,47,6.0,10.010007395913801,72.4350793113328,0,0,1,0,0
47113,6.980200000000001,843.0,12000.0,98294,12932,13.156449020286082,12.131971432640853,0.26506196718962677,97838,16514,16.878922300128785,3.7224732798427027,40.178,11.21,0.22427327364160432,0.15689521239625495,-1.44,557.107,47,6.0,11.495718266632508,176.43648347624426,0,1,1,0,0
47115,5.835007139457401,248.0,4202.0,28237,4493,15.911746998618833,14.898891525303679,0.4322989038134939,28639,5554,19.393135235168828,3.4813882365499946,38.785,10.74,0.14733244731346118,0.21302449212075186,0.83,498.253,47,6.0,10.248388453669511,56.67201200996281,0,0,1,0,0
47117,11.763240662735187,420.0,3561.0,30617,4018,13.123428160825684,13.218146781199987,0.3506364814391341,33708,5430,16.10893556425774,2.9855074034320577,40.435,10.79,0.09699940582293523,0.37150920974450385,-0.89,375.462,47,6.0,10.329310689232171,81.54487005342752,0,0,1,0,0
47119,18.730506343582125,1642.0,8749.0,80956,10479,12.944068382825238,13.107119916991946,0.27798264026777103,94615,15334,16.206732547693285,3.2626641648680472,46.278,13.71,0.21372352915597687,0.1508022785580728,-0.19,613.138,47,6.0,11.301661076186097,132.03552870642497,0,1,1,0,0
47121,10.319337670017742,174.0,1691.0,11753,1885,16.038458265974644,15.604526503871352,0.4797441364605544,12237,2631,21.500367737190487,5.461909471215844,33.506,10.7,0.0,0.6278911564625851,1.3,195.135,47,6.0,9.371863806132854,60.23009711225562,0,0,1,0,0
47123,20.646329282503746,1244.0,6007.0,44519,7318,16.437925380174757,14.521889530312901,0.5724731803531052,46413,9818,21.153556115743434,4.715630735568677,36.209,10.79,0.1368465341327443,0.3710949826443673,1.51,635.703,47,6.0,10.703671343322297,70.03113088973939,0,0,1,0,0
47125,10.387185280826339,1292.0,12392.0,172331,13791,8.00262285949713,8.459882435545548,0.27532882535878345,204992,19065,9.30036294099282,1.2977400814956894,48.93,12.94,0.17256454032800456,0.13239174297687412,-0.51,539.165,47,6.0,12.057172325078957,319.62571754472197,0,1,1,0,0
47127,5.685388127853881,61.0,1095.0,6362,1168,18.35900660169758,13.97359320968249,0.24013722126929676,6396,1349,21.091307066916823,2.732300465219243,44.433,13.55,0.0,0.0,0.37,129.223,47,6.0,8.758098072309089,49.23272172910395,0,0,1,0,0
47129,8.88395331874544,243.0,2742.0,21987,3015,13.71264838313549,13.18051575931232,0.9080717488789237,21538,3873,17.982171046522424,4.269522663386935,36.772,7.96,0.0,0.0,-0.52,522.18,47,6.0,9.99820664859396,42.106170286108245,0,0,1,0,0
47131,2.926797895147145,150.0,5131.0,31807,5329,16.754173609582796,13.776841575753766,0.5730268094685859,30343,6182,20.373727054015752,3.619553444432956,39.543,8.77,0.11267605633802817,0.3932428929404649,-0.71,544.85,47,6.0,10.367441670330306,58.37753510140406,0,0,1,0,0
47133,10.71366103739445,356.0,3316.0,22083,3711,16.804781958972967,14.228139292668567,0.39825157843613407,22171,4531,20.4366063777006,3.631824418727632,34.347,8.77,0.2139689578713969,0.229490022172949,0.2,433.485,47,6.0,10.002563360726816,50.942939202048514,0,0,1,0,0
47135,6.85863073561544,93.0,1373.0,7915,1483,18.736576121288692,14.845230574857865,0.32615786040443573,8020,1644,20.498753117206984,1.762176995918292,31.776,7.16,0.30525502318392583,0.30989180834621327,0.43,414.746,47,6.0,8.976514972315112,19.083969465648856,0,0,1,0,0
47137,14.071789686552073,138.0,989.0,5077,1140,22.454205239314557,16.42702383297223,0.317735413056037,5068,1385,27.328334648776636,4.874129409462078,30.193,9.49,0.18871252204585537,0.10934744268077601,1.67,162.979,47,6.0,8.532475814947395,31.15125261536762,0,0,1,0,0
47139,7.970972644376899,210.0,2632.0,16825,2872,17.069836552748885,14.2704309063893,0.3754223501439119,16807,3536,21.03885285892783,3.9690163061789434,34.027,9.63,0.2504996668887408,0.0,1.67,434.603,47,6.0,9.730621154512928,38.71349254376983,0,0,1,0,0
47141,20.71348172067812,1797.0,8671.0,72321,10565,14.608481630508427,11.638389955891098,0.3669782322313531,78542,13135,16.723536451834686,2.115054821326259,35.185,12.4,0.18667013798489976,0.1716442890616283,0.24,401.106,47,6.0,11.188869822404088,180.30395955183917,0,1,1,0,0
47143,12.806592153284672,562.0,4384.0,31809,4996,15.706246659750386,13.364142223898897,0.36199095022624433,32964,6010,18.23201067831574,2.5257640185653525,36.761,10.26,0.12386634844868735,0.4054892601431981,1.33,315.383,47,6.0,10.367504547593908,100.85832146945144,0,0,1,0,0
47145,7.270334876709379,680.0,9287.0,54181,10055,18.55816614680423,15.658625717502444,0.45496966868875405,53331,12106,22.69974311376123,4.141576966957,42.698,11.89,0.22548443922489725,0.12284204345273048,1.22,360.73,47,6.0,10.90008557246396,150.1982091869265,0,1,1,0,0
47147,19.603634395298485,1269.0,6466.0,66283,7804,11.773757977158548,11.983464840155092,0.4600168672851338,70982,10431,14.695274858414809,2.9215168812562613,50.82,14.91,0.12757385854968667,0.31321140810845377,-1.92,476.314,47,6.0,11.101688733038813,139.1582023623072,0,1,1,0,0
47149,26.031422843328023,4426.0,16959.0,262604,21566,8.212365386665855,9.394754078384183,0.23696682464454977,324139,34063,10.508763215780883,2.296397829115028,53.77,15.71,0.12206413457110309,0.15922146544828755,-0.85,619.248,47,6.0,12.478402473027282,424.0691936025631,0,1,1,0,0
47151,7.75813704496788,218.0,2802.0,22228,3053,13.734928918481195,12.31329854237898,0.4036326942482341,22020,3705,16.82561307901907,3.090684160537876,28.728,7.66,0.2056568860692572,0.26645519429024583,0.28,532.301,47,6.0,10.009108034399812,41.75832846453416,0,0,1,0,0
47153,28.53697578263438,483.0,1693.0,14112,2200,15.589569160997732,13.683390022675738,1.0050251256281406,14936,3091,20.69496518478843,5.105396023790698,33.85,10.58,0.2689167120304845,0.08056614044637997,-0.44,265.851,47,6.0,9.554780778246572,53.08236568604218,0,0,1,0,0
47155,20.453819262366718,2346.0,11442.0,89889,13917,15.482428328271535,13.785891488391238,0.4095282377767445,98007,19237,19.628189823175894,4.1457614949043595,41.476,15.55,0.06366449616401264,0.029462961769067115,1.76,592.488,47,6.0,11.406330854797588,151.71446510309067,0,1,1,0,0
47157,-6.720889881801809,-6869.0,101609.0,927644,95224,10.265144818486402,11.391762357111133,0.22045124713137185,936611,126951,13.554293084322094,3.289148265835692,44.705,13.53,0.15432844858618872,0.06180671277257676,-0.44,763.575,47,6.0,13.740403317477442,1214.8695282061356,0,1,1,0,0
47159,9.888385994876176,232.0,2342.0,19166,2603,13.581341959720339,13.01784409892518,0.4924375659514597,19926,3301,16.566295292582556,2.984953332862217,43.2,11.74,0.16137566137566137,0.28600823045267487,0.87,314.295,47,6.0,9.860893154903707,60.98092556356289,0,0,1,0,0
47161,8.021225490196079,163.0,2040.0,13324,2223,16.68417892524767,14.18492945061543,0.3983475951608144,13553,2678,19.759462849553604,3.075283924305932,40.214,10.59,0.1338235294117647,0.0,0.98,459.776,47,6.0,9.49732219931357,28.979329064587972,0,0,1,0,0
47163,7.006340814138352,1908.0,27047.0,156823,29215,18.62928269450272,14.17139067611256,0.42977223427331884,157707,34500,21.87601057657555,3.246727882072829,39.957,11.05,0.18888906440046124,0.0,1.27,413.398,47,6.0,11.962873059814916,379.3511337742321,0,1,1,0,0
47165,16.72421934058266,2884.0,17197.0,160645,20262,12.612904229823524,12.357060599458434,0.31378850351685666,187680,29889,15.925511508951406,3.3126072791278816,54.916,16.91,0.14514913920589304,0.13981974943497308,0.25,529.404,47,6.0,11.986952240499122,303.4450060823114,0,1,1,0,0
47167,13.475884843353091,798.0,5905.0,61081,6760,11.067271328236277,11.438908989702199,0.2931160825897668,61562,8898,14.453721451544785,3.3864501233085083,49.378,13.51,0.16045915252167542,0.16668701917206008,-0.38,458.404,47,6.0,11.019956131169735,133.2470920847113,0,1,1,0,0
47169,-3.2538883806038426,-36.0,1093.0,7870,1065,13.532401524777637,13.481575603557813,0.8016627078384799,10910,1454,13.327222731439047,-0.20517879333858957,44.205,10.93,0.2928637627432808,0.0,-0.3,114.342,47,6.0,8.970813341411448,68.82860191355758,0,0,1,0,0
47171,13.909808306709266,436.0,3130.0,18313,3601,19.663626931687872,15.038497242396112,0.7134767836919592,17821,4231,23.741653105886314,4.078026174198442,34.387,11.19,0.0,0.3911866075824717,0.36,186.064,47,6.0,9.81536646914095,98.42312322641672,0,0,1,0,0
47173,5.051108424022573,125.0,2481.0,19109,2632,13.773614527186142,13.30786540373646,0.6697923643670463,19678,3556,18.070942168919608,4.297327641733466,30.143,9.13,0.09551886792452831,0.3089622641509434,1.35,223.574,47,6.0,9.857914707241372,85.47058244697504,0,0,1,0,0
47175,1.046796959826276,8.0,921.0,5548,942,16.979091564527756,16.762797404470078,0.41306796845662785,5813,1341,23.068983313263374,6.089891748735617,29.087,7.38,0.0,0.0,-1.32,273.415,47,6.0,8.621192781434722,20.291498271857797,0,0,1,0,0
47177,7.531987017670393,421.0,5546.0,39839,6025,15.12337157057155,12.61075830216622,0.5386903091857921,40971,7129,17.400112274535648,2.276740703964098,34.946,9.04,0.1693004751906288,0.3215824953033484,-1.45,432.673,47,6.0,10.592601610981907,92.07646421200306,0,0,1,0,0
47179,16.679179216867468,2661.0,15936.0,122979,18761,15.255450117499736,12.844469380951221,0.31613511719705173,128874,23429,18.179772490960165,2.924322373460429,41.256,13.67,0.2506649881215862,0.09890556153424435,0.67,326.49,47,6.0,11.71976888807092,376.67003583570704,0,1,1,0,0
47181,1.844114285714286,47.0,2625.0,17021,2698,15.851007578873158,12.90758474825216,0.7135995608618088,16638,3197,19.21504988580358,3.364042306930422,34.993,7.45,0.12131919905771496,0.2893600314095014,-0.71,734.109,47,6.0,9.742203154807973,23.185930154786277,0,0,1,0,0
47183,4.03749018067557,207.0,5092.0,35021,5346,15.265126638302734,12.141286656577483,0.6969990319457889,33377,6116,18.32399556580879,3.0588689275060563,32.358,8.21,0.2456982793117247,0.1659330398826197,-1.62,580.353,47,6.0,10.463703160543519,60.34430768859643,0,0,1,0,0
47185,21.26145945945946,789.0,3700.0,25841,4534,17.545760612979375,13.93134940598274,0.5559899226826513,27087,5485,20.249566212574297,2.703805599594922,33.865,9.46,0.15914536741214058,0.37839456869009586,-0.76,376.678,47,6.0,10.159717656838128,68.6023606369366,0,0,1,0,0
47187,31.157464516608457,4197.0,13457.0,183182,17807,9.72093327947069,12.062866438842244,0.33723612368244327,232380,30577,13.158189172906445,3.437255893435754,87.832,33.58,0.12247876857749469,0.026063782731776362,-0.87,582.866,47,6.0,12.118235473119888,314.2780673430943,0,1,1,0,0
47189,22.182119676358138,2500.0,11247.0,113993,13868,12.165659294868982,12.662181011114718,0.36867977528089885,140604,21910,15.582771471650878,3.4171121767818953,60.678,18.75,0.13209423545145915,0.11446795377387607,-0.82,571.091,47,6.0,11.643892321982587,199.60566704780848,0,1,1,0,0
48001,13.21888698896316,852.0,6433.0,58458,7338,12.552601868007802,11.649389305142153,0.6114535692980712,57917,8381,14.470708082255642,1.9181062142478407,40.378,8.1,0.18103753541076487,0.0,1.07,1062.63,48,0.0,10.976063826653396,55.0125631687417,0,0,1,0,0
48003,-4.509768786127167,-78.0,1730.0,14786,1663,11.247125659407548,10.137968348437711,0.8943928448572412,18227,1793,9.837054918527459,-1.410070740880089,48.699,8.66,0.0,0.0,0.68,1500.721,48,0.0,9.601436066117046,9.852597518126288,1,0,1,0,0
48005,8.894428478724391,966.0,10787.0,86771,11843,13.648569222436066,11.511910661396088,0.32594340948045747,87119,14084,16.166393094502922,2.517823872066856,39.148,8.13,0.2613313957511591,0.13445436301986022,1.92,797.782,48,0.0,11.371027743441651,108.76530179923839,0,0,1,0,0
48007,12.793933860823698,629.0,4929.0,23158,5602,24.19034458934278,16.560151999309095,0.3516769781830023,24220,6559,27.08092485549133,2.8905802661485502,42.179,12.99,0.15483383685800603,0.00730110775427996,3.71,252.049,48,0.0,10.050095572172218,91.8789600434836,0,0,1,0,1
48009,-4.309272848565709,-66.0,1499.0,9054,1447,15.981886459023636,13.077092997570135,0.6330654979303627,8754,1775,20.27644505368974,4.294558594666105,50.891,9.35,0.1111111111111111,0.0,-0.33,903.289,48,0.0,9.110961927995904,10.023370150638389,1,0,1,0,0
48011,-6.646411483253588,-28.0,418.0,1901,394,20.725933719095213,15.728563913729616,0.7743362831858407,1950,408,20.923076923076923,0.19714320398171026,60.53,9.07,0.0,0.0,0.36,909.109,48,0.0,7.550135342488429,2.0910583879380797,1,0,1,0,0
48013,18.733953585615723,898.0,4783.0,44911,5711,12.716261049631495,12.17073768119169,0.3346378537802734,50194,7413,14.768697453878948,2.0524364042474534,42.927,8.04,0.19311515899969126,0.03349799320778018,0.9,1219.541,48,0.0,10.712438032589617,36.82615016633307,0,0,1,0,0
48015,25.708684436801377,898.0,3489.0,28417,4424,15.56814582820143,13.639722701199986,0.14699056165867244,29892,5820,19.470092332396625,3.9019465041951946,53.263,14.65,0.07352473779002013,0.3543807606738002,1.38,646.492,48,0.0,10.254742836614135,43.955686999993816,0,0,1,0,0
48017,-7.952157943067034,-88.0,1089.0,7165,1009,14.082344731332869,9.895324494068387,1.3649425287356323,6916,928,13.41816078658184,-0.6641839447510289,42.375,6.5,0.0,0.0,0.91,826.972,48,0.0,8.876963340262272,8.664138568174014,1,0,1,0,0
48019,13.061873095040173,471.0,3609.0,20485,4114,20.08298755186722,18.022943617280937,0.25084335265115476,22770,6196,27.21124286341678,7.128255311549559,44.352,14.71,0.0,0.0,5.83,790.995,48,0.0,9.927448189980971,25.897761679909483,0,0,1,0,0
48021,19.991581342434586,1406.0,7032.0,74171,8501,11.461352819835245,13.224845289938116,0.8152544685495975,86839,12999,14.969080712583056,3.507727892747811,51.829,11.98,0.17518982709724637,0.08608544506449547,0.94,888.178,48,0.0,11.214128517179825,83.50916145187114,0,0,1,0,0
48023,1.286652078774617,11.0,914.0,3726,935,25.09393451422437,12.855609232420825,0.37523452157598497,3560,889,24.97191011235955,-0.12202440186482022,33.459,6.47,0.0,0.0,1.7,867.481,48,0.0,8.223090551161533,4.295194937987114,1,0,1,0,0
48025,-9.683315733896514,-367.0,3788.0,31861,3436,10.784344496406264,10.338658548068171,0.3380599117288008,32609,4001,12.269618816891043,1.4852743204847787,40.278,7.32,0.2692307692307692,0.0,-0.36,880.239,48,0.0,10.369137970290991,36.19585135400726,0,0,1,0,0
48027,16.596751326432987,3830.0,22994.0,310235,27003,8.704046932164328,8.668267603590825,0.32916234956563317,355700,38639,10.862805735170088,2.1587588030057603,48.618,11.38,0.24578971324533455,0.06698323266370604,1.26,1051.289,48,0.0,12.64508535379168,295.099634829243,0,1,1,0,0
48029,4.0908721928724665,6903.0,168277.0,1714773,175883,10.256926135412675,10.096205153685064,0.23186980291821044,1978826,239416,12.09889095857847,1.841964823165796,47.048,11.71,0.1686996394070249,0.05087095604835889,2.63,1240.215,48,0.0,14.354791268305584,1382.6417193793013,0,1,1,0,0
48031,26.791152815013405,399.0,1492.0,10497,1911,18.205201486138897,17.843193293321903,0.28922631959508316,11733,3013,25.679706809852554,7.474505323713657,46.128,16.56,0.08547486033519552,0.053631284916201116,4.05,709.25,48,0.0,9.258844781035798,14.800140994007755,1,0,1,0,0
48033,-28.82228260869565,-52.0,184.0,641,133,20.74882995319813,14.35257410296412,0.2597402597402597,653,188,28.79019908116386,8.04136912796573,58.409,7.52,0.0,0.0,2.39,897.443,48,0.0,6.46302945692067,0.7142514900667787,1,0,1,0,0
48035,14.064071856287425,469.0,3340.0,18212,3844,21.106962442345704,14.50691851526466,0.3325366309882573,18428,4598,24.951161276318643,3.844198833972939,45.288,8.88,0.2279969650986343,0.2090288315629742,0.84,982.981,48,0.0,9.809835996454673,18.52731639777371,0,0,1,0,0
48037,4.882530849262038,609.0,12399.0,92565,13103,14.155458326581321,12.034786366337169,0.2545917439534461,93622,15635,16.700134583751684,2.5446762571703623,42.55,8.86,0.22179026461940543,0.0551453773276707,0.79,885.002,48,0.0,11.435666379423276,104.5929839706577,0,0,1,0,0
48039,10.35813651218063,2794.0,26928.0,313166,29923,9.55499639169003,10.570112975227195,0.34731611681990265,368062,43520,11.82409485358445,2.269098461894419,65.607,14.03,0.10348261537586069,0.16910886018323565,1.31,1362.305,48,0.0,12.65448868037337,229.8795056907227,0,1,1,0,1
48041,17.614563843236407,2095.0,11865.0,194851,14059,7.215256785954397,7.003813170063279,0.2676962676962677,226370,20810,9.192914255422538,1.9776574694681415,37.898,14.17,0.15578877104501965,0.08167692650003708,0.59,585.513,48,0.0,12.179990442906623,332.78680405046515,0,1,1,0,0
48043,-0.8930293159609127,-14.0,1535.0,9232,1531,16.583622183708837,15.511265164644714,0.40869403678246335,9231,2094,22.68443288917777,6.100810705468934,35.799,10.12,0.21167127071823205,0.02106353591160221,4.58,6183.762,48,0.0,9.13043098874788,1.4929423221656979,1,0,1,0,0
48045,0.026345609065156324,0.0,353.0,1637,358,21.869273060476484,14.844227244960292,0.944386149003148,1348,343,25.445103857566764,3.57583079709028,34.196,4.3,0.0,0.0,1.76,900.001,48,0.0,7.400620577371135,1.8188868679034802,1,0,1,0,0
48047,-8.303295880149813,-111.0,1335.0,7223,1226,16.973556693894505,12.667866537449813,1.1114541525162087,7100,1267,17.845070422535212,0.8715137286407071,19.959,4.68,0.0,0.0,-0.34,943.355,48,0.0,8.885025658050846,7.656714598427951,1,0,1,0,0
48049,10.29663129526697,612.0,5937.0,38106,6604,17.330604104340523,13.058311027134833,0.42106414392738006,37805,7499,19.83600052903055,2.5053964246900264,38.832,7.69,0.24603047313552526,0.2112269446672013,0.35,944.452,48,0.0,10.54812702903103,40.347206634111636,0,0,1,0,0
48051,2.9602550844536375,86.0,2901.0,17187,3007,17.495781695467507,14.225868388898585,0.3849637681159421,18237,3883,21.291879146789494,3.7960974513219874,43.185,8.02,0.12106730386300278,0.1282357626443648,1.4,659.034,48,0.0,9.751908563076688,26.079079379819554,0,0,1,0,0
48053,20.123524027459958,1322.0,6555.0,42750,7945,18.584795321637426,14.451461988304093,0.23957834211787254,47548,10813,22.74122991503323,4.1564345933958045,48.187,13.78,0.13178053830227743,0.07122153209109731,4.36,994.265,48,0.0,10.663124474364906,42.99658541736861,0,0,1,0,0
48055,5.472958343139562,233.0,4249.0,38066,4510,11.847843219671098,11.275153680449746,0.7413329457082637,42817,5985,13.978092813602075,2.1302495939309765,41.594,9.96,0.22309270658459243,0.12833426599515016,0.51,545.234,48,0.0,10.54707677424773,69.81589556043826,0,0,1,0,0
48057,-0.914246068455134,-30.0,3243.0,21381,3234,15.125578784902483,12.295963706094195,0.16652059596844873,21470,3819,17.787610619469028,2.6620318345665446,43.258,8.98,0.07183710821322352,0.3236101578586136,1.86,506.839,48,0.0,9.97025795616998,42.1849936567628,0,0,1,0,1
48059,2.249874476987447,54.0,2390.0,13544,2465,18.199940933254577,14.153868871825162,0.6565887921820125,13959,2861,20.495737517014113,2.295796583759536,44.596,7.37,0.0982201713909031,0.08174027686222808,0.33,899.372,48,0.0,9.51369892381297,15.059397001463244,1,0,1,0,0
48061,0.02842180486388735,-3.0,44779.0,406220,44891,11.050908374772291,9.25040618384127,0.34736901440207435,422135,57036,13.51131746952989,2.4604090947575994,31.264,7.4,0.3027312115322319,0.0576915289925494,2.46,891.049,48,0.0,12.914650163745476,455.8896312099559,0,1,1,0,1
48063,6.273147153598282,116.0,1862.0,12401,1993,16.07128457382469,13.144101282154667,0.7072135785007072,12938,2384,18.42634101097542,2.355056437150729,36.029,9.37,0.16342817487855657,0.05586398334489938,0.71,195.847,48,0.0,9.425532393502772,63.31983640290635,0,0,1,0,0
48065,-6.8732506643046944,-77.0,1129.0,6182,1061,17.162730507926238,13.911355548366226,0.4669540229885058,5957,1211,20.329024676850764,3.1662941689245265,56.106,8.28,0.0,0.0,1.21,920.235,48,0.0,8.729397122692061,6.717849245029802,1,0,1,0,0
48067,4.708348457350272,260.0,5510.0,30464,5815,19.08810399159664,13.944327731092438,0.9527783573266569,30002,6699,22.328511432571162,3.240407440974522,36.36,6.87,0.21313279530447543,0.19699192956713132,0.63,936.957,48,0.0,10.324300937591092,32.513765306198685,0,0,1,0,0
48069,-12.839349593495935,-158.0,1230.0,8062,1077,13.35896799801538,11.213098486727858,0.18951358180669614,7561,1212,16.029625710884805,2.670657712869424,35.087,6.83,0.0,0.03957528957528957,1.23,894.444,48,0.0,8.994916943677111,9.013420627786648,1,0,1,0,0
48071,6.248925781249999,192.0,3072.0,35096,3294,9.385684978345111,11.927285160702073,0.79000827627718,42571,5006,11.759178783679031,2.3734938053339203,66.764,13.66,0.05332681017612524,0.2048679060665362,1.57,597.153,48,0.0,10.46584244284605,58.772207457720214,0,0,1,0,1
48073,5.043421418636996,361.0,7190.0,50845,7608,14.963123217622185,12.34536335922903,0.29243971427201687,52341,9114,17.412735713876312,2.4496124962541277,36.966,6.81,0.2138718173836699,0.2347673397717296,1.25,1052.955,48,0.0,10.836537068225239,48.28791353856528,0,0,1,0,0
48075,-7.799126637554584,-89.0,1145.0,7041,1065,15.125692373242435,10.083794915494957,1.9771071800208115,7219,958,13.270536085330379,-1.855156287912056,42.004,5.48,0.27770700636942675,0.0,1.02,696.511,48,0.0,8.859505484519133,10.108957360328839,1,0,1,0,0
48077,-11.132056074766355,-238.0,2140.0,10752,1919,17.847842261904763,15.169270833333334,0.44660194174757284,10444,2427,23.23822290310226,5.3903806411974955,50.881,7.73,0.20103092783505155,0.0,-0.36,1088.758,48,0.0,9.282847062762931,9.875472786422694,1,0,1,0,0
48079,-26.05591054313099,-163.0,626.0,3127,465,14.870482890949793,11.128877518388231,0.29411764705882354,2860,461,16.118881118881117,1.2483982279313235,37.446,4.01,0.39402173913043476,0.0,-0.12,775.082,48,0.0,8.047829357457841,4.034411842875979,1,0,1,0,0
48081,-4.993882091212458,-46.0,899.0,3320,862,25.96385542168675,14.427710843373495,0.5999250093738283,3298,919,27.865372953305034,1.9015175316182855,38.702,5.8,0.0,0.0,3.73,911.635,48,0.0,8.107720061910534,3.6418083991948533,1,0,1,0,0
48083,0.09196242171190017,0.0,1916.0,8895,1934,21.742551995503092,15.019673974142778,0.19844849359552588,8281,2039,24.62263011713561,2.8800781216325184,26.951,5.9,0.0,0.11462951234958835,2.14,1262.914,48,0.0,9.093244600099936,7.043234931277981,1,0,1,0,0
48085,42.485433711305674,17778.0,41802.0,782341,60048,7.675425421906816,9.735396713197954,0.2508639021796917,1006038,110187,10.952568392048809,3.277142970141993,80.504,19.9,0.1052190360060137,0.058716753154076914,1.01,841.276,48,0.0,13.570045985861388,929.9457015295814,0,1,1,0,0
48087,-8.669594594594596,-52.0,592.0,3057,546,17.86064769381747,11.808963035655871,0.3712871287128713,2939,526,17.897243960530794,0.03659626671332461,39.712,5.89,0.0,0.0,0.01,918.441,48,0.0,8.025189321890835,3.328466390328829,1,0,1,0,0
48089,8.494779550987287,313.0,3697.0,20874,4040,19.35422056146402,14.218645204560698,0.36097653652512585,21357,4694,21.978742332724632,2.6245217712606106,41.145,9.7,0.14912726656498898,0.2316556515844772,1.72,960.284,48,0.0,9.946259644379998,21.737319376351163,0,0,1,0,0
48091,27.31838257691136,3597.0,13132.0,108472,16855,15.538572166088946,14.864665535806477,0.36936401460473806,148921,27189,18.257331068150226,2.71875890206128,64.752,18.74,0.14417091114883984,0.08166383701188455,3.25,559.512,48,0.0,11.594247354142144,193.8689429359871,0,1,1,0,0
48093,-0.2667354661162716,-9.0,2907.0,13974,2923,20.917418062115356,13.203091455560326,0.3045825834140939,13597,3266,24.020004412738103,3.1025863506227473,35.218,8.39,0.24458077709611453,0.0,0.36,937.753,48,0.0,9.544953739112396,14.901578560665762,1,0,1,0,0
48095,-10.241100323624595,-64.0,618.0,4087,560,13.70198189380964,12.307315879618303,0.12217470983506415,3018,677,22.432074221338635,8.730092327528995,49.063,7.03,0.19913419913419914,0.0,2.3,983.755,48,0.0,8.315566483564277,4.154489684931716,1,0,1,0,0
48097,4.593654910096819,263.0,5784.0,38437,6100,15.870125139839217,13.169602206207559,0.24087679152113695,40428,7445,18.415454635401208,2.5453294955619903,48.899,11.14,0.09319142021449464,0.2531686707832304,0.63,874.81,48,0.0,10.556775816334186,43.93754072312846,0,0,1,0,0
48099,3.6695420268530445,202.0,5437.0,75388,5684,7.539661484586406,7.617923276914097,0.4289459051552943,75576,7678,10.159309833809676,2.6196483492232696,47.374,9.2,0.12034614610585631,0.01891728718051922,1.01,1052.199,48,0.0,11.230403390136518,71.64804376358464,0,0,1,0,0
48101,-25.55578947368421,-122.0,475.0,1505,358,23.78737541528239,14.950166112956811,0.4132231404958678,1624,348,21.428571428571427,-2.3588039867109636,33.859,4.24,0.0,0.0,-0.19,900.564,48,0.0,7.316548177182976,1.6711749525852688,1,0,1,0,0
48103,1.4628392484342376,7.0,479.0,4375,493,11.268571428571429,10.651428571428571,0.1838235294117647,4739,658,13.884785819793205,2.616214391221776,50.425,5.42,0.0,0.0,1.34,785.069,48,0.0,8.383661798791715,5.5727585728133455,1,0,1,0,0
48105,-16.68341013824885,-109.0,651.0,3719,545,14.654477009948911,13.094917988706642,0.21436227224008575,3393,589,17.359269083407014,2.704792073458103,50.653,6.08,0.026096033402922755,0.0,1.64,2807.324,48,0.0,8.22121009392507,1.3247491205147677,1,0,1,0,0
48107,-10.939119390347164,-129.0,1181.0,6059,1058,17.46162733124278,11.553061561313747,0.17229496898690558,5753,1058,18.390405006083782,0.928777674841001,36.301,5.12,0.30676328502415456,0.05676328502415459,2.45,900.199,48,0.0,8.70930004894499,6.730733982152835,1,0,1,0,0
48109,-27.057438016528927,-130.0,484.0,2398,354,14.762301918265223,12.760633861551293,0.08795074758135445,2183,334,15.300045808520386,0.5377438902551628,35.5,3.99,0.0,0.0,3.62,3812.156,48,0.0,7.7823903355874595,0.6290403645601073,1,0,1,0,0
48111,-14.829644808743168,-108.0,732.0,6703,629,9.383857974041474,10.428166492615247,0.2829854969932791,7272,832,11.441144114411442,2.0572861403699676,47.073,7.02,0.03606748109365911,0.035485747527632346,0.22,1503.132,48,0.0,8.810310466357958,4.459355532315192,1,0,1,0,0
48113,-10.215231670281998,-23685.0,230500.0,2368139,207972,8.782085848845867,9.447502870397388,0.20535230589330375,2622634,281461,10.7319969160775,1.9499110672316338,47.974,12.97,0.11722278395685878,0.08465165007857517,0.64,872.056,48,0.0,14.67761497258762,2715.5813388131037,0,1,1,0,0
48115,-10.110440074906368,-216.0,2136.0,13833,1933,13.973830694715536,9.79541675703029,2.1264367816091956,12849,1896,14.756012141022648,0.7821814463071117,33.623,4.8,0.1475282210977034,0.05254963020630596,-0.24,900.306,48,0.0,9.534812320874815,15.364775976168103,1,0,1,0,0
48117,-12.004932378679394,-302.0,2514.0,19372,2224,11.480487301259549,9.653107577947553,0.42390843577787196,18617,2395,12.864586130955576,1.3840988296960273,41.127,7.36,0.10258925068654375,0.2795213809336995,0.94,1496.822,48,0.0,9.87158400352312,12.942086634215693,1,0,1,0,0
48119,5.161821903787104,50.0,977.0,5231,1037,19.824125406232078,13.97438348308163,0.5288852725793327,5277,1064,20.162971385256775,0.33884597902469693,37.908,6.27,0.0,0.0,-0.59,256.832,48,0.0,8.562357743370612,20.36739970097184,0,0,1,0,0
48121,39.7417709895626,13004.0,32671.0,662614,46043,6.94869109315529,9.119638281110873,0.2541588746735171,861690,88502,10.270747020390164,3.3220559272348744,70.622,17.83,0.1228620351309233,0.06024459536589902,1.4,878.601,48,0.0,13.403947897510927,754.169412509205,0,1,1,0,0
48123,4.862413793103449,169.0,3480.0,20097,3677,18.29626312384933,13.519430760810073,0.8827375762859633,20217,3958,19.577583222040857,1.2813200981915287,40.668,6.87,0.26531608494020015,0.13131559677813034,0.5,908.976,48,0.0,9.908325829176377,22.109494640122513,0,0,1,0,0
48125,-11.057943925233644,-60.0,535.0,2444,481,19.680851063829788,12.39770867430442,0.31201248049922,2182,529,24.243813015582035,4.562961951752246,33.813,4.4,0.09411764705882353,0.0,0.38,901.724,48,0.0,7.8013913202914855,2.710363703306111,1,0,1,0,0
48127,-3.149075975359343,-46.0,1461.0,9996,1419,14.195678271308523,12.53501400560224,0.41379310344827586,10232,1766,17.259577795152463,3.06389952384394,25.882,4.9,0.21474019088016968,0.0,0.48,1328.885,48,0.0,9.209940291954844,7.522095591416864,1,0,1,0,0
48129,-10.29988358556461,-88.0,859.0,3677,778,21.158553168343758,12.999728039162362,1.0270774976657329,3317,764,23.032861018993067,1.8743078506493092,46.13,5.83,0.0,0.0,0.86,926.906,48,0.0,8.209852481301272,3.9669610510666673,1,0,1,0,0
48131,-6.932512315270936,-141.0,2030.0,11782,1891,16.049906637243254,11.093193006280767,0.27159152634437805,11194,1939,17.3217795247454,1.2718728875021448,30.493,5.33,0.2679528403001072,0.0,0.96,1793.477,48,0.0,9.374328222081633,6.56936219421827,1,0,1,0,0
48133,4.736426116838489,165.0,3492.0,18583,3689,19.851477156540927,13.367055911316793,0.9456034314681224,18289,4087,22.346765815517525,2.495288658976598,32.452,5.84,0.1661392405063291,0.08718354430379747,0.24,926.505,48,0.0,9.830002463273651,20.057096291978997,0,0,1,0,0
48135,-3.4165111420612813,-491.0,14360.0,137130,13954,10.175745642820681,9.980310654123823,0.9259433873309822,162067,15523,9.578137436985939,-0.5976082058347423,45.815,7.55,0.16018208540867152,0.06758798072997468,2.5,897.811,48,0.0,11.8286846599939,152.73815981314553,0,1,1,0,0
48137,-11.145398773006137,-55.0,489.0,2002,437,21.828171828171826,17.182817182817185,0.12453300124533001,1944,469,24.12551440329218,2.2973425751203536,40.163,6.15,0.0,0.0,3.15,2117.871,48,0.0,7.601901959875166,0.9452889245851139,1,0,1,0,0
48139,22.967781003732888,2774.0,12055.0,149610,14945,9.989305527705367,11.104204264420828,0.2943069989883197,179484,22983,12.80504111787123,2.815735590165863,60.877,13.61,0.11049355269008448,0.2429016070634568,0.24,935.66,48,0.0,11.915787187208277,159.89782613342453,0,1,1,0,0
48141,1.8236176915635154,1448.0,80626.0,800647,82223,10.269569485678458,9.34556677287244,0.2008827000410644,836915,101946,12.181165351320027,1.9115958656415692,36.333,10.18,0.17607413240828867,0.06306375947550741,4.46,1013.186,48,0.0,13.593175429788005,790.2270659089249,0,1,1,0,0
48143,11.72948536355052,498.0,4236.0,37890,4779,12.612826603325416,10.303510160992346,0.3826455524813092,42226,5872,13.906124188888363,1.2932975855629465,39.2,11.09,0.16117806823968767,0.1909692751655067,0.03,1083.178,48,0.0,10.542442504012646,34.980400266622844,0,0,1,0,0
48145,-4.816433333333333,-146.0,3000.0,17866,2875,16.092018358893988,12.179558938766371,0.5955463490419471,17281,3238,18.737341589028414,2.6453232301344265,31.083,5.95,0.2708902239213545,0.0,0.34,765.465,48,0.0,9.790654744261785,23.340061269947025,0,0,1,0,0
48147,26.733059866962307,1206.0,4510.0,33915,5765,16.998378298687896,12.70234409553295,0.6412514974279473,35046,6525,18.61838726245506,1.6200089637671624,44.551,8.15,0.27469525010508616,0.1296763345943674,0.22,890.835,48,0.0,10.43161267338018,38.071023253464446,0,0,1,0,0
48149,24.184034212401997,1019.0,4209.0,24554,5269,21.458825445955853,15.072900545735928,0.36054225555235075,25247,6411,25.393116013783818,3.934290567827965,45.45,13.35,0.1947220487195503,0.12304809494066209,1.04,949.87,48,0.0,10.108630052740786,25.849853137797805,0,0,1,0,0
48151,-9.047357512953369,-88.0,965.0,3974,884,22.244589833920482,13.865123301459487,0.3616636528028933,3827,850,22.21060883198328,-0.033981001937203104,41.458,5.2,0.3629160063391442,0.0,0.3,898.951,48,0.0,8.287528423111763,4.4207081364835235,1,0,1,0,0
48153,-11.077856025039123,-142.0,1278.0,6446,1145,17.762953769779706,11.479987589202606,3.129161118508655,5782,1086,18.7824282255275,1.019474455747794,35.24,5.6,0.0,0.0,0.86,992.143,48,0.0,8.771215062375383,6.497047300641137,1,0,1,0,0
48155,-19.245501285347043,-76.0,389.0,1336,319,23.877245508982035,13.023952095808383,1.0139416983523446,1207,410,33.96851698425849,10.091271475276457,30.417,2.97,0.2608695652173913,0.0,0.03,704.397,48,0.0,7.197435354096591,1.8966577086500935,1,0,1,0,0
48157,36.19023023471773,11325.0,31229.0,585375,42758,7.30437753576767,10.992269912449284,0.3080749124498807,790892,87818,11.103665228627928,3.7992876928602586,79.845,17.15,0.1316655064392621,0.09871214758092586,-0.52,861.582,48,0.0,13.280007946485842,679.4187900861439,0,1,1,0,0
48159,3.090551181102362,58.0,1905.0,10605,1981,18.67986798679868,13.90853371051391,0.3292894280762565,10767,2352,21.844524937308442,3.1646569505097624,45.625,9.46,0.0,0.0,0.76,284.391,48,0.0,9.269080866998783,37.29020960578921,0,0,1,0,0
48161,9.728912823964995,289.0,2971.0,19816,3285,16.577513120710538,13.226685506661283,0.744738262277388,19744,3924,19.874392220421395,3.296879099710857,44.56,8.99,0.16340326340326342,0.0,0.4,877.731,48,0.0,9.894244971169195,22.576392995120372,0,0,1,0,0
48163,-4.746890424481737,-97.0,2026.0,17217,1936,11.244700005808212,9.844920717895103,0.11973999315771468,20013,2424,12.112127117373706,0.8674271115654939,35.94,4.95,0.28580382325289877,0.0,0.4,1133.501,48,0.0,9.753652546776472,15.189223476644486,1,0,1,0,0
48165,-12.142873176206509,-216.0,1782.0,17526,1577,8.998060025105557,8.210658450302407,0.857006824313601,21077,1894,8.986098590881054,-0.01196143422450291,46.393,7.76,0.0,0.0,0.84,1502.364,48,0.0,9.771440771615795,11.66561499077454,1,0,1,0,0
48167,1.1454838909926128,374.0,32218.0,291309,32804,11.260894788695165,12.271162236662787,0.4611599190894544,337600,48374,14.328791469194313,3.067896680499148,58.317,14.14,0.1879119464469619,0.07546343975283214,1.87,378.937,48,0.0,12.582139838453777,768.753117272792,0,1,1,0,1
48169,-3.4606397774687063,-25.0,719.0,6461,702,10.865191146881289,10.493731620492182,2.145730889584265,6028,922,15.295288652952888,4.430097506071599,35.75,5.7,0.0,0.0,1.11,893.414,48,0.0,8.773539383558166,7.231809664948165,1,0,1,0,0
48171,26.757231605513493,1380.0,5151.0,24837,6586,26.51689012360591,15.625880742440716,0.3521677883862889,26668,7820,29.323533823308836,2.8066436997029243,52.682,19.11,0.18604070420776625,0.07678861281058809,2.59,1058.198,48,0.0,10.120089755806916,23.47103283128488,0,0,1,0,0
48173,-28.684234234234232,-63.0,222.0,1226,160,13.050570962479608,12.64274061990212,0.5172413793103449,1447,169,11.679336558396683,-1.3712344040829247,61.184,9.08,0.0,0.0,0.23,900.218,48,0.0,7.111512116496157,1.3618923416328046,1,0,1,0,0
48175,2.2355322338830574,29.0,1334.0,7210,1372,19.02912621359223,16.22746185852982,0.5121293800539084,7578,1810,23.884930060702033,4.855803847109801,51.786,9.91,0.0,0.0,1.61,852.011,48,0.0,8.883224230278994,8.462332059093134,1,0,1,0,0
48177,-6.242857142857142,-200.0,3171.0,19807,2992,15.105770687130812,11.748371787751804,0.23879918125994998,20828,3481,16.713078548108314,1.6073078609775013,37.094,6.95,0.16449476607562485,0.29288613544114506,0.68,1066.686,48,0.0,9.893790689557264,18.568725941842306,0,0,1,0,0
48179,-11.098339117501238,-450.0,4034.0,22535,3612,16.028400266252497,11.52429554027069,0.3445560149635755,22063,3547,16.076689480125097,0.0482892138726001,40.442,6.55,0.15821138211382113,0.0,0.79,925.974,48,0.0,10.02282493512475,24.33653644702767,0,0,1,0,0
48181,10.928995529061103,1846.0,16775.0,120877,18775,15.53231797612449,12.625230606318821,0.2791892344631191,133527,23764,17.797149640147687,2.2648316640231965,46.875,9.96,0.21480776159349427,0.17677183591538423,0.78,932.831,48,0.0,11.702528778637326,129.58081367364505,0,1,1,0,0
48183,11.328920667347635,1667.0,14685.0,121730,16476,13.534872258276515,11.108190257126427,0.23427717413256857,123633,19047,15.406080900730387,1.8712086424538725,43.367,10.98,0.17048792041686406,0.1276804042318017,0.21,273.38,48,0.0,11.709560756403642,445.277635525642,0,1,1,0,0
48185,-0.1310514786418407,-5.0,3652.0,26604,3672,13.802435723951287,13.464140730717187,0.7328020518457452,28447,4954,17.414841635321824,3.612405911370537,39.429,8.94,0.08186294624538366,0.34509643003693063,0.74,787.467,48,0.0,10.188816859404312,33.784272864767665,0,0,1,0,0
48187,27.20110552763819,3256.0,11940.0,131533,15297,11.629781119566953,11.047417758281192,0.42187343796860943,163030,22771,13.967367969085446,2.337586849518493,61.274,14.24,0.12665106501130458,0.21205029550592996,0.58,711.252,48,0.0,11.787013049687472,184.93164166849445,0,1,1,0,0
48189,-12.76897369982203,-649.0,5057.0,36273,4435,12.226725112342514,9.472610481625452,0.5243335056495089,33463,4475,13.37297911125721,1.1462539989146965,36.509,7.35,0.10191362359550561,0.22779143258426968,-0.07,1004.68,48,0.0,10.498828941842357,36.10403312497512,0,0,1,0,0
48191,0.8626506024096381,5.0,747.0,3353,759,22.636444974649567,12.675216224276767,0.46320123520329387,3025,666,22.016528925619834,-0.6199160490297331,29.219,4.43,0.1891348088531187,0.0,0.27,883.492,48,0.0,8.117610746466228,3.7951673586178485,1,0,1,0,0
48193,21.13813953488372,364.0,1720.0,8517,2105,24.71527533168956,13.4202183867559,0.15330705212439774,8434,2109,25.005928385107897,0.29065305341833536,40.808,8.29,0.25333333333333335,0.07523809523809524,-0.65,835.915,48,0.0,9.04981944514108,10.188834989203448,1,0,1,0,0
48195,-10.439622641509434,-88.0,848.0,5613,766,13.646891145554962,10.956707642971674,0.3849443969204448,5431,897,16.516295341557726,2.8694041960027636,52.239,6.49,0.0,0.0,0.05,919.81,48,0.0,8.6328406149422,6.102347223883194,1,0,1,0,0
48197,-21.8076171875,-224.0,1024.0,4139,808,19.521623580575017,13.988886204397197,0.6206040546131568,3958,891,22.51136937847398,2.989745797898962,36.295,4.69,0.2863013698630137,0.0,0.14,695.114,48,0.0,8.328209491748732,5.9544189873891185,1,0,1,0,0
48199,14.578294938097478,934.0,6381.0,54635,7382,13.511485311613436,12.259540587535463,0.26994733814223126,57356,9681,16.87879210544668,3.3673067938332455,52.755,9.55,0.17927137188890224,0.0782734158951545,1.04,890.587,48,0.0,10.908429982004845,61.34717888314112,0,0,1,0,0
48201,-3.0575235247045907,-10589.0,342406.0,4092459,333487,8.148817129261406,9.753695760910494,0.2327519018601387,4680609,491390,10.49842018421107,2.3496030549496645,51.444,13.17,0.1253410421495603,0.08395993118159917,-0.04,1705.203,48,0.0,15.224656569851037,2399.9834623795523,0,1,1,0,1
48203,-4.758637764084507,-431.0,9088.0,65631,8716,13.280309609788057,12.603800033520745,0.46563673115795556,66547,11268,16.93239364659564,3.6520840368075813,44.425,9.44,0.08273765069881575,0.20025605462498666,0.52,899.956,48,0.0,11.091803424286017,72.92689864837837,0,0,1,0,0
48205,-9.568440145102779,-78.0,827.0,6062,757,12.487627845595513,10.02969317057077,0.20554984583761562,5588,823,14.727988546886184,2.2403607012906708,66.583,12.85,0.29669156883671294,0.0,0.51,1461.951,48,0.0,8.709795057617749,4.146513802446183,1,0,1,0,0
48207,-5.709312638580932,-78.0,1353.0,5899,1286,21.80030513646381,13.273436175622988,0.7551553877432472,5711,1344,23.533531780773945,1.733226644310136,35.295,3.92,0.15064102564102563,0.0,2.04,903.133,48,0.0,8.682538124003075,6.53170684716426,1,0,1,0,0
48209,44.99005719313682,4096.0,9092.0,157107,13285,8.456020419204746,10.141495923160647,0.2558190416884057,222827,24512,11.000462242008375,2.5444418228036287,56.353,17.33,0.13506306498493373,0.09514412948988027,2.18,677.987,48,0.0,11.964682380857672,231.72568205585063,0,1,1,0,0
48211,-10.209778597785977,-55.0,542.0,3807,492,12.923561859732072,12.083004990806408,0.24554941682013504,3901,588,15.07305819020764,2.149496330475568,62.159,9.07,0.1287519747235387,0.0,1.27,906.286,48,0.0,8.244596756382498,4.20066071858111,1,0,1,0,0
48213,3.4871146903637893,505.0,14404.0,78532,15032,19.141241786787553,13.92808027300973,0.45712842530622555,81969,18256,22.271834474008468,3.130592687220915,39.779,8.64,0.20490367775831875,0.12227352332431142,2.72,873.773,48,0.0,11.27126146401864,89.87689022205996,0,0,1,0,0
48215,8.515342927681097,5646.0,66428.0,774769,72248,9.325102062679328,7.797937191601625,0.3036808209853919,861137,95350,11.072570334337046,1.7474682716577181,31.879,7.3,0.31583451528154305,0.03150864467943769,0.46,1570.899,48,0.0,13.560320199389299,493.20102692789294,0,1,1,0,0
48217,14.64099423631124,816.0,5552.0,35089,6418,18.290632391917693,13.34606286870529,0.37845886586425115,36109,7444,20.61535905175995,2.3247266598422556,39.293,8.5,0.18621200889547812,0.11919940696812453,0.83,958.855,48,0.0,10.465642970023561,36.594688456544525,0,0,1,0,0
48219,-7.083620689655172,-223.0,3132.0,22935,2927,12.762153913233048,11.105297580117723,0.21521575379317764,22986,3326,14.469677194814235,1.707523281581187,46.43,7.12,0.18138212826434535,0.03695150115473441,0.37,908.392,48,0.0,10.040419407031273,25.247910593664407,0,0,1,0,0
48221,33.37621107266437,2703.0,8092.0,51182,10892,21.28091907311164,15.20261029268102,0.4288405274337702,60025,14963,24.927946688879636,3.647027615767996,54.882,15.22,0.1948160535117057,0.04147157190635452,1.35,420.704,48,0.0,10.843143186715016,121.65798280976648,0,1,1,0,0
48223,7.208019055180627,363.0,5038.0,35161,5448,15.494439862347487,12.377349904723985,0.5189966065606494,36708,6875,18.728887435981257,3.2344475736337692,41.642,9.53,0.13140992965643797,0.0,0.17,767.292,48,0.0,10.467692792805359,45.82479681789983,0,0,1,0,0
48225,13.756633165829147,549.0,3980.0,23732,4562,19.222990055621104,13.256362717006573,0.14741588622962193,22942,5049,22.007671519483914,2.7846814638628103,31.929,6.76,0.2120433789954338,0.20176940639269406,0.11,1231.005,48,0.0,10.074579627378533,19.278556951433988,0,0,1,0,0
48227,-3.665728685426291,-176.0,4762.0,35012,4615,13.18119501885068,11.261853078944362,0.42669917708015853,36213,4655,12.854499765277664,-0.3266952535730159,39.574,5.72,0.24981615715936548,0.05725391322617922,2.23,900.791,48,0.0,10.463446138852328,38.86806151482419,0,0,1,0,0
48229,-5.385425101214576,-27.0,494.0,3476,472,13.578826237054084,12.140391254315306,0.3274394237066143,4687,649,13.846810326434818,0.26798408938073415,22.647,4.39,0.0,0.0,4.0,4570.525,48,0.0,8.153637486385282,0.7605253225832919,1,0,1,0,0
48231,5.923271335765774,667.0,11237.0,86129,12001,13.93375053698522,12.015697384156324,0.34873583260680036,96202,15406,16.014220078584646,2.0804695415994257,43.101,9.07,0.14097180563887224,0.35388306953993814,1.05,840.34,48,0.0,11.363601451359381,102.49303853202275,0,0,1,0,0
48233,-13.390195030724017,-502.0,3743.0,22150,3266,14.744920993227991,12.808126410835213,0.4798193621224951,21105,3498,16.57427149964463,1.82935050641664,42.213,5.64,0.0741849634065203,0.26679973386560213,1.9,887.42,48,0.0,10.005592775473282,24.959996394041156,0,0,1,0,0
48235,-28.143781094527363,-113.0,402.0,1599,291,18.19887429643527,13.3833646028768,1.0514018691588785,1553,282,18.158403090792017,-0.04047120564325368,48.833,7.47,0.0,0.0,0.11,1051.544,48,0.0,7.377133712833954,1.5206211057264365,1,0,1,0,0
48237,-2.8167877906976755,-40.0,1376.0,9044,1350,14.927023440955328,11.808934099955772,0.8547008547008548,8888,1584,17.82178217821782,2.8947587372624923,46.801,6.75,0.0,0.0,0.35,910.94,48,0.0,9.10985683339786,9.928206028937142,1,0,1,0,0
48239,2.3926785714285717,52.0,2240.0,14075,2313,16.433392539964476,12.873889875666075,0.24279210925644917,14822,2685,18.114964242342463,1.6815717023779868,47.483,7.75,0.0,0.0,-0.02,829.443,48,0.0,9.552155453007892,16.969219102457913,1,0,1,0,1
48241,0.6957228400342167,40.0,5845.0,35710,5932,16.611593391206945,13.234388126575189,0.5179187998571259,35562,7121,20.02418311681008,3.4125897256031337,38.062,7.66,0.30261607353287767,0.0,2.25,938.655,48,0.0,10.483186040588494,38.04379670912103,0,0,1,0,0
48243,8.655757575757576,43.0,495.0,2342,543,23.18531169940222,21.43467122117848,0.24798512089274644,2245,858,38.21826280623608,15.032951106833863,43.75,10.13,0.0,0.0,5.93,2264.556,48,0.0,7.758760544157663,1.0341983152547343,1,0,1,0,0
48245,-7.728358684629871,-2690.0,34515.0,252273,32002,12.685463763462598,11.338906660641449,0.505630889450701,253136,36446,14.397794071171226,1.712330307708628,42.293,8.84,0.169806354958548,0.14356861593902154,1.04,876.372,48,0.0,12.438267113444798,287.8606345250647,0,1,1,0,1
48247,-8.871180555555556,-78.0,864.0,5300,789,14.88679245283019,12.169811320754716,0.40966816878328555,5187,722,13.91941391941392,-0.9673785334162694,40.0,6.5,0.0,0.04548959136468774,-1.01,1136.173,48,0.0,8.575462099540212,4.664782563922924,1,0,1,0,0
48249,-4.037892457596535,-224.0,5542.0,40838,5332,13.056467016014498,11.45256868602772,0.45828946553539357,40796,6285,15.405922149230317,2.3494551332158196,37.02,6.78,0.34428060768543345,0.025245755138516533,1.45,865.17,48,0.0,10.61736829948298,47.20228394419594,0,0,1,0,0
48251,13.069628751974722,1991.0,15192.0,150934,17331,11.48250228576729,11.493102945658368,0.3244062836086673,171359,24127,14.079797384438516,2.5972950986712267,54.954,11.18,0.11704721791177122,0.14133704911802894,0.12,724.8,48,0.0,11.924597934154377,208.24227373068433,0,1,1,0,0
48253,-11.790131790421086,-367.0,3111.0,20202,2764,13.681813681813681,11.484011484011484,0.8757747237941255,19874,3075,15.472476602596357,1.790662920782676,39.568,5.17,0.3003533568904594,0.12406753042795446,1.55,928.57,48,0.0,9.91353688838913,21.75603347082072,0,0,1,0,0
48255,-3.5336931018301274,-76.0,2131.0,14824,2068,13.950350782514843,11.150836481381543,0.9203539823008848,15547,2207,14.195664758474305,0.24531397595946203,39.611,6.97,0.0,0.09201680672268908,1.38,747.497,48,0.0,9.604002767965195,19.83151771846576,0,0,1,0,0
48257,28.567049200341838,2343.0,8191.0,103350,10622,10.277697145621675,11.053701015965167,0.35227806481916396,129792,15267,11.762666420118343,1.4849692744966685,58.555,13.0,0.1593617649955678,0.18088249778390622,0.63,780.675,48,0.0,11.545876565109914,132.38543568066098,0,1,1,0,0
48259,57.340932347924955,2018.0,3518.0,33410,5584,16.713558814726127,15.30380125710865,0.22056207755247245,45491,8749,19.23237563474094,2.5188168200148127,66.655,24.39,0.15417368056243191,0.09971284285572829,4.72,662.454,48,0.0,10.416610535350802,50.433690490207624,0,0,1,0,0
48261,4.590566037735848,3.0,53.0,416,59,14.182692307692307,14.423076923076922,0.0,391,110,28.13299232736573,13.950300019673424,48.333,7.1,0.0,0.0,3.14,1458.453,48,0.0,6.030685260261263,0.28523373739160607,1,0,1,0,1
48263,1.369651741293532,4.0,201.0,808,208,25.742574257425744,13.737623762376238,0.18115942028985507,704,214,30.39772727272727,4.655153015301526,47.75,4.89,0.0,0.0,0.45,902.507,48,0.0,6.694562058521095,0.8952839146953986,1,0,1,0,0
48265,22.488194583751255,2245.0,9970.0,49625,12314,24.81410579345088,14.393954659949623,0.24757668582938192,52195,14316,27.42791455120222,2.6138087577513396,43.072,12.96,0.2450165551726468,0.031488614095547,4.52,1103.326,48,0.0,10.812250017989491,44.977640334769596,0,0,1,0,0
48267,10.415694591728526,98.0,943.0,4607,1051,22.813110484046017,17.668764922943346,0.17798872738059923,4375,1247,28.502857142857142,5.689746658811124,43.429,8.95,0.0,0.09051254089422028,1.02,1250.985,48,0.0,8.435332164935916,3.682698033949248,1,0,1,0,0
48269,-24.61666666666667,-11.0,48.0,286,38,13.286713286713287,12.237762237762238,0.0,279,31,11.11111111111111,-2.175602175602176,61.563,32.5,,,0.4,910.872,48,0.0,5.655991810819852,0.3139848408997093,1,0,1,0,0
48271,-3.452280311457175,-32.0,899.0,3598,874,24.291272929405224,13.535297387437465,1.134020618556701,3674,1076,29.286880783886772,4.995607854481548,24.388,4.64,0.0,0.0,3.8,1360.055,48,0.0,8.188133414510478,2.6454812489200803,1,0,1,0,0
48273,-8.466093243580154,-341.0,4011.0,32061,3681,11.481238888369047,9.747044696048158,0.27371549229686404,30725,4116,13.396257119609439,1.915018231240392,36.571,7.45,0.21165944359010205,0.0,3.15,881.306,48,0.0,10.375395617193007,36.37896485443194,0,0,1,0,1
48275,-5.277454545454546,-45.0,825.0,3719,790,21.242269427265395,11.42780317289594,0.3424657534246575,3679,680,18.483283500951345,-2.7589859263140504,32.055,4.29,0.2538370720188902,0.0,0.62,850.625,48,0.0,8.22121009392507,4.372079353416606,1,0,1,0,0
48277,7.320387079900614,558.0,7647.0,49793,8276,16.620810154037716,12.32301729158717,0.3558560562252569,49705,9609,19.332059148978974,2.7112489949412577,38.015,8.11,0.19839981447124305,0.24559369202226344,0.36,907.181,48,0.0,10.81562969088395,54.887613386964674,0,0,1,0,0
48279,-11.208296593186372,-280.0,2495.0,13977,2227,15.93331902411104,10.710452886885598,0.8322454308093995,13018,2194,16.853587340605316,0.9202683164942762,35.458,5.01,0.14558383233532934,0.0,1.31,1016.181,48,0.0,9.545168400484906,13.754439415812733,1,0,1,0,0
48281,13.951890289103039,377.0,2698.0,19677,3101,15.75951618641053,13.111754840676932,0.24088093599449414,21152,4242,20.05484114977307,4.295324963362539,46.378,12.13,0.1218274111675127,0.1562323745064862,2.81,712.841,48,0.0,9.887205719961845,27.6036311042715,0,0,1,0,0
48283,0.5228773584905662,3.0,848.0,6886,857,12.445541678768516,10.049375544583212,0.25491624180626365,7551,1190,15.759502052708251,3.313960373939736,30.144,3.96,0.12421580928481807,0.0,0.71,1486.704,48,0.0,8.83724564389847,4.63172225271473,1,0,1,0,0
48285,4.558681092220506,176.0,3882.0,19263,4089,21.22722317396044,14.623890359757047,0.41569992266047956,20072,4680,23.316062176165804,2.088839002205365,41.429,8.31,0.20557156580211336,0.2426512968299712,-0.08,969.709,48,0.0,9.865941436462158,19.864722303288925,0,0,1,0,0
48287,11.112900469884664,260.0,2341.0,16612,2622,15.783770768119432,12.346496508548038,0.5334044539271903,17174,3251,18.929777570746477,3.1460068026270456,46.986,11.53,0.10543748274910296,0.09688103781396633,0.88,629.04,48,0.0,9.717880604750643,26.408495485183774,0,0,1,0,0
48289,9.934232301562979,323.0,3263.0,16801,3615,21.516576394262245,14.409856556157372,0.6204648227994531,17325,4261,24.594516594516595,3.07794020025435,40.355,7.81,0.0,0.1204963015986638,0.36,1073.156,48,0.0,9.729193687429403,15.6556921826836,1,0,1,0,0
48291,5.7752698970625165,463.0,7966.0,75643,8498,11.234350832198617,11.86362254273363,0.5841649570569213,86173,11176,12.969259512840448,1.7349086806418317,45.929,7.92,0.178255151249452,0.08987286277948268,0.08,1158.385,48,0.0,11.233780183540627,65.30039667295415,0,0,1,0,0
48293,9.043965014577259,310.0,3430.0,23384,3771,16.12641122134793,12.820732124529593,1.0250569476082005,23364,4488,19.2090395480226,3.0826283266746692,42.14,7.86,0.20534159086510548,0.15618347203406233,1.12,905.43,48,0.0,10.059807306791082,25.826402924577273,0,0,1,0,0
48295,-15.852724077328649,-91.0,569.0,3302,484,14.65778316172017,11.901877649909146,0.06613756613756613,3301,544,16.47985458951833,1.822071427798159,52.566,7.37,0.0,0.0,-0.43,932.186,48,0.0,8.102283624480073,3.5422115328915043,1,0,1,0,0
48297,-10.134828711256118,-249.0,2452.0,11531,2217,19.2264330934004,13.79758910762293,0.11541632316570487,12175,2530,20.78028747433265,1.5538543809322505,43.719,8.35,0.0,0.0,2.67,1039.695,48,0.0,9.352794339771116,11.090752576476756,1,0,1,0,0
48299,7.792756247736328,429.0,5522.0,19301,6002,31.096834360913945,18.89539402103518,0.18907563025210083,21452,7975,37.17602088383368,6.079186522919734,41.969,15.07,0.20969162995594715,0.027312775330396475,3.75,934.052,48,0.0,9.867912187022208,20.66373178366943,0,0,1,0,0
48301,-6.290000000000001,0.0,10.0,82,12,14.634146341463413,28.04878048780488,4.0,117,53,45.2991452991453,30.664998957681888,83.889,6.67,0.0,0.0,3.31,668.818,48,0.0,4.406719247264253,0.12260435574401407,1,0,1,0,0
48303,5.930386008918617,1706.0,28704.0,278831,30622,10.98227958871144,9.804505237939827,0.24073559062782451,308392,38331,12.429310747360502,1.447031158649061,42.562,10.31,0.21137841604087637,0.05313733839126732,1.14,895.604,48,0.0,12.538361142505055,311.3329105274206,0,1,1,0,0
48305,-10.910470701248798,-113.0,1041.0,5915,933,15.77345731191885,11.918850380388841,1.046337817638266,5886,989,16.802582398912673,1.0291250869938224,43.672,6.69,0.0,0.0,1.32,891.867,48,0.0,8.685246776412487,6.632154794380777,1,0,1,0,0
48307,11.839739190116678,172.0,1457.0,8283,1645,19.85995412290233,14.620306652179163,0.3254300325430033,7970,1817,22.797992471769135,2.9380383488668045,34.459,7.12,0.15313351498637603,0.0,2.36,1065.601,48,0.0,9.021960500598263,7.7730782910301315,1,0,1,0,0
48309,4.80156233086776,1344.0,27715.0,234906,29259,12.455620546090778,10.651494640409355,0.4099911694209663,254045,36669,14.43405695841288,1.978436412322102,40.672,10.1,0.17821230811259495,0.14224622529498912,0.76,1037.122,48,0.0,12.366940713104956,226.49794334707005,0,1,1,0,0
48311,-11.632057416267944,-24.0,209.0,707,187,26.449787835926447,13.719943422913719,0.2061855670103093,724,96,13.259668508287293,-13.190119327639154,41.453,8.31,0.0,0.0,1.76,1139.799,48,0.0,6.561030665896573,0.6202848046015131,1,0,1,0,0
48313,3.848871766648321,68.0,1817.0,13664,1901,13.912470725995316,10.750878220140516,0.33359497645211933,14329,2215,15.458161769837393,1.5456910438420763,37.207,8.47,0.0,0.019278299555116164,0.22,466.065,48,0.0,9.522519916028351,29.317799019450078,0,0,1,0,0
48315,-6.1344296419650295,-148.0,2402.0,10546,2270,21.5247487198938,17.0586004172198,0.4503055644901898,9987,2619,26.224091318714326,4.699342598820525,29.943,5.87,0.2701492537313433,0.14253731343283582,1.4,380.884,48,0.0,9.263501920090414,27.68822003549637,0,0,1,0,0
48317,-10.486870229007634,-69.0,655.0,4799,591,12.315065638674724,10.668889351948323,0.7019438444924406,5676,619,10.905567300916138,-1.4094983377585866,38.111,7.52,0.19974874371859297,0.0,0.91,914.956,48,0.0,8.476162841858246,5.245060964680269,1,0,1,0,0
48319,6.485054945054945,58.0,910.0,4012,979,24.401794616151545,16.824526420737786,0.07317965605561653,4248,1133,26.6713747645951,2.2695801484435556,38.702,13.14,0.19838056680161945,0.0,1.54,928.836,48,0.0,8.297045149081827,4.319384692238457,1,0,1,0,0
48321,0.6166923670007706,30.0,5188.0,36702,5249,14.30167293335513,12.800392349190782,0.28721876495931065,36791,6109,16.60460438694246,2.3029314535873286,43.205,8.34,0.16093092349591484,0.060287199801931174,1.54,1092.896,48,0.0,10.51058652847062,33.58233537317366,0,0,1,0,1
48323,3.7184487133019206,205.0,5518.0,54258,5727,10.555125511445317,9.495373954071288,0.16034818462948114,58098,6851,11.79214430789356,1.2370187964482433,28.813,7.77,0.38965059708093763,0.02857142857142857,0.52,1279.472,48,0.0,10.901505725968535,42.40655520402166,0,0,1,0,0
48325,12.743193860771058,700.0,5473.0,46006,6210,13.498239360083467,12.600530365604486,0.24456672780834862,50869,8508,16.72531404195089,3.2270746818674247,49.138,10.29,0.16138165345413363,0.0,0.68,1325.359,48,0.0,10.736527101747964,34.71210441850095,0,0,1,0,0
48327,20.49392712550607,101.0,494.0,2242,602,26.851025869759145,15.655664585191792,0.4700352526439483,2108,714,33.87096774193548,7.019941872176336,40.996,6.66,0.0,0.0,0.51,902.027,48,0.0,7.715123603632105,2.485513183086537,1,0,1,0,0
48329,1.601300196383829,244.0,14767.0,136872,15114,11.042433806768367,10.832018236016133,0.316461518647311,171238,17527,10.235461754984291,-0.8069720517840757,54.945,12.12,0.12285427471975907,0.03597122302158273,1.42,900.254,48,0.0,11.826801461504484,152.03709175410495,0,1,1,0,0
48331,3.709029126213593,152.0,4120.0,24757,4305,17.389021286908754,13.17203215252252,0.34498009730207874,24797,5153,20.78073960559745,3.391718318688696,39.035,8.16,0.18444976076555025,0.08851674641148326,0.72,1016.915,48,0.0,10.116863556291285,24.34520092633111,0,0,1,0,0
48333,-3.426492851135409,-42.0,1189.0,4936,1158,23.46029173419773,14.384116693679092,0.8432888264230498,4877,1433,29.38281730572073,5.922525571523,31.895,9.5,0.2744405182567727,0.0,-0.43,748.215,48,0.0,8.504310565585223,6.597034274907613,1,0,1,0,0
48335,-13.482544169611309,-191.0,1415.0,9403,1233,13.112836328831223,11.00712538551526,0.44291338582677164,8256,1301,15.758236434108527,2.6454001052773037,37.26,5.53,0.0,0.0,2.47,911.09,48,0.0,9.148784066277077,10.320604989627808,1,0,1,0,0
48337,5.274609695973706,193.0,3651.0,19719,3880,19.676454181246513,13.880014199503018,0.47379330766952915,19640,4368,22.24032586558045,2.563871684333936,42.482,8.39,0.20423892100192678,0.06413432424993118,-0.57,930.906,48,0.0,9.889337916931686,21.18258986406791,0,0,1,0,0
48339,41.905958564870744,13897.0,33112.0,455746,47404,10.401407801714113,11.562800331763745,0.3315564011776163,590188,77536,13.137508726033062,2.736100924318949,65.62,15.71,0.12633158413953757,0.06842580848400441,1.58,1042.623,48,0.0,13.029690915760758,437.1148535952113,0,1,1,0,0
48341,-14.930581537210246,-367.0,2459.0,21904,2107,9.619247626004384,9.276844411979548,0.49486105824133997,21169,2343,11.068071236241673,1.4488236102372891,44.216,8.31,0.07596785975164354,0.5009739469198928,2.46,899.698,48,0.0,9.99442454752823,24.345947195614528,0,0,1,0,0
48343,7.6517524881003895,177.0,2311.0,12934,2506,19.375289933508583,13.429720117519716,0.7138114209827356,12357,2659,21.518167840090637,2.1428779065820542,38.843,7.55,0.06798551128448035,0.0,0.41,251.989,48,0.0,9.467614782006539,51.32763731750195,0,0,1,0,0
48345,-3.8720238095238093,-14.0,336.0,1210,328,27.107438016528924,14.958677685950414,0.8985879332477535,1362,414,30.396475770925107,3.2890377543961833,34.081,6.05,0.0,0.0,-0.22,989.566,48,0.0,7.098375638590786,1.222758259681517,1,0,1,0,0
48347,4.010082530949106,294.0,7270.0,64524,7622,11.812658855619615,10.42712789039737,0.4925928628767423,65080,9586,14.729563614013522,2.9169047583939065,33.189,8.86,0.2016221156042952,0.19396847155586017,2.12,946.557,48,0.0,11.074792526597678,68.16705174648753,0,0,1,0,0
48349,5.278141907559129,341.0,6469.0,47735,6863,14.377291295694983,11.963967738556615,0.2817040624691114,49475,8426,17.030823648307226,2.6535323526122436,41.654,7.93,0.16475954229014964,0.21565175642154116,0.57,1009.632,48,0.0,10.773420160432133,47.27960286520237,0,0,1,0,0
48351,-4.974468085106383,-122.0,2444.0,14445,2342,16.213222568362756,13.492557978539288,0.7280873704844582,13788,2864,20.77168552364375,4.558462955280994,37.452,6.76,0.26542207792207795,0.0,1.44,933.677,48,0.0,9.578103612900335,15.471089038286259,1,0,1,0,0
48353,-2.157974980453481,-57.0,2558.0,15216,2519,16.554942166140904,13.012618296529968,0.6152125279642058,14901,2716,18.22696463324609,1.6720224671051866,37.102,5.16,0.14522721808126954,0.20846357297427265,2.11,911.997,48,0.0,9.630102784785171,16.684265408767793,1,0,1,0,0
48355,0.7268867691395244,284.0,40466.0,340223,40913,12.025348080523656,11.678222812684622,0.22406103536051847,362151,52453,14.483737446534734,2.458389366011078,43.28,10.39,0.20510713658917945,0.05895304497662619,3.33,838.316,48,0.0,12.737356563948458,405.8409955195893,0,1,1,0,1
48357,-11.243935538592027,-132.0,1179.0,10223,1056,10.329648831067201,9.478626626234961,0.14771048744460857,9907,1001,10.103966892096498,-0.22568193897070365,49.309,8.21,0.0,0.011638316920322292,0.39,917.685,48,0.0,9.232395362757014,11.13998812228597,1,0,1,0,0
48359,-18.896451612903224,-59.0,310.0,2052,255,12.426900584795321,12.280701754385964,0.23781212841854932,2110,269,12.748815165876778,0.3219145810814563,51.111,8.69,0.0,0.0,1.19,1500.523,48,0.0,7.62657020629066,1.367523190247667,1,0,1,0,0
48361,-4.091390784264173,-491.0,11871.0,81837,11473,14.019331109400394,12.311057345699378,0.8495454931611588,83776,13112,15.65126050420168,1.6319293948012863,47.914,8.15,0.08457634141288585,0.26434638491816864,0.44,333.781,48,0.0,11.312484743062132,245.18172094876581,0,1,1,0,0
48363,0.8061238074106954,37.0,4507.0,28111,4582,16.29966916865284,13.154992707481059,0.36150913632180887,28792,5581,19.38385662684079,3.084187458187948,41.095,8.05,0.1357583631049042,0.18382591750568367,1.45,952.549,48,0.0,10.243916237796457,29.511342723576426,0,0,1,0,0
48365,-3.1303477344573234,-120.0,3796.0,23796,3705,15.569843671205245,13.367792906370818,0.6227106227106227,23186,4427,19.093418442163372,3.5235747709581275,45.622,8.19,0.08443372270187913,0.10970035551041138,1.35,811.355,48,0.0,10.077272778307796,29.328715543750885,0,0,1,0,0
48367,24.47274646029373,2788.0,11371.0,116927,14283,12.215313828286025,12.679706141438677,0.46109633696491376,138447,21533,15.553244201752294,3.3379303734662695,61.34,14.71,0.12650468618131747,0.09496735219650869,0.14,903.482,48,0.0,11.669305087429624,129.4181843135779,0,1,1,0,0
48369,-14.245947850599013,-203.0,1419.0,10269,1224,11.919368974583698,9.494595384165937,1.710976572782311,9639,1370,14.213092644465194,2.293723669881496,39.753,8.85,0.0,0.0,1.93,880.82,48,0.0,9.236884927198295,11.658454621829659,1,0,1,0,0
48371,-20.520131291028445,-470.0,2285.0,15507,1821,11.743083768620624,11.091765009350615,0.2864816472694718,15725,1991,12.661367249602543,0.9182834809819198,38.125,5.09,0.10588829921657822,0.0,4.4,4763.835,48,0.0,9.64904681386415,3.2551505247347987,1,0,1,0,0
48373,12.371361194812001,945.0,7633.0,45413,8646,19.038601281571356,13.634862264109396,0.36150421020147244,50155,9384,18.70999900309042,-0.32860227848093615,33.325,6.77,0.16066584463625155,0.0,1.84,1057.045,48,0.0,10.723553686653267,42.96222015145997,0,0,1,0,0
48375,4.507616530514176,567.0,12486.0,121073,13142,10.854608376764432,10.032790134877304,0.23481627213302025,118323,14871,12.568139753048857,1.7135313762844255,36.766,8.06,0.21985441681689855,0.0,2.6,908.39,48,0.0,11.70414894844823,133.2830612402162,0,1,1,0,0
48377,6.140675364543362,80.0,1303.0,7818,1389,17.766692248656945,12.11307239703249,0.2352941176470588,6808,1633,23.986486486486484,6.219794237829539,29.513,5.62,0.0,0.0,3.06,3855.252,48,0.0,8.9641840463529,2.0278830022006344,1,0,1,0,0
48379,23.712366498032605,422.0,1779.0,10914,2223,20.368334249587686,15.567161444016858,0.36059973429493264,12001,2883,24.022998083493043,3.6546638339053565,42.491,8.2,0.03636363636363636,0.0,0.78,229.453,48,0.0,9.297801647746176,47.56529659668865,0,0,1,0,0
48381,0.6955127341328664,105.0,14842.0,120725,15079,12.490370677158833,11.697659971008491,0.22873979878651599,136005,20455,15.039888239402963,2.54951756224413,56.041,13.04,0.12048051338237596,0.05262951948661762,2.36,911.926,48,0.0,11.701270510741743,132.38464524533788,0,1,1,0,0
48383,-3.087394957983194,-11.0,357.0,3367,349,10.365310365310364,10.84051084051084,1.0204081632653061,3766,369,9.798194370685078,-0.5671159946252864,54.224,6.31,0.0,0.0,0.6,1175.314,48,0.0,8.121777419161074,2.864766351800455,1,0,1,0,0
48385,9.808842652795839,74.0,769.0,3309,853,25.778180719250525,17.588395285584767,0.5001923816852636,3429,1019,29.717118693496648,3.938937974246123,29.186,7.53,0.0,0.0,3.48,699.159,48,0.0,8.104401307921613,4.732829013142934,1,0,1,0,0
48387,3.0129735935706075,78.0,2613.0,12860,2712,21.08864696734059,14.673405909797824,0.5420451215939056,12115,3066,25.30747007841519,4.218823111074599,37.047,5.97,0.2816813048933501,0.22961104140526975,-0.11,1043.876,48,0.0,9.46187699779161,12.319470895010518,1,0,1,0,0
48389,-17.316366366366367,-347.0,1998.0,13783,1654,12.000290212580715,9.533483276500036,0.6681034482758621,15546,1827,11.752219220378231,-0.24807099220248396,32.593,3.14,0.15388280133396856,0.0,2.84,2635.354,48,0.0,9.531191227694439,5.230037406739284,1,0,1,0,0
48391,3.9271802325581397,53.0,1376.0,7383,1440,19.50426655830963,13.40918325883787,0.24154589371980675,7015,1539,21.938702779757662,2.4344362214480313,42.949,6.78,0.17165814463111762,0.0,2.56,770.484,48,0.0,8.906935339059165,9.582288535517934,1,0,1,0,1
48393,-7.30754716981132,-13.0,159.0,929,149,16.03875134553283,13.885898815931109,0.0,784,195,24.872448979591837,8.833697634059007,52.5,11.14,0.0,0.0,-0.41,924.058,48,0.0,6.834108738813838,1.0053481491421534,1,0,1,0,0
48395,0.9601688693098385,26.0,2724.0,16622,2770,16.664661292263265,13.385874142702441,0.825082508250825,17094,3287,19.228969228969227,2.564307936705962,38.393,7.73,0.14800613496932516,0.05214723926380368,0.63,855.108,48,0.0,9.718482398112972,19.438480285531185,0,0,1,0,0
48397,64.63027098479841,2934.0,4539.0,78337,7540,9.625081379169485,10.422916374127169,0.35434339095887474,101175,12293,12.150234741784036,2.5251533626145513,78.032,18.9,0.17529838022165387,0.05370843989769821,1.39,127.11,48,0.0,11.268775311873341,616.2929745889387,0,1,1,0,0
48399,-1.3706712062256803,-29.0,2056.0,10501,2044,19.464812874964288,13.370155223312066,0.22650056625141565,10280,2131,20.7295719844358,1.2647591094715125,37.823,6.01,0.1491540516473731,0.0,1.18,1051.07,48,0.0,9.259225769705994,9.990771309237253,1,0,1,0,0
48401,-4.436778506234735,-344.0,7779.0,53330,7487,14.039002437652353,12.452653290830677,0.599311028266717,53988,9027,16.720382307179374,2.681379869527021,46.574,8.67,0.15103969754253307,0.10198487712665406,1.88,924.037,48,0.0,10.884254303594648,57.71413915243654,0,0,1,0,0
48403,4.609454545454545,127.0,2750.0,10834,2901,26.776813734539413,16.226693741923572,0.3129694541812719,10470,3203,30.592168099331424,3.815354364792011,33.589,6.8,0.2336589030803907,0.0,2.13,491.703,48,0.0,9.290444616217844,22.03362598967263,0,0,1,0,0
48405,7.909787234042554,148.0,1880.0,8865,2044,23.05696559503666,14.878736604624928,0.9172594533882441,8260,2216,26.82808716707022,3.7711215720335574,25.974,6.5,0.4017094017094017,0.0,1.96,530.657,48,0.0,9.089866218508309,16.705706322539793,1,0,1,0,0
48407,0.1788962472406168,6.0,4530.0,26384,4572,17.328684050939962,14.899181322013341,0.7431561386213695,28574,6220,21.76804087632113,4.439356825381168,46.285,7.56,0.10428849902534112,0.07309941520467836,2.18,569.243,48,0.0,10.18051304479938,46.34927438721249,0,0,1,0,0
48409,-0.8963536701620591,-78.0,8392.0,64804,8361,12.90198135917536,11.806369977161904,0.30918894460993174,66969,9948,14.854634233749945,1.952652874574584,45.189,8.83,0.12124565286120771,0.09729687006006955,1.97,693.436,48,0.0,11.079122608830309,93.45346939010953,0,0,1,0,1
48411,-1.444894514767933,-18.0,1185.0,6131,1177,19.197520795954983,14.124938835426521,0.4721435316336166,6004,1407,23.43437708194537,4.236856285990388,36.308,7.12,0.1111111111111111,0.0,2.92,1135.313,48,0.0,8.721113147762688,5.400272876290503,1,0,1,0,0
48413,-7.616560509554139,-37.0,471.0,3461,440,12.713088702687084,12.481941635365501,0.47011417058428473,2898,679,23.42995169082126,10.716862988134174,55.186,6.79,0.0,0.0,0.08,1310.642,48,0.0,8.149312843635345,2.640690592854494,1,0,1,0,0
48415,-8.418878143133462,-218.0,2585.0,16921,2383,14.083092015838309,11.63642810708587,0.7898894154818324,16918,2551,15.078614493438941,0.9955224776006322,42.401,7.11,0.0,0.028735632183908046,1.44,905.445,48,0.0,9.736310733068626,18.688048418181115,0,0,1,0,0
48417,0.5718480138169256,3.0,579.0,3378,589,17.43635287152161,13.854351687388988,0.7411630558722919,3291,648,19.690063810391976,2.253710938870366,46.629,6.9,0.12432432432432433,0.10270270270270271,-0.09,914.286,48,0.0,8.125039097367745,3.6946863454105174,1,0,1,0,0
48419,-7.024377642085486,-300.0,4258.0,25448,3988,15.671172587236718,11.753379440427539,0.7411774614671944,25263,4452,17.622610141313384,1.9514375540766657,32.425,6.44,0.09205548549810845,0.3185687263556116,2.45,795.589,48,0.0,10.14439243342898,31.986364819020874,0,0,1,0,0
48421,-17.4340206185567,-83.0,485.0,3034,405,13.348714568226763,10.15161502966381,0.5591054313099041,3046,475,15.594221930400526,2.245507362173763,50.069,8.08,0.0,0.0,-0.65,923.036,48,0.0,8.017637159908478,3.286979056071486,1,0,1,0,0
48423,12.832698678648947,3373.0,26261.0,209714,29851,14.234147457966564,11.281078039615858,0.3092464694361406,230184,38131,16.565443297535882,2.331295839569318,46.139,11.8,0.26630447537020957,0.07846565440848607,0.72,921.473,48,0.0,12.253499976702537,227.58561563930795,0,1,1,0,0
48425,41.364050056882824,363.0,879.0,8490,1258,14.817432273262662,13.568904593639575,0.43549265106151336,8958,1714,19.133735208751954,4.316302935489292,52.135,14.43,0.06469807564698075,0.0,1.17,186.464,48,0.0,9.046644279305394,45.53157714089583,0,0,1,0,0
48427,8.686280276816609,501.0,5780.0,60968,6285,10.308686524078205,8.373244980973626,0.17924818191129777,64032,7255,11.330272363818091,1.0215858397398865,24.441,5.7,0.5390539053905391,0.004767143381004767,1.99,1223.179,48,0.0,11.018104415345954,49.84389038726139,0,0,1,0,0
48429,0.04068090017311126,0.0,1733.0,9630,1748,18.15160955347871,12.866043613707165,1.377075739165654,9358,1841,19.673007052789057,1.5213974993103463,35.691,5.76,0.14017017465293327,0.17599641737572772,1.38,896.721,48,0.0,9.172638504792172,10.739126216515505,1,0,1,0,0
48431,-10.841346153846153,-23.0,208.0,1143,187,16.36045494313211,13.123359580052494,0.0,1274,135,10.596546310832025,-5.763908632300083,41.548,6.87,0.0,0.0,0.27,923.449,48,0.0,7.04141166379481,1.23775108316756,1,0,1,0,0
48433,-7.05187165775401,-28.0,374.0,1490,353,23.691275167785236,13.557046979865772,1.1853448275862069,1412,289,20.467422096317282,-3.2238530714679534,52.222,5.53,0.0,0.0,0.61,916.313,48,0.0,7.306531398939505,1.6260819174234131,1,0,1,0,0
48435,-6.289802631578947,-38.0,608.0,4128,573,13.880813953488373,13.178294573643413,0.7385524372230428,3793,638,16.82045873978381,2.939644786295437,56.146,7.77,0.0,0.0,1.47,1453.935,48,0.0,8.325548307161398,2.839191573213383,1,0,1,0,0
48437,-5.9799576570218775,-85.0,1417.0,7854,1342,17.086834733893557,11.026228673287497,0.12418503570319776,7403,1412,19.07334864244225,1.9865139085486945,37.907,5.95,0.0,0.09620991253644315,0.42,890.16,48,0.0,8.968778235137956,8.823132919924507,1,0,1,0,0
48439,7.199106605099377,10844.0,149430.0,1809034,161385,8.921059526797174,9.932593859485229,0.1943192739817824,2077153,235076,11.317221215769854,2.396161688972679,55.306,13.49,0.12421873139836663,0.10508732350770257,1.02,863.646,48,0.0,14.408303559115128,2094.647575511263,0,1,1,0,0
48441,7.878865559385773,1267.0,15955.0,131506,17354,13.196356059799552,10.378994114336988,0.39461883408071746,137521,19898,14.469062906756058,1.2727068469565062,42.403,8.99,0.21844031912222073,0.03419166650568895,2.04,915.536,48,0.0,11.786807756935485,143.6382621764737,0,1,1,0,0
48443,-13.485593220338984,-31.0,236.0,984,205,20.833333333333336,15.447154471544716,0.2857142857142857,903,310,34.33001107419712,13.496677740863781,35.403,4.26,0.0,0.0,3.17,2358.017,48,0.0,6.891625897052253,0.417299790459526,1,0,1,0,0
48445,-7.307967313585291,-144.0,1958.0,12651,1827,14.44154612283614,10.50509841119279,0.4971002485501243,12408,1870,15.070921985815602,0.6293758629794617,39.498,6.3,0.0,0.0,1.11,888.839,48,0.0,9.44549154241467,14.233173836881594,1,0,1,0,0
48447,-9.120956719817768,-40.0,439.0,1641,403,24.55819622181597,13.16270566727605,1.1121408711770158,1500,385,25.666666666666664,1.1084704448506955,36.339,4.67,0.0,0.0,-0.79,912.552,48,0.0,7.403061091090091,1.798253688556926,1,0,1,0,0
48449,-0.10563646170442306,-5.0,3708.0,32334,3731,11.538937341498114,10.147213459516298,0.3733200597312096,32709,4641,14.188755388425204,2.6498180469270896,39.423,8.68,0.16563824250985057,0.41811017768195674,0.84,406.057,48,0.0,10.383874587161552,79.6292146176522,0,0,1,0,0
48451,6.1998949064667555,887.0,14273.0,110224,15265,13.849070982726086,11.336006677311657,0.3177943355306951,118645,18394,15.503392473344851,1.6543214906187647,41.398,8.86,0.20616757176105507,0.08212346226310539,2.62,1522.001,48,0.0,11.610269937832976,72.42045176054418,0,0,1,0,0
48453,3.1166402865711427,2264.0,72024.0,1024266,74759,7.298787619622246,9.261266116418977,0.2656150847611278,1250884,123046,9.836723469162608,2.5379358495403626,54.074,20.03,0.12032948929159802,0.050420364563958125,3.24,991.849,48,0.0,13.839486816473341,1032.683402413069,0,1,1,0,0
48455,4.710290322580645,145.0,3100.0,14585,3272,22.4340075419952,15.865615358244773,0.34431309537472743,14689,3926,26.727483150656955,4.293475608661755,36.814,7.38,0.19910263600673023,0.09871003925967471,1.45,693.797,48,0.0,9.587748882301822,21.021999230322415,0,0,1,0,0
48457,0.8701577131591931,35.0,4058.0,21766,4129,18.96995313792153,13.360286685656527,0.3497495037338123,21524,4736,22.00334510314068,3.0333919652191526,35.346,7.11,0.25922592259225924,0.03285328532853286,1.18,924.39,48,0.0,9.988104398256008,23.546338666580123,0,0,1,0,0
48459,13.217158671586716,718.0,5420.0,39309,6191,15.749573888931288,13.358264010786334,0.3190272678023235,41386,7534,18.204223650509835,2.4546497615785476,44.403,8.61,0.14797249229309936,0.09129713066160777,0.28,582.98,48,0.0,10.579208779272696,67.42769906343271,0,0,1,0,0
48461,-14.892682926829268,-85.0,574.0,3355,493,14.694485842026825,11.8628912071535,1.2919896640826873,3651,542,14.845247877293893,0.15076203526706777,49.234,4.28,0.0,0.0,1.02,1241.323,48,0.0,8.118207049405783,2.702761489153105,1,0,1,0,0
48463,3.169779196594839,118.0,3759.0,26405,3896,14.754781291422079,11.384207536451429,0.33299417260197944,26899,4529,16.83705713967062,2.082275848248541,35.087,6.44,0.23106283029947153,0.11743981209630065,4.26,1551.921,48,0.0,10.181308665141033,17.014396995723363,1,0,1,0,0
48465,-2.9505625200900036,-184.0,6222.0,48879,6052,12.381595368154013,9.883590089813621,0.33778349686343895,49018,7009,14.298829001591251,1.9172336334372382,36.993,8.1,0.32128829536527886,0.031323644933228596,5.2,3144.75,48,0.0,10.797103135371065,15.54304793703792,1,0,1,0,0
48467,8.716620241411327,751.0,8616.0,52579,9447,17.967249282032753,13.750736986249262,0.6048122014287592,55970,11399,20.366267643380382,2.399018361347629,43.074,9.59,0.16047297297297297,0.10109147609147609,0.42,842.566,48,0.0,10.87007207946475,62.40342002881673,0,0,1,0,0
48469,2.8907298881193393,329.0,11262.0,86793,11664,13.438871798416924,12.051663152558387,0.29646779795013695,92044,14847,16.13032897309982,2.6914571746828972,48.767,9.82,0.22020268061457993,0.06574043805165086,-0.82,882.106,48,0.0,11.371281252235155,98.39293690327466,0,0,1,0,1
48471,4.06888222055514,269.0,6665.0,67861,6980,10.285731126862263,10.608449624968685,0.3740959348241749,72295,9315,12.884708486064042,2.598977359201779,34.259,10.61,0.19308668647042937,0.06814294715996039,1.07,784.222,48,0.0,11.125216774451276,86.53289502207284,0,0,1,0,0
48473,16.714174913078363,626.0,3739.0,43205,4396,10.17474829302164,11.241754426571,0.30304943493907444,53626,6334,11.811434751799501,1.6366864587778611,47.324,11.79,0.09308390022675737,0.254421768707483,1.28,513.337,48,0.0,10.673711508275499,84.16498323713273,0,0,1,0,0
48475,-8.236613942589338,-140.0,1707.0,10658,1575,14.777631825858508,11.690748733345844,1.2143161482743927,11745,1597,13.597275436355897,-1.1803563895026112,41.117,4.52,0.09832635983263599,0.0,1.46,835.603,48,0.0,9.274066062856727,12.754860860959093,1,0,1,0,0
48477,27.631976744186048,1335.0,4816.0,33718,6199,18.384838958419834,13.544694228601934,0.2642774268402733,35275,7570,21.45995747696669,3.075118518546855,43.159,13.55,0.163233737686233,0.20483595212895872,1.43,604.184,48,0.0,10.425787098375746,55.8075023502774,0,0,1,0,0
48479,4.616959064327485,858.0,18639.0,250304,19507,7.793323318844285,7.447344029659933,0.2272232502449113,274847,25815,9.392498371821413,1.5991750529771274,36.684,10.4,0.21699776469477064,0.009602367534552781,1.12,3361.478,48,0.0,12.430431458115185,74.46248346709393,0,0,1,0,0
48481,0.6065725331988571,34.0,5949.0,41280,6019,14.580910852713178,12.032461240310077,0.4554212646698196,41672,7074,16.975427145325398,2.39451629261222,41.148,8.58,0.1797815219403814,0.12803184595445288,-0.99,1086.151,48,0.0,10.628133400155445,38.00576531255783,0,0,1,0,0
48483,-6.789319470699433,-72.0,1058.0,5410,995,18.391866913123845,12.920517560073938,0.32967032967032966,5187,1012,19.51031424715635,1.1184473340325063,42.909,6.53,0.2756324900133156,0.0,0.31,914.523,48,0.0,8.596004371840527,5.915652203389089,1,0,1,0,0
48485,1.602586720705686,267.0,16778.0,131500,17177,13.06235741444867,10.563498098859316,0.36353165604866283,132154,19449,14.716921167728557,1.6545637532798878,42.971,8.74,0.23119030206324934,0.09389889856614143,0.8,627.594,48,0.0,11.786762130599957,209.5303651723885,0,1,1,0,0
48487,-6.2247533632287,-139.0,2230.0,13535,2108,15.574436645733284,12.330993719985225,0.411522633744856,12717,2205,17.338995046001415,1.7645584002681307,40.105,5.75,0.14704241071428573,0.0,0.88,970.946,48,0.0,9.513034202048402,13.940013141822511,1,0,1,0,0
48489,-11.584280821917808,-340.0,2920.0,22134,2587,11.687900966838347,9.67741935483871,0.15625,21419,3009,14.048274896120267,2.36037392928192,22.881,4.62,0.45972564192754134,0.0,1.85,590.591,48,0.0,10.00487016682473,37.477713002737936,0,0,1,0,1
48491,63.49757665893881,14525.0,22861.0,422679,37681,8.914802959219644,9.445229121863164,0.2967322590355895,570437,69632,12.206781818149945,3.2919788589303014,68.78,17.22,0.11436675405045339,0.051673900898190725,0.91,1118.338,48,0.0,12.954368304696201,377.95281927288534,0,1,1,0,0
48493,27.39329224934819,1158.0,4219.0,42918,5412,12.610093666992869,13.418612237289715,0.37576046761302634,50110,7919,15.803232887647175,3.193139220654306,60.493,12.41,0.2758115183246073,0.07518324607329843,0.44,803.735,48,0.0,10.667046597336439,53.39819716697668,0,0,1,0,0
48495,-18.879805825242716,-194.0,1030.0,7110,840,11.814345991561181,11.125175808720114,1.5526924347538817,7822,914,11.684991050882127,-0.12935494067905395,41.828,3.89,0.0,0.0,1.31,841.269,48,0.0,8.869257522797287,8.451517885480149,1,0,1,0,0
48497,13.19758279704913,842.0,6371.0,59127,7279,12.310788641399023,12.128130972313834,0.529834742020941,67884,10263,15.11843733427612,2.8076486928770965,55.207,11.99,0.15218798549974108,0.082405489383739,0.87,904.394,48,0.0,10.987442951860604,65.37747928447115,0,0,1,0,0
48499,27.762876381654173,2191.0,7871.0,41964,10148,24.182632732818607,15.40606233914784,0.556061550261253,45054,12045,26.734585164469305,2.5519524316506974,41.277,9.48,0.1364744110479285,0.0,1.37,645.245,48,0.0,10.644567386851376,65.03576160993111,0,0,1,0,0
48501,-12.588692232055065,-128.0,1017.0,7879,895,11.359309557050388,10.140880822439396,0.33579583613163194,8612,921,10.694379934974455,-0.6649296220759329,49.146,6.1,0.0,0.0,0.21,799.715,48,0.0,8.971956271245688,9.852259867577825,1,0,1,0,0
48503,7.583687718184702,240.0,3151.0,18550,3422,18.447439353099732,12.964959568733153,1.8093249826026443,17961,3684,20.51110739936529,2.0636680462655583,36.9,6.94,0.18295870360690017,0.15316257187663357,0.51,914.498,48,0.0,9.82822506803558,20.284352726851232,0,0,1,0,0
48505,-29.59279845335911,-613.0,2069.0,14018,1460,10.415180482237124,8.852903409901556,0.8221828147670482,14243,1944,13.648809941725759,3.2336294594886343,24.496,4.71,0.1590559261159569,0.011800923550538737,2.36,998.412,48,0.0,9.54809749706027,14.04029599003217,1,0,1,0,0
48507,-4.392114208021753,-66.0,1471.0,11677,1408,12.057891581741886,10.747623533441809,0.3502218071445249,11930,1772,14.853310980720872,2.7954193989789857,21.707,3.69,0.0,0.0,0.49,1297.407,48,0.0,9.365376374075716,9.00025974886832,1,0,1,0,0
49001,5.395140664961636,41.0,782.0,6629,832,12.550912656509277,10.212701764972092,0.8940852819807428,6594,967,14.664846830451925,2.1139341739426474,41.514,15.02,0.0,0.05989773557341125,2.39,2582.901,49,5.0,8.79920924224139,2.566494031323694,1,0,0,1,0
49003,8.619389162561577,439.0,5075.0,49975,5563,11.131565782891446,9.046523261630815,0.21932355996767866,54953,7038,12.807308063254052,1.6757422803626056,55.135,16.2,0.08125778331257784,0.0,3.29,5745.593,49,5.0,10.8192781593686,8.697970775166288,1,0,0,1,0
49005,13.654642574518597,1037.0,7582.0,112656,8694,7.717298679164891,7.162512427212044,0.27279602420051857,126336,11913,9.429616261398175,1.7123175822332843,47.013,18.03,0.12964658980713284,0.2907553065402435,2.63,1164.731,49,5.0,11.632094206758914,96.72276259496829,0,0,0,1,0
49007,10.714786291875239,279.0,2597.0,21403,2903,13.563519132831846,12.493575666962576,0.3350434509475448,20401,3528,17.29326993774815,3.7297508049163035,41.967,10.92,0.13032654854297848,0.0707277785913018,3.13,1479.184,49,5.0,9.971286378100563,14.46946424515138,1,0,0,1,0
49009,3.5204188481675374,6.0,191.0,1059,201,18.980169971671387,16.052880075542966,0.175284837861525,590,67,11.35593220338983,-7.6242377682815565,36.389,18.18,0.0,0.0,4.3,696.986,49,5.0,6.9650803456014065,1.519399241878603,1,0,0,1,0
49011,9.83486299547752,2231.0,22554.0,306479,24992,8.154555450781293,8.414279608064499,0.21215537562775444,350761,35416,10.096903589623704,1.9423481388424104,66.866,22.44,0.12204818096557903,0.11241758703229328,5.54,299.036,49,5.0,12.632904516513555,1024.889979801763,0,1,0,1,0
49013,14.606071220081729,250.0,1713.0,18607,1984,10.662653839952705,9.195464072660826,0.7795217528705362,19950,2380,11.929824561403509,1.2671707214508032,52.895,16.26,0.1705508474576271,0.02842514124293785,3.73,3235.344,49,5.0,9.831293132987641,5.75116587293345,1,0,0,1,0
49015,0.6442793462109957,8.0,1346.0,10976,1368,12.463556851311953,11.871355685131196,0.49008687903764764,10099,1711,16.942271512030892,4.478714660718939,49.237,10.55,0.036234458259325045,0.008170515097690942,0.83,4462.277,49,5.0,9.303466349965667,2.4597307607752725,1,0,0,1,0
49017,16.57304964539007,117.0,705.0,5172,831,16.067285382830626,15.081206496519723,0.2683843263553409,5000,1126,22.52,6.452714617169374,44.745,12.99,0.18024691358024691,0.0,4.0,5175.149,49,5.0,8.551014739891748,0.9993915151042028,1,0,0,1,0
49019,-1.4139904610492848,-19.0,1258.0,9225,1251,13.560975609756099,15.024390243902438,0.45681063122923593,9698,1816,18.725510414518457,5.164534804762358,41.396,19.41,0.0,0.0,2.08,3672.744,49,5.0,9.129672468908728,2.51174598610739,1,0,0,1,0
49021,34.2768908819133,1147.0,3345.0,46163,4533,9.819552455429672,8.812252236639734,0.3406721919967458,53148,6812,12.817039211259127,2.9974867558294545,42.247,20.46,0.1521290900941282,0.12272523532048409,2.37,3296.337,49,5.0,10.739933890404625,14.004332688071639,1,0,0,1,0
49023,20.478596491228068,175.0,855.0,10246,1043,10.17958227601015,9.174311926605505,0.5139920045688178,11623,1414,12.165533855286931,1.9859515792767812,53.225,16.33,0.0,0.1872037914691943,1.91,3391.679,49,5.0,9.234642664499148,3.0209226757602945,1,0,0,1,0
49025,19.15818181818182,221.0,1155.0,7125,1388,19.480701754385965,16.561403508771928,1.4101461736887362,7658,1756,22.930268999738836,3.4495672453528705,43.54,17.45,0.09219190968955786,0.0,2.97,3989.946,49,5.0,8.871365005136852,1.7857384536031315,1,0,0,1,0
49027,9.631308703819663,154.0,1597.0,12503,1770,14.1566024154203,11.389266576021754,0.7491395019234663,12963,2191,16.901951708709404,2.745349293289104,44.594,12.11,0.08365966536133855,0.13527945888216447,2.69,6604.988,49,5.0,9.433723894495,1.8929633180257102,1,0,0,1,0
49029,9.790078037904125,87.0,897.0,9469,997,10.529094941387687,10.08554229591298,0.36593479707252163,11950,1424,11.916317991631798,1.3872230502441116,70.152,26.06,0.0,0.0,3.72,609.169,49,5.0,9.1557785839835,15.544126506765775,1,0,0,1,0
49031,19.983763837638378,54.0,271.0,1556,332,21.336760925449873,13.303341902313626,0.22271714922048996,1870,599,32.032085561497325,10.695324636047452,37.708,16.35,0.0,0.0,3.87,758.438,49,5.0,7.349873704738337,2.051584968052761,1,0,0,1,0
49033,3.279816513761467,10.0,327.0,2264,343,15.150176678445229,12.45583038869258,0.4234297812279464,2415,420,17.391304347826086,2.241127669380857,54.737,12.03,0.0,0.0,5.03,1028.847,49,5.0,7.724888439323074,2.2005215547112447,1,0,0,1,0
49035,-0.6899101581753819,-611.0,89268.0,1029655,89367,8.679314916161239,9.27805915573663,0.22525554142366994,1146215,124572,10.868118110476656,2.188803194315417,58.004,23.75,0.11520756968715369,0.09344187764612281,4.21,742.067,49,5.0,13.844734352640739,1387.549911261382,0,1,0,1,0
49037,-1.4121137206427679,-23.0,1618.0,14746,1600,10.850400108504001,9.690763596907635,0.5406348099058249,15295,2157,14.102647924158221,3.2522478156542203,38.076,10.8,0.20969055374592835,0.0,3.6,7819.779,49,5.0,9.598727138549595,1.88573104175962,1,0,0,1,0
49039,18.087168966803432,485.0,2681.0,27822,3197,11.490906476888792,9.377471066062828,0.24087098949802485,30421,4195,13.789816245356826,2.298909768468034,42.395,14.87,0.20895878008101024,0.18346437931856088,4.44,1589.931,49,5.0,10.233582353619516,17.498872592584206,0,0,0,1,0
49041,16.650390625,426.0,2560.0,20802,3016,14.49860590327853,10.41246034035189,0.15386436264646705,21475,3496,16.27939464493597,1.7807887416574388,45.622,14.83,0.11431531687100674,0.0,3.66,1910.434,49,5.0,9.942804414913079,10.888625307129166,1,0,0,1,0
49043,-1.167483777937996,-32.0,2774.0,36324,2768,7.620306133685717,12.520647505781302,0.4181578451685816,41680,5196,12.466410748560461,4.846104614874744,79.461,49.21,0.04227614045748514,0.021441902860367203,4.96,1870.58,49,5.0,10.50023395880972,19.41857605662415,0,0,0,1,0
49045,17.474383969672353,646.0,3693.0,58218,4379,7.521728674980246,8.292967810642757,0.39578514520688773,69740,6231,8.934614281617437,1.4128856066371904,60.59,18.3,0.11069508448540706,0.13623271889400923,2.83,6941.946,49,5.0,10.971949864253354,8.38640922876669,1,0,0,1,0
49047,-2.435083688874303,-75.0,3047.0,32588,2997,9.196636798821652,8.846814778446053,0.3925826929502172,35736,3802,10.639131408103873,1.442494609282221,59.73,18.31,0.07697325505544683,0.023374646662317894,3.53,4482.384,49,5.0,10.391699401430532,7.2702383374561395,1,0,0,1,0
49049,22.587198639254545,6131.0,27044.0,516564,33457,6.476835396969204,6.149480025708335,0.3107516009437142,621506,47570,7.653988859319137,1.1771534623499331,56.927,23.38,0.12410357654165223,0.09389484143846138,4.93,2003.622,49,5.0,13.154954470804517,257.8150968595873,0,1,0,1,0
49051,27.231632653061222,427.0,1568.0,23530,2017,8.572035699107522,9.468763280917978,0.5199962182093222,33053,3817,11.548119686564002,2.97608398745648,65.204,31.79,0.11915367483296214,0.04075723830734967,4.92,1177.02,49,5.0,10.066031481721408,19.991164126352995,0,0,0,1,0
49053,49.77899942933232,7859.0,15771.0,138115,23826,17.250841689896102,10.14734098396264,0.34814840475283193,172127,37028,21.51202309922325,4.261181409327147,50.05,24.09,0.18560395599511056,0.04894988332036893,2.57,2427.439,49,5.0,11.835841950443234,56.89741328206394,0,0,0,1,0
49055,4.303970223325063,16.0,403.0,2778,425,15.298776097912167,13.462922966162708,0.18856065367693275,2698,587,21.756856931060046,6.4580808331478785,49.414,16.75,0.0,0.0,0.92,2461.02,49,5.0,7.9294865233142895,1.1288002535534047,1,0,0,1,0
49057,4.139049030172414,932.0,22272.0,231236,23388,10.1143420574651,9.396460758705393,0.2564191815471011,255284,29781,11.665830996067125,1.5514889386020254,54.086,16.83,0.14886605090846017,0.16889987424656347,3.71,576.266,49,5.0,12.351194113001478,401.26608198297316,0,1,0,1,0
50001,2.0167103935418766,101.0,4955.0,36821,5102,13.856223350805246,14.76603025447435,0.26849642004773266,36947,7409,20.053048962026686,6.19682561122144,55.8,21.9,0.182520561601728,0.14488659965107584,-0.28,766.328,50,8.95,10.5138236135709,48.04861625831237,0,0,0,0,0
50003,7.335708752904725,476.0,6455.0,37125,6995,18.841750841750844,15.057239057239059,0.15294904884810248,35649,8069,22.634576004937024,3.79282516318618,47.396,19.88,0.20762511004266268,0.16137333243041918,-0.81,674.997,50,8.95,10.522045876105,55.000244445530875,0,0,0,0,0
50005,4.181780311335234,190.0,4561.0,31227,4793,15.348896788035995,15.428955711403594,0.23836406975285407,30027,6265,20.864555233623072,5.515658445587077,42.706,15.42,0.19434316650093914,0.1582145619268589,-1.16,649.019,50,8.95,10.349038384183578,48.11415382292352,0,0,0,0,0
50007,4.102422515140719,687.0,16842.0,156545,17685,11.297071129707113,11.85793222396116,0.15976385380846597,163414,24654,15.086834665328553,3.7897635356214394,59.878,25.47,0.17666494821202605,0.12222899189201857,0.09,536.586,50,8.95,11.961098787566762,291.7426097587339,0,1,0,0,0
50009,2.3700847457627123,27.0,1180.0,6306,1220,19.346653980336185,17.11068823342848,0.15939430165371588,6179,1618,26.18546690402978,6.838812923693595,37.734,12.43,0.0,0.0,-1.01,663.601,50,8.95,8.749256840105007,9.502698157477159,1,0,0,0,0
50011,-0.27149046793760834,-15.0,5770.0,47746,5808,12.164369790139489,12.822016504000336,0.18528812303131367,49275,7965,16.164383561643834,4.000013771504346,53.623,20.28,0.22342026078234703,0.2339518555667001,-0.3,634.119,50,8.95,10.773650572766497,75.29501560432664,0,0,0,0,0
50013,-20.24638752052545,-246.0,1218.0,6970,979,14.045911047345768,18.1922525107604,0.2179080824088748,7075,1464,20.692579505300355,6.646668457954586,57.436,23.56,0.07802547770700637,0.07484076433121019,-0.16,81.808,50,8.95,8.84937050375457,85.19949149227459,0,0,0,0,0
50015,-1.1161724243350657,-37.0,3271.0,24475,3264,13.33605720122574,13.242083758937692,0.2158994525406739,25376,4347,17.130359394703657,3.7943021934779164,52.232,21.11,0.15089434276206323,0.04409317803660566,-0.82,458.87,50,8.95,10.105407467398711,53.33754658182056,0,0,0,0,0
50017,-2.3133149043999075,-102.0,4341.0,28936,4276,14.777439867293337,15.855681504008848,0.2222970697204446,28873,6085,21.07505281751117,6.297612950217834,52.079,18.27,0.22455733906999834,0.08240939930498097,-0.57,687.028,50,8.95,10.272841773631933,42.11764294905011,0,0,0,0,0
50019,10.062811059907833,438.0,4340.0,27231,4824,17.71510410928721,15.265689838786678,0.34030441777007797,26843,6132,22.84394441753902,5.12884030825181,40.202,14.92,0.2191904823483771,0.0,0.09,693.573,50,8.95,10.212111309194738,39.26190898434628,0,0,0,0,0
50021,-1.8439448036282928,-195.0,10363.0,61642,10257,16.639628824502775,15.533240323156289,0.17472162994551055,58527,12893,22.02914893980556,5.389520115302783,47.027,17.21,0.19133071124221568,0.1180350704686988,-0.35,929.817,50,8.95,11.029098735371013,66.294765529131,0,0,0,0,0
50023,-1.1932338653712697,-103.0,8646.0,59534,8617,14.47408203715524,15.109013336916721,0.20039410841321265,58336,11406,19.552249040043883,5.078167002888643,55.313,19.76,0.15868807756400546,0.12259506135434026,-0.63,687.041,50,8.95,10.994302856902014,86.65276162557983,0,0,0,0,0
50025,-2.2777640264026404,-166.0,7272.0,44513,7167,16.10091433963112,16.532249005908387,0.06726080376660501,42628,9677,22.701041568921834,6.600127229290713,46.714,20.46,0.1462409886714727,0.08281059825859002,0.04,785.507,50,8.95,10.703536560322721,56.66785910246504,0,0,0,0,0
50027,-4.248679678530425,-445.0,10452.0,56670,10091,17.80659961178754,16.200811716957826,0.23741133712409873,55191,12888,23.351633418492145,5.545033806704605,50.893,20.99,0.0,0.06343415739888078,0.14,969.578,50,8.95,10.945000249163664,58.448108352293474,0,0,0,0,0
51001,-8.738190517616355,-605.0,6897.0,33164,6336,19.1050536726571,15.197201785068145,0.37615465193791064,32560,7655,23.51044226044226,4.405388587785161,41.372,14.98,0.1276077517738007,0.0,1.16,449.309,51,5.75,10.409220229236109,73.8111188513918,0,0,1,0,1
51003,0.0,0.0,0.0,98970,14124,14.270991209457412,12.464383146408002,0.35848250320497604,108819,20197,18.56017791010761,4.2891867006501965,64.847,34.98,0.1690897075830167,0.07348972961066139,-0.02,720.47,51,5.75,11.502572052890736,137.36866212333615,0,1,1,0,0
51005,0.0,0.0,0.0,16250,3305,20.338461538461537,15.396923076923077,0.3344067376764924,15030,3634,24.17831004657352,3.8398485081119844,43.16,10.4,0.3594080338266385,0.12727272727272726,1.77,446.569,51,5.75,9.695848187757884,36.38855361657437,0,0,1,0,0
51007,13.312057142857142,233.0,1750.0,12690,1999,15.752561071710009,14.105594956658788,0.4105243515581265,12970,2526,19.475713184271395,3.7231521125613867,50.135,18.98,0.0,0.15380493033226153,-1.52,355.269,51,5.75,9.448569560708433,35.71941261410368,0,0,1,0,0
51009,0.7202893033878952,37.0,5254.0,32353,5330,16.47451550088091,13.816338515748154,0.1788780767029193,31782,6621,20.83254672456107,4.358031223680161,44.757,14.22,0.09899955203822607,0.18112587725847396,0.83,473.962,51,5.75,10.384462031332603,68.26074664213587,0,0,1,0,0
51011,7.9048851774530275,190.0,2395.0,14973,2607,17.411340412742938,13.938422493822214,0.44791215142320473,15814,3233,20.443910459086887,3.032570046343949,49.224,13.22,0.1690199335548173,0.1303986710963455,-0.69,334.219,51,5.75,9.61400385813772,44.799966489038624,0,0,1,0,0
51013,0.0,0.0,0.0,207627,18054,8.695400887167853,9.94331180434144,0.2220029600394672,236434,25431,10.756067232293155,2.060666345125302,94.88,57.17,0.07034351598716272,0.0029161218748761835,-2.25,25.997,51,5.75,12.243498479620555,7986.575374081624,0,1,1,0,0
51015,0.0,0.0,0.0,73750,11839,16.052881355932204,14.376949152542373,0.36545489517214846,75754,15913,21.006151490350344,4.9532701344181405,50.612,18.78,0.21173042680623752,0.22991420709005558,-0.12,967.073,51,5.75,11.208436274202066,76.26104751140814,0,0,1,0,0
51017,2.8194471865745316,27.0,1013.0,4731,1052,22.236313675755653,15.64151342210949,0.1834862385321101,4248,1139,26.81261770244821,4.576304026692558,50.589,12.97,0.0,0.024146054181389872,2.19,529.202,51,5.75,8.461891875631148,8.939875510674563,1,0,1,0,0
51019,0.0,0.0,0.0,68676,11147,16.231288951016367,15.296464558215389,0.3788709020884867,78965,16982,21.505730386880266,5.274441435863899,54.11,18.72,0.08232140041002996,0.1535246806497398,1.39,760.083,51,5.75,11.137155072197103,90.35329036434179,0,0,1,0,0
51021,3.1706866197183103,36.0,1136.0,6824,1185,17.365181711606095,15.401524032825323,0.45941807044410415,6334,1454,22.955478370697822,5.590296659091727,41.552,8.86,0.0,0.3706407137064071,-0.85,357.651,51,5.75,8.828201089171515,19.080052900732838,0,0,1,0,0
51023,2.4903164315669084,131.0,5246.0,33148,5425,16.365994931820925,16.019066006998912,0.3639609943689054,33440,7537,22.538875598086126,6.1728806662652005,64.724,20.25,0.08170717790710944,0.1994750656167979,1.15,541.277,51,5.75,10.408737661968933,61.2403630673389,0,0,1,0,0
51025,-3.5642232683254877,-108.0,2974.0,17434,2882,16.53091659974762,13.880922335665941,0.3061474406073965,16336,3504,21.449559255631733,4.918642655884113,35.184,9.75,0.04103289706402547,0.14078528475415636,-1.44,566.234,51,5.75,9.76617760157152,30.789390958508317,0,0,1,0,0
51027,-2.6336296672593345,-105.0,3937.0,24098,3868,16.051124574653496,15.250228234708274,0.8379405666897028,21374,4756,22.251333395714422,6.200208821060926,29.183,6.2,0.101187648456057,0.052731591448931116,-1.61,502.854,51,5.75,10.089884128483222,47.922458606275384,0,0,1,0,0
51029,6.220148277365896,142.0,2293.0,17146,2452,14.30071153621836,13.869123993934446,0.23467697404748758,17087,3330,19.488500029262013,5.187788493043653,34.72,9.93,0.0,0.06121313299944352,-0.31,579.623,51,5.75,9.749520189238702,29.581296808442726,0,0,1,0,0
51031,0.0,0.0,0.0,54842,8685,15.83640275701105,13.40943072827395,0.26242480520004846,55406,11097,20.028516767137134,4.192114010126083,43.478,13.4,0.06577488729583919,0.22954696622570395,-0.38,503.207,51,5.75,10.91221160274137,108.98497039985533,0,0,1,0,0
51033,9.558632881555686,326.0,3394.0,28545,3744,13.116132422490804,12.706253284287966,0.48597493392446073,30581,4949,16.18325103822635,3.067118615735545,57.69,21.88,0.0,0.06587301587301587,-1.22,527.61,51,5.75,10.25923706839836,54.102462045829306,0,0,1,0,0
51035,0.0,0.0,0.0,30042,5837,19.42946541508555,15.115504959723056,0.9294465568229826,29911,7336,24.526094079101334,5.096628664015785,36.142,9.74,0.14658823529411766,0.22188235294117648,0.67,474.744,51,5.75,10.310351681558,63.28042060563166,0,0,1,0,0
51036,5.935056967572304,67.0,1141.0,7256,1214,16.730981256890846,17.213340683572216,0.18581604211830288,6965,1734,24.89590811198851,8.164926855097665,46.337,14.6,0.0,0.16891891891891891,0.59,182.817,51,5.75,8.889583991794973,39.689963187230944,0,0,1,0,0
51037,2.3168563922942202,53.0,2284.0,12586,2351,18.679485142221516,13.753376767837281,0.4144747329826239,11953,2646,22.13670208315904,3.457216940937524,34.881,10.32,0.16106194690265488,0.2129793510324484,-1.49,475.296,51,5.75,9.440340364086879,26.480340671918132,0,0,1,0,0
51041,0.0,0.0,0.0,316236,32878,10.396665781251976,12.627594581262095,0.22275712945208273,348500,51931,14.901291248206599,4.504625466954623,71.321,23.56,0.10952475103281059,0.09514344880693466,-0.84,423.567,51,5.75,12.664244049269273,746.6020723994079,0,1,1,0,0
51043,8.429186602870816,177.0,2090.0,14034,2287,16.29613795069118,14.949408579164885,0.545308740978348,14498,3045,21.00289695130363,4.7067590006124504,73.244,36.69,0.0729070126660488,0.0,-1.75,175.933,51,5.75,9.549238235812235,79.76900297272257,0,0,1,0,0
51045,1.648667439165701,14.0,863.0,5190,886,17.071290944123312,15.54913294797688,0.3203987184051264,5103,1116,21.869488536155202,4.79819759203189,51.291,14.21,0.0,0.0,-0.6,328.098,51,5.75,8.554488976159934,15.818444489146534,1,0,1,0,0
51047,25.99246208742195,1168.0,4484.0,46689,5698,12.20415943798325,11.82719698430037,0.32848162201959563,51935,8183,15.756233753730625,3.552074315747374,65.132,30.9,0.1676913481243874,0.11093290564020315,-1.15,379.187,51,5.75,10.751263869873119,123.12922120220365,0,1,1,0,0
51049,-2.073568818514008,-35.0,1642.0,10052,1617,16.08635097493036,14.255869478710704,0.17293558149589278,9869,2197,22.26162731786402,6.175276342933657,40.143,14.97,0.11137440758293839,0.09123222748815166,-1.5,297.502,51,5.75,9.215526898663482,33.78800814784438,0,0,1,0,0
51051,-0.055037878787879205,-3.0,2640.0,15903,2663,16.745268188392124,14.80223857133874,0.8048555218366539,14524,3229,22.232167446984302,5.486899258592178,29.08,7.13,0.15609408410548825,0.0,0.61,330.45,51,5.75,9.674263049655917,48.125283704039944,0,0,1,0,0
51053,0.0,0.0,0.0,28001,3826,13.663797721509946,13.074533052390985,0.5515671511118894,28686,5060,17.63926654116991,3.975468819659964,51.459,16.38,0.0647586708707252,0.17099199611933058,-1.34,503.899,51,5.75,10.239995502805316,55.56867546869511,0,0,1,0,0
51057,13.185630153121318,224.0,1698.0,11151,1936,17.361671598959735,14.814814814814813,0.4168837936425221,10960,2504,22.846715328467155,5.485043729507421,46.235,18.54,0.1608657502193624,0.1389295115530857,0.48,257.099,51,5.75,9.319284458965361,43.3723974033349,0,0,1,0,1
51059,0.0,0.0,0.0,1081726,106290,9.825963321580511,12.155850927129421,0.20882455306153463,1149439,155332,13.513722781287218,3.6877594597067063,105.416,50.78,0.08971276028527159,0.01515460560452026,-1.31,391.0,51,5.75,13.894068471568769,2766.5626598465474,0,1,1,0,0
51061,6.8693837753510145,529.0,7692.0,65203,8289,12.712605248224776,13.327607625416007,0.3359375,70353,11590,16.47406649325544,3.761461245030663,83.877,39.09,0.1551702786377709,0.04291021671826625,-1.53,648.005,51,5.75,11.08526075912615,100.62113718258347,0,0,1,0,0
51063,4.714055118110236,119.0,2540.0,15279,2686,17.579684534328162,15.210419530073956,0.5134788189987163,15766,3653,23.170112901179753,5.59042836685159,42.044,13.88,0.15631364562118127,0.0,-1.05,380.923,51,5.75,9.634234615552714,40.1104685198846,0,0,1,0,0
51065,14.815999999999999,512.0,3475.0,25691,4022,15.65528784399206,12.63477482386828,0.2600404507367813,26873,5379,20.01637331150225,4.36108546751019,68.223,24.61,0.08582375478927202,0.0,-0.51,287.117,51,5.75,10.15389601499835,89.4792018584758,0,0,1,0,0
51067,15.450212214100448,1311.0,8482.0,56159,9877,17.587563881123238,15.301198383162093,0.528739553129797,56231,13194,23.463925592644628,5.87636171152139,45.555,15.61,0.10741341991341992,0.18461399711399712,1.92,690.621,51,5.75,10.935942232273353,81.31667006940131,0,0,1,0,0
51069,0.0,0.0,0.0,78305,9954,12.711831939212056,11.908562671604624,0.2679767753461367,88054,15244,17.312103936220954,4.600271997008898,61.973,24.86,0.07355602288844329,0.21357656379909032,-0.38,413.169,51,5.75,11.268366736900534,189.5229312944582,0,1,1,0,0
51071,5.481634746922024,161.0,2924.0,17286,3116,18.026148328126805,14.537776235103554,0.4928476980406299,16760,3601,21.485680190930786,3.4595318628039813,41.186,9.78,0.144,0.2936,0.09,357.224,51,5.75,9.757652204312583,48.389805836114036,0,0,1,0,0
51073,6.316947472745293,319.0,5045.0,36858,5410,14.677953225893972,13.858592435834826,0.3658844309866263,37362,7173,19.198651035811785,4.520697809917813,59.331,22.81,0.15800273597811218,0.029958960328317373,1.27,217.807,51,5.75,10.514827970391982,169.22321137520834,0,1,1,0,1
51075,14.099680170575693,398.0,2814.0,21717,3237,14.905373670396463,16.493990882718606,0.24367602692039916,23472,5234,22.29890933878664,7.393535668390177,79.574,33.8,0.04554959541776525,0.016728793526684244,-1.06,280.631,51,5.75,9.985850642961251,77.38631868895455,0,0,1,0,0
51077,0.0,0.0,0.0,15533,3259,20.981136934268978,16.120517607673985,0.2948885976408912,15651,3925,25.078269759120825,4.0971328248518475,32.178,9.22,0.0,0.16989966555183947,1.2,441.785,51,5.75,9.650722071987907,35.15963647475582,0,0,1,0,0
51079,23.348006379585325,439.0,1881.0,18403,2345,12.742487637885128,12.785958811063413,0.26634705020641897,19734,3429,17.376102158710854,4.633614520825725,54.307,22.31,0.0,0.0,-0.44,155.933,51,5.75,9.820268973785195,118.0186362091411,0,1,1,0,0
51081,0.0,0.0,0.0,12243,1537,12.554112554112553,13.125867842848976,0.2200488997555012,11403,1739,15.250372708936244,2.6962601548236904,38.574,9.46,0.0,0.3391622610817405,-0.78,295.227,51,5.75,9.412709624073916,41.4697842676991,0,0,1,0,0
51083,0.0,0.0,0.0,36241,7019,19.36756712011258,15.261720151209957,0.8831370806487447,34295,8313,24.239685085289402,4.872117965176823,34.705,9.6,0.1816569796079204,0.17288937050536893,0.53,817.73,51,5.75,10.497946353595198,44.31902950851748,0,0,1,0,0
51085,13.860106942496493,1588.0,11408.0,99863,13104,13.121977108638836,13.155022380661507,0.29718456725756,106538,18989,17.823687322833166,4.70171021419433,76.425,28.16,0.12726026005688745,0.07695042665583096,-2.08,467.886,51,5.75,11.511554525662229,213.43446908007505,0,1,1,0,0
51087,0.0,0.0,0.0,306935,37924,12.355710492449541,11.640249564239985,0.20635948726445644,330076,51005,15.452501848059235,3.096791355609694,60.114,23.0,0.14524578122281714,0.034852028685751844,-0.93,233.661,51,5.75,12.634391277767774,1313.5910571297734,0,1,1,0,0
51089,0.0,0.0,0.0,54151,10656,19.678306956473566,14.119776181418626,0.5520024364245469,51032,12251,24.006505721899984,4.328198765426418,34.086,9.12,0.06583730511349867,0.317069230147831,-0.28,382.35,51,5.75,10.899531719479302,141.62678174447495,0,1,1,0,0
51091,-6.547058823529412,-40.0,612.0,2321,579,24.946143903489876,19.94829814735028,0.10887316276537834,2202,854,38.782924613987284,13.836780710497408,43.481,17.74,0.0,0.0,0.3,415.163,51,5.75,7.749753406274437,5.590575268027257,1,0,1,0,0
51093,15.78605964753728,701.0,4426.0,35270,5165,14.644173518571025,14.68953785086476,0.1708467163261122,37107,7036,18.9613819494974,4.317208430926376,62.242,25.66,0.07235487855084397,0.0,0.51,315.667,51,5.75,10.470788023230098,111.73166659802895,0,0,1,0,1
51095,0.0,0.0,0.0,67009,13870,20.698712113298214,14.271217299168768,0.3053998724703829,76032,19278,25.355113636363637,4.656401523065423,73.903,34.86,0.09855085153889935,0.10187820147979511,1.15,142.365,51,5.75,11.112582217710067,470.6845081305096,0,1,1,0,1
51097,-0.08111946532999119,-2.0,1197.0,6945,1203,17.32181425485961,15.867530597552197,0.3807850029291154,7011,1649,23.520182570246757,6.198368315387146,44.442,17.15,0.0,0.03225806451612903,-0.13,315.152,51,5.75,8.845777255188445,22.03698532771488,0,0,1,0,0
51099,14.19047619047619,296.0,2079.0,23584,2397,10.163670284938942,10.850576662143826,0.16882979845942808,26679,3508,13.148918625135874,2.9852483401969323,76.241,30.52,0.05140454806038601,0.0,-0.17,179.585,51,5.75,10.068323794989062,131.32499930395076,0,1,1,0,1
51101,7.693105350248207,139.0,1813.0,15935,1970,12.362723564480703,12.657671791653593,0.45998160073597055,16985,2751,16.196644097733294,3.8339205332525914,64.946,19.81,0.10445145460918331,0.0,-0.06,273.928,51,5.75,9.676273226851437,58.172220437487226,0,0,1,0,0
51103,16.484467944481164,499.0,3026.0,11391,3554,31.20007023088403,17.408480379246775,0.09456903539583897,10686,3861,36.13138686131387,4.931316630429841,45.209,25.45,0.2504739336492891,0.0,1.33,133.297,51,5.75,9.340578848899913,85.45578670187626,0,0,1,0,1
51105,6.345121632226001,242.0,3823.0,25587,4104,16.039395005276116,13.854691835697816,0.5534269902085994,23723,5143,21.679382877376383,5.639987872100267,31.352,7.76,0.22406639004149378,0.027130545802744974,-1.36,435.377,51,5.75,10.14983968898722,58.76975586675456,0,0,1,0,0
51107,36.80072894168466,5460.0,14816.0,312311,20425,6.539955365004754,8.5927168751661,0.33533743900879004,405312,38019,9.380181193747038,2.840225828742284,115.574,49.5,0.07192668371696505,0.0,-0.63,515.766,51,5.75,12.651754765193298,605.5284760918712,0,1,1,0,0
51109,18.352351331176912,741.0,4019.0,33153,4796,14.466262480016892,14.933791813712183,0.23285740547827685,36654,7283,19.869591313362797,5.403328833345904,54.257,21.86,0.05438019119260304,0.16893903776837485,-0.68,496.132,51,5.75,10.408888489256892,66.8229422814896,0,0,1,0,0
51111,-4.557810471657291,-106.0,2311.0,12914,2221,17.19838934489701,15.31671054669351,0.4717775905644482,12294,2695,21.921262404424922,4.722873059527913,37.424,10.15,0.14321766561514196,0.0,-2.17,431.7,51,5.75,9.466067273186413,29.914292332638407,0,0,1,0,0
51113,4.132072072072073,90.0,2220.0,13308,2330,17.508265704839193,14.96844003606853,0.2865812542144302,13208,3067,23.22077528770442,5.712509582865227,56.608,25.09,0.12219644238205724,0.08275328692962104,-0.76,320.638,51,5.75,9.496120637138368,41.50474990487715,0,0,1,0,0
51115,2.0989208633093517,46.0,2224.0,8978,2290,25.506794386277566,16.796613945199375,0.2645969306756042,8760,2634,30.068493150684933,4.561698764407367,47.435,20.79,0.1462409886714727,0.0,1.11,85.907,51,5.75,9.102532419341877,104.50836369562434,0,0,1,0,1
51117,11.207082714214959,683.0,6057.0,32727,6784,20.729061631069147,15.060958841323677,0.24205260609972568,30726,7869,25.610232376488966,4.881170745419819,36.431,11.5,0.18961121733588274,0.14096027193541533,-0.03,625.293,51,5.75,10.395955704265866,52.33866363448815,0,0,1,0,0
51119,9.925842696629212,246.0,2492.0,10959,2760,25.184779633178213,17.684095264166437,0.30842562736576473,10642,3412,32.06164254839316,6.8768629152149465,50.207,24.81,0.19685767097966728,0.07486136783733827,1.27,130.33,51,5.75,9.301916315463393,84.08654952812091,0,0,1,0,1
51121,0.0,0.0,0.0,94392,9228,9.77625222476481,9.089753368929571,0.33965101506391143,98495,12508,12.699121782831616,2.9228695580668056,43.229,18.76,0.14881684081130916,0.1368700061462815,0.27,386.844,51,5.75,11.455211602779755,244.0053354840711,0,1,1,0,0
51125,4.60698905753618,130.0,2833.0,15020,2988,19.89347536617843,18.142476697736353,0.3121538616453529,14812,4009,27.06589251957872,7.172417153400293,48.118,17.41,0.0,0.04919115219544404,0.36,470.745,51,5.75,9.617137925318126,31.906871023590266,0,0,1,0,0
51127,20.699616858237547,378.0,1827.0,18429,2226,12.078788865375225,15.692658310271854,0.3015764222069911,22310,3872,17.355445988346034,5.276657122970809,70.59,25.1,0.207340882467786,0.049980476376415464,0.24,210.036,51,5.75,9.821680789832037,87.74210135405359,0,0,1,0,0
51131,8.321795374362996,211.0,2551.0,12389,2781,22.447332310920977,15.804342561950117,0.28763183125599234,11826,3164,26.754608489768305,4.307276178847328,35.76,19.96,0.0,0.0,1.29,211.693,51,5.75,9.424564261115739,58.523427794022474,0,0,1,0,1
51133,-1.0863123993558772,-41.0,3726.0,12330,3713,30.11354420113544,17.712895377128955,0.48916064480266813,12151,4680,38.51534853098511,8.401804329849668,51.944,25.16,0.0,0.22017353579175705,1.19,191.417,51,5.75,9.41979059615839,64.41434146392432,0,0,1,0,1
51135,5.6072691552062865,142.0,2545.0,15853,2703,17.05040055509998,12.432977985239386,0.18045112781954886,15338,2943,19.187638544790715,2.1372379896907354,37.344,12.61,0.0,0.0904362900895695,-1.57,314.39,51,5.75,9.671114035843228,50.424631826712044,0,0,1,0,0
51137,21.99941116751269,1085.0,4925.0,33481,6063,18.10877811295959,13.267226187987216,0.36261631089217294,36501,7257,19.881647078162242,1.772868965202651,54.916,24.91,0.0692378328741965,0.16198347107438016,-0.89,341.112,51,5.75,10.41873339273561,98.15251295762096,0,0,1,0,0
51139,4.2197573656845755,169.0,4039.0,24042,4248,17.66907911155478,13.821645453789202,0.5,23862,5068,21.238789707484703,3.569710595929923,41.617,16.87,0.12346536946953904,0.1545054435950892,0.94,310.021,51,5.75,10.0875575798642,77.54958535066979,0,0,1,0,0
51141,8.07692096597146,294.0,3644.0,18490,3974,21.49269875608437,15.327203893996755,0.8033323415650104,17660,4715,26.69875424688562,5.206055490801251,35.813,10.22,0.1329639889196676,0.4167715940569126,1.27,482.954,51,5.75,9.82498532438117,38.28521971036579,0,0,1,0,0
51143,0.0,0.0,0.0,63506,10916,17.1889270305168,14.930872673448178,0.35774746861724216,60867,13755,22.598452363349598,5.409525332832796,39.224,10.2,0.1298747763864043,0.24138342277877162,-0.3,969.003,51,5.75,11.058889668606032,65.53746479629062,0,0,1,0,0
51145,18.698416608022516,532.0,2842.0,28046,3407,12.147899878770591,14.051914711545319,0.30867270735835906,29253,5371,18.36051003315899,6.2126101543884005,73.593,27.93,0.05820781210109778,0.04161347970385499,-1.85,260.201,51,5.75,10.241601298286596,107.7859039742353,0,0,1,0,0
51147,23.298359404807325,611.0,2621.0,23368,3251,13.912187606983908,10.578568983224923,0.6885998469778117,22892,3748,16.372531888869474,2.4603442818855665,36.191,15.54,0.27433757868540476,0.0,-1.67,349.961,51,5.75,10.059122844067577,66.77315472295484,0,0,1,0,0
51149,0.0,0.0,0.0,35725,3712,10.390482855143457,12.09517144856543,0.19907100199071004,38292,5321,13.895852919669904,3.5053700645264474,64.171,20.27,0.053824362606232294,0.10591753226314132,0.26,265.345,51,5.75,10.483606002798068,134.63603987261865,0,1,1,0,1
51153,0.0,0.0,0.0,402002,27220,6.771110591489594,9.575325495893056,0.19983225759399045,466834,46209,9.89837929542407,3.127268703934475,91.098,37.77,0.1002723030601106,0.023415664023607594,-0.94,335.74,51,5.75,12.90421234271316,1197.3610531959255,0,1,1,0,0
51155,2.4720876203119815,148.0,6026.0,34872,6231,17.868203716448726,15.61424638678596,0.40034812880765885,34113,7734,22.671708732741184,4.803505016292458,41.163,12.11,0.10125,0.4128846153846154,1.29,319.838,51,5.75,10.459439493918229,109.03019653699684,0,0,1,0,0
51157,4.560869565217391,61.0,1334.0,7373,1408,19.096704190967042,17.686152176861523,0.5209690023443605,7360,1909,25.937500000000004,6.8407958090329615,62.117,42.87,0.0,0.04121475054229935,-0.84,266.372,51,5.75,8.90557995798965,27.67933566591083,0,0,1,0,0
51159,18.71965811965812,263.0,1404.0,9254,1682,18.17592392478928,12.373027879835746,0.6753246753246753,8951,1935,21.617696346776896,3.441772421987615,42.182,14.87,0.0,0.04693786320965579,0.64,191.478,51,5.75,9.132811169466946,48.329311983622134,0,0,1,0,1
51161,0.0,0.0,0.0,92376,15912,17.225253312548713,14.628258422100979,0.2973810475809676,94103,20341,21.61567643964592,4.390423127097208,59.446,18.95,0.16306851839663003,0.11887053248206411,0.01,250.544,51,5.75,11.43362248363169,368.7017050897247,0,1,1,0,0
51163,0.0,0.0,0.0,22307,4620,20.710987582373246,15.824629040211594,0.24210903873744619,22728,5863,25.796374516015486,5.085386933642241,44.417,18.09,0.04677595628415301,0.2804371584699454,0.64,596.543,51,5.75,10.012655809536781,37.39378385128985,0,0,1,0,0
51165,0.0,0.0,0.0,76314,11964,15.677333123673245,12.718505123568416,0.34462269756387404,81138,15333,18.897434001331064,3.220100877657819,49.93,19.29,0.07106054985367462,0.3134660566341041,1.25,849.789,51,5.75,11.24261168667954,89.80346886109376,0,0,1,0,0
51167,2.0914074396345446,96.0,4597.0,28897,4740,16.403086825622037,14.707409073606255,0.7935330762385049,26937,5745,21.327542042543712,4.924455216921675,32.78,8.52,0.15607142857142858,0.10964285714285714,-0.38,473.523,51,5.75,10.271493062483911,61.02554680554059,0,0,1,0,0
51169,3.5804755372656607,155.0,4374.0,23177,4570,19.717823704534666,14.691288777667516,0.3188989593823431,21761,5238,24.070584991498553,4.3527612869638865,34.25,8.5,0.20865214832254267,0.0,-0.47,535.827,51,5.75,10.05091568660256,43.254632558642996,0,0,1,0,0
51171,18.195115207373274,1188.0,6510.0,41993,7768,18.49832114876289,13.818969828304716,0.2969917608737306,43441,9336,21.49121797380355,2.99289682504066,50.171,21.62,0.10477617201268946,0.28516038068382094,-0.77,508.071,51,5.75,10.645258216708406,82.65183409405378,0,0,1,0,0
51173,2.8765458422174843,162.0,5628.0,32208,5846,18.15076999503229,14.241803278688526,0.47967848577169897,30539,6756,22.122531844526673,3.9717618494943814,34.864,8.69,0.20806678954786945,0.34273013119375473,-1.55,451.35,51,5.75,10.379970147879572,71.35925556663344,0,0,1,0,0
51175,0.0,0.0,0.0,18570,2828,15.228863758750673,14.431879375336564,0.34791917569918374,17829,3559,19.961859891188514,4.73299613243784,45.426,14.92,0.05229591836734694,0.0,-0.94,599.179,51,5.75,9.829302654346751,30.992407944871232,0,0,1,0,0
51177,0.0,0.0,0.0,122397,12114,9.897301404446187,11.054192504718253,0.25008299214341045,134683,19035,14.133186816450479,4.235885412004292,76.574,30.5,0.0905764664668561,0.05834728114904052,-0.97,401.503,51,5.75,11.71502513895607,304.84703725750495,0,1,1,0,0
51179,14.430035335689047,1182.0,8207.0,128961,9464,7.3386527709927805,9.732399717744125,0.3046978034471781,150185,15641,10.414488797150181,3.0758360261574005,93.065,35.53,0.09623356836622612,0.025050490734507318,-0.12,269.205,51,5.75,11.767265312052823,479.04385134005685,0,1,1,0,0
51181,-6.0737994945240095,-72.0,1187.0,7058,1121,15.88268631340323,14.990082176253896,0.14518002322880372,6459,1439,22.278990555813593,6.396304242410363,55.03,17.18,0.0,0.0,0.79,278.949,51,5.75,8.861917004235215,25.302116157433794,0,0,1,0,1
51183,1.147301218804411,19.0,1723.0,12087,1752,14.494911888806156,13.146355588648962,0.19165247018739354,11202,1987,17.73790394572398,3.2429920569178226,37.978,11.93,0.2427536231884058,0.05389492753623189,-1.11,490.226,51,5.75,9.399885773859458,24.655974999286045,0,0,1,0,0
51185,4.470338637290902,332.0,7353.0,45078,7757,17.20795066329473,15.171480544833399,0.6194180351483722,41201,9164,22.24217858789835,5.03422792460362,35.215,8.02,0.17549906649432717,0.1029728565273589,-0.56,518.791,51,5.75,10.716149601597216,86.89048190889972,0,0,1,0,0
51187,9.610581153044688,416.0,4319.0,37575,4780,12.721224218230207,12.42315369261477,0.24946987651241112,39888,6354,15.929602888086642,3.208378669856435,60.522,25.44,0.13784049885132918,0.1114757685154797,1.07,214.534,51,5.75,10.534094214621176,175.14706293641103,0,1,1,0,0
51191,0.0,0.0,0.0,54876,9738,17.745462497266566,14.811575187695897,0.4335768134057264,54005,12372,22.90898990834182,5.163527411075254,40.422,12.61,0.14647570574658222,0.2124637509617092,-0.23,561.155,51,5.75,10.912831373446055,97.79116286943893,0,0,1,0,0
51193,1.240615384615385,44.0,3575.0,17454,3645,20.883465108284636,15.916122378824337,0.2260312676586928,17873,4522,25.300732949141164,4.417267840856528,52.99,20.23,0.08339456282145481,0.27112417340191036,0.25,229.326,51,5.75,9.767324127723256,76.10999188927553,0,0,1,0,1
51195,0.0,0.0,0.0,41452,5865,14.148895107594326,13.50718903792338,0.4459308807134894,38032,6889,18.113693731594445,3.964798624000119,33.608,7.71,0.16076654394411405,0.017275559331634098,0.25,403.439,51,5.75,10.632291410304108,102.74663579872049,0,0,1,0,0
51197,10.884450171821307,509.0,4656.0,29235,5212,17.827945955190696,14.35608004104669,0.28411108743518715,28725,6088,21.1940818102698,3.3661358550791043,38.948,10.45,0.1395269112101474,0.23288766998057364,0.11,461.922,51,5.75,10.283121900609771,63.28990608804084,0,0,1,0,0
51199,0.0,0.0,0.0,65464,7934,12.119638274471466,12.029512403763901,0.18995120861112147,68389,11075,16.194124786149818,4.0744865116783515,81.055,32.48,0.10900501238693322,0.0,1.27,104.602,51,5.75,11.089255652207218,625.8388940938031,0,1,1,0,1
51510,0.0,0.0,0.0,139966,12806,9.149364845748254,11.038395038795136,0.17132751188239195,158309,18424,11.637999103020043,2.488634257271789,80.847,48.68,0.0877322099279261,0.01614049335092884,-2.25,14.933,51,5.75,11.849154814954012,9372.93243152749,0,1,1,0,0
51520,0.0,0.0,0.0,17835,3381,18.957106812447435,12.755817213344548,0.44162608991054236,17059,3676,21.548742599214492,2.591635786767057,32.079,9.41,0.05140449438202247,0.1694756554307116,-0.23,12.904,51,5.75,9.788918097792992,1382.1295722256664,0,1,1,0,0
51530,0.0,0.0,0.0,6650,1068,16.06015037593985,12.736842105263158,0.10217983651226158,6477,1168,18.033039987648603,1.972889611708755,39.955,12.6,0.1486650485436893,0.4217233009708738,0.64,6.438,51,5.75,8.8023721336499,1032.9294812053433,0,1,1,0,0
51540,0.0,0.0,0.0,43475,4017,9.239792984473835,8.823461759631972,0.30225650112043356,47217,5554,11.762712582332636,2.5229195978588006,42.24,27.97,0.29767136766152835,0.01774352246638242,-0.02,10.245,51,5.75,10.679941339222484,4243.533430941923,0,1,1,0,0
51550,0.0,0.0,0.0,222209,23146,10.416319771026377,11.334824422053112,0.17308524448290782,242647,32095,13.22703350958388,2.810713738557503,67.855,27.28,0.10990775620593064,0.042656717859557616,0.48,338.51,51,5.75,12.311373659417805,656.4326016956663,0,1,1,0,1
51570,0.0,0.0,0.0,17411,3418,19.631267589454943,12.285336856010568,0.30647426893117097,17283,3410,19.730370884684373,0.09910329522942973,50.571,18.77,0.15746549560853199,0.0,-0.84,7.519,51,5.75,9.764857469366598,2315.600478787073,0,1,1,0,0
51580,0.0,0.0,0.0,5961,1116,18.72169099144439,13.101828552256334,0.0,5653,1102,19.494073943039094,0.7723829515947038,35.277,6.59,0.059709668583949604,0.0,1.77,5.469,51,5.75,8.692993531219926,1089.9616017553483,0,1,1,0,0
51590,0.0,0.0,0.0,43055,8215,19.08024619672512,13.856694925095809,0.3565380158659417,40668,8408,20.67473197600079,1.5944857792756686,29.936,8.91,0.22048198177983216,0.1579230803751739,-0.3,42.797,51,5.75,10.670233647130265,1006.0284599387808,0,1,1,0,0
51595,0.0,0.0,0.0,5927,1002,16.905685844440697,11.574152184916484,0.27290448343079926,5408,862,15.939349112426035,-0.9663367320146623,32.788,9.77,0.2744379276637341,0.0,-0.78,6.904,51,5.75,8.687273461787838,858.4878331402086,0,1,1,0,0
51600,0.0,0.0,0.0,22565,3088,13.684910259251051,12.430755594947929,0.21889400921658986,23312,3572,15.32258064516129,1.6376703859102388,97.9,48.89,0.1198574667962423,0.00669474138861894,-1.31,6.24,51,5.75,10.024155312261101,3616.1858974358975,0,1,1,0,0
51610,0.0,0.0,0.0,12332,1293,10.484917288355499,13.777165098929615,0.36436509382401167,14309,1885,13.173527150744288,2.6886098623887893,114.409,64.19,0.18349701110162253,0.0,-1.31,2.046,51,5.75,9.419952789006041,6027.370478983383,0,1,1,0,0
51620,0.0,0.0,0.0,8582,1480,17.245397343276625,12.980657189466324,0.12817226352217378,8015,1649,20.573923892701185,3.3285265494245593,33.174,18.49,0.32086614173228345,0.0,-0.94,8.326,51,5.75,9.05742226555147,1030.7470574105212,0,1,1,0,0
51630,0.0,0.0,0.0,24286,2413,9.935765461582804,8.861072222679734,0.23884589662749595,29059,3170,10.908840634571044,0.9730751729882403,43.558,33.58,0.3100379340531077,0.013422818791946308,-0.97,10.451,51,5.75,10.097655331613764,2323.7967658597263,0,1,1,0,0
51640,0.0,0.0,0.0,7042,1423,20.207327463788697,12.695257029253055,0.6150061500615006,6402,1297,20.259293970634175,0.05196650684547777,22.333,9.06,0.28406767057073806,0.193716304145752,0.67,8.236,51,5.75,8.859647499714997,855.0267119961145,0,1,1,0,0
51650,0.0,0.0,0.0,137436,16856,12.264617712971857,11.4293198288658,0.16620219588355775,135169,20659,15.283829872234017,3.0192121592621604,49.815,19.15,0.1634509766464492,0.05387076746740532,1.27,51.406,51,5.75,11.830913633185716,2673.5400536902307,0,1,1,0,1
51660,0.0,0.0,0.0,48914,4033,8.245083207261725,6.249744449441877,0.13185049300619123,53558,4892,9.134022928414055,0.8889397211523296,37.235,21.34,0.1913922895597293,0.077902821078245,1.25,17.339,51,5.75,10.797818933055856,2821.039275621432,0,1,1,0,0
51670,0.0,0.0,0.0,22591,3359,14.86875304324731,11.11504581470497,0.5236636695978658,22500,3446,15.315555555555555,0.4468025123082455,37.789,13.07,0.2074062785736056,0.21395915879305089,0.26,10.355,51,5.75,10.025306875857222,2181.651376146789,0,1,1,0,0
51678,0.0,0.0,0.0,7042,1077,15.293950582220962,8.804316955410394,0.19638648860958366,7205,1029,14.28174878556558,-1.0122017966553827,31.571,24.43,0.17973772177937772,0.0,0.64,2.499,51,5.75,8.859647499714997,2817.9271708683473,0,1,1,0,0
51680,0.0,0.0,0.0,75568,10556,13.968875714588187,10.04525725174677,0.45011252813203295,80970,11556,14.271952575027788,0.30307686043960125,37.058,13.91,0.18040871290011465,0.16117409422597492,-0.38,48.974,51,5.75,11.232788192135898,1543.0228284395803,0,1,1,0,0
51683,0.0,0.0,0.0,37821,2607,6.892995954628381,9.645435075751568,0.18288501104930274,41038,4252,10.36112870997612,3.468132755347739,75.173,32.58,0.18842143113987775,0.1707569219705142,-0.94,9.85,51,5.75,10.540619782899379,3839.6954314720815,0,1,1,0,0
51685,0.0,0.0,0.0,14273,806,5.647025853009178,7.447628389266447,0.24469820554649263,17548,1518,8.650558468201504,3.0035326151923263,70.299,30.34,0.0,0.0,-0.94,2.525,51,5.75,9.566124919629768,5652.6732673267325,0,1,1,0,0
51690,0.0,0.0,0.0,13821,2649,19.166485782504882,13.23348527602923,0.5135322692574601,12646,2334,18.45642891032738,-0.7100568721775034,32.408,8.92,0.224675033617212,0.0849394890183774,-0.28,10.956,51,5.75,9.533944453604027,1261.500547645126,0,1,1,0,0
51700,0.0,0.0,0.0,180719,19219,10.634742334784942,9.865592439090522,0.12729992913199822,179582,23236,12.938935973538552,2.3041936387536097,49.562,19.85,0.1460413090943057,0.0,1.27,69.119,51,5.75,12.104698617704708,2614.6066928051623,0,1,1,0,1
51710,0.0,0.0,0.0,242803,22796,9.388681358961792,9.134565882629127,0.2115388663200657,244300,27349,11.194842406876791,1.8061610479149994,42.677,20.84,0.16702778430400014,0.06141610323613613,0.48,53.277,51,5.75,12.400005693939582,4557.36997203296,0,1,1,0,1
51720,0.0,0.0,0.0,3958,580,14.653865588681153,13.94643759474482,0.30848329048843187,3969,857,21.592340639959687,6.938475051278534,33.944,7.52,0.26704176585154726,0.0,0.25,7.477,51,5.75,8.28349412616251,529.3566938611742,0,1,1,0,0
51730,0.0,0.0,0.0,32420,4854,14.972239358420728,12.819247378161627,0.19600637020703174,30791,5167,16.78087752914813,1.8086381707274004,36.449,11.59,0.38762886597938145,0.0,-1.34,22.72,51,5.75,10.386530795289667,1426.9366197183099,0,1,1,0,0
51735,0.0,0.0,0.0,12150,1891,15.563786008230451,13.934156378600823,0.04231908590774439,12121,2432,20.064351126144707,4.500565117914256,84.315,32.62,0.14442916093535077,0.0,1.27,15.381,51,5.75,9.405084448768694,789.9356348741954,0,1,1,0,1
51740,0.0,0.0,0.0,95535,12619,13.20877165436751,11.583189407023605,0.22545704063127972,94961,13997,14.739735259738207,1.5309636053706974,45.488,18.04,0.27493489125079185,0.06926163159006124,0.48,33.301,51,5.75,11.467247951473576,2868.832767784751,0,1,1,0,1
51750,0.0,0.0,0.0,16408,1382,8.422720624085812,6.6857630424183325,0.17115294849852186,17833,1569,8.798295295239162,0.3755746711533501,29.155,15.47,0.10508474576271186,0.30581113801452786,0.27,9.676,51,5.75,9.705524299752216,1695.7420421661843,0,1,1,0,0
51760,0.0,0.0,0.0,204214,22619,11.076126024660406,10.852830853908154,0.31622080549878495,229233,30140,13.148194195425614,2.072068170765208,38.266,20.18,0.1590183360923408,0.06568246989968068,-0.93,59.914,51,5.75,12.22692374259762,3408.452114697733,0,1,1,0,0
51770,0.0,0.0,0.0,97032,13836,14.259213455354935,12.700964630225082,0.2655258887741555,99122,16353,16.49785113294728,2.2386376775923438,36.422,12.87,0.19759433812561492,0.0622203180043797,0.01,42.518,51,5.75,11.482796099988716,2282.139329225269,0,1,1,0,0
51775,0.0,0.0,0.0,24802,4240,17.095395532618337,12.954600435448754,0.27695716395864106,25290,4879,19.29221035982602,2.1968148272076817,48.828,16.57,0.0,0.1801975945017182,0.01,14.518,51,5.75,10.118679574062718,1708.3620333379251,0,1,1,0,0
51790,0.0,0.0,0.0,23746,4690,19.750694853870126,13.315926892950392,0.3833702504685636,24660,5224,21.184103811841037,1.4334089579709115,42.724,16.44,0.18212378880759345,0.03509986157801068,-0.12,19.92,51,5.75,10.075169374225737,1192.0682730923693,0,1,1,0,0
51800,21.542611208846445,1716.0,7958.0,84585,9727,11.499674883253531,11.429922563102204,0.2209777508702891,91383,13209,14.454548438987558,2.954873555734027,65.104,25.22,0.1731085128997971,0.09218281959609624,0.17,399.153,51,5.75,11.345512224909392,211.9112220126117,0,1,1,0,1
51810,0.0,0.0,0.0,437994,46435,10.601743402877666,10.845582359575703,0.18270847036468613,450882,63991,14.19240510821013,3.5906617053324634,64.618,27.74,0.11177990933215391,0.041498507297655904,1.18,244.724,51,5.75,12.989960490634619,1789.746816822216,0,1,1,0,1
51820,0.0,0.0,0.0,21006,3567,16.980862610682664,11.70617918689898,0.8232993722342286,22300,3914,17.55156950672646,0.5707068960437951,40.977,16.97,0.08627408529984845,0.20188352457241826,-0.12,14.97,51,5.75,9.952563390182721,1403.2064128256513,0,1,1,0,0
51830,0.0,0.0,0.0,14068,1879,13.356553881148706,8.551322149559283,0.3670788253477589,15034,2417,16.07689237727817,2.7203384961294645,50.794,34.48,0.0,0.0,1.15,8.94,51,5.75,9.551657993593873,1573.6017897091724,0,1,1,0,0
51840,0.0,0.0,0.0,26203,3676,14.028927985345188,10.853719039804602,0.19373315363881402,27912,4669,16.727572370306678,2.69864438496149,44.873,26.7,0.27348985425746286,0.09405314213412062,-0.38,9.193,51,5.75,10.17362918701092,2850.3208963341676,0,1,1,0,0
53001,-8.161764705882353,-170.0,2074.0,18728,1915,10.225331055104656,9.039940196497223,0.19224607497596924,19702,2194,11.135925286772915,0.9105942316682594,40.829,13.11,0.0,0.0,-1.34,1924.989,53,0.0,9.837775009170747,9.728886762469811,1,0,0,1,0
53003,13.32427317608338,486.0,3646.0,21623,4172,19.294269990288118,14.290338990889332,0.14181523500810372,22636,5276,23.308004947870646,4.013734957582528,41.665,15.76,0.21338634857521538,0.06803622708195273,1.22,636.082,53,0.0,9.981512841973895,33.994044792966946,0,0,0,1,0
53005,15.29286965365275,2719.0,17699.0,175177,20586,11.75154272535778,12.205369426351632,0.3191582383631117,200715,29916,14.904715641581346,3.153172916223566,57.354,16.95,0.16258879242304658,0.056998730311245326,1.58,1699.985,53,0.0,12.073552170327833,103.04620334885308,0,0,0,1,0
53007,13.335999999999999,1310.0,9775.0,72453,11175,15.423791975487559,13.288614688142658,0.18327928944029326,76653,14667,19.134280458690462,3.7104884832029033,48.674,24.55,0.20807274680581667,0.07006100602386525,1.56,2921.167,53,0.0,11.190693354759041,24.802758623522724,0,0,0,1,0
53009,23.746420792798027,3278.0,13774.0,71404,17189,24.072881071088453,16.901013948798386,0.36535326850654826,76482,22592,29.538976491200543,5.46609542011209,44.398,24.15,0.22825654717945804,0.09049593819235358,6.52,1738.681,53,0.0,11.176109169167443,41.06791297541067,0,0,0,1,1
53011,22.036158006469872,8744.0,39568.0,425363,48710,11.451395631495922,12.313247743691859,0.24251402220855012,481950,74453,15.44828301691047,3.9968873854145475,58.262,26.08,0.1770187488397995,0.10819565620939298,4.25,628.484,53,0.0,12.9606982010027,676.808001476569,0,1,0,1,1
53013,13.82981595092025,112.0,815.0,4078,937,22.976949485041686,16.99362432564983,0.32771535580524347,4024,1157,28.75248508946322,5.775535604421535,43.611,14.68,0.22941970310391363,0.08097165991902834,1.84,868.585,53,0.0,8.3133619511344,4.694992430216962,1,0,0,1,0
53015,19.927727168338052,2609.0,13063.0,102410,15805,15.433063177424081,13.821892393320963,0.21173762945914842,108399,20636,19.037075987785865,3.604012810361784,45.877,19.15,0.18609765316290416,0.20303748754423942,4.54,1140.599,53,0.0,11.536739643069483,89.78615622142401,0,0,0,1,1
53017,12.727929809901816,610.0,4787.0,38431,5443,14.163045458093727,12.151648408836618,0.12496875781054737,42520,7453,17.52822201317027,3.3651765550765447,48.708,20.48,0.1305933046072257,0.0,0.42,1819.263,53,0.0,10.556619704557837,21.124488323018717,0,0,0,1,0
53019,10.333125487139517,132.0,1283.0,7551,1428,18.911402463249903,19.057078532644685,0.20440608675902794,7643,2095,27.41070260368965,8.499300140439747,35.485,14.61,0.23329425556858147,0.0,2.31,2203.238,53,0.0,8.929435283803425,3.4272284700971936,1,0,0,1,0
53021,13.999415440435394,695.0,4961.0,78163,5696,7.2873354400419625,8.351777695328993,0.3234655857183802,93681,8925,9.527011880744228,2.239676440702265,47.749,14.7,0.09883090273592865,0.13848378932144148,-0.39,1241.596,53,0.0,11.266551668784567,62.95364997954246,0,0,0,1,0
53023,6.978969957081545,31.0,466.0,2266,506,22.330097087378643,18.093556928508384,0.48661800486618007,2258,596,26.395039858281667,4.0649427709030235,42.269,11.57,0.0,0.0,2.31,710.835,53,0.0,7.725771441587952,3.1878002630708955,1,0,0,1,0
53025,6.770903146710257,665.0,9788.0,89120,10531,11.81665170556553,10.393850987432675,0.1482199355813357,96648,13428,13.893717407499379,2.077065701933849,42.572,14.11,0.15999782832944243,0.18117161626581246,0.62,2679.493,53,0.0,11.39773905516111,33.26002344473376,0,0,0,1,0
53027,10.172415409129252,1087.0,10669.0,72797,11849,16.276769647100842,15.004739206285974,0.46067224023204234,73769,15990,21.675771665604792,5.39900201850395,41.899,15.82,0.1775453629032258,0.15183971774193547,3.94,1901.33,53,0.0,11.195430024544462,38.287409339777945,0,0,0,1,1
53029,18.24532914842653,2213.0,12107.0,78506,14439,18.392224798104603,15.676508801875016,0.22617686533777404,84187,20675,24.558423509567987,6.166198711463384,57.19,30.71,0.2026221692491061,0.0485271581815086,3.41,208.512,53,0.0,11.270930333970657,376.5059085328422,0,1,0,1,1
53031,20.324771777812167,1313.0,6463.0,29872,7842,26.252008569898234,21.61555972147831,0.3264479090448585,31825,11599,36.44619010212097,10.19418153222274,46.048,30.85,0.1960754716981132,0.11652830188679246,5.31,1803.711,53,0.0,10.304676865781504,16.561411445625158,1,0,0,1,1
53033,-7.264811706401053,-16518.0,225791.0,1931249,210679,10.908950632466347,11.817067607543098,0.27453389735932926,2225064,293222,13.178137797384704,2.269187164918357,68.065,40.77,0.13222244794413482,0.0694571899489924,4.53,2115.3,53,0.0,14.473677501828705,912.9905923509667,0,1,0,1,1
53035,13.628237762718861,3967.0,29071.0,251133,33296,13.25831332401556,14.074613850031655,0.3129453183939199,268945,48063,17.870940155050288,4.612626831034728,59.549,28.47,0.22544349248106935,0.03251093177859149,2.61,395.13,53,0.0,12.43373795825492,635.5705717105762,0,1,0,1,1
53037,11.153412271259418,520.0,4645.0,40915,5212,12.73860442380545,11.78540877428816,0.15525114155251143,47097,7533,15.994649340722338,3.2560449169168884,41.232,26.56,0.1430416211383729,0.0,3.33,2297.299,53,0.0,10.619252022961483,17.810045623142656,0,0,0,1,0
53039,7.4188284518828445,247.0,3346.0,20318,3625,17.841322964858747,17.393444236637464,0.28612303290414876,22055,5217,23.65450011335298,5.813177148494233,37.398,20.02,0.16731416731416732,0.0,1.97,1871.636,53,0.0,9.919262471651491,10.855743317610903,1,0,0,1,0
53041,16.339876144318797,1825.0,11142.0,75455,13076,17.329534159432775,14.045457557484594,0.2936857562408223,79430,16704,21.02983759284905,3.7003034334162734,43.874,18.86,0.16409643788010425,0.17034100781928757,3.4,2402.772,53,0.0,11.23129173105265,31.4033125073873,0,0,0,1,0
53043,1.0189615206305052,21.0,2157.0,10570,2197,20.785241248817407,16.887417218543046,0.7271468144044322,10732,2756,25.68020872158032,4.894967472762914,45.582,14.5,0.25644171779141106,0.0,0.56,2310.598,53,0.0,9.265775078864284,4.574573335560751,1,0,0,1,0
53045,21.788778330569375,1976.0,9045.0,60699,11112,18.30672663470568,15.819041499859965,0.29829632818746543,65326,14983,22.935737684842174,4.629011050136494,48.104,21.6,0.17656315568610995,0.12536718422156945,5.2,959.422,53,0.0,11.013682502447304,63.2662165345385,0,0,0,1,1
53047,5.884861278648974,388.0,6632.0,41120,7070,17.193579766536963,15.92169260700389,0.28770510227017304,42080,9200,21.863117870722434,4.66953810418547,38.551,16.16,0.24407525042755926,0.0,1.36,5266.184,53,0.0,10.624249900129048,7.8083105337755,1,0,0,1,0
53049,1.9512688342585245,97.0,5044.0,20920,5183,24.77533460803059,18.790630975143404,0.1993953817456744,22121,6958,31.45427421906785,6.678939611037261,39.642,16.54,0.19512801391996024,0.18071091225453642,4.85,932.773,53,0.0,9.94846091817886,22.427750374421215,0,0,0,1,1
53051,18.2731027857829,381.0,2082.0,13001,2485,19.113914314283516,18.613952772863627,0.3780241935483871,13588,3574,26.302619958787165,7.188705644503649,38.896,20.04,0.2601372426699938,0.0,3.33,1400.253,53,0.0,9.472781556562168,9.284750684340617,1,0,0,1,0
53053,4.721495495712206,3990.0,83143.0,795225,87785,11.039014115501903,11.499638467100507,0.25509028044563964,891862,122692,13.75683682004615,2.717822704544247,57.869,26.93,0.19774258895711008,0.0672572545266726,4.62,1667.808,53,0.0,13.58638037246211,476.8084815518333,0,1,0,1,1
53055,-2.1632388663967608,-80.0,3705.0,15769,3657,23.191071088845202,22.468133680005074,0.2178321940959964,16953,5682,33.51619182445585,10.32512073561065,50.726,49.56,0.10630017027487229,0.04475796643152517,4.35,173.912,53,0.0,9.665801266405587,90.6722940337642,0,0,0,1,1
53057,20.830291099206093,3231.0,15493.0,116901,18876,16.146996176251697,13.894663005449054,0.2739300215647038,127442,26499,20.792988182859652,4.645992006607955,54.811,27.83,0.19632757214637098,0.13640070502196616,4.94,1730.219,53,0.0,11.669082701743504,67.56427943514664,0,0,0,1,1
53059,3.5277486910994766,53.0,1528.0,11066,1596,14.422555575637086,16.627507681185612,0.33759772565742713,11906,2450,20.577859902570133,6.155304326933047,48.704,24.46,0.06740681998413957,0.0,-0.04,1658.266,53,0.0,9.311632623458054,6.673235777613483,1,0,0,1,0
53061,7.78188707675944,5281.0,67692.0,713335,73544,10.30988245354567,11.857402202331304,0.24244834454874958,811572,109410,13.481243808312756,3.171361354767086,66.3,33.86,0.12769985250044627,0.2288262981369961,4.68,2086.519,53,0.0,13.477706434775794,341.87802747063415,0,1,0,1,1
53063,11.82672710453284,6420.0,54050.0,471221,60969,12.938515049201968,12.546342374384842,0.22935552091503916,513402,83105,16.187120424151054,3.2486053749490864,47.25,18.79,0.19914310989817927,0.0779006770703841,1.33,1763.889,53,0.0,13.06308247738925,267.14889655754985,0,1,0,1,0
53065,18.08263349706861,1143.0,6311.0,43531,7516,17.265856516046036,16.74668626955503,0.3828701077708452,45233,10555,23.334733491035305,6.068876974989269,42.845,17.48,0.2399887986558387,0.13805656678801456,2.58,2477.394,53,0.0,10.681228606945007,17.571286601969653,0,0,0,1,0
53067,17.938914700544466,4950.0,27550.0,252264,32764,12.98798084546348,13.606777027241304,0.29210034941117746,284698,49113,17.250911492177675,4.262930646714194,60.93,25.78,0.18060510805500982,0.03889980353634578,3.32,722.489,53,0.0,12.4382314371713,349.15964118484845,0,1,0,1,0
53069,24.13695920889988,195.0,809.0,3978,1015,25.51533433886375,20.26143790849673,0.6773101112723754,4318,1408,32.60768874478926,7.092354405925509,40.372,20.68,0.0,0.06007067137809187,3.25,262.919,53,0.0,8.288534459413917,15.130135136677076,1,0,0,1,1
53071,11.806912501606066,923.0,7783.0,58781,8778,14.9333968459196,12.034500944182644,0.19615368214575074,60785,11020,18.12947273175948,3.196075885839882,45.575,19.52,0.22278108011990042,0.0,1.06,1270.033,53,0.0,10.981573952417511,46.28304933808807,0,0,0,1,0
53073,22.28070264765784,4824.0,21604.0,201140,26640,13.244506314010144,13.007855225216266,0.2768433243258148,224538,38939,17.34183078142675,4.097324467416607,49.031,29.35,0.1562272882336364,0.12211328814464337,5.26,2107.897,53,0.0,12.21175646199847,95.42211977150687,0,0,0,1,1
53075,-2.9066651344518504,-128.0,4351.0,44776,4257,9.507325352867607,8.142755047346792,0.2846348910624644,49577,5301,10.692458196341045,1.185132843473438,36.368,18.25,0.18923707230649983,0.16587310375373712,2.23,2159.261,53,0.0,10.709427560571196,20.736724277426397,0,0,0,1,0
53077,1.3487442839515136,376.0,27554.0,243231,28122,11.561848613046857,10.360110347776393,0.1907012658820226,250649,34568,13.791397532006911,2.229548918960054,42.877,14.97,0.21483511200846073,0.11662340159600039,1.48,4294.521,53,0.0,12.401766888056171,56.637515569256735,0,0,0,1,0
54001,8.88195937873357,223.0,2511.0,16589,2761,16.643558984869493,13.918861896437399,0.3312523888393426,16543,3317,20.050776763585805,3.407217778716312,31.212,8.03,0.28924949290060853,0.04665314401622718,0.22,341.059,54,6.5,9.716495104092274,48.63967817884882,0,0,1,0,0
54003,18.2798046914326,1819.0,9933.0,104169,11858,11.383425011279748,12.446121206884966,0.3708502747866494,117615,17373,14.771075117969648,3.3876501066899003,52.857,19.37,0.2458254682735589,0.10014036106674411,-0.55,321.149,54,6.5,11.553769859239607,324.3634574605557,0,1,1,0,0
54005,0.433226837060703,13.0,3443.0,24629,3489,14.166226805798043,15.331519753136547,0.8220415537488708,21897,4353,19.879435539114947,5.713208733316904,39.783,7.64,0.10197323030219402,0.00620946598592521,-1.9,501.534,54,6.5,10.111679889397125,49.10733868491468,0,0,1,0,0
54007,3.7420879572544186,90.0,2433.0,14523,2546,17.530813192866486,15.540866212215107,1.335131490222522,14032,3220,22.947548460661345,5.416735267794859,32.158,7.62,0.27829252150893447,0.10787557908669755,-0.55,510.812,54,6.5,9.583488878607804,28.4312036522243,0,0,1,0,0
54009,1.5234796168411673,70.0,4489.0,24069,4602,19.120029913997257,15.804561884581828,0.48326798577550834,22162,5175,23.35078061546792,4.230750701470662,39.475,8.53,0.3167638853664722,0.22863302054273396,0.38,89.203,54,6.5,10.088679984421766,269.8227638083921,0,1,1,0,0
54011,1.414382740711147,211.0,15018.0,96319,15364,15.951162283661583,12.995359171087738,0.37254434793909336,93328,17456,18.703925938625066,2.7527636549634824,34.492,9.75,0.27286248605612545,0.10667337430827446,0.11,281.02,54,6.5,11.475420878428954,342.7478471283183,0,1,1,0,0
54013,2.691092814371258,35.0,1336.0,7627,1385,18.1591713648879,16.284253310607053,0.32803431743628564,7185,1757,24.453723034098818,6.294551669210918,26.922,7.12,0.0,0.06411483253588517,-2.37,279.25,54,6.5,8.939449862164238,27.312444046553267,0,0,1,0,0
54015,1.2166666666666666,17.0,1440.0,9386,1472,15.68293202642233,14.38312380140635,0.6780402449693788,8599,1766,20.537271775787882,4.854339749365552,30.789,7.64,0.23806228373702423,0.0,-0.51,341.939,54,6.5,9.146974496354362,27.4493403794244,0,0,1,0,0
54017,11.81434634974533,138.0,1178.0,8202,1329,16.2033650329188,14.776883686905634,0.5828687278256462,8499,1790,21.061301329568185,4.857936296649385,30.019,7.59,0.0,0.0,-2.52,319.723,54,6.5,9.012133305952004,25.65345627308639,0,0,1,0,0
54019,4.762269772481041,348.0,7384.0,46039,7802,16.94650187884185,15.380438324029628,0.6059765010639282,43087,9070,21.05043284517372,4.10393096633187,31.912,6.78,0.2279149913842619,0.0,-0.13,661.613,54,6.5,10.737244142356664,69.58599664758702,0,0,1,0,0
54021,5.894344703770198,65.0,1114.0,8693,1193,13.723685724145865,11.733578741516162,0.46403712296983757,7970,1358,17.038895859473023,3.315210135327158,29.706,6.9,0.17503692762186115,0.0,-2.64,338.503,54,6.5,9.070273383079064,25.680717748439452,0,0,1,0,0
54023,7.810652065704331,158.0,2009.0,11937,2189,18.337940856161513,15.389126246125493,0.5655042412818096,11565,2818,24.36662343277129,6.0286825766097785,35.593,10.53,0.2740536277602524,0.13249211356466878,1.46,477.373,54,6.5,9.387398099095039,25.005603584618317,0,0,1,0,0
54025,10.479667373226807,645.0,6133.0,35480,6838,19.2728297632469,15.456595264937995,0.4162276080084299,34893,8100,23.21382512251741,3.9409953592705094,33.732,9.39,0.23891084760649978,0.12973210364514712,-0.2,1019.813,54,6.5,10.476724436423515,34.79069201902702,0,0,1,0,0
54027,10.439165237278443,365.0,3498.0,23964,3898,16.26606576531464,14.918210649307294,0.7890122735242548,23304,5297,22.73000343288706,6.46393766757242,31.792,13.41,0.3161071293851377,0.05695963787250094,0.69,640.395,54,6.5,10.084307983203816,37.42065443983791,0,0,1,0,0
54029,-0.5271443514644352,-32.0,5736.0,30676,5754,18.75733472421437,15.637632025035858,0.8596382642184168,29118,6750,23.181537193488563,4.424202469274192,38.565,8.53,0.12832125603864733,0.29196859903381644,0.39,82.609,54,6.5,10.33123586888475,371.33968453800435,0,1,1,0,0
54031,8.95059045819556,189.0,2117.0,14025,2329,16.606060606060606,14.445632798573977,0.4085169596434761,13789,3051,22.12633258394372,5.520271977883116,31.347,13.06,0.09351815696993362,0.0,0.82,582.317,54,6.5,9.548596730390898,24.08481978029149,0,0,1,0,0
54033,2.8443210775391337,320.0,10988.0,69099,11408,16.509645580978017,13.942314649994936,0.5885908816136934,67620,13141,19.433599526767228,2.9239539457892114,39.191,9.55,0.2241654598789499,0.06290148899038284,-1.36,416.008,54,6.5,11.143295537871015,166.10017115055481,0,1,1,0,0
54035,9.360307955517538,438.0,4676.0,29211,5165,17.68169525178871,13.292937592003012,0.4058624577226606,28793,5814,20.19240787691453,2.5107126251258194,41.406,10.21,0.17167900861417562,0.0,-0.08,464.359,54,6.5,10.282300629646866,62.90607051871505,0,0,1,0,0
54037,10.377350502734167,590.0,5669.0,53498,6314,11.802310366742683,12.993009084451757,0.26319371965331034,56922,9240,16.23273953831559,4.430429171572909,65.603,25.58,0.12255102040816326,0.08214285714285714,-1.12,209.296,54,6.5,10.887399549007759,255.609280636037,0,1,1,0,0
54039,-0.7720582313768005,-244.0,32285.0,193063,32315,16.738059597126327,14.72524512723826,0.4135265283206288,181014,37159,20.528246433977483,3.7901868368511558,42.669,9.85,0.2111999821762766,0.03695080652348275,-0.12,901.632,54,6.5,12.170771839492481,214.1261623367405,0,1,1,0,0
54041,6.94093761535622,189.0,2709.0,16372,2928,17.884192523821156,14.738578060102615,0.41467705453631565,16024,3291,20.537943085371943,2.653750561550787,33.293,8.74,0.0,0.030586401714397037,-0.98,386.929,54,6.5,9.703327837612294,42.31267235074135,0,0,1,0,0
54043,3.732802040165763,117.0,3137.0,21720,3285,15.124309392265193,14.34622467771639,0.4248002427429958,20617,3960,19.20745016248727,4.0831407702220766,30.868,6.51,0.0,0.014903846153846155,-1.05,437.04,54,6.5,9.985988774047872,49.69796814936848,0,0,1,0,0
54045,3.2679753224901846,173.0,5349.0,36743,5575,15.172958114470783,16.043872302207223,0.32849549065281014,32593,6564,20.139293713374038,4.966335598903255,35.465,7.97,0.17590597453476983,0.06581782566111655,-1.03,453.752,54,6.5,10.511703010307613,80.97595162114987,0,0,1,0,0
54047,-17.603880190605857,-778.0,4407.0,22113,3658,16.542305431194322,15.836838059060282,0.6270976859212153,18083,3893,21.528507437925125,4.986202006730803,22.154,3.28,0.299624188588999,0.0,-1.88,533.457,54,6.5,10.003920949857399,41.45226325645741,0,0,1,0,0
54049,-1.1335005748928606,-109.0,9567.0,56418,9541,16.911269453011453,13.958311177283846,0.8162339870762952,56233,11035,19.62370849856846,2.712439045557005,38.115,8.75,0.15611307844667185,0.06962367204849648,-0.52,308.744,54,6.5,10.940543535505132,182.73391547689994,0,1,1,0,0
54051,-5.53048180924287,-338.0,6102.0,33107,5814,17.56124082520313,16.099314344398465,0.603090840557859,30900,6886,22.284789644012946,4.723548818809817,34.419,7.79,0.20228025009194556,0.051612112296187326,-0.34,305.431,54,6.5,10.407500019368872,108.39436730390825,0,0,1,0,0
54053,5.248390043388901,229.0,4379.0,27324,4654,17.032645293514857,14.167032645293515,0.914962325080732,26700,5579,20.89513108614232,3.8624857926274636,36.027,7.94,0.2257514389256022,0.0,-0.05,430.767,54,6.5,10.21552071585174,63.431042767900045,0,0,1,0,0
54055,3.958367614061331,419.0,10696.0,62264,11213,18.008801233457536,15.164461004753951,0.9297692179976755,59370,13100,22.06501600134748,4.056214767889944,32.131,7.35,0.2639965313533142,0.08357270608639099,-1.67,418.965,54,6.5,11.039138688639223,148.6138460253243,0,1,1,0,0
54057,6.801057734684883,310.0,4538.0,28212,4893,17.343683538919606,14.38749468311357,0.4985044865403789,27047,5876,21.725145117757975,4.381461578838369,36.571,11.47,0.19476653086806645,0.0,0.68,327.867,54,6.5,10.24750269832807,86.04708616603683,0,0,1,0,0
54059,2.7831280435405326,97.0,3491.0,26839,3623,13.499012630872983,15.37687693282164,0.7795889440113395,23808,4507,18.930611559139784,5.431598928266801,32.902,6.39,0.1693594373693214,0.03022239118038396,-1.12,423.14,54,6.5,10.197611332567385,63.4281797986482,0,0,1,0,0
54061,2.1954769650540458,211.0,9529.0,96189,9826,10.215305284388029,10.23505806277225,0.333040381146214,106196,13531,12.741534521074241,2.5262292366862127,39.167,14.54,0.3009084977162074,0.08158911810470311,-0.07,360.091,54,6.5,11.474070285001552,267.1241436192518,0,1,1,0,0
54063,5.804312777106007,144.0,2481.0,13502,2651,19.634128277292255,15.331062064879278,0.4867780555190107,13344,3300,24.730215827338128,5.096087550045873,39.574,9.52,0.21893063583815028,0.0,-1.38,472.754,54,6.5,9.510593101601815,28.56030832102954,0,0,1,0,0
54065,18.346748420661463,494.0,2691.0,17541,3216,18.334188472721053,15.711761017045777,0.30759766225776686,17800,4154,23.337078651685395,5.002890178964343,37.281,16.71,0.243913642627469,0.0,0.41,229.073,54,6.5,9.77229627684378,76.57384327266854,0,0,1,0,0
54067,4.757368918280586,200.0,4234.0,26233,4477,17.066290550070523,15.541493538672665,0.5587875076546234,24857,5635,22.66967051534779,5.6033799652772665,38.457,7.34,0.181336435310844,0.09952177846710611,0.02,646.846,54,6.5,10.174773439176352,40.5552480806869,0,0,1,0,0
54069,-0.9070559610705596,-79.0,8220.0,44443,8213,18.47985059514434,14.79873095875616,0.5101076894010957,41875,9116,21.76955223880597,3.2897016436616298,39.669,9.48,0.2394628325365836,0.052986899244608254,-0.13,105.83,54,6.5,10.701962748225764,419.9470849475574,0,1,1,0,0
54071,9.616469038208168,146.0,1518.0,7695,1681,21.84535412605588,15.854450942170239,1.3834762275915822,6968,1956,28.07118254879449,6.2258284227386085,33.323,9.53,0.2614322691975841,0.10871440897325281,0.82,696.049,54,6.5,8.94832604627298,11.055256167310061,1,0,1,0,0
54073,7.136475770925109,80.0,1135.0,7605,1228,16.14727153188692,13.925049309664693,0.32448377581120946,7457,1392,18.66702427249564,2.5197527406087232,38.882,8.94,0.0,0.2439487422876127,-0.12,130.119,54,6.5,8.936561204693394,58.446498974016095,0,0,1,0,0
54075,-0.27774463007159905,-5.0,1676.0,8719,1684,19.31414152999197,16.917077646519097,0.8251384650163898,8382,2149,25.638272488666193,6.324130958674221,32.161,10.0,0.13533834586466165,0.10264792415822165,-0.42,940.298,54,6.5,9.073259831427816,9.272592305843467,1,0,1,0,0
54077,11.676302809350203,546.0,4663.0,33520,5257,15.683174224343677,14.552505966587113,0.3841822878717626,33610,6731,20.026777744718835,4.343603520375158,40.753,8.77,0.2476963580517771,0.10530934620447564,-0.84,648.814,54,6.5,10.41989755459602,51.6634967802791,0,0,1,0,0
54079,10.352563923431607,742.0,7157.0,55486,7977,14.376599502577228,13.940453447716541,0.3711920812356003,56604,10389,18.35382658469366,3.977227082116432,52.618,13.52,0.1045616669795382,0.11901633189412428,-0.43,345.678,54,6.5,10.923886015661322,160.51354150394297,0,1,1,0,0
54081,0.637970828658439,77.0,12478.0,78859,12661,16.05523782954387,15.05471791425202,0.5510561910328129,74452,15409,20.696556170418525,4.641318340874655,38.036,8.8,0.2341114094883977,0.031536183984025336,-0.13,605.358,54,6.5,11.275416726651242,130.26837012148184,0,1,1,0,0
54083,17.805870353581142,786.0,4412.0,29405,5246,17.840503315762625,14.602958680496513,0.3453379378391712,28763,6338,22.035253624448075,4.19475030868545,36.176,9.41,0.27309528752335477,0.13161718912186007,-1.61,1039.7,54,6.5,10.288920006894056,28.282196787534865,0,0,1,0,0
54085,6.98892900120337,116.0,1662.0,10449,1797,17.197817973011773,15.14020480428749,0.804381310970392,9747,2269,23.2789576279881,6.081139654976326,32.619,7.0,0.0,0.0,-2.42,451.99,54,6.5,9.254261559034111,23.11776809221443,0,0,1,0,0
54087,1.0421701112877584,25.0,2516.0,14926,2566,17.191477957925766,15.36915449551119,0.6801795674057951,13831,3002,21.704865880991974,4.513387923066208,27.428,7.5,0.0,0.08507347254447023,-1.66,483.563,54,6.5,9.610859937691332,30.866712300155307,0,0,1,0,0
54089,-3.723333333333333,-103.0,2760.0,13927,2682,19.257557262870684,15.875637251382207,0.48177083333333337,12710,3254,25.60188827694729,6.344331014076605,27.72,7.41,0.304,0.024,0.67,360.583,54,6.5,9.541584681053092,38.62356239756172,0,0,1,0,0
54091,7.144001578531966,182.0,2534.0,16895,2744,16.24149156555194,14.43622373483279,0.3580426999071741,16817,3376,20.07492418386157,3.8334326183096294,36.956,7.7,0.275269872423945,0.0,-0.01,172.771,54,6.5,9.73477299914839,97.7884019887597,0,0,1,0,0
54093,0.5273648648648649,7.0,1480.0,7141,1501,21.019465060915838,15.754096064976894,0.6921062476618032,6943,1814,26.127034423160016,5.107569362244178,32.712,8.79,0.1368421052631579,0.0,-0.29,419.044,54,6.5,8.87360810154911,17.041169901012783,1,0,1,0,0
54095,-3.0651698330454806,-54.0,1737.0,9208,1700,18.4622067767159,15.834057341442223,0.58,8736,1953,22.355769230769234,3.8935624540533347,33.496,7.77,0.32521489971346706,0.0,-0.22,256.302,54,6.5,9.127827950401718,35.92636811261714,0,0,1,0,0
54097,11.035533980582525,399.0,3605.0,24254,4044,16.67353838542096,14.047167477529479,0.37841246959185515,24451,5003,20.461330824915137,3.7877924394941758,36.114,9.97,0.23710446467273516,0.12267013437364542,-1.52,354.638,54,6.5,10.096336831216737,68.39086617903327,0,0,1,0,0
54099,-4.420184243090884,-323.0,7273.0,42481,7014,16.510910760104515,13.926225842141193,0.38487543558537474,39952,8359,20.922607128554265,4.41169636844975,35.079,8.55,0.0,0.0,-0.19,505.995,54,6.5,10.65681219612839,83.95537505311317,0,0,1,0,0
54101,2.075835475578406,32.0,1556.0,9154,1604,17.52239458160367,15.774524797902556,0.552689756816507,8289,1935,23.34419109663409,5.821796515030421,28.025,5.85,0.30628654970760233,0.08260233918128655,-2.35,553.47,54,6.5,9.121946221213587,16.53928848898766,1,0,1,0,0
54103,2.8159666559794805,87.0,3119.0,16583,3239,19.532050895495388,14.677681963456552,0.6117704637220115,15291,3610,23.608658688117192,4.076607792621804,36.636,8.22,0.15958188153310104,0.0,-0.91,358.067,54,6.5,9.716133353214099,46.31256161556357,0,0,1,0,0
54105,-2.787719298245615,-26.0,912.0,5717,894,15.637572153227216,15.375196781528775,1.021355617455896,5764,1155,20.0381679389313,4.400595785704082,36.705,6.18,0.0,0.0,-0.34,232.511,54,6.5,8.651199471263972,24.58808400462774,0,0,1,0,0
54107,-0.8348411672675328,-118.0,14701.0,86956,14718,16.92580155480933,13.897833387000322,0.432674375233122,84387,17180,20.358586038133836,3.4327844833245074,42.146,10.25,0.2084519110131889,0.10753083019676245,-0.19,366.51,54,6.5,11.37315752257707,237.25409947886826,0,1,1,0,0
54109,-9.359633027522936,-367.0,3924.0,23796,3589,15.082366784333502,16.448142544965542,0.6388027012228509,20890,4540,21.73288654858784,6.650519764254337,36.343,5.93,0.26720542231491134,0.01824817518248175,-1.37,499.469,54,6.5,10.077272778307796,47.642596437416536,0,0,1,0,0
55001,3.379608343976159,158.0,4698.0,20875,4899,23.468263473053895,16.823952095808384,0.2007341133287451,20208,5949,29.438836104513065,5.97057263145917,39.885,13.07,0.1555624418964983,0.0,-2.43,645.656,55,7.75,9.946307549719057,32.33145823782324,0,0,0,0,0
55003,3.5506715506715505,87.0,2457.0,16157,2567,15.887850467289718,13.232654576963546,0.23819386909693457,15524,3023,19.473073950012886,3.5852234827231673,38.111,10.3,0.21629949160375905,0.1616083808350023,-0.63,1044.976,55,7.75,9.69010867127683,15.461599118065868,1,0,0,0,1
55005,10.66457525083612,799.0,7475.0,45870,8348,18.199258774798345,13.906692827556135,0.2964343186245448,45182,9907,21.926873533708115,3.7276147589097697,42.601,13.45,0.1797932090885882,0.28606076078631604,-2.86,863.027,55,7.75,10.733566587591218,53.15013319397887,0,0,0,0,0
55007,3.3082970893275343,99.0,2989.0,15014,3112,20.727321166910883,18.729186092979884,0.14616508962227864,15088,4223,27.98913043478261,7.261809267871726,43.176,15.73,0.1256900212314225,0.0,-0.56,1477.881,55,7.75,9.616738378132947,10.15914001194954,1,0,0,0,1
55009,3.602029332752487,1005.0,27546.0,248007,28789,11.60814009281996,11.386775373275754,0.1667129758266185,262559,38859,14.80010207229613,3.1919619794761704,52.553,15.91,0.138492329234141,0.1748219286497017,-1.36,530.092,55,7.75,12.42121225055523,467.8565230186458,0,1,0,0,1
55011,-1.6518966908797417,-42.0,2478.0,13587,2459,18.098182085817324,14.374034003091191,0.21008403361344538,13087,2899,22.151753648658975,4.05357156284165,45.302,13.06,0.10091027308192457,0.10663198959687907,-1.17,675.789,55,7.75,9.516868732224324,20.10538792433733,0,0,0,0,0
55013,-5.478716577540108,-205.0,3740.0,15457,3569,23.08986219835673,16.94377951737077,0.15708862416546668,15363,4407,28.68580355399336,5.595941355636629,39.626,15.61,0.1799189273464297,0.1986280012472716,-2.24,821.558,55,7.75,9.645817254152318,18.81425291945304,0,0,0,0,0
55015,5.558363326387574,294.0,5279.0,48971,5625,11.486389904229032,11.488431929100896,0.20817466362020817,50005,7438,14.874512548745125,3.388122644516093,61.685,15.87,0.08937969113967734,0.2609783452678803,-1.49,318.28,55,7.75,10.798983565153577,153.86137991705417,0,1,0,0,0
55017,4.573431777909037,391.0,8465.0,62415,8935,14.315469037891532,12.976047424497317,0.25749494206363804,64175,11416,17.788858589793534,3.4733895519020024,48.672,14.63,0.16776399734599093,0.2611647016791711,-2.36,1008.355,55,7.75,11.04156091008515,61.89784351741202,0,0,0,0,0
55019,3.877454968041836,202.0,5163.0,34690,5413,15.603920438166618,11.357739982703949,0.3183868400106129,34668,5714,16.48205838236991,0.8781379442032922,42.777,11.09,0.18101933216168717,0.3245041426060758,-4.34,1209.696,55,7.75,10.454206739963796,28.676626193688335,0,0,0,0,0
55021,3.147709300866073,253.0,7967.0,56833,8294,14.59363398025795,13.200077419808915,0.17982170868883193,57331,10215,17.817585599413928,3.2239516191559776,55.91,17.75,0.12785556374355195,0.2432887672386567,-0.52,765.546,55,7.75,10.94787242191776,74.2385173457898,0,0,0,0,0
55023,1.4266956231206143,41.0,2993.0,16644,3062,18.397019947128094,15.23071377072819,0.3067484662576687,16155,3777,23.379758588672235,4.982738641544142,39.486,11.39,0.18075313807531382,0.2379916317991632,-0.55,570.648,55,7.75,9.719805070102831,29.166841906043654,0,0,0,0,0
55025,3.07764188881058,1485.0,48242.0,488073,50144,10.27387296572439,11.550526253244904,0.18192591495310662,542459,74439,13.722511747431604,3.4486387817072135,60.519,23.08,0.17230006555227795,0.09065060635857096,-0.17,1196.496,55,7.75,13.098220263811726,407.9186223773418,0,1,0,0,0
55027,11.354534666892693,1342.0,11798.0,88759,13251,14.92919027929562,12.038215842900438,0.22429401432238885,87569,15508,17.709463394580276,2.780273115284656,52.571,15.59,0.16520795660036167,0.33920433996383365,-1.83,875.708,55,7.75,11.393680110646876,101.35684497572251,0,0,0,0,0
55029,6.183636363636364,360.0,5830.0,27785,6245,22.476156199388157,17.567032571531403,0.2545272469331553,27621,8221,29.763585677564176,7.287429478176019,47.775,18.95,0.14672952268709488,0.20084462777450401,-0.15,481.963,55,7.75,10.232251585714021,57.64965360411484,0,0,0,0,1
55031,-2.1912403100775193,-143.0,6450.0,44159,6361,14.40476460064766,13.553296043841573,0.20153340635268346,43497,8079,18.573694737568108,4.168930136920448,43.127,13.02,0.15073877283645098,0.10379212460877793,-0.66,1304.293,55,7.75,10.69555203576704,33.856656441459094,0,0,0,0,1
55033,6.136767961360435,306.0,4969.0,43857,5323,12.13717308525435,11.48961397268395,0.1725673569360944,45029,7004,15.554420484576607,3.4172473993222567,48.376,15.27,0.1968025579536371,0.18521183053557155,-1.54,850.16,55,7.75,10.688689620179726,51.5867601392679,0,0,0,0,0
55035,2.575728559533722,318.0,12010.0,98736,12435,12.594190568789498,11.630003240965808,0.20165595122298405,104132,16058,15.420812046248992,2.8266214774594935,45.846,14.72,0.20803147639270547,0.09378382879507037,-3.16,637.922,55,7.75,11.500204900560847,154.77754333601914,0,1,0,0,0
55037,-12.721550094517958,-135.0,1058.0,4423,931,21.04906172281257,16.956816640289397,0.12552301255230125,4312,1136,26.34508348794063,5.29602176512806,40.18,12.37,0.0,0.22123893805309736,-2.61,488.123,55,7.75,8.394573477868327,9.061240711869754,1,0,0,0,0
55039,7.5464751586000425,1064.0,14029.0,101633,15225,14.980370548935879,12.87770704397194,0.21407424276930084,102654,18843,18.355836109649893,3.375465560714014,51.549,14.3,0.14717809634508588,0.19418829910887253,-1.92,719.566,55,7.75,11.529123564539,141.24208203278087,0,1,0,0,0
55041,-8.215328109696376,-168.0,2042.0,9304,1888,20.292347377472055,13.886500429922613,0.17837235228539577,9003,2101,23.336665555925805,3.04431817845375,37.627,11.79,0.15903890160183065,0.15961098398169338,-2.56,1014.244,55,7.75,9.1381996941985,9.173335016031645,1,0,0,0,0
55043,5.32224,403.0,7500.0,51208,7974,15.57178565849086,11.691532573035463,0.24095268986608592,51570,8883,17.225130890052355,1.6533452315614952,43.889,11.83,0.17932282633285573,0.15436241610738255,-0.46,1146.879,55,7.75,10.843651048821839,44.64987152088407,0,0,0,0,0
55045,7.864387633769321,400.0,5046.0,36842,5497,14.920471201346288,13.31632376092503,0.29011099899091825,36790,6858,18.640935036694753,3.7204638353484647,53.088,15.03,0.17550741940985842,0.22624936039570187,-2.32,584.043,55,7.75,10.514393777712163,63.08097177776294,0,0,0,0,0
55047,8.522659063625449,285.0,3332.0,19051,3652,19.16959739646213,14.382447115636973,0.3956292388847023,18807,4144,22.034348912638908,2.864751516176778,47.624,13.75,0.21303799747884028,0.21609940572663425,-1.58,349.544,55,7.75,9.854874872615435,54.50243746137826,0,0,0,0,0
55049,2.1653106275622833,68.0,3171.0,23687,3269,13.800819014649385,13.779710389665217,0.2518891687657431,23632,4382,18.54265402843602,4.741835013786634,54.737,15.55,0.12064619615032081,0.0,-0.98,762.698,55,7.75,10.072681653422581,31.05685343346908,0,0,0,0,0
55051,-10.304093919325707,-172.0,1661.0,5916,1502,25.388776200135226,17.410412440838403,0.26671111851975327,5679,1751,30.832893114985033,5.444116914849808,35.618,10.67,0.2037883736120183,0.16786414108425865,-0.7,758.189,55,7.75,8.68541582383069,7.802803786390992,1,0,0,0,1
55053,7.182035340314136,218.0,3056.0,20449,3303,16.152379089442025,13.237811139909041,0.2775778760152154,20556,3877,18.860673282739832,2.7082941932978066,43.191,12.14,0.17619808306709264,0.14552715654952075,-0.87,987.217,55,7.75,9.925689260519814,20.71378430476785,0,0,0,0,0
55055,-0.22476754785779404,-27.0,10970.0,83686,11042,13.19456061945845,12.333006715579668,0.24184140893959657,84837,14497,17.088062991383477,3.8935023719250275,54.769,18.25,0.12741233332190724,0.28166455283995473,-1.63,556.466,55,7.75,11.334826978449145,150.38834358253695,0,1,0,0,0
55057,6.999100346020761,302.0,4335.0,26664,4677,17.54050405040504,13.775127512751276,0.23859840479923647,26603,5430,20.411231815960605,2.8707277655555643,45.664,11.55,0.18418451400329489,0.24975288303130147,-0.43,767.039,55,7.75,10.191069619987575,34.76224807343564,0,0,0,0,0
55059,0.7206384598651295,136.0,18388.0,166426,18679,11.223606888346772,10.824029899174407,0.3333910633875996,168998,23844,14.109042710564623,2.8854358222178504,54.43,18.24,0.19136997324865698,0.12975488810108962,-0.45,271.859,55,7.75,12.022306045163486,612.177636201119,0,1,0,0,1
55061,4.237744034707158,137.0,3227.0,20574,3393,16.49168853893263,13.346942743268203,0.408426483233018,20398,4210,20.639278360623592,4.147589821690961,54.152,14.44,0.09341361065498996,0.34811165845648606,0.17,342.454,55,7.75,9.931783421690975,60.07814188182938,0,0,0,0,1
55063,10.014065580953773,1378.0,13693.0,114638,15201,13.26000104677332,11.779689108323591,0.1384240320647907,118168,19274,16.310676325231874,3.050675278458554,49.328,14.87,0.1905237344543703,0.1162900683131897,-0.69,451.769,55,7.75,11.649534616432216,253.75357760271288,0,1,0,0,0
55065,-5.7427109974424555,-159.0,2737.0,16836,2601,15.449037776193869,12.532668092183416,0.4702627939142462,16682,3153,18.900611437477522,3.4515736612836534,48.114,11.77,0.10278207109737249,0.2268160741885626,-1.53,633.588,55,7.75,9.731274729890462,26.5724729635031,0,0,0,0,0
55067,-0.7945002511300856,-32.0,3982.0,19977,3986,19.952945887770937,14.416579065925813,0.3074433656957929,19167,4571,23.84828089946262,3.8953350116916816,41.034,10.75,0.1521470497374112,0.23493975903614459,-3.13,870.698,55,7.75,9.902336890778733,22.943661292434346,0,0,0,0,0
55069,2.5897012578616354,134.0,5088.0,28743,5269,18.331419823957138,13.617228542601678,0.14895138226882745,27687,5967,21.5516307292231,3.2202109052659615,46.625,13.13,0.12608173076923077,0.24867788461538462,-2.98,878.704,55,7.75,10.266149538318983,32.71067390156412,0,0,0,0,0
55071,2.3156777108433735,314.0,13280.0,81442,13714,16.83897743179195,13.625647700203828,0.26351878243566645,78977,16092,20.375552376008205,3.5365749442162553,49.354,12.4,0.17260083449235047,0.3351182197496523,-0.37,589.305,55,7.75,11.307646389439586,138.20008314879394,0,1,0,0,1
55073,1.9323788903924224,355.0,18475.0,134063,18988,14.163490299336878,12.42177185353155,0.21651020196071638,135485,23757,17.534782448241504,3.371292148904626,53.471,13.95,0.1595896460357361,0.25623343977172364,-3.3,1545.268,55,7.75,11.806065117701248,86.75711915344134,0,0,0,0,0
55075,2.8488065326633167,225.0,7960.0,41749,8254,19.770533425950322,14.60394260940382,0.22383883603805263,40312,9534,23.650525897995635,3.8799924720453127,39.698,10.97,0.1702374412500763,0.32625282304828174,-2.16,1399.45,55,7.75,10.639430777896337,29.83243417056701,0,0,0,0,1
55077,1.8036041732532393,56.0,3163.0,15404,3246,21.07244871461958,15.534925993248509,0.16168148746968472,15380,3787,24.62288686605982,3.5504381514402397,45.012,14.1,0.08199934661875204,0.3851682456713492,-2.25,455.707,55,7.75,9.6423824949348,33.802421292628814,0,0,0,0,0
55078,-15.719439579684762,-90.0,571.0,4232,482,11.389413988657845,9.640831758034027,0.3106968486462494,4566,601,13.162505475251862,1.7730914865940175,31.076,9.26,0.0,0.0,-3.38,357.615,55,7.75,8.350429973538136,11.833955510814702,1,0,0,0,0
55079,-11.27389938650307,-13836.0,122250.0,947735,109133,11.51513872548761,10.669543701562144,0.19710419492265335,949180,129110,13.602267220126846,2.087128494639236,43.215,16.57,0.19781061012018678,0.11156567043873356,-0.4,241.484,55,7.75,13.761830206294748,3924.6285468188366,0,1,0,0,1
55081,5.265494280348301,311.0,5857.0,44673,6223,13.930114386766054,12.947417903431601,0.2863986669443866,46155,7722,16.730581735456614,2.8004673486905602,47.333,12.68,0.16121989012536977,0.2306662910269052,-1.36,900.904,55,7.75,10.707124571258316,49.58685942120359,0,0,0,0,0
55083,-2.7348378686654717,-166.0,6137.0,37660,6022,15.990440785979821,14.131704726500265,0.2081828610273187,37870,7808,20.61790335357803,4.627462567598208,46.633,14.63,0.2306779409583148,0.0,-1.95,997.481,55,7.75,10.536353802211144,37.75510510977151,0,0,0,0,1
55085,-0.1759323783714022,-17.0,7749.0,35998,7800,21.667870437246513,15.778654369687207,0.16265560165975104,35480,9192,25.907553551296502,4.239683114049988,45.857,17.28,0.2461279953243717,0.10213325540619521,-2.19,1113.938,55,7.75,10.491218660339424,32.31598167941124,0,0,0,0,0
55087,3.1003345149533175,628.0,20029.0,176695,20834,11.79093918899799,11.258383089504512,0.22283284802252934,186829,27735,14.845125756708006,3.0541865677100155,55.914,15.35,0.1253961218836565,0.17925761772853185,-3.35,637.579,55,7.75,12.082180361359612,277.1342845357203,0,1,0,0,0
55089,3.04288862652499,389.0,12705.0,86395,13208,15.287921754731176,14.13507726141559,0.2095568974549866,89179,17655,19.797261687168504,4.509339932437328,74.996,25.56,0.12646566164154105,0.21917056547103334,-0.39,233.017,55,7.75,11.366685082747223,370.76693975117695,0,1,0,0,1
55091,7.285563665855637,89.0,1233.0,7469,1337,17.90065604498594,14.754317847101353,0.2794076557697681,7261,1619,22.297204241839967,4.396548196854027,48.446,13.85,0.17816436712657469,0.0,-0.71,232.007,55,7.75,8.918516400357067,32.19299417689984,0,0,0,0,0
55093,-1.3184522426214267,-57.0,4303.0,41019,4283,10.441502718252517,11.521490041200419,0.26655095462434913,42336,6204,14.654195011337867,4.21269229308535,60.181,20.02,0.15549552591592097,0.17389836231639372,-1.21,573.853,55,7.75,10.621790652977191,71.47997832197444,0,0,0,0,0
55095,4.839104388198292,324.0,6677.0,44205,7064,15.980092749688948,14.04366021943219,0.33817222038931044,43549,8979,20.618154263014077,4.638061513325129,49.806,17.03,0.20803321752393866,0.2921786289297517,-2.73,914.066,55,7.75,10.696593183839905,48.360840464474116,0,0,0,0,0
55097,2.900394340060311,254.0,8622.0,70019,8955,12.789385738156787,12.051014724574758,0.21627736740533707,70822,11789,16.645957470842394,3.856571732685607,51.456,14.31,0.1358221913526654,0.1424552873762806,-2.54,800.878,55,7.75,11.156521912772854,87.4277979917041,0,0,0,0,0
55099,0.8110349554489378,23.0,2918.0,14159,2968,20.96193233985451,16.696094356946112,0.26079136690647486,13351,3458,25.90068159688413,4.93874925702962,41.026,11.15,0.21650137159738342,0.35492719983118803,-2.66,1254.055,55,7.75,9.55810574328497,11.290573379955424,1,0,0,0,0
55101,-3.8602911306702774,-1044.0,26586.0,195408,25739,13.17192745435192,12.267153852452305,0.20568618859841295,195859,32310,16.49656130175279,3.3246338474008716,53.855,17.57,0.1677236393100332,0.20818984994624243,-0.51,332.588,55,7.75,12.18284495941087,587.5377343740604,0,1,0,0,1
55103,1.3561712846347609,42.0,3176.0,18021,3245,18.006769879584926,14.444259475056878,0.2142534957149301,17408,4021,23.098575367647058,5.091805488062132,43.9,12.3,0.0,0.28322205470600903,-1.29,586.15,55,7.75,9.79929302351827,30.744689925786915,0,0,0,0,0
55105,0.6806356762811537,152.0,21426.0,160331,21759,13.571299374419171,11.803706083040709,0.20899710619391426,162532,26956,16.585041714862303,3.013742340443132,49.716,13.8,0.1705591494517951,0.14888502355033517,-2.62,718.136,55,7.75,11.984995707299339,223.25993962146447,0,1,0,0,0
55107,1.1719696969696975,33.0,2904.0,14755,2964,20.088105726872246,14.869535750593018,0.5291005291005291,14074,3403,24.17933778598835,4.091232059116102,38.352,11.02,0.22613553558416322,0.34369686665047366,-2.32,913.553,55,7.75,9.59933728737704,16.151224942614167,1,0,0,0,0
55109,15.093797173047893,1104.0,7287.0,84345,8468,10.03971782559725,11.29527535716403,0.22364123238089634,89702,12606,14.053198367929365,4.013480542332115,67.446,22.57,0.17849798470017275,0.19770502591099778,-1.37,722.444,55,7.75,11.342670809394411,116.74953352785822,0,1,0,0,0
55111,10.076904676474106,846.0,8361.0,61976,9288,14.986446366335358,12.8049567574545,0.19859970378349268,64152,11832,18.443696221474,3.4572498551386417,50.39,16.64,0.1316356643124772,0.170993733213966,-1.01,831.543,55,7.75,11.034502492311738,74.5313230945363,0,0,0,0,0
55113,2.206911057692307,73.0,3328.0,16557,3429,20.71027360028991,16.33750075496769,0.18779342723004694,16477,4307,26.139467136007767,5.429193535717857,37.091,16.82,0.1367124394184168,0.11651857835218093,-1.42,1257.618,55,7.75,9.71456425210761,13.165364999546762,1,0,0,0,0
55115,8.062776831345825,573.0,7044.0,41949,7680,18.30794536222556,13.018188753009607,0.6225868725868726,40813,8655,21.20647832798373,2.8985329657581715,45.841,12.51,0.15984463698834778,0.17229359625535307,-3.4,893.225,55,7.75,10.644209873708961,46.96353102521761,0,0,0,0,0
55117,3.6298570540708512,590.0,16090.0,115507,16821,14.562753772498638,12.715246695005497,0.21668045542292086,115152,20657,17.93889815200778,3.3761443795091424,51.127,15.11,0.13722272745245345,0.3142422205527658,-0.37,511.528,55,7.75,11.657086413168118,225.8077759184248,0,1,0,0,1
55119,7.710828440965428,237.0,3066.0,20689,3334,16.11484363671516,12.39789259993233,0.1512001512001512,20320,3914,19.261811023622048,3.146967386906887,44.489,12.01,0.13284132841328414,0.3456334563345633,-3.39,975.031,55,7.75,9.937357437043744,21.218812530063147,0,0,0,0,0
55121,4.619154343807763,200.0,4328.0,28816,4567,15.848833981121599,12.885202665186007,0.23773674617640067,29525,5356,18.14055884843353,2.2917248673119293,46.582,13.28,0.1187701685191825,0.4957870204374328,-1.42,733.004,55,7.75,10.268686067415738,39.312200206274454,0,0,0,0,0
55123,2.3531724568337844,112.0,4807.0,29773,4962,16.666106875356867,13.351022738723003,0.25510204081632654,30759,6003,19.516239149517215,2.850132274160348,43.632,13.17,0.2695512351995322,0.0,-0.66,791.562,55,7.75,10.301357221522462,37.612972830934275,0,0,0,0,0
55125,1.8640783878720644,101.0,5409.0,21430,5556,25.92627158189454,16.868875408306113,0.10351966873706005,21923,6821,31.11344250330703,5.187170921412491,41.631,19.49,0.12506380806533945,0.0,-1.58,857.708,55,7.75,9.972547088467623,24.985193096018694,0,0,0,0,0
55127,7.01028638681836,897.0,12745.0,102228,13757,13.457174159721408,12.410494189458857,0.21152316081581962,103391,18322,17.721078236983875,4.263904077262467,54.487,19.8,0.12011198966249269,0.21881057133187706,-2.46,555.434,55,7.75,11.53496089183084,184.05067028665874,0,1,0,0,0
55129,0.5660960960960968,19.0,3330.0,15911,3380,21.243165105901575,16.592294638929044,0.18491409199476078,15726,4183,26.599262368052905,5.35609726215133,41.641,14.84,0.21295688334427665,0.24885095206828628,-2.26,797.113,55,7.75,9.674765972907856,19.960783477373973,0,0,0,0,0
55131,11.015736487761908,1752.0,15893.0,131887,17803,13.498676897647227,12.785187319447708,0.1535789377456806,135529,24432,18.02713810328417,4.528461205636942,64.434,22.8,0.12344590424124857,0.2563706904153073,-2.63,430.644,55,7.75,11.789700774333314,306.2552827857813,0,1,0,0,0
55133,7.0552052430535355,3644.0,51573.0,389891,55688,14.282966264930455,13.635862330753982,0.14795106425303362,402637,74929,18.609566433288546,4.326600168358091,75.064,26.22,0.1206444378762075,0.18528996420310864,-2.11,549.72,55,7.75,12.873622491862521,709.2538019355308,0,1,0,0,0
55135,29.20107423219942,2124.0,7261.0,52410,9462,18.05380652547224,13.392482350696433,0.9607812253898251,50997,10485,20.5600329431143,2.506226417642061,46.876,13.71,0.17111430535591526,0.3381038685082182,-2.48,747.692,55,7.75,10.866852691796211,70.09570785831599,0,0,0,0,0
55137,-0.4108963815789471,-22.0,4864.0,24496,4883,19.933866753755716,15.300457217504897,0.20885265781850032,24256,5901,24.328001319261215,4.3941345655054995,42.54,13.66,0.19427498826841857,0.16119192867198498,-2.61,626.158,55,7.75,10.106265117897465,39.12111639554234,0,0,0,0,0
55139,4.663452448477973,993.0,21156.0,166994,22336,13.375330850210187,11.824975747631651,0.16091859973543893,170924,27689,16.199597481921792,2.8242666317116054,50.974,14.05,0.16831267828463217,0.2764340676462833,-1.37,434.692,55,7.75,12.025713162609748,384.1662602486358,0,1,0,0,0
55141,3.9355951696377227,482.0,12173.0,74749,12762,17.07313810218197,13.165393516970129,0.22001877493546115,72892,14918,20.465894748394888,3.3927566462129164,47.204,11.65,0.2960573683149497,0.15494052933214297,-2.44,793.014,55,7.75,11.221891113237026,94.25936994807154,0,0,0,0,0
56001,-6.781513353115727,-228.0,3370.0,36299,3166,8.722003360974131,9.912118791151272,0.22297786944645742,38664,4595,11.884440306228015,3.1624369452538836,42.89,18.95,0.2145691321599349,0.03398107640655204,4.91,4274.327,56,0.0,10.499545471664117,8.49233107340641,1,0,0,1,0
56003,8.467532467532468,163.0,1925.0,11668,2108,18.066506684950294,14.41549537195749,0.39040713887339656,11809,2496,21.136421373528663,3.0699146885783684,48.27,11.61,0.0,0.0,2.49,3136.957,56,0.0,9.364605330987612,3.7195281924489243,1,0,0,1,0
56005,-3.3664429530201345,-90.0,2682.0,46133,2616,5.670561203476904,10.640972839399128,0.26905829596412556,46958,4697,10.002555475105414,4.33199427162851,76.576,19.77,0.0,0.02470285612914671,0.79,4802.065,56,0.0,10.739283808037968,9.606908694488727,1,0,0,1,0
56007,-17.534268292682928,-430.0,2460.0,15885,2044,12.867485048788167,14.013220018885741,0.7462686567164178,15073,2534,16.811517282558217,3.9440322337700504,56.565,12.91,0.1435876457353242,0.0,5.41,7897.803,56,0.0,9.673130546703616,2.011318843987372,1,0,0,1,0
56009,5.491241751649671,91.0,1667.0,13833,1776,12.838863587074387,13.59068893226343,0.09370607527721381,13842,2327,16.811154457448346,3.972290870373959,54.599,16.75,0.16370106761565836,0.0,2.86,4254.963,56,0.0,9.534812320874815,3.251027094712692,1,0,0,1,0
56011,-0.002280701754386284,0.0,1140.0,7083,1150,16.236058167443172,15.544260906395596,0.47287899860917937,7502,1502,20.021327645961076,3.785269478517904,49.89,15.11,0.15431266846361186,0.0,2.57,2854.48,56,0.0,8.865452825753623,2.481362629971133,1,0,0,1,0
56013,2.455911111111111,139.0,5625.0,40123,5805,14.468010866585251,13.697879022007328,0.3877275792312879,39711,7331,18.460879856966585,3.992868990381334,46.397,15.44,0.17155067155067155,0.025815454386882958,3.71,9183.59,56,0.0,10.599705014953292,4.368988598140814,1,0,0,1,0
56015,5.9463445917058575,139.0,2339.0,13249,2500,18.869348630085288,14.174654690920068,0.1841929002009377,13301,2923,21.975791293887678,3.1064426638023903,42.59,12.31,0.26875593542260207,0.1076289965178854,2.0,2225.613,56,0.0,9.491677356868124,5.95296666581297,1,0,0,1,0
56017,0.06613953488372042,0.0,1075.0,4812,1088,22.61014131338321,15.96009975062344,0.3872966692486445,4550,1241,27.274725274725277,4.664583961342068,42.469,11.78,0.2497027348394768,0.0,1.08,2004.429,56,0.0,8.47886807709457,2.400683685977403,1,0,0,1,0
56019,10.350877192982457,147.0,1425.0,8569,1588,18.531917376590034,16.116232932664253,0.15374478365912583,8518,2180,25.5928621742193,7.060944797629265,45.638,20.84,0.17970660146699266,0.02689486552567237,2.78,4154.152,56,0.0,9.055906318669118,2.0627555274819023,1,0,0,1,0
56021,5.521564638431663,599.0,10814.0,91738,11505,12.541149796158626,12.662146547777366,0.21501655874647815,99272,15876,15.992424852929327,3.451275056770701,52.824,16.99,0.21763157039300457,0.044826577381919835,3.05,2685.864,56,0.0,11.426691967172298,34.15586194982322,0,0,0,1,0
56023,-1.160631672597865,-27.0,2248.0,18106,2241,12.377112559372584,13.398873301667955,0.2794545048066175,19640,3422,17.423625254582483,5.046512695209898,57.794,19.64,0.1738339021615472,0.0,5.12,4075.337,56,0.0,9.803998654035386,4.442822765332045,1,0,0,1,0
56025,-0.8783029915894814,-80.0,9393.0,75450,9392,12.447978793903246,12.689198144466534,0.2721329902091283,80067,12101,15.113592366393148,2.6656135724899013,50.936,17.33,0.15868300153139356,0.06315467075038285,2.49,5340.525,56,0.0,11.231225464195996,14.127824511635094,1,0,0,1,0
56027,1.149700598802397,5.0,501.0,2484,513,20.652173913043477,14.653784219001611,0.672645739910314,2377,429,18.04795961295751,-2.6042143000859674,45.813,10.75,0.17971014492753623,0.0,-0.01,2626.028,56,0.0,7.81762544305337,0.9459152758462591,1,0,0,1,0
56029,10.587663804789878,471.0,4426.0,28205,4942,17.521716007800038,15.883708562311647,0.34655655508037164,29273,6745,23.041710791514365,5.519994783714328,46.637,19.15,0.0,0.05097236438075742,3.96,6939.039,56,0.0,10.247254546174076,4.064683884901065,1,0,0,1,0
56031,6.562732174955063,109.0,1669.0,8667,1797,20.733817930079613,16.810891888773508,0.2142704092564817,8572,2087,24.346710219318712,3.612892289239099,42.947,12.76,0.1632183908045977,0.0,4.1,2081.448,56,0.0,9.067277989134345,4.163928188453423,1,0,0,1,0
56033,4.463366566195224,193.0,4313.0,29116,4548,15.620277510647067,15.551586756422587,0.27979051581892533,30397,6446,21.206040069743725,5.585762559096658,48.141,21.19,0.25279146967105925,0.024142440398350267,2.17,2523.361,56,0.0,10.279043130238149,11.538578903296042,1,0,0,1,0
56035,11.140864864864866,102.0,925.0,10247,1039,10.139553039914121,13.750365960769006,0.1559792027729636,9865,1869,18.945767866193613,8.806214826279492,70.147,27.83,0.05291005291005291,0.014109347442680775,5.29,4886.482,56,0.0,9.234740258799718,2.0970096687146293,1,0,0,1,0
56037,-12.323073194377123,-510.0,4126.0,43806,3643,8.316212390996668,11.751814819887686,0.24019215372297836,43352,5292,12.207049271083225,3.8908368800865567,69.828,16.95,0.07186871227364185,0.108023138832998,2.63,10426.98,56,0.0,10.687526073284142,4.2012164596076715,1,0,0,1,0
56039,-6.333228133453562,-140.0,2218.0,21294,2098,9.852540621771391,13.060016906170752,0.30437836572231325,23356,3481,14.904093166638125,5.051552544866734,70.271,72.37,0.07035908307936929,0.01457532794487876,5.39,3996.846,56,0.0,9.966180621874551,5.327700892153463,1,0,0,1,0
56041,0.8215100488864745,16.0,1841.0,21118,1874,8.873946396439058,12.141301259588976,0.21806496040399403,20374,2868,14.076764503779327,5.202818107340269,58.346,17.16,0.20178372352285395,0.027452619843924192,3.32,2081.721,56,0.0,9.95788103636646,10.144491024493677,1,0,0,1,0
56043,4.910393258426966,70.0,1424.0,8533,1508,17.672565334583382,13.922418844486112,0.33915992695016955,7933,1716,21.63116097315013,3.9585956385667487,48.379,13.0,0.24195470798569726,0.11233611442193087,1.1,2238.674,56,0.0,9.051696278536586,3.8116313496292897,1,0,0,1,0
56045,-3.0727659574468085,-37.0,1175.0,7208,1149,15.940621531631521,14.692008879023307,1.4435324087178034,6942,1408,20.28233938346298,4.341717851831458,53.853,11.52,0.24604141291108406,0.0,-0.91,2398.005,56,0.0,8.882946799288174,3.0058319311260817,1,0,0,1,0
