AGEP,HINCP,TEN,SPORDER,PWGTP,WGTP,PUMA,state,puma_int
83,82200,2,1,17,17,04009,36,4009
69,99450,2,1,8,7,03901,36,3901
83,64700,2,1,17,17,03903,36,3903
76,40000,2,1,27,26,03903,36,3903
79,31500,2,1,20,20,04014,36,4014
82,12500,1,1,44,44,03702,36,3702
72,95700,2,1,23,22,03901,36,3901
85,16000,2,1,13,13,04101,36,4101
67,29800,1,1,14,14,04005,36,4005
70,40000,1,1,22,22,03902,36,3902
84,147500,1,1,19,18,03810,36,3810
74,42100,1,1,12,12,04017,36,4017
73,56300,1,1,12,11,04109,36,4109
70,96700,1,1,5,5,04101,36,4101
87,18800,2,1,13,13,04103,36,4103
70,38300,1,1,19,19,04101,36,4101
69,38200,2,1,9,10,04106,36,4106
85,35900,2,1,14,14,04105,36,4105
75,90600,1,1,12,11,04112,36,4112
75,70800,1,1,15,15,04002,36,4002
71,40300,2,1,14,15,04105,36,4105
85,65900,2,1,21,21,03807,36,3807
82,28900,2,1,14,14,04016,36,4016
82,15500,1,1,16,16,04108,36,4108
86,30700,2,1,17,17,04104,36,4104
69,42000,2,1,16,15,04007,36,4007
72,109300,2,1,9,9,04112,36,4112
83,22000,2,1,28,28,03703,36,3703
73,44200,2,1,22,22,04014,36,4014
71,110000,1,1,27,27,04009,36,4009
75,149600,2,1,18,18,03802,36,3802
81,18100,2,1,19,19,03903,36,3903
84,12200,2,1,37,37,04103,36,4103
67,31100,1,1,21,21,03805,36,3805
73,60000,2,1,12,12,04013,36,4013
83,47600,1,1,14,14,04014,36,4014
75,25970,2,1,25,24,04103,36,4103
67,39700,1,1,11,10,04107,36,4107
77,122500,2,1,12,12,04109,36,4109
67,90400,2,1,11,12,04003,36,4003
72,70800,2,1,19,18,03701,36,3701
94,20800,2,1,15,14,04101,36,4101
75,27400,2,1,17,17,03903,36,3903
69,47000,1,1,30,30,04010,36,4010
66,218000,2,1,18,18,03805,36,3805
69,130800,1,1,18,18,03902,36,3902
82,12000,1,1,30,31,04010,36,4010
67,57500,2,1,22,22,03808,36,3808
79,36400,2,1,12,12,04110,36,4110
74,22700,2,1,11,12,04101,36,4101
77,48800,2,1,14,15,03709,36,3709
72,24060,2,1,32,31,04011,36,4011
65,43800,1,1,8,7,04105,36,4105
68,209200,1,1,13,13,03806,36,3806
84,144300,2,1,17,18,03805,36,3805
77,15300,2,1,12,12,04014,36,4014
75,279300,1,1,17,17,04004,36,4004
72,48500,1,1,19,18,04008,36,4008
68,24900,1,1,10,11,04103,36,4103
94,85700,2,1,63,64,04004,36,4004
70,46800,1,1,16,15,03901,36,3901
68,157500,1,1,18,18,04103,36,4103
80,40500,1,1,16,16,04006,36,4006
81,22800,2,1,16,15,04010,36,4010
80,36300,2,1,17,16,04103,36,4103
70,127900,2,1,13,13,04107,36,4107
78,22600,1,1,10,10,04104,36,4104
65,32500,2,1,20,20,04103,36,4103
66,32400,1,1,17,17,04002,36,4002
71,112000,2,1,22,22,03810,36,3810
87,15000,1,1,18,18,03810,36,3810
83,220360,1,1,20,20,03806,36,3806
72,10500,2,1,21,21,03808,36,3808
73,41100,1,1,13,13,04107,36,4107
67,89010,1,1,26,26,04114,36,4114
85,16000,2,1,12,12,04104,36,4104
65,27000,2,1,29,28,04003,36,4003
74,13300,2,1,19,18,04016,36,4016
74,28100,1,1,10,11,04105,36,4105
72,4800,2,1,28,27,04112,36,4112
78,77000,2,1,18,18,03808,36,3808
70,19300,2,1,14,14,03809,36,3809
70,26900,2,1,22,22,04113,36,4113
71,28400,2,1,16,17,03709,36,3709
66,5320,1,1,16,17,04009,36,4009
68,31900,2,1,10,11,04103,36,4103
66,97000,2,1,29,28,04013,36,4013
68,26300,2,1,7,8,03702,36,3702
66,12000,2,1,20,20,03702,36,3702
94,387000,1,1,19,19,03805,36,3805
70,26000,2,1,12,13,04110,36,4110
66,21900,1,1,16,16,03702,36,3702
75,100700,2,1,12,12,04009,36,4009
74,45700,2,1,12,12,04104,36,4104
65,71300,2,1,54,53,03806,36,3806
76,23600,2,1,14,15,04104,36,4104
65,49000,2,1,10,10,04008,36,4008
78,36300,2,1,16,15,04016,36,4016
71,11000,1,1,14,15,03901,36,3901
78,18900,2,1,33,33,04102,36,4102
90,12000,2,1,16,15,04016,36,4016
79,41040,2,1,18,17,04110,36,4110
83,65700,2,1,14,13,04113,36,4113
73,13300,2,1,21,21,03902,36,3902
69,237000,2,1,12,13,04004,36,4004
66,191800,1,1,22,21,04104,36,4104
69,102300,2,1,6,7,04113,36,4113
66,8600,2,1,8,8,03704,36,3704
78,98600,1,1,12,12,04110,36,4110
78,16800,2,1,31,32,04012,36,4012
94,77100,2,1,12,11,03701,36,3701
74,65800,2,1,26,26,04103,36,4103
76,223300,1,1,68,68,03805,36,3805
65,188000,2,1,42,42,04103,36,4103
79,13200,2,1,22,22,03806,36,3806
94,17900,2,1,17,17,04110,36,4110
66,68000,1,1,41,41,04010,36,4010
78,10200,2,1,16,16,03703,36,3703
69,81200,1,1,34,34,04102,36,4102
69,49700,2,1,8,8,04013,36,4013
65,183500,2,1,13,13,03902,36,3902
81,10000,2,1,17,18,04114,36,4114
81,29200,1,1,23,23,04113,36,4113
70,73000,2,1,14,13,04005,36,4005
66,15500,1,1,25,25,04104,36,4104
70,23800,2,1,12,12,04112,36,4112
89,21600,2,1,20,19,04103,36,4103
81,63800,2,1,12,13,04111,36,4111
76,16100,2,1,31,31,04104,36,4104
85,54300,2,1,11,12,04018,36,4018
72,42000,1,1,14,14,03704,36,3704
69,376000,2,1,16,15,03807,36,3807
76,48300,2,1,16,16,04108,36,4108
71,50100,1,1,31,30,04010,36,4010
68,48200,2,1,17,18,04011,36,4011
69,27600,2,1,14,14,04105,36,4105
80,13200,2,1,29,30,04018,36,4018
82,24000,2,1,15,15,04009,36,4009
77,38050,1,1,13,13,04003,36,4003
69,177200,1,1,10,11,04017,36,4017
94,11000,2,1,16,16,04103,36,4103
67,0,2,1,14,14,03809,36,3809
66,31500,2,1,21,21,03703,36,3703
76,9000,2,1,8,8,04105,36,4105
79,195000,2,1,22,22,03805,36,3805
82,284000,1,1,24,24,03808,36,3808
80,87400,2,1,18,18,04009,36,4009
87,16700,2,1,19,19,04113,36,4113
67,45000,1,1,22,21,04018,36,4018
67,66650,2,1,5,4,04016,36,4016
73,77800,1,1,10,10,04015,36,4015
78,7700,2,1,16,17,04017,36,4017
65,42000,2,1,6,6,03902,36,3902
72,189000,2,1,14,14,04104,36,4104
68,33000,1,1,18,19,04002,36,4002
88,77300,2,1,40,41,04112,36,4112
72,31500,2,1,22,21,03807,36,3807
65,175000,1,1,24,25,04113,36,4113
71,12800,2,1,15,15,03901,36,3901
70,47000,1,1,25,25,04113,36,4113
94,27000,2,1,61,60,03810,36,3810
66,67200,2,1,20,20,04102,36,4102
65,124800,2,1,11,10,04001,36,4001
72,558200,1,1,17,17,04110,36,4110
77,32700,2,1,40,40,04017,36,4017
66,77710,1,1,26,26,03901,36,3901
65,53600,2,1,17,16,04010,36,4010
69,21800,1,1,18,18,04107,36,4107
80,58600,1,1,15,15,04109,36,4109
74,29900,2,1,11,11,04013,36,4013
71,18400,2,1,21,21,03902,36,3902
84,33800,2,1,5,5,04112,36,4112
74,59200,2,1,14,15,04009,36,4009
94,9600,2,1,19,19,04108,36,4108
82,85800,2,1,13,12,04105,36,4105
80,9900,2,1,18,18,04015,36,4015
67,67300,1,1,10,10,04113,36,4113
71,19900,2,1,15,15,04103,36,4103
72,41100,2,1,16,15,04016,36,4016
66,88000,1,1,13,13,03702,36,3702
72,86000,2,1,16,16,04018,36,4018
67,139300,2,1,36,35,04102,36,4102
76,93700,1,1,16,16,04104,36,4104
65,81900,2,1,27,26,04011,36,4011
79,62400,2,1,18,18,03804,36,3804
90,32000,2,1,17,16,03704,36,3704
77,26100,1,1,4,5,04112,36,4112
74,31400,1,1,12,12,04105,36,4105
82,19100,1,1,13,14,04008,36,4008
69,19700,2,1,18,19,04108,36,4108
73,80560,2,1,16,16,04107,36,4107
80,35500,2,1,14,14,04103,36,4103
65,10000,1,1,43,44,03709,36,3709
79,107800,2,1,22,22,03806,36,3806
73,25200,2,1,17,16,03703,36,3703
72,29400,2,1,11,11,04112,36,4112
74,162600,2,1,14,15,04114,36,4114
88,32000,2,1,16,15,04102,36,4102
77,1300,1,1,17,18,03703,36,3703
76,34900,2,1,16,16,04114,36,4114
68,8400,2,1,14,14,04009,36,4009
69,98800,2,1,12,12,04014,36,4014
94,69700,2,1,13,13,04103,36,4103
73,49200,2,1,17,17,04105,36,4105
75,179000,1,1,17,17,03806,36,3806
65,127730,1,1,4,5,04009,36,4009
73,44400,2,1,15,15,03704,36,3704
71,94900,2,1,8,8,04112,36,4112
70,48300,2,1,18,19,03805,36,3805
82,13200,2,1,8,7,04112,36,4112
65,18000,2,1,14,14,03709,36,3709
67,35900,2,1,19,19,04104,36,4104
68,67000,1,1,11,11,04103,36,4103
84,18000,2,1,15,15,03902,36,3902
66,211900,1,1,14,14,04005,36,4005
78,87300,1,1,38,38,04105,36,4105
71,152050,1,1,31,30,04003,36,4003
72,29990,1,1,33,33,04010,36,4010
73,62010,1,1,18,19,03808,36,3808
78,79600,2,1,9,9,04111,36,4111
80,25500,2,1,16,16,04105,36,4105
75,76000,2,1,6,6,04008,36,4008
69,28000,2,1,12,12,04009,36,4009
73,64000,1,1,28,27,04009,36,4009
80,26400,2,1,18,17,03701,36,3701
68,53400,2,1,27,27,04001,36,4001
82,29350,1,1,16,16,04008,36,4008
65,188300,1,1,8,8,04106,36,4106
74,26600,1,1,14,13,04009,36,4009
74,103100,2,1,35,35,03803,36,3803
75,52000,1,1,20,20,03806,36,3806
65,140800,2,1,23,23,03702,36,3702
69,11500,2,1,30,30,04112,36,4112
76,34800,1,1,52,51,03901,36,3901
75,41200,2,1,11,10,04113,36,4113
69,99120,2,1,14,13,04111,36,4111
70,54100,1,1,18,17,03901,36,3901
94,16000,2,1,13,13,04112,36,4112
85,10500,2,1,17,18,04102,36,4102
67,66300,1,1,12,12,04104,36,4104
70,65600,1,1,15,16,04103,36,4103
71,101580,1,1,8,8,04013,36,4013
88,16500,2,1,8,9,04102,36,4102
81,41500,2,1,17,17,03701,36,3701
74,232400,2,1,16,16,04103,36,4103
77,82000,2,1,20,20,04103,36,4103
69,72200,1,1,15,15,04016,36,4016
86,64800,2,1,12,12,03702,36,3702
77,22400,2,1,44,44,03703,36,3703
81,10300,2,1,17,17,04012,36,4012
78,53300,2,1,16,16,04016,36,4016
82,16800,2,1,14,14,04017,36,4017
83,27000,2,1,17,18,03808,36,3808
68,992800,1,1,18,17,03810,36,3810
69,13800,1,1,14,14,04103,36,4103
66,24700,1,1,14,15,03901,36,3901
76,6300,2,1,13,13,03901,36,3901
76,23600,2,1,9,10,04016,36,4016
84,74000,2,1,17,17,04012,36,4012
73,40800,2,1,16,15,04018,36,4018
90,16000,2,1,14,14,03709,36,3709
67,69000,1,1,56,55,03710,36,3710
68,21000,2,1,15,15,04010,36,4010
78,37200,1,1,12,12,04109,36,4109
84,29000,1,1,18,17,04108,36,4108
68,21300,2,1,15,15,03803,36,3803
74,66000,2,1,16,15,04106,36,4106
82,167000,2,1,27,26,04003,36,4003
77,265500,1,1,20,20,03810,36,3810
84,55100,2,1,18,17,04105,36,4105
69,129200,2,1,13,13,04112,36,4112
81,23700,2,1,20,19,03901,36,3901
71,6000,1,1,18,18,04010,36,4010
85,240100,2,1,12,12,04106,36,4106
75,148900,1,1,26,26,03805,36,3805
66,52000,2,1,16,16,03801,36,3801
77,31000,2,1,41,41,04101,36,4101
69,73200,2,1,19,19,03807,36,3807
66,59940,2,1,20,19,04103,36,4103
74,30000,1,1,34,35,04016,36,4016
69,27300,2,1,23,23,04103,36,4103
73,42000,1,1,14,14,04006,36,4006
75,23700,2,1,15,15,03903,36,3903
77,13300,2,1,17,17,03901,36,3901
69,92100,2,1,16,16,03903,36,3903
67,32800,2,1,15,14,04111,36,4111
66,80000,1,1,15,15,03701,36,3701
66,190800,1,1,20,19,03704,36,3704
71,27600,2,1,18,17,04102,36,4102
71,11000,2,1,18,19,04102,36,4102
65,12000,1,1,22,22,04113,36,4113
72,122600,1,1,15,14,03902,36,3902
76,115100,1,1,14,13,04103,36,4103
71,12850,2,1,62,63,03806,36,3806
68,222000,2,1,13,13,04013,36,4013
75,148900,2,1,16,16,04109,36,4109
73,79100,2,1,12,13,04109,36,4109
73,14200,1,1,19,19,04107,36,4107
72,12900,2,1,16,16,03901,36,3901
70,21800,1,1,20,20,03901,36,3901
67,41800,2,1,11,10,04110,36,4110
76,106200,2,1,71,71,03703,36,3703
81,7200,2,1,43,44,04105,36,4105
85,179540,2,1,19,19,04108,36,4108
75,36000,2,1,34,34,03702,36,3702
68,29900,1,1,23,22,04105,36,4105
81,22600,2,1,14,14,04110,36,4110
67,159400,1,1,8,7,04004,36,4004
65,32700,2,1,13,13,04012,36,4012
76,18400,2,1,17,17,03703,36,3703
70,75500,1,1,15,15,04105,36,4105
94,21610,2,1,15,14,04104,36,4104
75,20400,2,1,15,15,04103,36,4103
80,79100,2,1,13,13,04011,36,4011
84,20400,1,1,19,18,04010,36,4010
65,83100,2,1,15,15,04011,36,4011
71,16500,2,1,20,21,04103,36,4103
85,107800,2,1,15,15,04012,36,4012
74,49400,2,1,18,18,04102,36,4102
68,118200,2,1,31,31,04006,36,4006
69,186000,1,1,22,22,04007,36,4007
71,110100,2,1,15,15,04105,36,4105
84,32000,2,1,8,8,04103,36,4103
68,15000,2,1,25,25,04014,36,4014
75,45000,2,1,29,28,04008,36,4008
78,8700,2,1,15,15,04014,36,4014
94,130000,2,1,22,21,03806,36,3806
80,25700,2,1,17,17,04106,36,4106
76,20500,1,1,12,13,04105,36,4105
68,76100,1,1,26,26,04011,36,4011
72,13800,1,1,18,18,04006,36,4006
85,21100,1,1,14,14,03902,36,3902
65,49300,2,1,16,17,04113,36,4113
71,79900,1,1,10,10,04009,36,4009
94,44200,2,1,31,31,03805,36,3805
65,258100,2,1,20,19,03805,36,3805
76,271800,2,1,10,10,04108,36,4108
84,44600,2,1,24,24,04018,36,4018
94,25400,2,1,18,17,04105,36,4105
79,59700,2,1,44,44,03703,36,3703
66,61900,1,1,18,17,03704,36,3704
69,60530,1,1,17,17,04110,36,4110
71,11000,2,1,48,48,04008,36,4008
94,46900,2,1,9,9,04015,36,4015
82,123400,2,1,19,19,04002,36,4002
76,17800,2,1,12,12,04009,36,4009
70,90750,2,1,13,14,04012,36,4012
69,57200,1,1,13,13,03901,36,3901
71,16200,2,1,29,29,04009,36,4009
71,51900,1,1,6,6,03902,36,3902
69,137400,2,1,24,23,03808,36,3808
74,49900,1,1,22,23,03703,36,3703
76,72100,1,1,12,13,04017,36,4017
72,106000,2,1,19,19,03810,36,3810
73,63700,2,1,16,16,04111,36,4111
94,18600,2,1,12,13,04110,36,4110
68,72700,1,1,11,11,03704,36,3704
65,38600,2,1,2,2,04109,36,4109
73,82700,1,1,26,26,04104,36,4104
79,53400,2,1,27,27,04105,36,4105
65,47600,1,1,31,30,04016,36,4016
82,48670,2,1,23,23,04105,36,4105
83,28700,1,1,34,35,04105,36,4105
82,26200,2,1,18,19,03903,36,3903
71,20300,1,1,17,16,03901,36,3901
67,119000,2,1,19,19,03805,36,3805
80,42000,2,1,14,13,03806,36,3806
66,93800,1,1,10,11,04014,36,4014
73,55600,2,1,11,11,04108,36,4108
71,84900,2,1,43,44,04109,36,4109
69,56600,1,1,22,21,03806,36,3806
82,43700,2,1,12,12,03709,36,3709
77,31690,2,1,15,15,03702,36,3702
72,19600,2,1,6,5,04104,36,4104
83,21700,2,1,21,21,04105,36,4105
77,5700,2,1,21,21,04105,36,4105
94,36000,2,1,18,19,03805,36,3805
66,69500,2,1,35,34,03702,36,3702
81,31470,2,1,17,18,03901,36,3901
73,209000,1,1,11,10,04001,36,4001
76,42700,2,1,5,5,04101,36,4101
81,18800,1,1,17,18,04006,36,4006
73,59004,2,1,19,20,04017,36,4017
68,99600,2,1,32,32,04110,36,4110
75,34500,2,1,14,14,04109,36,4109
90,15100,2,1,27,27,03703,36,3703
75,67100,2,1,20,20,03807,36,3807
77,118180,2,1,18,19,04103,36,4103
67,134100,2,1,24,24,03901,36,3901
78,71000,2,1,15,15,04110,36,4110
72,122120,2,1,11,11,04106,36,4106
80,12500,2,1,53,54,03902,36,3902
78,38000,1,1,26,26,03808,36,3808
74,134400,1,1,25,25,03709,36,3709
67,9200,1,1,11,10,04016,36,4016
65,67200,2,1,14,14,04103,36,4103
94,54000,2,1,14,14,04107,36,4107
67,12000,2,1,8,7,04002,36,4002
77,84850,2,1,8,8,04113,36,4113
71,43400,2,1,6,5,04105,36,4105
67,34500,1,1,16,16,04103,36,4103
70,127500,2,1,14,14,04005,36,4005
80,115000,2,1,18,17,04103,36,4103
77,23100,2,1,17,18,04103,36,4103
71,5120,2,1,9,9,04112,36,4112
82,60700,2,1,15,15,04014,36,4014
67,361400,2,1,19,20,04105,36,4105
74,45200,2,1,10,9,04107,36,4107
78,23330,2,1,21,21,04107,36,4107
70,76560,2,1,11,10,04016,36,4016
65,512000,1,1,16,16,03804,36,3804
72,138640,1,1,29,29,04010,36,4010
66,52200,1,1,34,34,04010,36,4010
75,31300,2,1,19,19,04105,36,4105
73,5500,2,1,12,13,04108,36,4108
80,69200,2,1,15,15,04008,36,4008
67,158000,2,1,15,15,04104,36,4104
83,15500,2,1,20,21,04112,36,4112
79,18100,2,1,15,16,04105,36,4105
77,48090,2,1,17,17,04101,36,4101
73,19200,2,1,14,14,04101,36,4101
72,141400,2,1,19,19,04006,36,4006
75,54520,1,1,14,14,04112,36,4112
89,30000,2,1,9,9,04111,36,4111
81,9900,2,1,15,16,04009,36,4009
70,32000,1,1,21,22,03805,36,3805
76,32300,2,1,14,14,04110,36,4110
72,59700,1,1,10,10,04113,36,4113
89,37200,1,1,18,19,03805,36,3805
76,35300,2,1,39,40,04113,36,4113
66,54000,2,1,19,19,04113,36,4113
68,28400,2,1,25,25,03703,36,3703
94,22000,2,1,16,17,03704,36,3704
65,65000,1,1,27,27,04016,36,4016
66,26000,2,1,15,15,04109,36,4109
84,10900,2,1,23,23,04113,36,4113
77,113650,1,1,58,59,04010,36,4010
66,86600,2,1,11,10,04110,36,4110
77,60000,2,1,12,11,03703,36,3703
87,11300,2,1,19,19,03802,36,3802
69,76800,1,1,8,8,04105,36,4105
67,79300,2,1,20,21,04101,36,4101
70,100900,2,1,18,18,04103,36,4103
89,21500,2,1,24,24,04009,36,4009
72,42600,2,1,14,14,04108,36,4108
67,217800,1,1,13,12,04108,36,4108
70,146000,2,1,11,12,04113,36,4113
89,19700,2,1,19,19,04105,36,4105
70,33700,2,1,15,15,04016,36,4016
88,22200,2,1,14,14,03809,36,3809
81,21500,2,1,17,18,03704,36,3704
66,190500,2,1,14,15,03807,36,3807
65,112580,2,1,14,14,03903,36,3903
69,27800,2,1,23,23,04103,36,4103
83,30000,2,1,13,12,04110,36,4110
70,58200,2,1,13,13,03902,36,3902
77,29700,1,1,23,23,04105,36,4105
79,72400,2,1,22,22,03901,36,3901
75,37200,2,1,12,12,04017,36,4017
89,40000,2,1,21,21,03902,36,3902
69,137900,1,1,13,13,04105,36,4105
67,23000,2,1,10,11,04017,36,4017
69,145000,2,1,14,14,03805,36,3805
85,15430,2,1,14,14,04105,36,4105
75,12000,1,1,14,14,04010,36,4010
94,10700,2,1,21,21,04107,36,4107
71,22400,2,1,15,15,04016,36,4016
66,12100,2,1,14,14,04018,36,4018
83,127000,2,1,19,20,04103,36,4103
73,39600,2,1,16,15,04101,36,4101
75,17600,2,1,14,14,04109,36,4109
70,25200,2,1,13,14,04104,36,4104
80,62000,2,1,19,18,03901,36,3901
86,50400,1,1,12,13,04014,36,4014
78,28000,1,1,15,15,03903,36,3903
84,21100,2,1,23,23,03810,36,3810
78,1400,2,1,14,15,03703,36,3703
66,26700,2,1,17,17,03703,36,3703
74,85800,2,1,14,14,03709,36,3709
71,40800,2,1,25,26,04009,36,4009
70,149170,1,1,13,13,04112,36,4112
78,29000,2,1,18,17,03709,36,3709
65,20200,1,1,13,13,04007,36,4007
70,184750,2,1,11,11,04013,36,4013
80,64100,2,1,15,16,03705,36,3705
78,61000,1,1,15,15,03810,36,3810
84,123100,2,1,20,20,04108,36,4108
65,7810,2,1,32,32,04108,36,4108
80,63000,2,1,13,13,03901,36,3901
69,241500,2,1,16,16,04016,36,4016
76,19200,2,1,19,19,03703,36,3703
74,18400,1,1,12,12,04014,36,4014
70,289600,1,1,25,25,03810,36,3810
69,214200,1,1,17,17,04110,36,4110
86,18700,2,1,13,13,03901,36,3901
80,13900,2,1,20,20,04106,36,4106
69,12000,1,1,52,52,03703,36,3703
76,28600,2,1,18,18,04104,36,4104
75,163500,1,1,15,16,04101,36,4101
78,33000,2,1,44,44,04103,36,4103
65,40800,2,1,13,13,03903,36,3903
88,3600,2,1,22,21,03901,36,3901
87,20000,2,1,13,14,04110,36,4110
75,5200,2,1,14,14,04110,36,4110
65,92900,2,1,15,15,04114,36,4114
84,23000,2,1,19,20,04103,36,4103
76,16200,2,1,16,16,04009,36,4009
70,63400,1,1,16,16,03807,36,3807
69,191400,2,1,5,5,04105,36,4105
69,92840,2,1,20,20,03702,36,3702
68,53500,1,1,69,69,04009,36,4009
69,28100,1,1,18,17,04112,36,4112
71,35400,2,1,16,16,04106,36,4106
78,123900,2,1,16,16,04014,36,4014
80,66000,2,1,12,12,04110,36,4110
76,47700,2,1,55,55,04004,36,4004
84,78400,2,1,34,35,03703,36,3703
74,24700,2,1,15,15,04104,36,4104
76,65400,2,1,6,6,03902,36,3902
85,40000,2,1,39,39,04106,36,4106
80,190700,2,1,71,72,04103,36,4103
72,165800,1,1,26,26,04106,36,4106
65,382000,1,1,23,23,03807,36,3807
69,115800,1,1,24,24,03802,36,3802
73,55500,2,1,32,32,04105,36,4105
81,29700,2,1,11,10,04009,36,4009
80,100030,2,1,5,4,04018,36,4018
75,96000,2,1,3,3,04103,36,4103
74,88900,2,1,17,17,04105,36,4105
67,49100,1,1,10,10,03704,36,3704
73,54500,2,1,19,18,04103,36,4103
69,22000,2,1,15,15,04105,36,4105
90,40000,2,1,16,17,04114,36,4114
76,34130,2,1,13,13,04104,36,4104
76,73000,2,1,66,66,03808,36,3808
90,25500,2,1,17,16,04015,36,4015
72,51000,2,1,42,42,03808,36,3808
67,60140,2,1,5,5,04109,36,4109
68,38600,1,1,21,21,04017,36,4017
67,54900,1,1,20,20,03701,36,3701
66,31700,1,1,12,13,04111,36,4111
69,23400,2,1,23,23,04013,36,4013
68,25610,1,1,18,18,04104,36,4104
84,12000,2,1,26,26,04101,36,4101
82,25200,2,1,27,27,04016,36,4016
73,41500,2,1,17,17,03701,36,3701
66,69300,2,1,8,8,04004,36,4004
82,15600,2,1,18,17,04104,36,4104
83,77400,2,1,14,13,04015,36,4015
65,345250,1,1,22,22,03806,36,3806
70,66770,2,1,10,10,04107,36,4107
75,50000,1,1,21,21,04016,36,4016
67,16000,1,1,23,23,03808,36,3808
79,56350,2,1,69,69,04004,36,4004
65,166700,1,1,17,17,04105,36,4105
65,101500,1,1,18,18,04106,36,4106
65,6000,2,1,11,11,04016,36,4016
80,44930,1,1,17,17,03806,36,3806
68,126800,1,1,16,16,04105,36,4105
80,109000,1,1,10,11,03808,36,3808
73,73001,2,1,17,16,04016,36,4016
68,29600,1,1,9,10,03903,36,3903
71,66800,2,1,32,32,04114,36,4114
70,53400,2,1,10,10,04101,36,4101
70,181250,1,1,10,11,04017,36,4017
72,68000,1,1,14,14,04013,36,4013
66,42600,2,1,13,13,03902,36,3902
76,30900,2,1,28,28,04106,36,4106
78,12600,2,1,8,9,04111,36,4111
74,65500,2,1,56,55,04009,36,4009
73,268600,1,1,14,14,04112,36,4112
78,104900,2,1,11,11,04110,36,4110
71,25300,2,1,16,16,04006,36,4006
87,77400,2,1,10,11,03701,36,3701
65,240580,1,1,17,17,03902,36,3902
87,34500,1,1,15,15,04103,36,4103
67,46300,1,1,55,55,04112,36,4112
65,3900,2,1,12,13,03903,36,3903
68,19800,2,1,12,12,04015,36,4015
87,22200,2,1,10,11,03702,36,3702
76,87500,2,1,15,15,04101,36,4101
72,88000,1,1,28,28,04112,36,4112
74,18300,1,1,20,20,03709,36,3709
87,37600,2,1,22,22,04113,36,4113
65,47100,2,1,34,33,04107,36,4107
65,83820,1,1,7,8,04107,36,4107
66,115200,1,1,13,14,03703,36,3703
85,10000,2,1,14,14,03809,36,3809
68,29300,1,1,11,11,04017,36,4017
69,120600,1,1,3,4,04104,36,4104
71,69200,2,1,12,12,04013,36,4013
68,10900,2,1,16,16,04002,36,4002
78,5600,1,1,12,13,03901,36,3901
74,16900,1,1,24,23,03702,36,3702
75,17800,2,1,11,11,04102,36,4102
66,158500,1,1,22,22,03902,36,3902
68,91000,2,1,18,18,04109,36,4109
79,195000,2,1,13,14,04016,36,4016
65,66900,2,1,15,16,04010,36,4010
68,73400,1,1,15,14,04009,36,4009
73,85500,2,1,18,18,03901,36,3901
83,8000,2,1,13,13,04102,36,4102
79,10200,2,1,17,17,04113,36,4113
65,62000,1,1,17,17,04003,36,4003
76,22200,2,1,10,10,03705,36,3705
68,46790,2,1,60,61,03703,36,3703
71,564700,2,1,18,18,03802,36,3802
76,7900,2,1,14,14,04016,36,4016
78,37900,2,1,17,16,04103,36,4103
81,82500,2,1,13,13,04114,36,4114
71,52450,1,1,18,18,04012,36,4012
68,121400,2,1,14,14,04015,36,4015
77,133720,2,1,10,10,04018,36,4018
77,87200,2,1,17,16,03806,36,3806
68,37500,2,1,3,3,04112,36,4112
74,51800,1,1,12,12,04112,36,4112
73,184600,2,1,14,14,04108,36,4108
78,11200,2,1,13,13,03809,36,3809
86,32400,2,1,11,11,04017,36,4017
80,173000,2,1,12,12,04013,36,4013
82,16000,1,1,17,18,04113,36,4113
67,189000,2,1,16,15,03808,36,3808
71,11700,2,1,16,16,04103,36,4103
78,39400,2,1,21,21,04110,36,4110
84,24000,2,1,16,16,04105,36,4105
70,88900,2,1,9,10,04016,36,4016
81,36770,2,1,12,12,04013,36,4013
67,12000,1,1,31,32,04011,36,4011
87,15600,2,1,10,11,04104,36,4104
79,63000,2,1,22,22,03810,36,3810
76,40000,2,1,16,15,04104,36,4104
69,182500,2,1,10,9,04105,36,4105
76,136500,2,1,16,15,04013,36,4013
68,50000,2,1,17,17,04105,36,4105
83,21800,2,1,17,16,04112,36,4112
83,67300,2,1,13,13,04103,36,4103
77,49500,2,1,21,20,03806,36,3806
78,97000,2,1,18,18,04103,36,4103
75,8300,2,1,19,18,04015,36,4015
70,44200,2,1,66,66,04106,36,4106
81,22500,2,1,16,15,04104,36,4104
76,20100,2,1,18,18,04001,36,4001
74,26000,2,1,13,13,04017,36,4017
88,16200,2,1,17,17,04103,36,4103
86,50100,2,1,3,3,04103,36,4103
70,110900,2,1,16,16,04114,36,4114
74,21590,2,1,14,14,04110,36,4110
77,47800,2,1,16,16,03901,36,3901
77,15000,2,1,16,16,04006,36,4006
77,50000,2,1,13,14,04017,36,4017
70,61800,1,1,12,12,04108,36,4108
80,36220,2,1,32,33,04003,36,4003
78,50700,2,1,19,19,03704,36,3704
74,71601,2,1,19,20,03806,36,3806
65,60000,2,1,17,17,03806,36,3806
75,43600,1,1,17,18,04105,36,4105
82,34000,1,1,19,19,03810,36,3810
87,1000,2,1,14,14,03805,36,3805
69,154830,2,1,9,9,04014,36,4014
83,30000,2,1,13,13,04105,36,4105
81,36700,2,1,17,16,04114,36,4114
68,34000,1,1,17,18,03901,36,3901
79,95000,2,1,35,36,04015,36,4015
81,20500,2,1,11,11,04017,36,4017
83,81000,2,1,26,26,03806,36,3806
76,16700,2,1,12,12,04103,36,4103
71,18900,2,1,18,17,03702,36,3702
89,22000,2,1,14,14,04111,36,4111
82,18400,2,1,29,28,04007,36,4007
68,33300,2,1,25,24,04017,36,4017
78,21000,2,1,20,21,04102,36,4102
72,93000,1,1,32,31,04112,36,4112
73,103100,2,1,17,18,03703,36,3703
84,32300,2,1,11,11,04108,36,4108
77,149190,1,1,14,14,03709,36,3709
65,8200,2,1,13,12,04104,36,4104
82,13200,2,1,32,33,04007,36,4007
75,15300,2,1,14,14,04017,36,4017
65,57700,2,1,24,23,03808,36,3808
78,41000,2,1,16,16,04103,36,4103
68,36700,1,1,21,22,03903,36,3903
67,48600,1,1,13,13,04104,36,4104
81,65000,2,1,14,14,03806,36,3806
68,193400,1,1,22,21,03806,36,3806
75,21000,2,1,51,52,03902,36,3902
70,41100,2,1,15,15,04104,36,4104
84,43000,2,1,19,19,04105,36,4105
73,27900,2,1,23,24,03703,36,3703
70,132000,2,1,26,26,04112,36,4112
67,19440,2,1,26,26,03805,36,3805
94,13000,2,1,13,13,04104,36,4104
65,278300,1,1,15,15,03805,36,3805
69,232600,2,1,15,15,04105,36,4105
81,62900,2,1,12,12,04017,36,4017
73,29000,1,1,16,17,03704,36,3704
70,83900,2,1,14,14,04012,36,4012
77,393000,1,1,21,21,03806,36,3806
80,30300,2,1,15,15,04114,36,4114
72,160000,2,1,15,15,04101,36,4101
85,53600,2,1,16,15,04016,36,4016
76,45700,1,1,14,14,04016,36,4016
81,23200,2,1,19,19,04101,36,4101
70,26900,2,1,21,21,04113,36,4113
70,13000,1,1,27,28,04018,36,4018
67,100100,2,1,17,17,04108,36,4108
66,47700,2,1,17,16,03902,36,3902
69,12700,1,1,13,13,04009,36,4009
72,72600,2,1,33,33,04013,36,4013
72,30000,2,1,15,16,04103,36,4103
74,46200,2,1,9,10,04110,36,4110
70,164460,1,1,35,35,04112,36,4112
67,85300,2,1,21,21,04104,36,4104
79,102800,1,1,17,17,03810,36,3810
75,44400,1,1,15,15,03903,36,3903
70,50400,1,1,12,12,03902,36,3902
79,50500,2,1,20,19,04102,36,4102
77,19000,2,1,16,15,04109,36,4109
70,321100,1,1,16,17,03805,36,3805
76,74800,1,1,21,21,04103,36,4103
79,154500,2,1,14,15,03810,36,3810
66,25900,1,1,25,25,03806,36,3806
75,47400,2,1,10,10,04104,36,4104
72,29300,2,1,13,13,04109,36,4109
75,185800,1,1,18,18,03805,36,3805
89,49100,1,1,28,27,04112,36,4112
69,17800,1,1,38,39,04104,36,4104
86,113100,1,1,38,38,04010,36,4010
90,11800,2,1,13,13,04014,36,4014
65,16200,2,1,16,15,04014,36,4014
74,270000,1,1,11,11,04110,36,4110
71,13800,2,1,42,42,03903,36,3903
72,21400,2,1,13,13,04110,36,4110
75,12000,2,1,18,19,03703,36,3703
83,35800,2,1,21,21,04103,36,4103
89,80500,2,1,11,11,04113,36,4113
86,31000,2,1,13,13,04014,36,4014
85,12000,2,1,15,15,04108,36,4108
69,94200,2,1,17,17,03703,36,3703
81,60400,2,1,14,14,04102,36,4102
75,148500,2,1,18,18,04106,36,4106
72,18800,2,1,27,26,04112,36,4112
67,19000,2,1,13,13,03809,36,3809
67,194900,1,1,21,21,03806,36,3806
80,11300,2,1,16,16,04103,36,4103
66,2400,2,1,10,11,04016,36,4016
78,32800,2,1,16,16,04108,36,4108
66,48300,1,1,22,22,03702,36,3702
89,78000,2,1,16,17,04014,36,4014
94,26300,1,1,17,17,03806,36,3806
68,119100,1,1,13,14,04009,36,4009
85,54440,2,1,11,11,04110,36,4110
69,45100,1,1,4,4,04009,36,4009
70,9310,2,1,21,21,04103,36,4103
75,13900,2,1,37,37,04103,36,4103
81,73600,2,1,9,9,04106,36,4106
76,24300,2,1,13,14,03902,36,3902
79,194400,2,1,13,13,03702,36,3702
74,22200,1,1,33,33,03706,36,3706
94,108380,2,1,14,13,04018,36,4018
81,20000,2,1,12,12,04110,36,4110
67,24850,2,1,14,14,04113,36,4113
75,187046,2,1,13,12,04016,36,4016
69,11500,2,1,12,13,04105,36,4105
73,53600,2,1,22,21,03901,36,3901
88,20600,2,1,17,17,03901,36,3901
81,11780,1,1,20,20,04110,36,4110
71,46800,1,1,13,14,03709,36,3709
79,18800,2,1,13,14,04106,36,4106
90,59800,2,1,13,13,04103,36,4103
65,52300,2,1,13,12,04016,36,4016
77,60020,2,1,20,21,04005,36,4005
81,51500,2,1,15,15,04106,36,4106
72,88400,2,1,13,13,04013,36,4013
88,16200,2,1,15,14,04112,36,4112
78,35400,2,1,14,14,04104,36,4104
67,175800,1,1,15,15,04009,36,4009
66,106200,1,1,15,15,04101,36,4101
67,45900,2,1,15,16,04113,36,4113
94,20900,2,1,16,16,03805,36,3805
79,112700,2,1,21,21,04103,36,4103
67,32900,2,1,12,13,04005,36,4005
84,29100,2,1,15,16,04017,36,4017
83,17500,2,1,13,13,04114,36,4114
65,27500,1,1,11,11,04013,36,4013
66,7800,2,1,18,18,03706,36,3706
66,19400,2,1,16,17,03902,36,3902
79,90900,2,1,19,19,04013,36,4013
87,44800,2,1,13,14,04110,36,4110
80,412000,2,1,24,24,03806,36,3806
75,19800,2,1,12,13,04110,36,4110
73,48400,2,1,27,27,04017,36,4017
68,26000,1,1,16,16,04009,36,4009
90,106300,2,1,13,13,04003,36,4003
72,81000,1,1,14,13,04016,36,4016
68,85000,2,1,12,11,03809,36,3809
83,1600,2,1,11,12,04108,36,4108
88,32600,2,1,18,18,03805,36,3805
85,23300,2,1,75,75,04108,36,4108
78,43000,2,1,21,20,03703,36,3703
68,43700,1,1,10,10,04104,36,4104
90,7200,2,1,15,15,04101,36,4101
73,53800,1,1,21,22,04110,36,4110
69,100000,2,1,74,74,03808,36,3808
66,209200,1,1,12,12,04111,36,4111
65,99000,2,1,10,10,04107,36,4107
76,33000,2,1,21,21,03902,36,3902
86,201200,2,1,12,12,04114,36,4114
65,163000,1,1,11,10,04111,36,4111
65,404100,2,1,17,16,03805,36,3805
76,23200,1,1,16,15,04009,36,4009
80,18800,2,1,27,28,04003,36,4003
78,23300,2,1,25,25,04105,36,4105
68,759000,2,1,17,17,03805,36,3805
78,10200,2,1,16,15,04009,36,4009
76,33500,2,1,17,18,03901,36,3901
73,206500,1,1,13,14,03806,36,3806
80,205200,1,1,51,51,03805,36,3805
75,14400,2,1,15,15,04011,36,4011
72,32400,2,1,11,12,04112,36,4112
72,124200,1,1,30,30,03704,36,3704
80,37500,2,1,19,20,04104,36,4104
68,35000,2,1,20,20,04105,36,4105
71,77000,1,1,12,12,04009,36,4009
94,21700,2,1,13,13,04012,36,4012
75,111730,2,1,18,18,04002,36,4002
86,459800,2,1,16,16,03805,36,3805
70,11560,1,1,14,14,03702,36,3702
81,18200,2,1,23,23,03702,36,3702
68,32600,2,1,15,15,03709,36,3709
74,41000,2,1,20,20,04009,36,4009
76,132100,2,1,11,11,04016,36,4016
84,40000,1,1,10,10,04110,36,4110
67,22300,1,1,15,15,04016,36,4016
65,100900,1,1,10,10,03703,36,3703
77,86400,2,1,18,18,04106,36,4106
84,190100,2,1,16,16,04102,36,4102
65,184000,1,1,10,11,04001,36,4001
87,33600,2,1,19,20,04105,36,4105
69,67300,1,1,13,13,04112,36,4112
76,67200,2,1,23,22,04111,36,4111
66,52600,2,1,25,25,03703,36,3703
65,72000,1,1,16,16,04114,36,4114
79,94600,1,1,16,16,04002,36,4002
66,44700,1,1,15,15,04016,36,4016
94,235900,2,1,12,13,04104,36,4104
73,27600,2,1,16,16,03701,36,3701
85,110100,2,1,14,14,04013,36,4013
71,50700,2,1,31,31,04102,36,4102
72,27700,2,1,15,15,04106,36,4106
88,12000,2,1,15,15,03902,36,3902
77,10500,2,1,15,15,04008,36,4008
66,151400,2,1,23,23,03902,36,3902
78,72500,2,1,16,15,03809,36,3809
65,67000,2,1,6,6,03805,36,3805
70,67200,2,1,39,40,04012,36,4012
75,81200,2,1,46,47,03702,36,3702
89,118700,2,1,16,17,04110,36,4110
85,16000,2,1,21,20,03901,36,3901
65,76200,1,1,12,12,04010,36,4010
68,42000,2,1,46,46,03805,36,3805
82,40000,2,1,15,15,04110,36,4110
94,30000,1,1,26,26,03702,36,3702
65,133500,1,1,14,13,04016,36,4016
72,163800,2,1,24,24,04004,36,4004
67,204000,1,1,17,17,04005,36,4005
67,149650,2,1,9,10,04018,36,4018
66,72000,1,1,12,12,03709,36,3709
89,8000,2,1,31,32,04016,36,4016
84,19300,2,1,15,15,04110,36,4110
85,18000,2,1,12,12,04104,36,4104
75,101500,1,1,23,23,03808,36,3808
76,21300,2,1,26,26,04014,36,4014
67,53400,1,1,28,28,04012,36,4012
68,128900,1,1,11,12,03902,36,3902
89,65600,2,1,15,15,03903,36,3903
67,130000,2,1,18,18,04106,36,4106
66,124000,1,1,37,38,03901,36,3901
82,15000,2,1,17,16,04103,36,4103
77,19500,2,1,18,18,04105,36,4105
90,6000,2,1,18,18,03702,36,3702
69,65700,2,1,18,19,04103,36,4103
83,36200,2,1,18,18,04109,36,4109
73,14500,2,1,11,10,04113,36,4113
83,42100,2,1,12,12,04114,36,4114
75,30,2,1,16,16,03901,36,3901
84,61700,1,1,21,21,03808,36,3808
76,35000,2,1,12,12,04009,36,4009
78,173000,2,1,13,12,03807,36,3807
81,60000,2,1,15,14,03705,36,3705
77,167000,1,1,25,26,04105,36,4105
72,38600,2,1,16,16,03808,36,3808
80,54500,2,1,16,16,03902,36,3902
70,49600,2,1,14,13,03902,36,3902
82,122840,2,1,11,11,03710,36,3710
88,31000,1,1,21,21,03805,36,3805
71,95000,1,1,16,16,04103,36,4103
65,215000,1,1,7,7,03701,36,3701
66,139100,1,1,9,9,04014,36,4014
77,15880,2,1,13,12,04111,36,4111
67,21200,2,1,16,16,03804,36,3804
73,92400,2,1,13,13,04014,36,4014
81,16000,2,1,13,12,04108,36,4108
85,340300,2,1,10,10,03807,36,3807
72,155900,2,1,12,12,04104,36,4104
70,65000,1,1,21,21,03806,36,3806
76,50000,1,1,16,16,04114,36,4114
78,69800,2,1,11,12,04104,36,4104
74,72500,2,1,15,15,04110,36,4110
78,21000,2,1,12,12,04013,36,4013
89,44900,2,1,20,21,04103,36,4103
73,12200,2,1,29,29,04009,36,4009
86,87000,1,1,9,8,04013,36,4013
68,37000,1,1,13,12,04018,36,4018
65,9400,1,1,12,11,03704,36,3704
87,19300,2,1,13,13,04109,36,4109
78,64800,2,1,16,15,04102,36,4102
86,20200,2,1,20,20,03808,36,3808
67,117800,2,1,39,40,04112,36,4112
68,71500,2,1,12,12,04009,36,4009
72,30100,2,1,11,11,04015,36,4015
79,60000,2,1,46,46,04017,36,4017
77,51200,2,1,14,15,04108,36,4108
70,52200,2,1,31,30,04009,36,4009
79,140000,2,1,12,12,03810,36,3810
87,84800,2,1,13,13,04101,36,4101
84,40900,1,1,18,17,04001,36,4001
67,13700,2,1,35,34,04012,36,4012
81,38200,2,1,17,18,04108,36,4108
81,33700,2,1,15,15,04104,36,4104
67,142600,2,1,17,17,04103,36,4103
70,98500,2,1,20,20,03903,36,3903
94,72200,2,1,15,15,04017,36,4017
75,10330,2,1,43,42,04113,36,4113
72,72800,1,1,22,21,03701,36,3701
79,78700,2,1,6,5,04111,36,4111
65,54000,2,1,26,26,03902,36,3902
78,30000,2,1,27,27,04102,36,4102
67,48300,2,1,15,15,04012,36,4012
85,26910,2,1,11,10,04112,36,4112
81,65300,2,1,36,36,04014,36,4014
77,62000,2,1,7,7,04008,36,4008
79,651000,2,1,45,45,03810,36,3810
67,49500,2,1,30,29,03903,36,3903
70,20000,2,1,14,14,03805,36,3805
75,313600,2,1,13,13,04114,36,4114
73,75200,2,1,16,16,04114,36,4114
76,16900,2,1,32,33,04012,36,4012
77,13100,2,1,38,38,04017,36,4017
66,36900,2,1,36,36,04013,36,4013
90,4800,2,1,15,16,03903,36,3903
70,53700,2,1,24,23,04016,36,4016
78,15100,2,1,17,17,04105,36,4105
67,147000,1,1,10,11,04101,36,4101
81,18500,2,1,12,12,04110,36,4110
71,25600,2,1,12,13,04114,36,4114
77,31700,2,1,18,18,03903,36,3903
78,97098,1,1,20,20,03709,36,3709
83,219600,2,1,14,14,04108,36,4108
81,20000,2,1,40,40,04003,36,4003
76,28000,2,1,11,11,04101,36,4101
68,50000,1,1,23,23,03702,36,3702
69,41600,2,1,27,26,04014,36,4014
81,38900,2,1,15,15,04017,36,4017
72,217600,2,1,27,27,03701,36,3701
94,49000,2,1,13,12,04110,36,4110
77,28500,2,1,37,38,04018,36,4018
68,29000,1,1,16,15,03901,36,3901
67,20500,2,1,11,11,04012,36,4012
70,34300,2,1,22,22,04103,36,4103
65,77900,2,1,8,9,04014,36,4014
74,17400,1,1,8,9,03901,36,3901
70,73800,1,1,14,14,04105,36,4105
67,35400,2,1,19,20,04103,36,4103
79,70200,2,1,30,30,04105,36,4105
79,77000,2,1,16,16,03902,36,3902
85,24200,1,1,26,25,04009,36,4009
87,22000,2,1,9,9,04105,36,4105
81,25200,2,1,18,18,04016,36,4016
77,13100,2,1,29,29,04110,36,4110
87,43200,2,1,10,11,04013,36,4013
75,23320,2,1,14,14,04103,36,4103
70,216000,2,1,28,28,03805,36,3805
74,20000,2,1,18,18,04009,36,4009
84,24000,2,1,19,19,04102,36,4102
85,14700,2,1,16,15,03903,36,3903
83,9000,1,1,18,19,04113,36,4113
70,40500,2,1,25,25,03901,36,3901
71,124500,1,1,11,11,04106,36,4106
76,165800,2,1,22,22,04015,36,4015
90,36100,2,1,8,8,04002,36,4002
76,39400,2,1,14,14,04008,36,4008
86,22400,2,1,15,15,04009,36,4009
77,25000,2,1,23,22,03703,36,3703
79,113000,1,1,19,19,03805,36,3805
73,52000,2,1,8,8,04113,36,4113
88,31000,1,1,12,12,04014,36,4014
82,34000,2,1,8,8,04017,36,4017
71,100000,2,1,11,10,04112,36,4112
76,23700,2,1,28,27,04004,36,4004
69,65900,1,1,26,25,03806,36,3806
77,12750,2,1,47,47,04106,36,4106
75,4300,2,1,44,45,04002,36,4002
66,41500,2,1,25,25,04103,36,4103
70,62800,2,1,17,17,03701,36,3701
83,77400,2,1,13,12,03704,36,3704
77,19700,2,1,11,11,04102,36,4102
84,23100,2,1,18,19,04103,36,4103
66,66700,1,1,14,14,04009,36,4009
78,23700,1,1,14,14,04017,36,4017
83,16900,2,1,18,18,03809,36,3809
70,39400,1,1,21,22,03706,36,3706
78,35600,2,1,7,6,03709,36,3709
68,109000,1,1,16,16,04006,36,4006
66,33400,2,1,17,17,03901,36,3901
73,16800,2,1,15,15,04112,36,4112
68,432000,1,1,22,22,03807,36,3807
77,30900,1,1,14,15,04114,36,4114
77,90430,2,1,12,11,04105,36,4105
80,10900,2,1,10,10,04010,36,4010
74,15800,2,1,24,25,03808,36,3808
67,27000,2,1,29,28,04005,36,4005
70,91800,1,1,21,21,04103,36,4103
78,63600,1,1,20,21,04011,36,4011
80,20600,2,1,12,13,04105,36,4105
69,76500,1,1,16,17,04103,36,4103
79,98400,2,1,15,15,04109,36,4109
84,68400,2,1,19,19,04103,36,4103
71,67700,1,1,14,14,04108,36,4108
65,38400,1,1,11,12,04012,36,4012
84,16600,2,1,10,10,04008,36,4008
66,181800,1,1,12,12,03901,36,3901
74,99400,1,1,33,33,03709,36,3709
76,79800,1,1,25,26,04009,36,4009
75,24900,2,1,34,35,03709,36,3709
78,67000,2,1,15,14,04114,36,4114
71,235300,1,1,17,17,04013,36,4013
79,12000,2,1,11,11,04011,36,4011
70,25000,2,1,15,14,04017,36,4017
78,28700,1,1,12,12,04016,36,4016
76,113600,1,1,4,5,04004,36,4004
72,40100,2,1,46,46,04017,36,4017
75,17000,2,1,62,63,04016,36,4016
78,4600,2,1,21,22,03903,36,3903
67,27600,2,1,24,24,04008,36,4008
85,47000,2,1,12,11,04016,36,4016
69,89000,1,1,29,29,04113,36,4113
81,18910,2,1,14,14,04018,36,4018
66,6000,2,1,11,11,03703,36,3703
68,3100,1,1,6,6,04017,36,4017
69,220000,2,1,24,24,04103,36,4103
69,129600,2,1,16,16,04104,36,4104
76,52500,1,1,19,18,04109,36,4109
72,51400,2,1,33,32,04102,36,4102
72,12400,2,1,16,16,04004,36,4004
66,23000,1,1,21,20,04009,36,4009
74,186000,1,1,22,22,03805,36,3805
74,32000,2,1,11,11,04113,36,4113
70,68400,2,1,22,22,04010,36,4010
66,101630,2,1,15,15,04017,36,4017
77,0,1,1,13,13,04016,36,4016
66,195000,1,1,19,19,03901,36,3901
66,121300,1,1,18,18,03702,36,3702
83,17100,2,1,16,16,03809,36,3809
71,37100,1,1,11,12,03807,36,3807
78,36700,2,1,19,19,03702,36,3702
74,16800,2,1,11,11,03903,36,3903
76,37900,2,1,12,12,04113,36,4113
68,54500,1,1,35,35,04013,36,4013
68,44900,1,1,12,12,04112,36,4112
67,17000,2,1,7,8,04016,36,4016
78,36000,2,1,15,15,04009,36,4009
80,54600,1,1,20,20,04104,36,4104
73,15500,2,1,30,30,04012,36,4012
83,34000,2,1,22,23,03806,36,3806
88,78600,1,1,8,8,04101,36,4101
70,109800,2,1,12,11,04016,36,4016
75,26900,2,1,16,16,04101,36,4101
73,106100,1,1,15,14,04016,36,4016
70,25100,2,1,17,17,04106,36,4106
75,25700,2,1,20,20,03902,36,3902
72,61500,2,1,25,25,03902,36,3902
65,153300,2,1,9,9,03902,36,3902
88,6000,1,1,13,13,03703,36,3703
72,61500,2,1,15,15,04101,36,4101
76,104600,2,1,13,14,04103,36,4103
66,76000,2,1,13,13,04104,36,4104
86,15400,1,1,15,14,03902,36,3902
94,17600,2,1,12,12,04110,36,4110
66,83000,1,1,21,22,03806,36,3806
70,727000,2,1,17,17,03805,36,3805
88,12000,2,1,26,27,03903,36,3903
86,63000,2,1,23,22,04009,36,4009
89,33150,2,1,14,13,03903,36,3903
77,155000,2,1,11,12,04014,36,4014
69,37200,2,1,26,27,04011,36,4011
78,31000,2,1,15,16,04112,36,4112
68,28400,1,1,12,13,03701,36,3701
85,20400,2,1,54,54,03703,36,3703
68,73880,2,1,10,10,04010,36,4010
79,57800,1,1,17,17,03810,36,3810
73,151200,2,1,14,15,03901,36,3901
81,16200,2,1,17,17,04012,36,4012
67,56350,1,1,20,20,04018,36,4018
82,22600,2,1,9,9,04103,36,4103
66,58900,1,1,33,34,03903,36,3903
81,16900,2,1,38,38,03702,36,3702
83,60400,2,1,73,73,04014,36,4014
67,548600,2,1,12,13,04108,36,4108
70,14400,1,1,9,10,04013,36,4013
67,42300,2,1,10,11,04107,36,4107
73,24000,2,1,18,18,04104,36,4104
94,44200,2,1,16,16,04112,36,4112
77,27700,2,1,17,17,04016,36,4016
84,8400,2,1,13,14,04014,36,4014
77,77100,2,1,10,11,04110,36,4110
70,75670,2,1,34,34,03808,36,3808
72,101100,1,1,14,13,03902,36,3902
77,22600,2,1,13,13,04017,36,4017
77,29600,2,1,15,15,04105,36,4105
72,313000,1,1,62,62,03805,36,3805
87,135700,2,1,16,16,03805,36,3805
84,72600,1,1,10,10,04006,36,4006
84,72000,2,1,18,17,03807,36,3807
80,62700,2,1,16,16,03702,36,3702
66,73200,1,1,11,11,03703,36,3703
82,53000,1,1,14,14,04105,36,4105
89,60000,2,1,14,14,03805,36,3805
65,193000,1,1,48,48,03704,36,3704
72,84900,2,1,18,19,04103,36,4103
76,7000,1,1,21,21,04101,36,4101
94,23300,2,1,9,8,03701,36,3701
70,88420,1,1,14,13,04006,36,4006
76,51910,2,1,18,19,03902,36,3902
75,85000,1,1,10,10,04101,36,4101
83,98000,2,1,16,16,03901,36,3901
77,83700,2,1,17,17,04005,36,4005
79,87000,2,1,14,14,04105,36,4105
81,850,2,1,19,20,04018,36,4018
77,18100,2,1,11,10,04105,36,4105
66,105600,2,1,7,7,04009,36,4009
71,22400,2,1,21,20,04010,36,4010
65,147000,1,1,8,8,03901,36,3901
77,54600,2,1,19,19,04105,36,4105
69,116500,1,1,19,18,04105,36,4105
82,40700,2,1,29,28,04016,36,4016
68,49000,2,1,16,16,04017,36,4017
80,19200,2,1,19,19,04103,36,4103
76,58000,2,1,12,13,04102,36,4102
77,184680,2,1,10,10,04110,36,4110
66,79200,2,1,10,10,04106,36,4106
75,20700,2,1,21,21,03805,36,3805
71,159000,2,1,15,14,04104,36,4104
75,23300,2,1,15,15,04113,36,4113
67,730200,1,1,21,21,03805,36,3805
78,20000,2,1,17,17,03708,36,3708
77,29600,2,1,9,9,04016,36,4016
94,28000,2,1,20,19,04104,36,4104
65,92760,1,1,13,13,04108,36,4108
80,13200,2,1,14,14,04111,36,4111
70,40000,2,1,13,12,04104,36,4104
69,85000,2,1,19,19,04106,36,4106
84,26700,2,1,18,18,03806,36,3806
69,39000,1,1,15,15,04113,36,4113
82,12000,2,1,12,12,04104,36,4104
80,136500,2,1,10,10,03703,36,3703
78,148800,2,1,16,16,04110,36,4110
79,100630,2,1,10,10,04015,36,4015
77,10600,2,1,17,16,04017,36,4017
68,280200,2,1,16,16,04114,36,4114
77,86000,1,1,26,26,04103,36,4103
75,80400,2,1,49,49,03803,36,3803
72,498400,2,1,16,16,03805,36,3805
78,10400,1,1,13,13,04112,36,4112
67,22400,1,1,14,14,04015,36,4015
76,68700,2,1,12,12,04105,36,4105
69,44600,1,1,13,13,04112,36,4112
67,33400,2,1,19,19,04101,36,4101
66,356500,1,1,15,16,04108,36,4108
69,105801,1,1,16,16,03810,36,3810
78,74600,2,1,27,27,04012,36,4012
77,36180,2,1,19,19,04103,36,4103
70,90400,2,1,20,20,04004,36,4004
73,37900,2,1,22,22,03901,36,3901
75,13300,2,1,10,9,04006,36,4006
77,35100,2,1,8,9,04113,36,4113
78,23260,2,1,12,11,04112,36,4112
75,149400,1,1,8,8,04111,36,4111
66,42900,2,1,26,25,04105,36,4105
69,42400,2,1,18,19,04105,36,4105
65,44000,1,1,10,11,04016,36,4016
65,65000,1,1,13,13,04103,36,4103
67,3900,2,1,19,19,04101,36,4101
76,22000,2,1,22,22,04004,36,4004
72,49200,2,1,3,3,04101,36,4101
65,113000,1,1,23,24,03901,36,3901
75,41000,2,1,15,15,04113,36,4113
67,0,2,1,14,13,04105,36,4105
74,45600,2,1,17,17,04113,36,4113
79,73700,2,1,12,12,04009,36,4009
75,35200,2,1,8,8,04112,36,4112
67,27150,2,1,18,18,04014,36,4014
65,69200,2,1,20,20,03808,36,3808
80,67280,1,1,49,50,03903,36,3903
71,67200,1,1,16,16,04105,36,4105
71,40000,1,1,20,20,04105,36,4105
72,26580,2,1,13,13,03903,36,3903
65,104100,1,1,11,11,04105,36,4105
94,12750,1,1,28,28,04104,36,4104
68,66600,2,1,13,13,04001,36,4001
71,90300,2,1,12,12,03703,36,3703
66,57000,1,1,14,14,03903,36,3903
76,179600,2,1,19,20,04103,36,4103
81,157500,1,1,27,27,03707,36,3707
72,78300,2,1,14,15,03702,36,3702
82,39600,2,1,14,14,03809,36,3809
80,21200,2,1,17,17,04105,36,4105
70,112700,1,1,12,12,04105,36,4105
89,20000,2,1,16,15,04101,36,4101
89,42200,2,1,15,16,04015,36,4015
66,250600,1,1,27,27,03808,36,3808
68,43900,2,1,16,16,03902,36,3902
68,44600,1,1,39,39,04112,36,4112
67,192300,2,1,30,29,04102,36,4102
67,99300,2,1,22,21,04105,36,4105
88,19500,2,1,22,22,04103,36,4103
86,35550,2,1,8,8,03902,36,3902
66,71400,2,1,43,42,04112,36,4112
74,41600,2,1,8,8,03707,36,3707
90,10600,2,1,25,25,04112,36,4112
82,123300,2,1,17,17,03702,36,3702
86,27000,2,1,14,14,03801,36,3801
66,34100,2,1,12,12,04110,36,4110
79,103400,2,1,8,8,03702,36,3702
82,28500,2,1,12,11,04102,36,4102
68,91800,2,1,15,14,04103,36,4103
81,35000,2,1,15,15,04012,36,4012
71,312600,2,1,15,15,04113,36,4113
80,37200,2,1,14,14,03702,36,3702
84,30200,2,1,16,16,04102,36,4102
71,100000,1,1,16,16,03703,36,3703
67,69200,2,1,6,5,04016,36,4016
75,61000,2,1,38,38,04008,36,4008
66,45360,2,1,16,16,04102,36,4102
67,78400,2,1,17,17,03901,36,3901
76,60000,2,1,18,18,04106,36,4106
88,82400,2,1,19,19,03708,36,3708
78,60110,2,1,10,10,04112,36,4112
69,115760,2,1,17,17,03705,36,3705
74,72704,1,1,66,66,03805,36,3805
81,38000,2,1,15,15,03808,36,3808
65,167600,1,1,31,32,04015,36,4015
67,42800,1,1,21,20,04010,36,4010
70,23000,2,1,12,13,04011,36,4011
65,63300,1,1,6,6,04010,36,4010
94,10800,2,1,15,15,04110,36,4110
66,2000,2,1,39,38,04009,36,4009
80,208000,2,1,15,14,04114,36,4114
83,25800,2,1,15,15,04104,36,4104
78,27800,2,1,14,15,04105,36,4105
78,53200,2,1,16,17,04112,36,4112
94,165800,2,1,16,16,04114,36,4114
72,215500,2,1,15,14,04114,36,4114
67,223000,1,1,20,20,03903,36,3903
78,59000,1,1,7,7,03801,36,3801
73,23000,2,1,10,10,04018,36,4018
76,190700,2,1,7,6,04005,36,4005
82,32500,2,1,11,11,04108,36,4108
68,61500,2,1,15,16,04110,36,4110
77,30200,2,1,14,15,03702,36,3702
85,26800,2,1,15,16,04007,36,4007
94,158500,2,1,15,15,03903,36,3903
81,21000,1,1,12,13,04112,36,4112
76,36810,1,1,18,18,04103,36,4103
69,25900,2,1,17,17,03702,36,3702
85,55500,2,1,14,13,04108,36,4108
79,57700,2,1,18,18,03805,36,3805
75,16000,1,1,10,10,04102,36,4102
84,119000,2,1,46,46,03808,36,3808
77,17400,2,1,14,14,04112,36,4112
83,53900,2,1,10,11,04106,36,4106
75,52200,1,1,24,25,04102,36,4102
71,42000,2,1,21,21,03703,36,3703
73,0,2,1,16,16,03903,36,3903
78,87800,2,1,20,20,04018,36,4018
78,22000,1,1,17,17,04102,36,4102
77,12000,2,1,20,19,04002,36,4002
82,680600,2,1,21,22,03805,36,3805
82,94700,2,1,11,11,04104,36,4104
84,170500,2,1,22,22,03701,36,3701
79,34200,2,1,12,12,03709,36,3709
81,1135700,2,1,9,9,04104,36,4104
65,142400,2,1,21,21,03805,36,3805
77,47820,2,1,31,32,04111,36,4111
69,9500,2,1,20,20,03807,36,3807
77,21000,2,1,14,13,03809,36,3809
76,37800,2,1,17,18,03808,36,3808
90,31200,2,1,42,42,04009,36,4009
86,18800,2,1,13,13,04013,36,4013
77,13300,2,1,15,15,04110,36,4110
68,62650,2,1,17,17,04105,36,4105
72,41580,2,1,19,18,04108,36,4108
66,62800,1,1,13,12,04013,36,4013
75,14400,2,1,14,14,03703,36,3703
69,125400,1,1,37,37,03805,36,3805
65,66000,2,1,23,22,04108,36,4108
77,52000,2,1,21,21,04014,36,4014
70,35900,2,1,30,30,04017,36,4017
66,69100,1,1,12,11,03902,36,3902
87,76600,2,1,11,11,03809,36,3809
70,110000,1,1,26,26,04017,36,4017
70,69200,2,1,8,8,04008,36,4008
71,53300,2,1,12,12,04110,36,4110
82,12000,1,1,23,24,03710,36,3710
75,67300,2,1,24,23,03901,36,3901
74,36700,2,1,10,10,04011,36,4011
84,14550,2,1,36,36,03902,36,3902
66,80600,1,1,24,23,04112,36,4112
84,63700,2,1,13,14,03810,36,3810
71,7500,2,1,20,20,04110,36,4110
71,14000,2,1,14,15,03704,36,3704
87,226800,2,1,6,6,04104,36,4104
69,86200,2,1,20,20,04103,36,4103
67,11200,2,1,17,17,03703,36,3703
84,52800,1,1,6,6,04011,36,4011
67,132900,1,1,7,8,04007,36,4007
76,81000,2,1,20,20,04106,36,4106
66,75200,2,1,17,17,03701,36,3701
80,80000,2,1,19,18,03809,36,3809
74,10350,2,1,32,31,03706,36,3706
74,18110,2,1,26,26,04113,36,4113
78,25200,2,1,16,16,04114,36,4114
72,51700,2,1,11,11,04110,36,4110
77,23700,1,1,15,14,03808,36,3808
76,99500,2,1,14,14,04104,36,4104
65,157000,1,1,16,16,03809,36,3809
86,27800,2,1,25,25,04108,36,4108
80,19900,2,1,13,13,03809,36,3809
94,78400,2,1,22,22,03808,36,3808
66,30600,2,1,19,19,03703,36,3703
94,42200,2,1,22,22,04108,36,4108
84,114500,2,1,22,23,03806,36,3806
82,17000,2,1,17,17,04108,36,4108
71,55400,1,1,19,18,04106,36,4106
67,24000,1,1,14,14,03903,36,3903
75,15800,2,1,27,27,04109,36,4109
73,56700,1,1,8,7,04010,36,4010
65,29500,2,1,12,12,04009,36,4009
94,10330,2,1,16,15,04101,36,4101
71,135070,1,1,10,11,04014,36,4014
70,7000,2,1,18,18,03703,36,3703
66,34000,1,1,32,32,04001,36,4001
72,24900,2,1,12,12,04005,36,4005
66,47430,2,1,18,18,03902,36,3902
74,34800,2,1,15,15,04112,36,4112
70,169440,2,1,38,38,04105,36,4105
68,24300,2,1,13,13,03809,36,3809
68,78000,1,1,23,24,04108,36,4108
77,36800,2,1,12,12,04103,36,4103
75,42000,2,1,6,6,04106,36,4106
65,72200,2,1,58,58,04112,36,4112
69,9800,2,1,13,13,04101,36,4101
78,498000,2,1,18,18,03810,36,3810
66,24000,1,1,13,13,04003,36,4003
77,225400,1,1,19,20,03806,36,3806
66,27200,2,1,36,35,04104,36,4104
85,19200,2,1,13,14,04010,36,4010
83,50200,2,1,19,19,04103,36,4103
74,209100,1,1,21,22,03806,36,3806
84,21500,2,1,17,18,04101,36,4101
65,30040,1,1,19,18,04107,36,4107
73,3600,2,1,17,17,04015,36,4015
74,41000,2,1,12,12,04106,36,4106
72,22000,2,1,15,16,03903,36,3903
76,66400,2,1,16,16,04114,36,4114
66,2200,2,1,23,22,04009,36,4009
74,24200,2,1,10,11,04001,36,4001
85,53700,2,1,25,24,04012,36,4012
65,392000,1,1,22,21,03810,36,3810
68,15600,2,1,17,18,04105,36,4105
94,54800,2,1,19,20,03806,36,3806
80,57200,2,1,11,10,03704,36,3704
70,71800,2,1,13,13,03903,36,3903
87,5000,2,1,17,17,03902,36,3902
65,5000,1,1,16,16,03903,36,3903
66,223800,2,1,23,23,03810,36,3810
73,130200,2,1,27,28,04006,36,4006
85,52700,2,1,6,6,04112,36,4112
75,268900,2,1,10,10,04105,36,4105
94,23700,2,1,17,18,04103,36,4103
75,127900,1,1,19,20,04009,36,4009
74,134000,1,1,40,41,03808,36,3808
68,13200,2,1,33,33,04103,36,4103
66,240700,1,1,23,23,04103,36,4103
84,18980,2,1,13,13,04108,36,4108
76,60300,2,1,22,22,03902,36,3902
80,10000,2,1,18,18,04112,36,4112
94,13200,2,1,21,21,04018,36,4018
78,19100,2,1,13,14,04017,36,4017
71,63500,2,1,21,21,03810,36,3810
71,133300,1,1,16,16,04111,36,4111
71,45300,2,1,17,17,04114,36,4114
65,161200,1,1,23,22,03710,36,3710
71,69900,1,1,20,20,04113,36,4113
75,37700,2,1,15,15,04103,36,4103
66,50000,2,1,20,19,03805,36,3805
75,135000,2,1,24,24,04014,36,4014
65,60000,1,1,6,7,04008,36,4008
70,56100,2,1,18,18,04105,36,4105
71,32700,2,1,10,11,04106,36,4106
94,30500,2,1,35,35,04103,36,4103
76,9120,1,1,21,21,04113,36,4113
83,74800,2,1,11,11,04009,36,4009
80,22300,2,1,69,70,03806,36,3806
65,69000,2,1,26,25,04103,36,4103
80,50000,2,1,13,14,04002,36,4002
79,244000,2,1,18,18,03810,36,3810
70,72550,1,1,31,32,04004,36,4004
66,32200,2,1,26,26,04003,36,4003
70,131500,2,1,12,12,03902,36,3902
75,117800,2,1,16,16,04112,36,4112
82,3300,2,1,13,13,04016,36,4016
85,10000,2,1,46,47,04105,36,4105
83,66310,2,1,7,8,04012,36,4012
83,61100,1,1,13,13,04103,36,4103
79,45300,2,1,13,13,03701,36,3701
68,121000,2,1,7,8,04013,36,4013
70,107800,2,1,17,17,03901,36,3901
89,8300,2,1,16,16,04012,36,4012
82,24000,2,1,22,22,03808,36,3808
67,43300,1,1,9,9,04109,36,4109
85,55000,2,1,18,19,03709,36,3709
65,56300,2,1,20,19,04017,36,4017
65,43800,1,1,12,12,04008,36,4008
72,319200,2,1,23,23,03806,36,3806
70,154000,2,1,53,54,04105,36,4105
85,45600,2,1,11,12,04110,36,4110
77,15100,2,1,18,18,04105,36,4105
72,15800,2,1,12,12,04017,36,4017
65,64900,2,1,71,72,03901,36,3901
73,14900,2,1,25,26,04112,36,4112
78,31000,1,1,5,6,03707,36,3707
76,10000,2,1,17,16,03709,36,3709
70,66000,2,1,25,24,04103,36,4103
73,33500,1,1,24,23,03704,36,3704
71,140600,2,1,18,19,03701,36,3701
94,14900,2,1,10,10,03705,36,3705
81,31420,2,1,26,26,03808,36,3808
69,47400,1,1,18,18,03903,36,3903
65,216850,2,1,18,17,04106,36,4106
94,14000,2,1,24,23,04103,36,4103
83,123950,2,1,15,15,04010,36,4010
86,25200,2,1,16,16,04015,36,4015
80,46000,2,1,17,17,03805,36,3805
69,120500,1,1,17,17,03902,36,3902
66,83200,1,1,20,20,04002,36,4002
65,84000,2,1,16,15,03807,36,3807
67,176000,2,1,20,20,03806,36,3806
76,28000,2,1,38,38,04101,36,4101
70,130800,2,1,11,11,04015,36,4015
71,172500,1,1,16,15,03902,36,3902
83,58600,2,1,12,11,04111,36,4111
76,145000,1,1,25,25,03808,36,3808
89,15900,2,1,9,9,04013,36,4013
68,22800,1,1,14,13,03704,36,3704
71,1000,1,1,12,12,03704,36,3704
77,76700,2,1,38,38,04006,36,4006
85,29900,2,1,11,10,04104,36,4104
88,223000,2,1,15,16,03805,36,3805
80,24800,2,1,15,14,04101,36,4101
65,157360,2,1,23,22,03902,36,3902
70,182400,1,1,17,18,04010,36,4010
89,19200,2,1,15,15,03902,36,3902
65,68000,2,1,22,21,03806,36,3806
69,50400,1,1,38,39,04010,36,4010
68,68878,1,1,13,12,04114,36,4114
71,124420,2,1,17,17,04114,36,4114
76,34000,1,1,14,14,04110,36,4110
72,12600,2,1,16,17,03901,36,3901
76,12000,1,1,11,11,04106,36,4106
76,231000,2,1,22,23,03806,36,3806
88,35000,2,1,14,14,04001,36,4001
82,14000,2,1,15,15,04013,36,4013
73,167700,1,1,24,25,04112,36,4112
66,30900,2,1,20,20,03709,36,3709
69,157000,2,1,15,15,04114,36,4114
69,84400,2,1,22,22,04103,36,4103
76,53200,2,1,15,15,04102,36,4102
90,21800,2,1,16,16,04112,36,4112
72,53600,2,1,12,13,03902,36,3902
78,24500,2,1,21,21,04008,36,4008
79,20400,2,1,15,15,04101,36,4101
77,31900,2,1,14,14,04013,36,4013
69,46000,2,1,16,15,04104,36,4104
78,42900,2,1,47,47,03705,36,3705
69,71000,2,1,13,12,03707,36,3707
65,2500,2,1,31,31,03704,36,3704
72,11200,2,1,12,12,04103,36,4103
80,22000,2,1,44,44,04017,36,4017
80,27000,1,1,21,21,04112,36,4112
70,44100,2,1,39,38,04113,36,4113
71,68900,2,1,17,16,04101,36,4101
80,749000,2,1,17,16,03903,36,3903
72,62500,1,1,18,18,03903,36,3903
68,8700,2,1,8,8,04013,36,4013
84,11700,2,1,17,17,03709,36,3709
85,9600,2,1,17,17,04011,36,4011
71,12920,2,1,18,18,04015,36,4015
68,181000,2,1,16,16,03810,36,3810
83,123070,2,1,12,12,04110,36,4110
76,42600,2,1,14,14,04014,36,4014
75,36500,2,1,9,9,04006,36,4006
65,38400,2,1,12,12,04016,36,4016
79,42000,2,1,12,12,04105,36,4105
81,40100,2,1,17,17,04101,36,4101
77,21600,2,1,9,10,03703,36,3703
84,125600,2,1,3,3,04105,36,4105
71,31000,2,1,10,10,03703,36,3703
79,88800,1,1,24,25,04013,36,4013
81,69500,2,1,21,22,03702,36,3702
67,122400,1,1,16,16,04017,36,4017
68,32100,2,1,41,41,04113,36,4113
66,100300,1,1,12,12,04010,36,4010
87,32600,2,1,22,22,03805,36,3805
65,64200,1,1,13,14,03706,36,3706
75,45100,1,1,12,12,04112,36,4112
72,44500,2,1,25,24,03803,36,3803
78,164100,2,1,18,18,04009,36,4009
72,37000,2,1,4,4,04010,36,4010
73,57000,2,1,19,19,03805,36,3805
82,23900,2,1,21,21,03808,36,3808
94,47300,2,1,18,18,04101,36,4101
70,38800,2,1,16,17,04109,36,4109
77,31100,2,1,14,14,04104,36,4104
77,43200,2,1,29,28,03903,36,3903
74,113000,2,1,12,13,04112,36,4112
68,107590,2,1,13,13,03701,36,3701
74,30400,2,1,19,19,04103,36,4103
69,6800,1,1,14,14,04112,36,4112
72,24400,1,1,20,19,04010,36,4010
69,23100,2,1,10,10,04105,36,4105
66,1370000,1,1,15,15,03806,36,3806
72,7600,2,1,19,19,03806,36,3806
68,57400,2,1,15,16,04018,36,4018
75,35300,2,1,23,23,03805,36,3805
71,43400,1,1,28,28,03903,36,3903
78,11900,2,1,21,21,03703,36,3703
86,41700,2,1,15,15,03809,36,3809
66,114000,1,1,14,15,03901,36,3901
65,0,2,1,26,26,04102,36,4102
65,208000,2,1,25,25,03806,36,3806
80,116100,2,1,9,9,04105,36,4105
78,43000,2,1,25,24,03702,36,3702
69,65000,2,1,48,48,04104,36,4104
67,37800,2,1,10,10,04017,36,4017
82,78300,2,1,9,9,04103,36,4103
76,2200,2,1,17,17,04102,36,4102
81,41300,2,1,29,29,03805,36,3805
85,43750,1,1,19,20,03807,36,3807
69,0,1,1,47,48,04017,36,4017
94,280300,1,1,36,36,03805,36,3805
73,158000,2,1,11,11,04104,36,4104
87,67000,2,1,21,21,03903,36,3903
78,14300,2,1,17,17,04009,36,4009
70,13900,2,1,27,27,04105,36,4105
73,20400,2,1,11,11,04102,36,4102
67,76700,2,1,20,20,03807,36,3807
69,10700,2,1,16,17,04010,36,4010
74,24300,2,1,13,13,04110,36,4110
68,53000,2,1,8,8,04101,36,4101
72,63100,2,1,11,11,04112,36,4112
75,15800,1,1,36,36,04007,36,4007
70,1700,2,1,33,33,04103,36,4103
90,381000,2,1,22,22,03808,36,3808
75,235000,1,1,15,15,03701,36,3701
66,38100,1,1,11,11,04014,36,4014
81,146700,2,1,8,7,04103,36,4103
78,94900,2,1,25,26,04006,36,4006
94,9600,2,1,17,17,03809,36,3809
65,35000,2,1,38,38,03902,36,3902
73,106100,2,1,12,11,04105,36,4105
70,20800,2,1,12,12,04018,36,4018
76,60900,2,1,13,13,04110,36,4110
71,48640,2,1,12,13,04004,36,4004
68,51000,2,1,13,12,04102,36,4102
75,105400,2,1,11,10,03702,36,3702
69,161600,2,1,3,3,04006,36,4006
75,17300,2,1,33,32,04111,36,4111
80,65300,1,1,40,41,04102,36,4102
77,20200,1,1,21,20,04103,36,4103
73,53600,1,1,29,30,03702,36,3702
75,64400,2,1,14,14,03902,36,3902
70,261500,1,1,41,40,04105,36,4105
82,141000,2,1,17,18,04106,36,4106
76,145060,2,1,11,11,04017,36,4017
68,131240,1,1,22,23,03702,36,3702
70,29400,2,1,53,52,04109,36,4109
79,81800,2,1,11,11,04104,36,4104
82,27600,1,1,15,15,04014,36,4014
81,8500,1,1,24,25,04007,36,4007
83,431000,2,1,17,17,04113,36,4113
70,13700,1,1,8,9,04014,36,4014
70,18900,2,1,9,9,04011,36,4011
74,61600,1,1,13,14,04012,36,4012
67,41500,2,1,10,10,04001,36,4001
65,32300,2,1,23,24,03703,36,3703
65,180000,2,1,13,13,04017,36,4017
74,12000,1,1,10,10,03903,36,3903
94,25500,2,1,16,16,03809,36,3809
78,517440,1,1,15,15,04106,36,4106
66,41100,2,1,12,12,04111,36,4111
86,26100,2,1,40,40,04011,36,4011
81,9000,1,1,14,14,04013,36,4013
66,115000,1,1,22,22,04008,36,4008
72,60200,1,1,13,13,03903,36,3903
80,24000,2,1,17,16,04009,36,4009
72,76000,1,1,8,7,04103,36,4103
68,36400,1,1,20,20,04114,36,4114
69,35100,1,1,17,16,04111,36,4111
78,47600,1,1,15,15,04016,36,4016
70,73650,2,1,9,9,04105,36,4105
82,120600,2,1,20,20,03810,36,3810
86,10500,1,1,39,39,03708,36,3708
84,72000,1,1,35,35,03903,36,3903
67,166400,2,1,13,13,04104,36,4104
65,76200,2,1,20,20,04004,36,4004
65,50600,2,1,15,14,03807,36,3807
69,133700,1,1,25,25,04106,36,4106
94,11400,2,1,34,34,04017,36,4017
73,20100,1,1,16,16,04009,36,4009
81,30500,2,1,12,12,04004,36,4004
80,34000,2,1,15,14,04103,36,4103
65,57200,1,1,23,23,04105,36,4105
70,24000,1,1,21,21,03805,36,3805
65,57700,1,1,47,47,04008,36,4008
73,17700,2,1,9,9,04018,36,4018
94,6000,2,1,49,49,04105,36,4105
69,68400,2,1,41,41,04003,36,4003
69,8200,2,1,10,11,04103,36,4103
70,63200,2,1,12,12,04110,36,4110
69,650000,1,1,15,15,03808,36,3808
81,41400,2,1,18,17,04001,36,4001
68,65350,2,1,7,7,04015,36,4015
65,77100,1,1,15,15,03901,36,3901
67,91340,1,1,15,14,03902,36,3902
65,64250,2,1,18,17,04015,36,4015
78,52200,2,1,18,18,04104,36,4104
70,65300,2,1,20,20,04102,36,4102
74,15200,2,1,6,6,04009,36,4009
80,23900,2,1,25,24,03901,36,3901
70,67310,2,1,21,21,04113,36,4113
77,87650,2,1,14,14,03701,36,3701
66,48600,2,1,9,9,04009,36,4009
65,131000,2,1,18,17,03707,36,3707
80,28800,2,1,33,33,03709,36,3709
77,74000,1,1,13,14,03702,36,3702
76,29400,2,1,14,14,04112,36,4112
74,12000,1,1,17,16,04009,36,4009
65,203000,2,1,47,47,03903,36,3903
65,55000,1,1,9,8,03902,36,3902
69,118000,2,1,10,10,03902,36,3902
72,91600,1,1,55,55,03703,36,3703
70,147200,1,1,16,15,03903,36,3903
74,12900,1,1,57,58,04007,36,4007
83,305000,2,1,25,24,04017,36,4017
68,53200,2,1,11,11,03902,36,3902
82,31840,2,1,17,17,04008,36,4008
89,21300,2,1,22,22,04014,36,4014
66,640000,1,1,18,17,03802,36,3802
79,22100,2,1,14,14,03901,36,3901
68,528000,1,1,21,22,03806,36,3806
80,40000,2,1,12,12,04104,36,4104
83,24600,2,1,13,13,04110,36,4110
67,139000,1,1,15,15,03903,36,3903
65,93900,1,1,24,24,04113,36,4113
66,11100,1,1,15,15,04002,36,4002
76,112200,2,1,10,10,04110,36,4110
68,187420,2,1,10,11,04009,36,4009
74,4800,2,1,19,19,03704,36,3704
70,36700,2,1,24,24,04102,36,4102
67,130000,1,1,16,16,03805,36,3805
67,38800,2,1,20,20,03805,36,3805
72,37004,1,1,22,21,04107,36,4107
94,14000,2,1,15,15,03701,36,3701
65,16800,2,1,16,16,04017,36,4017
74,61300,2,1,17,17,04110,36,4110
66,68800,2,1,13,14,04103,36,4103
65,96760,1,1,19,20,04002,36,4002
77,85000,2,1,26,27,03810,36,3810
82,261000,2,1,17,17,03807,36,3807
72,102800,2,1,20,20,03806,36,3806
88,26300,2,1,17,17,04009,36,4009
70,18000,2,1,23,23,04107,36,4107
73,89910,2,1,12,12,04018,36,4018
72,68300,2,1,16,16,04013,36,4013
77,28980,1,1,32,33,04103,36,4103
81,36200,2,1,15,15,04015,36,4015
76,32400,2,1,12,12,04110,36,4110
74,58600,2,1,37,37,04004,36,4004
70,115400,2,1,24,24,04113,36,4113
70,48000,2,1,15,15,04106,36,4106
68,43600,2,1,24,24,04003,36,4003
65,77700,2,1,13,14,04111,36,4111
69,21700,1,1,13,13,04113,36,4113
84,108800,2,1,11,12,04109,36,4109
70,328900,2,1,54,55,04113,36,4113
65,208000,2,1,21,21,03805,36,3805
82,181000,2,1,29,28,03708,36,3708
65,79200,2,1,18,18,04103,36,4103
80,186350,1,1,30,30,04101,36,4101
76,24300,2,1,15,15,04105,36,4105
70,52300,2,1,20,20,04013,36,4013
80,60,2,1,25,24,04103,36,4103
65,170000,1,1,13,13,04004,36,4004
74,29200,1,1,23,22,04003,36,4003
86,84700,1,1,18,18,03806,36,3806
67,97100,2,1,36,35,04113,36,4113
74,57560,2,1,9,9,04104,36,4104
69,44300,1,1,11,10,04010,36,4010
65,31200,2,1,15,15,03903,36,3903
72,26300,1,1,15,15,04011,36,4011
81,74400,2,1,35,35,04011,36,4011
77,20000,2,1,16,16,04101,36,4101
73,183300,2,1,17,17,03806,36,3806
68,26000,2,1,26,26,04101,36,4101
77,49600,2,1,14,15,04110,36,4110
67,65700,2,1,4,4,04009,36,4009
94,23270,2,1,57,57,03810,36,3810
72,60800,2,1,18,19,04112,36,4112
88,29900,2,1,17,17,04108,36,4108
70,138500,1,1,31,31,04009,36,4009
84,6100,2,1,16,16,04014,36,4014
86,38200,2,1,18,18,04017,36,4017
86,16100,2,1,21,20,03703,36,3703
86,89210,2,1,17,16,04112,36,4112
65,0,2,1,14,15,04013,36,4013
78,14400,2,1,15,16,04102,36,4102
75,56600,2,1,9,9,04014,36,4014
83,39380,1,1,16,15,04009,36,4009
75,34100,1,1,19,18,03802,36,3802
86,15000,2,1,21,21,04112,36,4112
79,18000,2,1,23,23,03901,36,3901
86,215200,2,1,25,24,04108,36,4108
88,75600,2,1,9,9,04112,36,4112
82,17000,2,1,25,25,04113,36,4113
74,33100,2,1,16,17,03902,36,3902
76,7800,2,1,11,12,03709,36,3709
67,188600,1,1,16,16,03808,36,3808
70,20000,2,1,53,53,03803,36,3803
77,166000,1,1,12,12,04112,36,4112
67,164000,2,1,13,13,04016,36,4016
68,236000,2,1,19,20,04103,36,4103
72,66000,2,1,13,13,04017,36,4017
79,33000,2,1,13,13,03702,36,3702
81,65700,1,1,14,13,03901,36,3901
67,20350,2,1,68,68,04103,36,4103
80,112460,2,1,12,12,03704,36,3704
70,59300,2,1,32,33,04105,36,4105
75,51700,1,1,14,14,03706,36,3706
72,66400,2,1,12,12,04015,36,4015
87,18600,1,1,25,25,03807,36,3807
80,22900,2,1,11,11,04112,36,4112
67,66400,2,1,20,20,03706,36,3706
79,32900,2,1,13,13,04112,36,4112
85,73400,2,1,30,30,04011,36,4011
77,71900,2,1,15,14,04103,36,4103
67,220300,1,1,14,15,03809,36,3809
75,17500,2,1,14,13,03809,36,3809
94,39500,2,1,13,13,04007,36,4007
83,6600,2,1,19,19,04105,36,4105
94,13440,2,1,13,12,04109,36,4109
70,58700,1,1,18,18,04101,36,4101
88,0,2,1,25,25,04109,36,4109
65,72000,1,1,9,9,04007,36,4007
69,29100,2,1,13,13,04112,36,4112
65,16400,2,1,15,14,04101,36,4101
69,22100,2,1,50,49,04018,36,4018
77,90250,2,1,15,15,03702,36,3702
72,39500,1,1,26,26,03809,36,3809
65,127000,2,1,15,15,04108,36,4108
67,34700,2,1,17,17,03701,36,3701
69,37400,2,1,9,9,04008,36,4008
69,55000,2,1,9,9,04004,36,4004
67,127500,2,1,41,41,03808,36,3808
67,138300,1,1,14,14,04103,36,4103
68,122760,2,1,21,22,03805,36,3805
68,5700,1,1,20,19,04112,36,4112
85,56000,2,1,16,15,03808,36,3808
73,29100,2,1,15,15,04011,36,4011
76,19200,2,1,35,36,04001,36,4001
77,103800,2,1,13,12,04015,36,4015
67,133700,1,1,41,41,04112,36,4112
85,15600,2,1,13,13,04017,36,4017
89,22000,2,1,18,19,04018,36,4018
70,36400,2,1,18,18,04113,36,4113
67,108600,1,1,35,35,03805,36,3805
66,246700,2,1,17,17,03709,36,3709
71,22200,2,1,31,31,03903,36,3903
85,86700,1,1,10,10,04103,36,4103
84,12700,1,1,15,16,04003,36,4003
75,31800,2,1,6,7,04112,36,4112
74,11700,1,1,21,20,04105,36,4105
94,146200,2,1,13,14,03709,36,3709
80,21500,2,1,13,12,04001,36,4001
80,34000,1,1,8,8,04012,36,4012
72,15200,2,1,43,43,03703,36,3703
69,24000,2,1,29,29,04016,36,4016
65,459600,1,1,22,23,04007,36,4007
87,74390,2,1,17,17,04112,36,4112
72,112900,2,1,11,12,04001,36,4001
83,46400,1,1,14,14,04105,36,4105
65,72000,2,1,13,12,04013,36,4013
73,166600,1,1,51,51,04113,36,4113
65,93900,2,1,19,19,03805,36,3805
94,75000,2,1,17,17,03903,36,3903
78,48300,2,1,13,13,04005,36,4005
68,34400,1,1,18,18,04013,36,4013
76,28900,2,1,18,18,04001,36,4001
81,26000,2,1,30,30,04105,36,4105
69,19200,2,1,20,21,03901,36,3901
71,148100,2,1,15,15,04108,36,4108
66,21500,2,1,49,49,04018,36,4018
72,155300,1,1,2,2,03701,36,3701
66,210600,2,1,11,12,03902,36,3902
66,8600,2,1,19,18,04108,36,4108
76,54200,1,1,21,20,03701,36,3701
83,11400,2,1,21,20,03702,36,3702
74,131700,2,1,17,17,04109,36,4109
68,30300,1,1,21,21,04109,36,4109
78,41700,1,1,29,30,04001,36,4001
72,24000,2,1,15,14,03704,36,3704
84,69000,2,1,24,24,04004,36,4004
70,359000,2,1,25,25,03802,36,3802
70,185500,2,1,18,18,04105,36,4105
78,66000,2,1,14,15,04104,36,4104
69,266100,2,1,19,19,03805,36,3805
71,42900,1,1,15,14,04112,36,4112
66,14400,2,1,13,13,04108,36,4108
87,184000,2,1,20,21,03806,36,3806
65,202000,1,1,24,24,03702,36,3702
65,20000,1,1,12,13,04107,36,4107
83,60800,2,1,17,16,04107,36,4107
74,55300,2,1,18,19,04105,36,4105
89,26000,2,1,13,13,04104,36,4104
70,34700,2,1,15,16,04101,36,4101
77,16800,2,1,14,14,04102,36,4102
71,29000,2,1,30,30,04017,36,4017
70,44500,2,1,17,18,03809,36,3809
65,206700,2,1,18,18,04017,36,4017
88,112600,2,1,29,28,04112,36,4112
87,29300,2,1,14,14,04101,36,4101
66,17900,2,1,26,26,04105,36,4105
68,275900,1,1,6,6,04009,36,4009
88,12000,2,1,23,23,03808,36,3808
67,76000,2,1,7,7,04105,36,4105
78,30000,2,1,13,14,04017,36,4017
74,224000,2,1,18,17,03805,36,3805
72,83910,2,1,16,15,04105,36,4105
78,15600,2,1,14,13,04103,36,4103
77,29100,2,1,10,10,04108,36,4108
68,14630,2,1,19,19,04109,36,4109
75,86600,2,1,24,23,04003,36,4003
80,61600,2,1,7,7,03802,36,3802
68,112400,1,1,14,14,03903,36,3903
74,159800,2,1,5,5,04015,36,4015
76,65900,2,1,15,14,04106,36,4106
76,25700,1,1,37,37,03702,36,3702
68,12153,2,1,20,20,03801,36,3801
69,1217500,1,1,17,17,03805,36,3805
69,97500,1,1,27,26,04005,36,4005
68,69800,2,1,30,30,04018,36,4018
65,172100,2,1,18,18,04005,36,4005
79,41510,2,1,14,14,04015,36,4015
69,240000,1,1,5,6,04016,36,4016
65,113000,1,1,18,18,03808,36,3808
78,74100,2,1,11,11,04110,36,4110
83,34100,2,1,14,14,04104,36,4104
81,9200,2,1,22,21,04015,36,4015
70,27000,2,1,24,23,03806,36,3806
77,24000,2,1,19,20,03903,36,3903
69,227000,2,1,13,12,04013,36,4013
75,18400,2,1,15,14,04101,36,4101
66,50300,2,1,13,13,04114,36,4114
74,89300,1,1,8,8,04104,36,4104
80,10800,2,1,36,36,04105,36,4105
81,30600,2,1,20,19,04009,36,4009
73,18000,2,1,13,13,04104,36,4104
73,109400,2,1,12,12,03809,36,3809
73,45000,2,1,49,48,04113,36,4113
73,17000,1,1,21,22,04018,36,4018
82,82100,2,1,17,17,04106,36,4106
79,22300,2,1,15,15,04016,36,4016
75,87400,1,1,16,16,03903,36,3903
76,10600,1,1,9,8,04013,36,4013
81,57200,2,1,25,25,03901,36,3901
75,42900,2,1,18,18,04110,36,4110
94,143400,2,1,12,11,04001,36,4001
74,14600,1,1,36,36,04101,36,4101
68,208990,1,1,28,27,03802,36,3802
70,38000,2,1,15,15,04106,36,4106
94,10100,2,1,15,16,03903,36,3903
77,18100,2,1,15,15,03903,36,3903
72,50200,1,1,10,10,04102,36,4102
77,89200,2,1,10,10,04102,36,4102
76,383000,2,1,21,21,03805,36,3805
68,46600,1,1,42,41,04006,36,4006
65,120500,1,1,10,10,03901,36,3901
79,45500,2,1,50,51,04108,36,4108
74,121000,2,1,22,22,03805,36,3805
65,171200,1,1,12,12,03702,36,3702
68,59600,2,1,12,12,04014,36,4014
67,53200,2,1,47,46,04101,36,4101
72,79800,2,1,15,15,04112,36,4112
94,30600,2,1,9,10,03701,36,3701
80,148600,1,1,25,26,03703,36,3703
79,25000,2,1,18,19,04002,36,4002
75,18900,1,1,6,6,04105,36,4105
69,132300,2,1,15,16,04105,36,4105
82,20500,1,1,14,15,04014,36,4014
65,105900,2,1,6,5,03709,36,3709
84,18600,2,1,12,12,04110,36,4110
87,159500,1,1,22,22,04005,36,4005
84,32500,1,1,14,15,03902,36,3902
87,1400,2,1,12,12,04113,36,4113
86,7500,1,1,28,28,04112,36,4112
77,12100,2,1,17,17,04016,36,4016
76,135500,1,1,18,18,03709,36,3709
70,26700,1,1,24,23,04112,36,4112
69,54600,2,1,18,18,03902,36,3902
86,39700,2,1,14,13,03703,36,3703
69,94100,1,1,15,14,03902,36,3902
69,209500,1,1,21,21,03806,36,3806
82,72000,2,1,20,20,04103,36,4103
74,223600,1,1,28,27,04014,36,4014
74,4800,2,1,11,11,04104,36,4104
94,36400,2,1,15,15,04104,36,4104
71,31200,1,1,25,26,04004,36,4004
87,28100,2,1,14,14,04110,36,4110
71,120000,1,1,16,17,04102,36,4102
74,64700,2,1,49,48,04107,36,4107
65,70900,2,1,14,14,03809,36,3809
90,14000,2,1,13,13,04110,36,4110
88,133350,2,1,19,19,04112,36,4112
72,35600,1,1,15,15,04103,36,4103
73,34200,2,1,36,36,04003,36,4003
82,30800,1,1,16,16,04008,36,4008
69,81200,1,1,13,12,03902,36,3902
71,166500,1,1,12,11,03704,36,3704
70,11300,2,1,9,9,03710,36,3710
75,28200,2,1,10,11,04102,36,4102
71,29600,2,1,33,34,04107,36,4107
72,12600,2,1,12,12,04001,36,4001
67,133400,1,1,10,10,04009,36,4009
80,12200,2,1,19,19,03805,36,3805
84,24570,2,1,26,27,03805,36,3805
80,4600,2,1,23,24,04004,36,4004
86,27200,2,1,20,21,03902,36,3902
70,32900,2,1,21,21,04101,36,4101
69,70300,2,1,18,18,04012,36,4012
68,138000,2,1,17,17,04011,36,4011
66,88800,1,1,15,15,03704,36,3704
66,84000,1,1,21,21,04113,36,4113
82,20100,2,1,15,15,04014,36,4014
74,81500,1,1,24,24,04002,36,4002
74,149400,2,1,17,18,03810,36,3810
94,91400,2,1,7,7,04106,36,4106
65,15000,2,1,16,16,04110,36,4110
70,105000,2,1,21,22,03805,36,3805
65,7200,2,1,15,15,04102,36,4102
87,47400,2,1,21,21,03810,36,3810
79,48800,2,1,17,16,03701,36,3701
83,42530,2,1,11,11,04101,36,4101
66,69200,1,1,18,18,04003,36,4003
65,95050,2,1,3,4,03902,36,3902
71,142500,2,1,15,15,03902,36,3902
73,65200,2,1,12,12,04013,36,4013
67,166800,1,1,9,9,04112,36,4112
70,0,1,1,32,33,04018,36,4018
74,23800,1,1,22,22,04104,36,4104
94,244300,2,1,50,50,03805,36,3805
66,303200,1,1,53,53,04104,36,4104
73,23400,2,1,13,13,03901,36,3901
69,149700,1,1,23,23,04012,36,4012
86,44000,1,1,24,23,03705,36,3705
70,48400,2,1,19,19,04103,36,4103
81,16500,2,1,38,38,04110,36,4110
69,15700,2,1,16,16,04101,36,4101
65,103200,1,1,14,15,03901,36,3901
84,127970,2,1,16,17,04009,36,4009
70,26400,2,1,21,21,04005,36,4005
76,10700,2,1,24,24,04012,36,4012
66,118100,2,1,21,22,04010,36,4010
77,17600,1,1,38,38,04010,36,4010
68,38300,1,1,12,12,04017,36,4017
73,46700,1,1,34,35,04009,36,4009
79,12500,2,1,20,21,03805,36,3805
68,25900,2,1,16,17,03704,36,3704
67,283300,2,1,53,54,03809,36,3809
74,30600,2,1,10,11,04018,36,4018
65,103000,1,1,16,17,03709,36,3709
73,32500,2,1,12,11,04103,36,4103
88,81400,2,1,14,14,04103,36,4103
71,15300,2,1,8,8,04016,36,4016
82,31600,2,1,17,16,04016,36,4016
79,18000,2,1,18,18,04109,36,4109
77,240900,2,1,13,13,04016,36,4016
94,270000,2,1,12,13,03805,36,3805
72,112000,1,1,26,25,04006,36,4006
86,14600,1,1,13,13,03901,36,3901
68,119700,2,1,17,18,03806,36,3806
89,16500,2,1,33,33,04106,36,4106
82,22200,2,1,13,14,04016,36,4016
77,9000,2,1,13,13,04102,36,4102
66,58000,2,1,11,11,04105,36,4105
74,20800,2,1,22,22,03701,36,3701
74,165000,1,1,13,12,04018,36,4018
80,78000,2,1,22,22,03808,36,3808
70,42000,2,1,20,21,03704,36,3704
73,70900,2,1,15,15,04107,36,4107
65,12000,2,1,11,11,04013,36,4013
77,42400,2,1,27,26,04002,36,4002
67,14400,2,1,13,13,04102,36,4102
65,38840,2,1,14,14,04017,36,4017
69,69200,1,1,20,21,04107,36,4107
74,56000,2,1,16,15,04009,36,4009
82,57200,2,1,14,15,04106,36,4106
76,231000,2,1,3,3,04008,36,4008
76,93080,1,1,12,12,04013,36,4013
69,70900,2,1,41,41,04107,36,4107
87,14100,2,1,16,17,03705,36,3705
84,5570,2,1,11,11,04006,36,4006
76,18000,2,1,13,12,04012,36,4012
66,22000,1,1,16,17,04103,36,4103
72,70400,1,1,25,25,04106,36,4106
72,48000,1,1,17,16,04016,36,4016
89,9000,2,1,48,48,04102,36,4102
70,96300,2,1,16,16,04005,36,4005
94,70500,2,1,21,21,03701,36,3701
72,22800,2,1,9,9,04111,36,4111
66,98000,1,1,15,15,04001,36,4001
70,37700,2,1,14,14,04101,36,4101
75,106800,1,1,19,19,03808,36,3808
73,254700,1,1,11,11,03903,36,3903
66,14200,1,1,14,15,04101,36,4101
85,33400,2,1,48,48,03709,36,3709
73,108455,1,1,13,12,03703,36,3703
72,59270,2,1,16,16,04103,36,4103
80,4100,2,1,14,14,04013,36,4013
72,47840,2,1,10,11,04110,36,4110
69,13400,2,1,21,21,04109,36,4109
67,68550,2,1,9,9,04008,36,4008
83,14900,2,1,12,12,03709,36,3709
77,40000,2,1,19,20,03701,36,3701
81,49600,1,1,18,18,04113,36,4113
90,96200,1,1,19,18,04113,36,4113
82,64200,2,1,15,14,04106,36,4106
75,39000,2,1,17,17,03708,36,3708
76,94000,2,1,18,18,04102,36,4102
76,63000,2,1,10,10,04105,36,4105
86,0,2,1,10,10,04016,36,4016
79,12000,2,1,10,10,03801,36,3801
85,8400,1,1,12,13,04007,36,4007
72,37200,1,1,11,12,04113,36,4113
66,13300,2,1,43,43,04112,36,4112
75,49200,2,1,58,58,03807,36,3807
65,87100,1,1,33,33,03705,36,3705
94,70600,2,1,14,14,04009,36,4009
77,37300,2,1,10,10,04013,36,4013
84,86100,1,1,12,12,04112,36,4112
79,41000,2,1,22,22,04103,36,4103
84,36500,2,1,15,14,04108,36,4108
76,21200,2,1,10,10,03704,36,3704
67,28000,2,1,14,15,03704,36,3704
74,85300,1,1,14,15,04111,36,4111
79,87200,1,1,29,29,03903,36,3903
76,1200,2,1,15,15,04112,36,4112
67,68300,1,1,19,19,03702,36,3702
68,91201,1,1,21,21,03703,36,3703
68,69800,1,1,17,17,03902,36,3902
82,17000,2,1,12,11,03804,36,3804
69,45200,1,1,13,13,04111,36,4111
84,13000,2,1,15,15,04106,36,4106
89,30000,2,1,14,14,04001,36,4001
80,47000,1,1,16,16,03903,36,3903
66,291100,2,1,18,18,03805,36,3805
66,12600,2,1,12,12,03901,36,3901
94,21500,2,1,30,30,04112,36,4112
70,20500,1,1,49,49,04113,36,4113
69,41500,2,1,17,17,04110,36,4110
66,17400,1,1,48,48,04006,36,4006
67,57100,2,1,10,10,03708,36,3708
72,59000,1,1,10,10,04009,36,4009
70,226200,2,1,7,7,04103,36,4103
86,47100,2,1,43,43,04108,36,4108
75,21904,2,1,18,19,03808,36,3808
73,109000,2,1,16,16,04104,36,4104
66,51000,1,1,15,15,04112,36,4112
75,60800,2,1,27,27,03902,36,3902
79,29700,2,1,14,14,04109,36,4109
72,29400,1,1,21,20,03703,36,3703
71,103300,2,1,26,27,04113,36,4113
74,126600,2,1,13,13,03902,36,3902
85,14400,2,1,12,11,04016,36,4016
65,117500,1,1,16,16,04101,36,4101
68,941400,1,1,13,13,03806,36,3806
67,57700,2,1,17,17,04103,36,4103
81,35200,2,1,12,12,04016,36,4016
77,65800,2,1,12,12,04105,36,4105
70,269700,2,1,28,28,04015,36,4015
69,31500,1,1,33,33,04018,36,4018
67,73700,2,1,9,9,04112,36,4112
72,53200,2,1,26,26,04102,36,4102
71,35600,2,1,14,14,04106,36,4106
65,48700,1,1,39,39,03803,36,3803
71,19900,1,1,19,19,03709,36,3709
73,43680,2,1,18,18,04101,36,4101
73,90500,2,1,21,21,03805,36,3805
65,38200,2,1,18,18,04110,36,4110
75,51100,2,1,16,16,04011,36,4011
66,158500,2,1,7,7,04010,36,4010
69,29200,2,1,19,19,03810,36,3810
80,53400,2,1,18,18,04104,36,4104
80,33900,2,1,25,25,04013,36,4013
65,288200,1,1,17,17,04103,36,4103
83,136104,1,1,18,17,03806,36,3806
80,22100,2,1,19,18,03902,36,3902
89,160580,2,1,14,14,03702,36,3702
76,69300,2,1,27,27,03903,36,3903
71,14600,1,1,17,16,04002,36,4002
69,45000,2,1,16,16,03703,36,3703
65,222004,2,1,20,20,03901,36,3901
65,30000,2,1,10,10,04004,36,4004
86,23000,2,1,10,11,04002,36,4002
66,79800,1,1,13,14,04015,36,4015
78,22000,1,1,22,21,04101,36,4101
71,4600,2,1,23,23,04107,36,4107
88,57400,2,1,16,16,03701,36,3701
81,50000,2,1,20,20,04108,36,4108
70,30000,1,1,18,18,03702,36,3702
70,71090,2,1,16,17,03805,36,3805
71,370000,2,1,18,17,04004,36,4004
67,21600,2,1,10,11,04113,36,4113
80,8800,2,1,18,18,04111,36,4111
69,215000,2,1,17,17,03810,36,3810
78,36100,1,1,20,20,03703,36,3703
74,163800,2,1,15,14,04002,36,4002
73,95200,1,1,17,16,03903,36,3903
71,60400,2,1,21,20,04107,36,4107
78,14170,2,1,15,14,04111,36,4111
70,15800,2,1,28,27,04105,36,4105
66,17500,2,1,17,16,04102,36,4102
65,47300,1,1,13,13,04101,36,4101
74,56300,2,1,20,20,03808,36,3808
74,397000,1,1,24,24,03810,36,3810
81,202500,2,1,10,10,03805,36,3805
71,80200,1,1,30,31,03709,36,3709
73,11200,2,1,11,11,03702,36,3702
88,44200,2,1,10,10,04104,36,4104
84,20400,2,1,13,13,04014,36,4014
68,91100,2,1,26,25,03805,36,3805
65,61000,1,1,37,37,04105,36,4105
65,12100,2,1,18,19,03809,36,3809
77,33100,2,1,14,13,04013,36,4013
80,38000,2,1,12,12,03903,36,3903
65,306800,2,1,13,13,04104,36,4104
81,38800,2,1,18,18,04013,36,4013
73,196001,2,1,19,18,04113,36,4113
79,336300,2,1,21,21,03808,36,3808
78,1640,1,1,15,15,04016,36,4016
80,12000,2,1,19,19,04112,36,4112
66,38110,1,1,11,10,04104,36,4104
81,136300,2,1,13,13,03803,36,3803
85,15000,2,1,65,65,04005,36,4005
68,7200,1,1,31,32,04003,36,4003
75,16900,1,1,14,14,04104,36,4104
73,35000,2,1,22,22,04101,36,4101
85,20400,2,1,18,18,04113,36,4113
79,291100,2,1,11,12,03807,36,3807
94,34300,2,1,27,26,04111,36,4111
88,91000,2,1,15,16,03902,36,3902
78,17600,1,1,10,10,04105,36,4105
74,157200,2,1,18,18,04103,36,4103
71,167700,2,1,12,11,04017,36,4017
76,36900,2,1,21,21,03808,36,3808
65,65900,2,1,29,28,03706,36,3706
73,32200,2,1,14,14,04017,36,4017
87,122700,2,1,17,17,03901,36,3901
66,12600,1,1,24,24,04008,36,4008
81,9900,2,1,6,7,04112,36,4112
80,26100,2,1,16,16,04114,36,4114
73,14100,2,1,23,24,04103,36,4103
74,94000,2,1,20,19,04103,36,4103
67,110100,1,1,16,17,04105,36,4105
67,145200,1,1,5,4,04105,36,4105
79,64700,2,1,11,11,04105,36,4105
83,69500,2,1,17,17,03702,36,3702
66,70600,1,1,26,26,03702,36,3702
70,73200,2,1,14,15,04102,36,4102
86,328000,1,1,23,23,03808,36,3808
83,47400,2,1,21,20,03810,36,3810
71,136900,2,1,17,18,04107,36,4107
90,6350,2,1,15,15,03809,36,3809
79,14200,2,1,21,21,04112,36,4112
67,141600,2,1,11,11,04016,36,4016
68,127600,2,1,19,19,04007,36,4007
77,32500,2,1,13,13,04016,36,4016
82,31800,1,1,12,11,04014,36,4014
88,34800,2,1,17,17,04103,36,4103
78,12300,2,1,41,40,04107,36,4107
79,38000,1,1,10,10,04104,36,4104
68,188130,1,1,16,16,03902,36,3902
74,59000,2,1,19,19,03809,36,3809
65,159400,1,1,17,17,04015,36,4015
72,146000,1,1,37,37,03808,36,3808
84,419901,2,1,7,8,03810,36,3810
70,125700,2,1,15,14,04009,36,4009
69,248600,2,1,24,24,03806,36,3806
74,45820,1,1,5,5,04105,36,4105
78,17100,1,1,12,11,04106,36,4106
81,30200,2,1,10,10,04113,36,4113
69,103100,2,1,22,22,03701,36,3701
65,216150,2,1,20,20,03805,36,3805
94,56000,2,1,7,8,04105,36,4105
77,33700,2,1,12,12,04104,36,4104
87,96900,2,1,13,14,04014,36,4014
83,100000,2,1,14,15,04101,36,4101
69,36800,2,1,10,10,03902,36,3902
66,607000,1,1,18,18,03809,36,3809
65,73100,1,1,23,22,04103,36,4103
76,135600,2,1,13,13,04014,36,4014
71,51000,2,1,16,16,04111,36,4111
78,23700,2,1,12,13,04104,36,4104
94,87800,2,1,4,4,04111,36,4111
70,124000,2,1,13,14,04013,36,4013
70,35700,2,1,13,13,03902,36,3902
77,14200,2,1,14,14,03701,36,3701
80,1100,1,1,19,19,03807,36,3807
77,27400,2,1,21,22,04109,36,4109
71,207000,2,1,24,23,03903,36,3903
65,28400,1,1,13,13,03903,36,3903
82,77500,2,1,35,36,03803,36,3803
85,39000,2,1,19,19,04109,36,4109
85,8400,2,1,13,13,04112,36,4112
81,18700,2,1,18,18,04113,36,4113
69,215000,2,1,18,18,03805,36,3805
76,18360,2,1,13,14,04107,36,4107
76,483000,2,1,18,18,04105,36,4105
86,22100,1,1,11,11,04104,36,4104
66,164900,1,1,8,9,04004,36,4004
75,23800,2,1,23,24,04103,36,4103
79,40800,2,1,6,7,04112,36,4112
80,19200,2,1,20,20,04106,36,4106
74,18000,1,1,24,23,04103,36,4103
87,25000,2,1,21,21,04112,36,4112
66,161000,2,1,13,13,03805,36,3805
78,19100,2,1,30,29,04010,36,4010
72,56700,2,1,16,16,03708,36,3708
70,31000,2,1,12,11,03703,36,3703
83,30200,2,1,13,13,04101,36,4101
73,17400,1,1,14,13,04110,36,4110
66,57840,2,1,12,12,04109,36,4109
73,15000,2,1,15,15,03902,36,3902
67,4900,1,1,18,18,03901,36,3901
69,102300,1,1,10,10,04103,36,4103
84,36300,2,1,13,14,04012,36,4012
69,49450,2,1,15,15,04110,36,4110
70,26700,2,1,20,19,03903,36,3903
69,115000,2,1,26,26,04114,36,4114
70,11400,1,1,44,44,04103,36,4103
87,101300,2,1,11,11,04106,36,4106
72,111400,2,1,11,11,04016,36,4016
76,41200,1,1,16,16,04010,36,4010
67,37600,1,1,18,19,04008,36,4008
79,51600,2,1,15,14,04102,36,4102
81,92200,2,1,21,21,04104,36,4104
68,35600,2,1,29,29,04016,36,4016
65,74140,1,1,14,15,03805,36,3805
71,63200,1,1,24,24,04009,36,4009
68,91600,1,1,35,36,04105,36,4105
67,72000,2,1,11,11,04013,36,4013
78,17900,2,1,31,30,04009,36,4009
83,263000,2,1,23,23,04005,36,4005
69,32900,1,1,16,16,04009,36,4009
72,26500,2,1,19,19,04105,36,4105
65,107200,1,1,14,15,03801,36,3801
79,144601,2,1,1,1,04003,36,4003
66,85400,1,1,23,23,03903,36,3903
89,25800,1,1,23,23,04012,36,4012
66,82410,2,1,25,25,03806,36,3806
68,109400,1,1,6,6,04010,36,4010
65,30500,1,1,21,21,04009,36,4009
83,35500,2,1,1,2,03704,36,3704
79,24700,2,1,21,21,04009,36,4009
65,1700,1,1,22,22,03805,36,3805
75,16500,2,1,40,41,04012,36,4012
78,80000,1,1,55,56,03805,36,3805
80,18100,2,1,21,21,03901,36,3901
71,263630,1,1,12,13,04005,36,4005
83,19900,2,1,18,18,03903,36,3903
89,1000,2,1,15,15,04017,36,4017
75,60500,2,1,12,13,04013,36,4013
82,24700,2,1,14,13,04017,36,4017
80,29710,2,1,15,15,04111,36,4111
94,312400,2,1,15,15,04105,36,4105
68,30100,2,1,26,26,04109,36,4109
70,12800,2,1,10,10,04103,36,4103
68,675000,1,1,20,19,03806,36,3806
75,43200,2,1,14,13,04110,36,4110
75,409000,1,1,18,18,03806,36,3806
73,37900,2,1,10,9,04014,36,4014
75,38600,2,1,14,14,04112,36,4112
70,30000,2,1,17,17,04111,36,4111
74,17000,2,1,27,27,04109,36,4109
66,102800,2,1,21,21,03805,36,3805
65,155000,1,1,25,25,04113,36,4113
78,110000,2,1,18,18,03805,36,3805
74,37200,1,1,8,7,04112,36,4112
79,23040,2,1,30,30,04101,36,4101
77,81500,2,1,13,13,04110,36,4110
70,14700,1,1,18,17,04010,36,4010
70,106400,2,1,15,15,04103,36,4103
72,103000,2,1,12,11,03901,36,3901
83,47200,2,1,21,21,03805,36,3805
80,202700,2,1,41,41,04009,36,4009
68,25540,1,1,13,12,03703,36,3703
78,476500,2,1,27,27,03808,36,3808
69,172300,2,1,10,10,04105,36,4105
68,24900,1,1,20,21,04004,36,4004
75,51800,2,1,11,11,03702,36,3702
72,36700,2,1,9,9,04015,36,4015
77,100000,2,1,16,17,03805,36,3805
82,19800,2,1,14,14,04016,36,4016
83,15300,2,1,10,10,04016,36,4016
65,159700,1,1,21,20,04104,36,4104
66,50800,2,1,59,60,03709,36,3709
94,40600,2,1,13,14,04014,36,4014
79,248900,2,1,14,14,03808,36,3808
90,19600,2,1,11,10,04012,36,4012
75,246100,2,1,12,11,04009,36,4009
72,12500,1,1,19,19,04102,36,4102
70,71000,1,1,21,20,03805,36,3805
81,2400,2,1,31,31,04012,36,4012
81,84000,2,1,15,16,04014,36,4014
78,48400,2,1,11,12,04110,36,4110
72,153000,1,1,13,13,04009,36,4009
80,85000,2,1,2,2,03902,36,3902
88,25000,2,1,22,23,03902,36,3902
80,107500,2,1,19,19,03805,36,3805
65,242300,1,1,16,16,04009,36,4009
78,33600,2,1,11,11,03903,36,3903
76,132900,2,1,39,38,04104,36,4104
82,17690,2,1,7,7,03702,36,3702
79,32500,2,1,11,11,04112,36,4112
82,74470,2,1,14,14,04013,36,4013
79,142100,2,1,18,17,03902,36,3902
69,93000,2,1,20,20,03901,36,3901
69,63600,2,1,22,21,04104,36,4104
77,44900,1,1,20,20,03901,36,3901
86,30500,2,1,15,15,03709,36,3709
68,40000,2,1,24,24,04004,36,4004
78,10600,2,1,10,10,04111,36,4111
65,11300,1,1,19,20,04111,36,4111
72,373000,2,1,22,22,03805,36,3805
68,51900,1,1,28,28,04010,36,4010
66,223100,2,1,15,16,03807,36,3807
74,37000,1,1,13,13,03703,36,3703
65,162004,2,1,63,63,04113,36,4113
65,74500,1,1,17,16,04106,36,4106
72,58700,2,1,18,18,04113,36,4113
65,55520,2,1,24,24,04008,36,4008
90,86040,2,1,21,20,04103,36,4103
82,5000,2,1,13,12,04103,36,4103
94,254700,2,1,11,11,04103,36,4103
83,19100,2,1,9,9,04001,36,4001
69,75600,1,1,14,14,04112,36,4112
72,20400,1,1,17,17,04106,36,4106
70,19100,2,1,18,18,03703,36,3703
85,67850,2,1,16,16,03903,36,3903
78,158800,2,1,19,19,03808,36,3808
83,17800,2,1,30,30,04108,36,4108
71,16800,2,1,39,39,04016,36,4016
87,27100,2,1,16,16,04103,36,4103
71,65600,1,1,19,19,04009,36,4009
67,160800,2,1,17,17,04005,36,4005
76,14000,2,1,13,13,04103,36,4103
75,13000,2,1,12,13,04107,36,4107
66,60400,2,1,19,19,03901,36,3901
65,169000,2,1,19,19,03805,36,3805
78,12200,2,1,34,33,04013,36,4013
85,18000,2,1,10,11,04105,36,4105
73,31000,1,1,16,17,04111,36,4111
80,25000,2,1,15,14,03803,36,3803
76,37500,1,1,27,27,04110,36,4110
78,13900,2,1,81,80,04005,36,4005
79,21100,2,1,15,15,03903,36,3903
79,59500,2,1,17,17,03902,36,3902
84,44000,1,1,27,27,04112,36,4112
85,13200,2,1,23,24,04112,36,4112
66,50000,2,1,30,31,04017,36,4017
88,773300,2,1,9,10,04103,36,4103
66,254600,2,1,28,27,03805,36,3805
70,15700,1,1,18,18,04113,36,4113
69,17700,1,1,13,14,03903,36,3903
86,17700,2,1,13,13,03903,36,3903
80,12000,2,1,16,17,04104,36,4104
71,106920,2,1,8,8,03903,36,3903
81,665400,2,1,11,11,03902,36,3902
68,29000,2,1,20,20,04113,36,4113
94,20400,2,1,11,11,04110,36,4110
65,41700,1,1,14,14,03903,36,3903
84,25000,1,1,22,22,03903,36,3903
67,101200,2,1,20,20,03805,36,3805
68,93100,2,1,18,19,04105,36,4105
76,12000,2,1,19,19,03805,36,3805
85,57600,2,1,14,14,04015,36,4015
67,3600,1,1,20,20,03903,36,3903
89,30900,1,1,15,16,04112,36,4112
66,95000,2,1,10,10,04006,36,4006
67,84950,1,1,9,9,03709,36,3709
69,272800,1,1,13,14,04005,36,4005
65,132410,1,1,22,23,04105,36,4105
66,5500,2,1,19,19,03806,36,3806
80,31400,2,1,12,11,03704,36,3704
66,242000,1,1,22,22,03805,36,3805
85,57300,2,1,35,34,04105,36,4105
72,28800,2,1,11,11,03705,36,3705
79,88800,2,1,24,25,03810,36,3810
70,61400,2,1,12,12,04110,36,4110
86,43200,2,1,16,16,04014,36,4014
85,71000,2,1,19,18,04103,36,4103
66,18000,1,1,11,11,03901,36,3901
74,5900,2,1,13,14,04106,36,4106
69,91500,1,1,17,17,04018,36,4018
74,71100,2,1,14,14,04109,36,4109
68,59400,2,1,16,17,03703,36,3703
68,227300,2,1,19,19,03810,36,3810
76,25200,2,1,12,12,04106,36,4106
65,16400,1,1,14,15,04102,36,4102
66,225600,1,1,22,23,03802,36,3802
69,132800,2,1,46,46,03903,36,3903
68,7200,2,1,21,21,04102,36,4102
80,64000,2,1,22,22,04112,36,4112
75,1184900,2,1,28,29,03805,36,3805
88,40404,1,1,35,35,04105,36,4105
84,17300,2,1,14,14,04114,36,4114
66,61700,1,1,12,11,03702,36,3702
94,6000,2,1,14,15,04009,36,4009
77,29000,1,1,12,12,04112,36,4112
71,66647,1,1,11,12,04101,36,4101
69,40700,2,1,22,22,04108,36,4108
72,255400,1,1,11,11,03901,36,3901
89,51600,2,1,11,10,04013,36,4013
78,20260,1,1,16,16,03901,36,3901
83,15000,1,1,19,19,04007,36,4007
67,62800,1,1,21,21,04105,36,4105
73,34000,2,1,9,9,04016,36,4016
74,40000,2,1,2,2,04101,36,4101
66,78540,1,1,11,11,03902,36,3902
76,21500,1,1,10,9,04103,36,4103
74,83900,1,1,66,66,03901,36,3901
85,29600,1,1,19,19,04112,36,4112
78,4800,2,1,33,33,04016,36,4016
70,123110,2,1,20,20,04008,36,4008
76,40700,2,1,19,20,04113,36,4113
74,190900,1,1,15,16,04113,36,4113
77,75100,2,1,11,12,04110,36,4110
89,39600,1,1,10,10,04112,36,4112
90,18800,2,1,13,13,03702,36,3702
72,106900,2,1,18,19,03704,36,3704
70,13300,1,1,11,11,04018,36,4018
75,9700,2,1,32,31,04004,36,4004
94,45000,2,1,17,18,04103,36,4103
71,34200,2,1,13,13,04009,36,4009
84,21300,2,1,15,15,04104,36,4104
77,45200,2,1,14,14,03901,36,3901
67,24000,2,1,49,49,04017,36,4017
80,172200,2,1,13,13,04017,36,4017
70,19200,1,1,40,40,04103,36,4103
69,4800,2,1,25,25,04102,36,4102
66,118300,2,1,8,9,04010,36,4010
74,98100,2,1,11,11,04104,36,4104
80,53500,2,1,22,21,03903,36,3903
80,306300,2,1,15,16,03805,36,3805
70,16320,2,1,25,25,04001,36,4001
68,74900,1,1,16,16,04010,36,4010
71,66000,2,1,15,15,04009,36,4009
65,42400,2,1,31,31,04005,36,4005
74,65800,2,1,18,18,03702,36,3702
71,19800,2,1,21,22,04105,36,4105
85,12000,2,1,21,22,03902,36,3902
76,32900,2,1,12,12,03704,36,3704
81,59800,2,1,9,9,04112,36,4112
73,23800,2,1,3,3,04013,36,4013
76,59900,2,1,11,11,04111,36,4111
68,87500,1,1,15,14,04009,36,4009
75,5400,2,1,15,16,04103,36,4103
71,36100,2,1,15,14,04106,36,4106
70,41400,1,1,12,11,04110,36,4110
69,132400,1,1,15,16,03810,36,3810
71,31400,2,1,10,10,04017,36,4017
84,125001,2,1,12,12,04017,36,4017
70,15600,2,1,18,18,04106,36,4106
77,11690,2,1,17,17,04106,36,4106
65,106000,1,1,7,7,04113,36,4113
68,87000,1,1,9,9,04112,36,4112
67,96200,1,1,36,36,04113,36,4113
82,28000,2,1,17,17,04108,36,4108
66,12000,2,1,18,18,04110,36,4110
80,42300,2,1,11,12,04110,36,4110
66,129600,1,1,15,15,04111,36,4111
73,23700,2,1,38,38,04105,36,4105
79,296000,2,1,21,21,03903,36,3903
78,53300,1,1,12,11,04007,36,4007
67,157600,2,1,15,15,04104,36,4104
84,13200,2,1,20,20,04102,36,4102
82,36100,2,1,42,43,04016,36,4016
71,79000,2,1,32,31,04107,36,4107
73,21800,2,1,21,21,03901,36,3901
82,15100,2,1,14,13,04104,36,4104
73,7600,2,1,12,12,04109,36,4109
66,44600,2,1,25,25,04017,36,4017
80,22800,2,1,14,14,04112,36,4112
94,174800,2,1,9,10,04107,36,4107
84,18500,2,1,12,12,04110,36,4110
71,49600,2,1,24,23,04113,36,4113
74,21400,2,1,14,14,04109,36,4109
84,12500,2,1,12,12,04104,36,4104
66,109800,1,1,13,13,04104,36,4104
77,15000,2,1,59,59,03802,36,3802
76,13900,2,1,57,57,03703,36,3703
72,1600,1,1,36,36,04004,36,4004
66,101100,2,1,7,8,03807,36,3807
71,47600,1,1,8,9,03901,36,3901
83,311000,2,1,15,15,03806,36,3806
66,91100,2,1,13,13,04105,36,4105
87,79800,2,1,36,36,04113,36,4113
85,24400,2,1,35,35,04109,36,4109
82,77600,1,1,23,23,04112,36,4112
83,30000,2,1,15,15,04104,36,4104
84,20400,2,1,19,19,04104,36,4104
80,102600,2,1,14,13,04106,36,4106
73,73300,2,1,19,20,04113,36,4113
66,61400,1,1,16,15,04114,36,4114
81,100230,2,1,12,11,04105,36,4105
79,17000,2,1,21,20,04017,36,4017
69,42100,2,1,15,16,04018,36,4018
83,51300,2,1,18,18,04106,36,4106
70,60200,2,1,16,15,03802,36,3802
75,56700,2,1,15,14,04010,36,4010
94,38400,2,1,6,6,04016,36,4016
69,52100,2,1,17,17,04018,36,4018
83,150000,1,1,14,14,04003,36,4003
75,363000,2,1,11,11,04009,36,4009
65,66400,1,1,36,36,04009,36,4009
67,51000,1,1,12,12,04009,36,4009
72,423300,1,1,18,18,03806,36,3806
94,222000,2,1,16,16,03805,36,3805
77,44900,1,1,17,17,03810,36,3810
78,299400,2,1,17,16,04012,36,4012
72,20000,2,1,19,19,04004,36,4004
69,68400,2,1,10,9,03902,36,3902
67,47200,2,1,24,23,04108,36,4108
78,71000,2,1,18,18,04010,36,4010
87,23900,2,1,15,15,04105,36,4105
75,35100,2,1,16,16,04106,36,4106
85,19600,2,1,13,13,04114,36,4114
77,69000,2,1,17,18,03805,36,3805
79,63460,2,1,19,19,03702,36,3702
94,14000,2,1,13,13,04114,36,4114
74,162500,2,1,12,12,03704,36,3704
81,49000,2,1,19,19,04113,36,4113
81,39400,2,1,25,25,04010,36,4010
66,59200,2,1,18,18,04012,36,4012
77,17500,2,1,17,17,04018,36,4018
67,28900,2,1,21,21,03709,36,3709
73,19400,2,1,21,21,04113,36,4113
71,39310,2,1,17,17,04014,36,4014
69,14200,2,1,13,13,04105,36,4105
65,6000,2,1,10,10,04017,36,4017
65,70000,1,1,19,19,04103,36,4103
73,4200,2,1,13,13,04015,36,4015
88,107800,2,1,12,13,04106,36,4106
70,103400,2,1,13,13,04111,36,4111
67,93400,1,1,16,16,04010,36,4010
84,23700,2,1,18,19,04103,36,4103
86,37140,2,1,7,8,04110,36,4110
68,79500,1,1,4,3,04111,36,4111
65,91500,2,1,70,69,04006,36,4006
75,45200,2,1,15,15,04018,36,4018
94,66600,2,1,24,24,04102,36,4102
74,47000,1,1,11,11,04104,36,4104
73,101000,2,1,61,61,03805,36,3805
87,14500,2,1,20,19,03903,36,3903
70,60900,2,1,12,13,04013,36,4013
74,81850,1,1,17,17,04113,36,4113
75,31100,2,1,14,14,03902,36,3902
94,8700,2,1,19,19,03806,36,3806
77,23500,2,1,21,21,04015,36,4015
72,30900,2,1,17,18,04101,36,4101
89,38100,2,1,12,12,04111,36,4111
66,57100,2,1,20,20,03709,36,3709
80,127001,2,1,18,18,04009,36,4009
76,11200,2,1,5,4,04112,36,4112
65,28300,1,1,11,11,04013,36,4013
74,21000,2,1,2,2,04008,36,4008
75,19430,2,1,20,20,03901,36,3901
66,40000,2,1,14,14,04018,36,4018
84,8600,2,1,16,16,04018,36,4018
71,14000,1,1,18,18,03808,36,3808
72,82700,1,1,17,17,03903,36,3903
70,52700,2,1,17,16,04109,36,4109
83,31500,2,1,11,11,04111,36,4111
66,40000,2,1,13,13,04108,36,4108
68,106000,1,1,13,13,04105,36,4105
69,39700,2,1,13,13,04001,36,4001
68,99470,1,1,7,7,03903,36,3903
71,94100,2,1,13,12,03701,36,3701
73,134400,1,1,16,16,03903,36,3903
87,5500,1,1,10,11,04111,36,4111
76,10800,2,1,23,23,04102,36,4102
76,72500,2,1,16,15,04112,36,4112
71,247400,2,1,12,12,04103,36,4103
84,43700,2,1,12,11,04014,36,4014
69,97000,1,1,63,64,03702,36,3702
83,79500,1,1,15,15,04101,36,4101
78,29100,2,1,13,13,04009,36,4009
86,9000,2,1,15,15,03903,36,3903
66,30000,2,1,34,35,04012,36,4012
65,54000,1,1,18,18,03702,36,3702
78,75600,2,1,13,13,04110,36,4110
65,148800,1,1,32,33,04112,36,4112
88,21000,2,1,16,17,04106,36,4106
65,50120,2,1,2,1,04110,36,4110
83,172200,2,1,14,14,03702,36,3702
76,155700,2,1,15,14,04113,36,4113
73,160200,1,1,15,16,03903,36,3903
68,33000,1,1,14,14,03705,36,3705
72,15000,2,1,13,12,04104,36,4104
87,6200,2,1,24,25,04015,36,4015
65,70200,2,1,14,13,03902,36,3902
68,65200,2,1,13,13,04110,36,4110
75,208000,1,1,28,28,04103,36,4103
65,76100,1,1,12,11,04103,36,4103
80,29000,2,1,15,15,03809,36,3809
80,108000,2,1,13,13,04016,36,4016
71,36600,2,1,16,16,04013,36,4013
70,1100,2,1,22,22,03805,36,3805
77,168000,2,1,20,20,04101,36,4101
66,417400,2,1,19,19,03805,36,3805
94,0,2,1,34,34,04017,36,4017
65,85500,2,1,16,16,04005,36,4005
81,53110,2,1,12,12,04104,36,4104
81,46400,2,1,52,52,03705,36,3705
75,69400,2,1,17,18,03802,36,3802
65,110000,2,1,16,16,03805,36,3805
69,15800,2,1,15,15,04108,36,4108
79,46400,2,1,28,27,04101,36,4101
67,23900,2,1,12,12,04106,36,4106
71,64480,2,1,22,22,03902,36,3902
79,24960,2,1,16,16,04112,36,4112
69,51500,2,1,11,10,04017,36,4017
67,193500,1,1,30,29,04009,36,4009
94,21900,1,1,34,34,04005,36,4005
74,25900,2,1,14,14,04107,36,4107
89,25200,2,1,11,11,04008,36,4008
85,76800,2,1,15,15,03704,36,3704
66,7200,2,1,21,20,04108,36,4108
68,104000,1,1,21,21,03808,36,3808
67,14400,1,1,28,28,03709,36,3709
86,9900,2,1,49,49,03807,36,3807
68,310000,2,1,5,6,04016,36,4016
67,99600,2,1,17,17,03901,36,3901
72,43500,2,1,17,17,04009,36,4009
75,107160,1,1,14,15,03807,36,3807
75,97400,2,1,18,18,03903,36,3903
69,24000,1,1,20,20,03709,36,3709
66,182670,2,1,15,15,04106,36,4106
65,72000,1,1,21,20,03802,36,3802
68,5700,2,1,26,26,03805,36,3805
68,46410,1,1,44,43,04013,36,4013
94,37600,2,1,55,55,03701,36,3701
70,163900,1,1,20,20,03805,36,3805
85,115200,2,1,12,12,04014,36,4014
73,90000,2,1,18,19,03805,36,3805
71,27800,2,1,17,18,03703,36,3703
75,133200,2,1,13,13,04111,36,4111
70,92000,1,1,13,13,03807,36,3807
70,53500,2,1,6,7,04005,36,4005
86,25300,2,1,23,23,03703,36,3703
69,14400,2,1,21,20,04102,36,4102
65,104400,2,1,16,16,04104,36,4104
70,102040,1,1,9,9,03903,36,3903
86,12300,2,1,15,15,04111,36,4111
66,1100,2,1,29,29,04006,36,4006
94,18580,2,1,40,40,04108,36,4108
77,36800,1,1,13,13,04007,36,4007
72,65800,1,1,39,38,03702,36,3702
86,17000,2,1,22,22,03807,36,3807
87,82200,2,1,13,13,04106,36,4106
73,23000,1,1,22,22,03704,36,3704
75,7300,2,1,20,20,03808,36,3808
78,39000,2,1,14,14,04105,36,4105
65,95500,2,1,19,19,04105,36,4105
85,9900,2,1,13,13,04012,36,4012
82,40800,2,1,11,11,03701,36,3701
68,33900,1,1,24,25,03903,36,3903
71,159000,2,1,11,11,04016,36,4016
68,36000,2,1,40,40,04006,36,4006
81,12000,2,1,9,9,04010,36,4010
66,60400,1,1,15,15,03805,36,3805
73,5800,2,1,33,33,04002,36,4002
67,58600,1,1,20,20,04103,36,4103
65,110000,1,1,10,10,03805,36,3805
78,597300,1,1,18,18,03805,36,3805
71,70000,2,1,14,14,04103,36,4103
81,19900,2,1,16,16,04012,36,4012
65,41900,2,1,13,13,04103,36,4103
86,14200,2,1,21,21,03703,36,3703
66,30360,1,1,15,15,04111,36,4111
68,44000,2,1,29,28,04112,36,4112
69,118100,1,1,20,20,03806,36,3806
86,132900,1,1,27,27,04003,36,4003
74,29100,2,1,6,6,04017,36,4017
72,81800,1,1,12,12,03901,36,3901
88,18000,2,1,26,25,03903,36,3903
77,25520,1,1,17,17,04111,36,4111
73,97000,1,1,17,16,04105,36,4105
65,110000,1,1,17,17,03902,36,3902
80,100500,1,1,12,12,04104,36,4104
65,124000,2,1,26,27,04103,36,4103
71,38100,2,1,10,10,04001,36,4001
69,183000,2,1,17,18,03802,36,3802
69,136700,1,1,12,12,04112,36,4112
66,87480,2,1,14,15,04016,36,4016
67,356000,1,1,27,26,03808,36,3808
89,34500,2,1,17,17,04103,36,4103
75,46000,2,1,11,11,04009,36,4009
74,42060,1,1,16,16,04112,36,4112
66,131000,2,1,15,15,03901,36,3901
72,1405000,2,1,19,18,03807,36,3807
86,84400,2,1,24,23,03806,36,3806
75,29600,2,1,14,14,04016,36,4016
69,99600,2,1,13,13,04107,36,4107
94,22800,2,1,12,11,04103,36,4103
81,91700,2,1,17,17,04112,36,4112
73,718000,1,1,20,20,03805,36,3805
87,117000,2,1,21,21,03805,36,3805
74,18300,2,1,13,14,03903,36,3903
73,58880,2,1,31,32,04107,36,4107
76,135500,2,1,38,39,04112,36,4112
67,27800,1,1,17,17,03708,36,3708
66,255000,1,1,32,31,04004,36,4004
65,39000,2,1,14,14,04009,36,4009
85,14000,2,1,11,11,03901,36,3901
70,9000,2,1,22,22,04010,36,4010
82,33300,1,1,13,13,04101,36,4101
72,33900,1,1,16,16,03806,36,3806
75,19800,2,1,68,67,03701,36,3701
82,315800,2,1,13,13,04104,36,4104
65,71600,2,1,6,6,04113,36,4113
67,50700,2,1,67,67,04113,36,4113
66,42900,2,1,16,16,04101,36,4101
84,44204,2,1,13,13,04105,36,4105
75,26400,2,1,15,15,03902,36,3902
90,1400,2,1,10,11,04017,36,4017
67,51300,2,1,13,12,04001,36,4001
77,102500,2,1,14,15,04010,36,4010
65,50000,2,1,14,14,04106,36,4106
80,60500,2,1,12,12,04104,36,4104
66,158300,1,1,4,4,04104,36,4104
88,12960,2,1,3,3,04112,36,4112
85,38000,2,1,20,20,03808,36,3808
77,202200,2,1,19,19,03805,36,3805
68,28400,2,1,17,17,03801,36,3801
74,132000,1,1,58,57,04105,36,4105
82,1300,2,1,21,21,04109,36,4109
69,33800,1,1,17,18,04010,36,4010
79,26300,2,1,19,19,03805,36,3805
68,118400,2,1,20,21,04101,36,4101
86,135000,2,1,35,35,03702,36,3702
79,15600,2,1,16,17,03708,36,3708
84,19700,2,1,20,19,03903,36,3903
65,99200,1,1,10,9,04015,36,4015
73,286000,1,1,22,21,03805,36,3805
87,7700,2,1,13,14,04012,36,4012
73,37000,2,1,22,22,04001,36,4001
68,83000,1,1,28,28,03808,36,3808
82,121040,2,1,20,19,03903,36,3903
67,28000,1,1,23,23,04103,36,4103
69,99100,1,1,8,8,03901,36,3901
67,46000,1,1,15,15,03702,36,3702
69,85000,1,1,18,19,04111,36,4111
89,41600,2,1,14,14,04112,36,4112
65,60800,1,1,7,7,04001,36,4001
66,74300,1,1,29,28,04009,36,4009
69,51600,1,1,23,23,04010,36,4010
65,38300,2,1,67,67,04006,36,4006
79,187500,2,1,19,19,04106,36,4106
69,201000,2,1,22,22,03806,36,3806
88,33600,1,1,34,34,03902,36,3902
71,75000,2,1,38,38,03709,36,3709
69,54900,1,1,17,17,04102,36,4102
85,201000,2,1,15,14,03805,36,3805
85,75700,2,1,30,30,04109,36,4109
68,55800,2,1,36,37,04101,36,4101
71,77200,2,1,9,10,04107,36,4107
75,15330,2,1,20,20,04102,36,4102
69,59000,1,1,12,11,04108,36,4108
73,66200,2,1,16,15,03902,36,3902
75,33000,2,1,15,15,04108,36,4108
74,36000,2,1,12,11,04104,36,4104
71,75000,2,1,11,11,04113,36,4113
67,56800,1,1,27,27,03702,36,3702
76,10000,2,1,16,15,03704,36,3704
71,77200,2,1,12,11,04110,36,4110
85,32310,2,1,12,13,03810,36,3810
83,35200,2,1,21,21,04108,36,4108
77,10800,2,1,19,19,04010,36,4010
66,19700,2,1,16,16,04113,36,4113
89,23100,1,1,26,27,04108,36,4108
70,21900,1,1,13,13,04105,36,4105
70,18800,1,1,30,30,04008,36,4008
87,15600,2,1,53,52,04103,36,4103
68,192400,2,1,12,12,04106,36,4106
69,172000,2,1,11,11,04005,36,4005
80,17000,2,1,36,36,03709,36,3709
76,46400,2,1,22,21,04102,36,4102
69,38800,2,1,17,16,03810,36,3810
72,44240,1,1,7,7,04007,36,4007
67,47700,2,1,13,13,04005,36,4005
69,183000,2,1,19,19,04111,36,4111
66,83400,2,1,10,11,03903,36,3903
90,17200,2,1,25,25,03810,36,3810
72,51000,2,1,19,18,03901,36,3901
67,25200,1,1,25,26,03705,36,3705
79,45000,2,1,15,15,03903,36,3903
80,23200,2,1,11,11,04113,36,4113
70,45800,1,1,16,16,04110,36,4110
88,50000,2,1,13,14,04013,36,4013
72,10600,2,1,22,22,03701,36,3701
70,101500,2,1,24,23,03808,36,3808
78,14200,1,1,7,6,04112,36,4112
65,83000,1,1,14,15,04102,36,4102
81,19600,1,1,14,14,04011,36,4011
79,46600,1,1,9,9,04105,36,4105
82,31500,2,1,15,15,03903,36,3903
87,43200,2,1,16,17,03709,36,3709
89,51000,2,1,14,14,03701,36,3701
79,556410,1,1,24,24,03808,36,3808
71,198630,1,1,15,16,04010,36,4010
66,82000,2,1,11,11,04017,36,4017
80,12000,1,1,12,11,04017,36,4017
77,12000,1,1,12,12,04013,36,4013
73,41000,1,1,19,18,04109,36,4109
74,136390,1,1,7,7,03710,36,3710
66,72900,1,1,14,14,04105,36,4105
78,74400,1,1,20,19,04113,36,4113
82,8700,1,1,6,6,03702,36,3702
73,81800,1,1,23,23,03903,36,3903
77,9900,1,1,19,19,04009,36,4009
90,24300,2,1,16,15,04112,36,4112
70,79000,2,1,7,8,04013,36,4013
67,37000,2,1,12,12,04104,36,4104
74,91000,2,1,29,29,03710,36,3710
76,108000,1,1,19,19,03805,36,3805
80,55800,2,1,17,16,03901,36,3901
74,48400,1,1,12,12,04007,36,4007
68,288400,1,1,16,17,03903,36,3903
67,99320,2,1,22,22,04104,36,4104
89,20400,2,1,37,37,04014,36,4014
70,26000,2,1,13,13,04114,36,4114
78,1300,1,1,20,20,04103,36,4103
74,12700,2,1,22,22,03901,36,3901
72,1000,2,1,15,15,03901,36,3901
81,15000,2,1,19,19,03701,36,3701
66,224900,2,1,16,16,04106,36,4106
71,19800,1,1,17,17,03903,36,3903
82,125700,2,1,12,12,04110,36,4110
84,16200,2,1,15,15,04009,36,4009
67,81100,2,1,12,12,03704,36,3704
72,302600,1,1,17,17,03805,36,3805
75,16700,2,1,14,14,03701,36,3701
73,10800,2,1,21,21,04102,36,4102
68,4800,1,1,19,19,03709,36,3709
72,550000,2,1,23,23,03806,36,3806
80,50300,1,1,11,11,04105,36,4105
65,63400,1,1,15,15,04105,36,4105
68,12020,2,1,14,14,04008,36,4008
67,126900,1,1,15,16,04015,36,4015
66,127000,1,1,14,14,03804,36,3804
70,18100,1,1,13,13,04105,36,4105
80,15400,2,1,47,47,03903,36,3903
82,49100,2,1,10,10,04105,36,4105
65,61900,2,1,40,40,04114,36,4114
83,28800,2,1,13,14,03805,36,3805
80,109720,2,1,22,22,03901,36,3901
74,108000,1,1,13,13,04106,36,4106
73,50000,2,1,32,32,04105,36,4105
83,24000,2,1,17,18,04106,36,4106
66,137600,1,1,8,8,04114,36,4114
65,104400,2,1,15,16,04004,36,4004
71,0,2,1,7,7,04009,36,4009
77,15600,2,1,16,16,04005,36,4005
75,64500,2,1,21,21,03805,36,3805
73,63000,2,1,10,10,04109,36,4109
69,130000,1,1,16,16,04104,36,4104
76,361400,1,1,34,33,03808,36,3808
65,83600,2,1,23,23,03805,36,3805
67,42500,1,1,24,24,04103,36,4103
66,85000,2,1,17,17,04106,36,4106
66,52000,1,1,18,17,04013,36,4013
69,109900,2,1,38,38,04113,36,4113
76,62000,2,1,10,10,04106,36,4106
65,39000,2,1,36,36,04011,36,4011
65,67000,2,1,10,10,04110,36,4110
65,89600,1,1,12,12,03703,36,3703
69,16010,2,1,14,13,04104,36,4104
80,27800,2,1,11,12,04109,36,4109
75,26200,2,1,55,55,04018,36,4018
75,29900,2,1,15,14,04104,36,4104
80,25840,2,1,11,11,04111,36,4111
77,11500,2,1,23,23,03902,36,3902
80,105900,1,1,42,42,04010,36,4010
87,23000,2,1,14,14,04016,36,4016
81,46200,2,1,33,34,04113,36,4113
66,63200,1,1,26,26,04003,36,4003
65,21500,2,1,23,24,03808,36,3808
75,18000,2,1,14,14,04001,36,4001
88,22800,1,1,16,16,04112,36,4112
69,25000,2,1,10,10,04016,36,4016
81,6400,2,1,3,3,04103,36,4103
76,146000,1,1,17,16,04102,36,4102
84,216000,2,1,12,12,04017,36,4017
71,8100,2,1,19,19,03703,36,3703
71,279400,2,1,8,7,04113,36,4113
74,2900,1,1,12,13,04111,36,4111
66,349500,2,1,4,5,04008,36,4008
65,129700,1,1,14,14,04112,36,4112
65,143300,1,1,53,53,04010,36,4010
71,17200,2,1,13,14,04103,36,4103
72,149000,2,1,19,19,03805,36,3805
80,32500,2,1,8,7,04105,36,4105
78,158000,2,1,10,10,04108,36,4108
66,57300,1,1,23,23,03802,36,3802
83,4900,2,1,12,13,04101,36,4101
72,411000,2,1,12,13,03902,36,3902
94,64400,2,1,22,23,04018,36,4018
72,55000,1,1,14,15,03702,36,3702
71,35230,2,1,6,6,04105,36,4105
86,69900,2,1,11,11,04101,36,4101
85,7200,2,1,24,23,04005,36,4005
79,23000,2,1,18,17,03701,36,3701
71,90000,1,1,16,16,04013,36,4013
65,32000,1,1,18,18,04102,36,4102
68,63800,1,1,9,9,04015,36,4015
90,38000,2,1,19,19,04104,36,4104
82,84300,2,1,16,16,03709,36,3709
77,171780,2,1,13,13,04017,36,4017
75,3600,1,1,9,9,04008,36,4008
71,210870,1,1,15,16,03701,36,3701
65,12000,2,1,10,10,04018,36,4018
74,40900,1,1,17,17,04010,36,4010
80,34120,1,1,22,23,04109,36,4109
73,54200,1,1,48,47,04101,36,4101
82,89000,2,1,14,14,04013,36,4013
68,21000,1,1,33,33,04105,36,4105
86,18000,2,1,27,26,04106,36,4106
66,153500,1,1,12,12,04105,36,4105
65,115500,1,1,29,29,03902,36,3902
77,115500,2,1,15,15,04001,36,4001
68,155700,1,1,15,14,04015,36,4015
83,59000,1,1,24,23,04002,36,4002
74,189800,2,1,15,15,04008,36,4008
86,49500,2,1,16,16,04105,36,4105
71,28100,2,1,16,16,03902,36,3902
70,55900,1,1,20,21,04106,36,4106
69,42500,2,1,9,8,04016,36,4016
68,136800,1,1,15,14,04110,36,4110
67,112700,1,1,15,14,04010,36,4010
68,69800,2,1,73,73,04103,36,4103
86,37400,2,1,14,14,04112,36,4112
71,36800,2,1,13,13,03902,36,3902
86,84400,2,1,21,20,04016,36,4016
90,14400,2,1,15,15,04111,36,4111
83,79100,2,1,32,32,03902,36,3902
69,33500,2,1,11,12,04010,36,4010
67,125800,1,1,12,12,03901,36,3901
75,519250,2,1,24,24,03805,36,3805
79,217200,2,1,16,16,03805,36,3805
67,23000,1,1,13,13,04103,36,4103
70,85040,1,1,15,15,03704,36,3704
68,53000,1,1,36,36,03704,36,3704
66,33100,2,1,24,24,03808,36,3808
72,14100,2,1,22,21,04017,36,4017
84,63000,2,1,48,48,04105,36,4105
77,105400,2,1,20,20,04103,36,4103
74,25400,2,1,14,14,03703,36,3703
94,24000,2,1,21,21,04106,36,4106
65,383400,1,1,8,8,03805,36,3805
67,58650,2,1,41,41,04105,36,4105
76,42000,1,1,15,15,04101,36,4101
66,35500,2,1,10,10,04110,36,4110
65,20500,2,1,16,16,03809,36,3809
78,25200,2,1,12,12,04104,36,4104
69,32000,2,1,16,15,04107,36,4107
71,116000,2,1,15,15,04104,36,4104
66,33800,1,1,16,16,04105,36,4105
70,63200,2,1,21,21,03701,36,3701
70,39300,1,1,11,11,04107,36,4107
72,0,2,1,14,14,04103,36,4103
70,13600,2,1,22,21,03807,36,3807
77,23300,2,1,12,13,03902,36,3902
71,114130,2,1,28,29,04105,36,4105
74,29700,2,1,12,12,03903,36,3903
82,50000,1,1,14,15,04106,36,4106
79,66500,1,1,15,15,04102,36,4102
84,16500,2,1,15,16,03702,36,3702
71,258600,2,1,17,17,03807,36,3807
65,52000,2,1,20,20,03805,36,3805
84,348500,2,1,15,14,03810,36,3810
80,85400,2,1,14,15,04016,36,4016
75,200800,2,1,13,12,04109,36,4109
83,26600,2,1,26,26,04017,36,4017
66,57900,2,1,19,19,03701,36,3701
72,22800,2,1,15,14,04110,36,4110
70,51520,1,1,14,14,04104,36,4104
68,97600,1,1,14,14,03706,36,3706
70,99250,1,1,8,9,04001,36,4001
90,0,2,1,18,18,04103,36,4103
68,146450,1,1,8,8,03807,36,3807
69,120100,1,1,13,13,04013,36,4013
87,41700,2,1,14,14,04112,36,4112
67,146900,2,1,15,15,04009,36,4009
79,22000,2,1,5,5,04112,36,4112
65,363000,1,1,39,39,04106,36,4106
81,31200,2,1,10,10,04105,36,4105
89,24400,2,1,11,11,04110,36,4110
72,162700,1,1,23,24,04018,36,4018
65,55200,2,1,23,23,03808,36,3808
80,225000,2,1,17,17,04004,36,4004
66,61500,2,1,16,16,03704,36,3704
94,53100,2,1,26,25,03704,36,3704
67,85100,1,1,29,29,04010,36,4010
75,169600,1,1,11,12,04105,36,4105
78,67200,1,1,13,13,03702,36,3702
79,104200,2,1,22,22,04110,36,4110
73,78100,1,1,11,12,04105,36,4105
80,16200,1,1,20,20,04103,36,4103
76,63400,2,1,12,12,04009,36,4009
68,63600,1,1,7,8,04103,36,4103
67,95500,1,1,9,10,04006,36,4006
76,50700,2,1,14,15,04110,36,4110
79,12000,2,1,15,15,03704,36,3704
66,31500,1,1,16,16,04110,36,4110
66,99300,2,1,22,22,04108,36,4108
71,112000,1,1,29,29,04106,36,4106
71,98500,2,1,14,14,03902,36,3902
82,24200,2,1,8,7,04105,36,4105
78,55700,2,1,14,13,03701,36,3701
75,9100,1,1,16,16,03806,36,3806
94,24400,2,1,5,5,04010,36,4010
75,46500,2,1,28,27,03808,36,3808
82,75300,2,1,24,24,03807,36,3807
85,7900,2,1,13,13,04016,36,4016
72,49200,2,1,19,19,03703,36,3703
85,12000,2,1,17,17,04005,36,4005
74,6000,1,1,18,18,04015,36,4015
72,38800,2,1,13,13,04112,36,4112
68,246200,1,1,11,11,03902,36,3902
80,32000,2,1,8,7,04103,36,4103
79,16600,2,1,14,14,04101,36,4101
80,104500,2,1,15,14,03810,36,3810
68,19000,2,1,16,16,03902,36,3902
71,48000,2,1,22,22,03808,36,3808
72,108800,1,1,18,18,04114,36,4114
66,53500,1,1,17,16,04102,36,4102
82,76000,2,1,16,15,04103,36,4103
69,147600,1,1,15,15,03704,36,3704
69,233500,2,1,11,10,04015,36,4015
68,52000,1,1,14,14,03704,36,3704
81,30100,1,1,24,25,04015,36,4015
81,41500,2,1,32,31,04017,36,4017
67,230300,1,1,16,16,04103,36,4103
65,56000,2,1,12,11,04103,36,4103
67,73000,1,1,37,38,04007,36,4007
69,12000,2,1,36,35,04103,36,4103
71,13400,2,1,17,16,04112,36,4112
66,62800,2,1,18,18,03708,36,3708
65,95000,1,1,18,19,04105,36,4105
67,163200,2,1,13,12,04105,36,4105
78,16800,2,1,29,30,04112,36,4112
68,45300,1,1,14,13,03902,36,3902
65,223400,1,1,40,40,04011,36,4011
68,36500,2,1,11,10,04104,36,4104
90,19200,2,1,15,15,04017,36,4017
68,117390,1,1,10,10,04014,36,4014
94,55700,2,1,22,22,03902,36,3902
77,8700,2,1,21,22,04103,36,4103
70,106600,1,1,10,11,04103,36,4103
69,153400,2,1,16,16,04107,36,4107
85,4600,2,1,41,42,03703,36,3703
78,47900,2,1,14,14,04007,36,4007
84,20700,2,1,10,10,04110,36,4110
65,663600,1,1,14,14,04105,36,4105
73,152700,2,1,19,19,03808,36,3808
72,28600,2,1,11,11,03805,36,3805
89,20240,2,1,20,20,03703,36,3703
84,66600,2,1,12,12,04102,36,4102
87,427000,2,1,17,17,03805,36,3805
79,443000,2,1,21,21,03701,36,3701
69,67600,1,1,17,17,03704,36,3704
73,43200,1,1,18,17,03710,36,3710
68,1096800,2,1,13,13,03806,36,3806
69,42060,2,1,39,39,03902,36,3902
67,36200,2,1,22,22,04108,36,4108
65,167800,2,1,20,19,04112,36,4112
66,54100,1,1,19,19,04108,36,4108
70,18000,2,1,22,22,04102,36,4102
82,12000,2,1,10,10,03903,36,3903
67,77800,2,1,36,35,04109,36,4109
75,43800,1,1,16,16,03902,36,3902
73,36500,2,1,9,9,04013,36,4013
81,25600,2,1,13,13,04114,36,4114
75,113260,1,1,19,20,04002,36,4002
76,10400,2,1,10,10,04012,36,4012
75,29700,2,1,24,24,03808,36,3808
83,50700,2,1,13,13,04105,36,4105
72,54700,1,1,40,41,04010,36,4010
69,10500,2,1,11,11,04107,36,4107
81,36800,2,1,14,14,04103,36,4103
94,9600,2,1,11,11,03701,36,3701
76,121700,2,1,19,19,04106,36,4106
81,40900,2,1,9,8,03705,36,3705
65,150490,2,1,15,15,04106,36,4106
75,44000,2,1,19,19,03806,36,3806
73,41130,1,1,10,11,04013,36,4013
78,22300,2,1,17,17,04104,36,4104
82,248400,2,1,17,17,03807,36,3807
68,37000,2,1,31,31,04013,36,4013
83,52500,2,1,13,13,04009,36,4009
71,42800,2,1,36,36,04014,36,4014
66,213000,2,1,14,14,03809,36,3809
76,103800,1,1,14,14,04110,36,4110
71,48600,2,1,26,26,04101,36,4101
88,48900,2,1,13,13,04104,36,4104
73,25000,2,1,19,19,04009,36,4009
77,36200,2,1,22,22,03806,36,3806
67,112500,1,1,21,21,03810,36,3810
74,163000,2,1,6,6,04002,36,4002
74,83800,2,1,16,16,03809,36,3809
80,37200,1,1,24,24,03708,36,3708
84,29500,2,1,19,19,04113,36,4113
83,14500,1,1,15,15,04112,36,4112
78,81600,2,1,30,31,04012,36,4012
82,91000,2,1,20,19,04104,36,4104
65,29000,1,1,14,15,03902,36,3902
70,18100,1,1,21,22,04003,36,4003
67,183600,2,1,17,18,03703,36,3703
85,170200,2,1,31,30,04002,36,4002
94,34300,2,1,13,13,04109,36,4109
71,94000,1,1,57,56,04104,36,4104
80,22200,2,1,11,12,04104,36,4104
94,47600,2,1,28,28,03709,36,3709
81,113400,2,1,8,9,03903,36,3903
81,100880,1,1,46,46,04013,36,4013
79,19900,2,1,20,20,04103,36,4103
71,53600,1,1,21,21,03703,36,3703
73,50700,1,1,31,31,04003,36,4003
71,14000,2,1,62,62,04004,36,4004
65,135100,1,1,14,15,04105,36,4105
85,14800,2,1,19,19,04112,36,4112
67,84620,2,1,12,12,04102,36,4102
67,14400,2,1,46,47,04014,36,4014
70,32700,1,1,36,36,04006,36,4006
67,61100,1,1,21,21,03805,36,3805
69,150800,1,1,73,73,04009,36,4009
74,64300,1,1,10,11,04005,36,4005
73,19000,1,1,34,33,04107,36,4107
94,9600,2,1,15,16,04103,36,4103
68,111500,2,1,9,10,04017,36,4017
68,248300,2,1,22,22,03805,36,3805
70,67400,2,1,16,15,04012,36,4012
74,32800,2,1,14,13,03903,36,3903
83,57600,2,1,79,79,04005,36,4005
65,130700,2,1,12,12,04017,36,4017
82,201000,2,1,20,19,03806,36,3806
79,18000,2,1,21,21,03701,36,3701
88,54000,2,1,12,11,03903,36,3903
80,137300,2,1,21,20,04101,36,4101
87,8300,2,1,21,21,04003,36,4003
66,10000,1,1,30,30,04103,36,4103
83,14100,2,1,15,15,04105,36,4105
67,107600,1,1,12,12,03903,36,3903
70,7200,2,1,19,19,03703,36,3703
70,111600,2,1,22,21,03805,36,3805
83,113200,2,1,11,11,04110,36,4110
65,95000,2,1,42,42,04013,36,4013
65,1200,2,1,13,13,04105,36,4105
73,24000,1,1,24,25,04110,36,4110
67,144500,2,1,19,19,03805,36,3805
73,17900,2,1,20,21,03701,36,3701
66,111200,2,1,17,17,04110,36,4110
77,152400,2,1,17,16,04103,36,4103
74,82000,2,1,14,14,03901,36,3901
78,17500,2,1,26,26,04104,36,4104
75,71700,1,1,11,10,04105,36,4105
77,16500,2,1,57,56,04113,36,4113
94,5900,2,1,28,29,04101,36,4101
69,98000,1,1,17,18,04103,36,4103
80,36600,2,1,19,19,03807,36,3807
65,847700,2,1,16,16,03805,36,3805
66,68500,1,1,22,21,04105,36,4105
78,47300,2,1,16,15,04105,36,4105
71,32000,1,1,27,26,04103,36,4103
77,67600,2,1,19,18,04103,36,4103
75,21300,1,1,8,8,04002,36,4002
77,145600,1,1,15,16,03901,36,3901
74,44700,2,1,21,21,04013,36,4013
65,293400,2,1,9,9,03903,36,3903
69,74200,2,1,19,19,03709,36,3709
79,45200,2,1,14,13,04112,36,4112
75,18200,1,1,24,24,04018,36,4018
76,59900,1,1,14,13,03709,36,3709
71,18700,2,1,14,14,03901,36,3901
67,162100,1,1,17,18,04017,36,4017
73,17200,2,1,9,8,04104,36,4104
78,43400,2,1,19,19,04009,36,4009
71,194700,1,1,16,16,04005,36,4005
68,25400,2,1,28,28,04014,36,4014
88,7500,2,1,14,15,04113,36,4113
71,29500,2,1,18,17,04017,36,4017
81,33600,2,1,25,25,04109,36,4109
76,45000,2,1,37,37,04108,36,4108
73,76000,1,1,14,13,04114,36,4114
69,16800,1,1,9,9,04009,36,4009
77,76000,2,1,8,8,04006,36,4006
70,4704,2,1,18,18,04107,36,4107
88,0,2,1,12,13,04101,36,4101
65,70900,1,1,23,23,03902,36,3902
84,21500,1,1,29,29,04112,36,4112
74,34000,2,1,14,15,03805,36,3805
78,54000,2,1,11,11,04111,36,4111
77,108000,1,1,10,11,04017,36,4017
74,47500,2,1,10,10,04009,36,4009
74,22860,2,1,19,19,04106,36,4106
84,92000,2,1,56,56,03810,36,3810
72,87000,2,1,16,15,04002,36,4002
70,14000,2,1,20,20,03803,36,3803
66,35500,2,1,11,12,04104,36,4104
68,105840,1,1,11,11,04107,36,4107
67,41100,1,1,27,27,03702,36,3702
87,292100,1,1,20,20,03808,36,3808
77,19600,2,1,20,19,04113,36,4113
75,169000,2,1,18,18,03806,36,3806
65,628600,1,1,13,13,04009,36,4009
70,155100,2,1,18,18,03808,36,3808
78,20000,2,1,19,19,03805,36,3805
85,62700,2,1,14,14,04102,36,4102
86,30500,2,1,36,36,04101,36,4101
85,20200,2,1,11,10,04112,36,4112
65,17100,1,1,12,12,03902,36,3902
78,251700,2,1,17,16,03807,36,3807
81,30900,2,1,1,2,04112,36,4112
65,82000,1,1,23,24,03701,36,3701
83,91000,2,1,64,64,03808,36,3808
66,174400,2,1,15,15,04104,36,4104
80,17400,2,1,12,13,03901,36,3901
82,40400,2,1,39,39,04112,36,4112
83,76700,2,1,27,27,04102,36,4102
84,31800,2,1,15,15,04109,36,4109
85,25000,2,1,13,13,04104,36,4104
73,41800,2,1,29,28,04108,36,4108
74,12500,1,1,27,26,04103,36,4103
76,73900,2,1,20,20,03805,36,3805
86,26000,2,1,12,12,03902,36,3902
82,46800,2,1,16,16,03701,36,3701
71,91400,2,1,22,21,04111,36,4111
79,44300,2,1,19,18,03807,36,3807
77,26400,2,1,31,31,04003,36,4003
65,20700,1,1,16,16,04006,36,4006
72,9000,1,1,48,48,03806,36,3806
67,230000,2,1,11,11,03705,36,3705
87,22400,2,1,12,13,04103,36,4103
68,82100,1,1,20,20,03901,36,3901
86,10800,2,1,23,23,04012,36,4012
82,11900,2,1,21,22,03903,36,3903
90,182800,2,1,21,21,03808,36,3808
67,36000,2,1,23,24,04017,36,4017
84,85000,2,1,16,16,04005,36,4005
74,21000,2,1,13,14,04104,36,4104
83,38900,2,1,19,19,03902,36,3902
89,30000,2,1,20,20,04103,36,4103
73,166000,2,1,13,13,04108,36,4108
69,52900,2,1,26,26,04014,36,4014
76,263000,1,1,22,23,03805,36,3805
68,142000,1,1,12,11,04009,36,4009
66,44700,2,1,11,12,04106,36,4106
76,201000,2,1,22,22,03806,36,3806
75,14600,2,1,13,14,03809,36,3809
78,109200,2,1,45,46,03806,36,3806
67,40400,1,1,17,17,04104,36,4104
69,138600,1,1,17,16,03903,36,3903
81,30000,2,1,19,18,03704,36,3704
75,11900,2,1,35,35,04105,36,4105
68,83400,2,1,12,13,03805,36,3805
69,357000,2,1,34,34,03805,36,3805
86,61100,2,1,22,22,03806,36,3806
80,15900,2,1,14,15,04016,36,4016
72,32000,2,1,32,31,04017,36,4017
65,110000,1,1,23,23,04002,36,4002
81,18000,2,1,12,13,04112,36,4112
79,227000,2,1,13,14,03806,36,3806
73,161600,2,1,19,19,04010,36,4010
74,56500,1,1,19,19,03702,36,3702
71,244530,2,1,11,12,04010,36,4010
80,3000,2,1,10,10,04015,36,4015
90,16700,1,1,21,20,04017,36,4017
87,13000,2,1,6,6,04105,36,4105
74,44800,2,1,13,13,04103,36,4103
67,47600,1,1,20,19,03806,36,3806
67,58900,2,1,16,16,03704,36,3704
67,97200,2,1,14,14,04009,36,4009
86,25500,2,1,36,36,04015,36,4015
69,29700,1,1,32,31,04003,36,4003
72,32000,2,1,13,13,04009,36,4009
69,99400,2,1,34,35,03708,36,3708
73,113200,1,1,45,46,04009,36,4009
72,76500,1,1,12,12,04114,36,4114
67,30600,2,1,13,12,04016,36,4016
66,61000,2,1,29,29,04112,36,4112
75,27900,2,1,12,12,04105,36,4105
75,264600,2,1,12,12,03806,36,3806
67,40400,1,1,9,9,04013,36,4013
71,16800,2,1,20,20,03702,36,3702
71,29300,2,1,31,32,03805,36,3805
65,102820,2,1,10,10,04016,36,4016
79,1100,2,1,19,20,03902,36,3902
76,122800,2,1,20,20,04113,36,4113
70,18570,2,1,10,9,04103,36,4103
69,150000,1,1,19,19,03901,36,3901
87,16000,2,1,55,55,03703,36,3703
77,27900,2,1,12,11,04110,36,4110
84,14400,2,1,13,13,03701,36,3701
68,49000,1,1,22,22,04112,36,4112
67,68600,2,1,29,30,04018,36,4018
94,9600,2,1,20,19,04009,36,4009
88,25300,2,1,22,21,04104,36,4104
79,19200,2,1,8,7,04105,36,4105
69,28000,2,1,20,20,03805,36,3805
65,163000,2,1,4,5,03902,36,3902
83,32200,2,1,15,14,04109,36,4109
76,15000,2,1,14,15,04113,36,4113
69,44100,2,1,16,16,04105,36,4105
68,225900,1,1,15,16,03901,36,3901
72,72500,2,1,22,21,04112,36,4112
76,43700,2,1,17,17,04101,36,4101
81,25100,2,1,19,19,04101,36,4101
66,700700,2,1,11,11,04103,36,4103
83,135610,2,1,14,14,04003,36,4003
70,101400,1,1,24,25,04104,36,4104
94,21600,2,1,12,12,04012,36,4012
85,24600,1,1,14,15,04017,36,4017
88,25000,2,1,17,17,04105,36,4105
76,21600,1,1,8,8,04003,36,4003
79,32750,2,1,10,9,04111,36,4111
82,12300,2,1,20,20,03806,36,3806
86,40700,2,1,10,10,04009,36,4009
67,86000,1,1,20,20,03806,36,3806
78,66900,1,1,19,18,03702,36,3702
76,24000,1,1,14,13,03704,36,3704
69,59500,2,1,13,13,04103,36,4103
68,17700,2,1,49,50,03709,36,3709
70,10400,2,1,12,12,04018,36,4018
86,214200,1,1,22,22,03806,36,3806
70,156900,1,1,7,7,04010,36,4010
79,97030,2,1,21,21,04013,36,4013
75,70600,2,1,12,11,04109,36,4109
70,90000,1,1,6,6,04114,36,4114
66,63400,1,1,29,28,04009,36,4009
68,10600,2,1,14,14,04009,36,4009
76,54000,2,1,13,13,03902,36,3902
65,15000,1,1,15,15,03702,36,3702
79,107000,2,1,18,18,03709,36,3709
65,55000,2,1,25,26,03903,36,3903
69,73320,2,1,19,20,03810,36,3810
73,74000,2,1,17,18,04111,36,4111
81,13500,2,1,16,16,04017,36,4017
68,70600,2,1,13,14,03901,36,3901
89,135000,1,1,41,41,03702,36,3702
81,7500,2,1,13,13,04009,36,4009
86,84800,1,1,17,17,03808,36,3808
75,30000,2,1,28,28,04105,36,4105
71,222900,2,1,20,20,03701,36,3701
79,57900,2,1,31,32,03803,36,3803
72,152800,2,1,12,12,04018,36,4018
94,20700,2,1,12,13,04112,36,4112
69,57530,2,1,20,19,03901,36,3901
79,22800,2,1,15,16,04105,36,4105
77,45000,2,1,13,14,04017,36,4017
80,41700,2,1,10,10,03701,36,3701
68,127900,1,1,11,11,04010,36,4010
65,153100,1,1,12,13,03902,36,3902
81,17600,2,1,14,15,04102,36,4102
78,87800,2,1,12,12,04110,36,4110
80,219200,2,1,18,18,03901,36,3901
78,20700,2,1,14,15,04103,36,4103
66,14700,2,1,14,14,03709,36,3709
75,86000,2,1,17,18,04108,36,4108
77,32000,2,1,24,24,04113,36,4113
65,62400,1,1,18,18,03903,36,3903
65,56000,1,1,17,17,04105,36,4105
77,453400,1,1,22,22,03806,36,3806
66,29200,1,1,17,18,03701,36,3701
65,57620,2,1,23,24,04101,36,4101
88,62400,2,1,16,15,03810,36,3810
86,13800,2,1,14,14,04103,36,4103
68,24100,2,1,19,18,04010,36,4010
80,41000,1,1,48,47,04013,36,4013
76,15180,1,1,19,20,03704,36,3704
65,76800,2,1,16,16,04003,36,4003
69,48200,2,1,9,9,04105,36,4105
75,18000,2,1,17,17,03901,36,3901
65,36000,1,1,18,18,04013,36,4013
77,476000,2,1,14,14,03805,36,3805
73,56300,2,1,16,16,04113,36,4113
81,12000,1,1,34,34,04007,36,4007
72,11000,2,1,19,18,04105,36,4105
66,51600,1,1,13,13,04016,36,4016
69,17600,2,1,9,9,04106,36,4106
69,214800,2,1,16,17,04108,36,4108
80,93200,2,1,14,14,04101,36,4101
94,17000,2,1,21,21,04004,36,4004
76,232100,2,1,13,13,04103,36,4103
76,46100,2,1,54,54,04112,36,4112
78,12000,2,1,14,14,03902,36,3902
83,14800,2,1,12,12,04110,36,4110
78,19600,2,1,16,16,03902,36,3902
68,195700,1,1,21,21,04113,36,4113
78,71200,2,1,15,14,04009,36,4009
67,35600,1,1,14,14,04017,36,4017
66,14400,2,1,10,10,04010,36,4010
65,84900,2,1,5,5,04103,36,4103
73,37600,1,1,12,13,04104,36,4104
66,162500,1,1,19,19,04106,36,4106
70,21000,1,1,35,35,04107,36,4107
80,33700,2,1,13,13,04010,36,4010
69,74800,2,1,16,16,04102,36,4102
65,82200,2,1,12,12,03704,36,3704
67,149000,1,1,14,14,04013,36,4013
67,158600,2,1,9,8,04005,36,4005
70,108300,2,1,23,23,03807,36,3807
72,89900,1,1,13,13,04105,36,4105
79,50400,1,1,18,18,03810,36,3810
69,58400,2,1,41,41,04011,36,4011
68,146000,2,1,20,19,04108,36,4108
78,83800,2,1,18,18,04105,36,4105
68,28500,2,1,16,15,04017,36,4017
70,109400,2,1,4,4,04105,36,4105
68,76100,1,1,17,17,04009,36,4009
66,125060,2,1,27,27,03901,36,3901
65,160200,1,1,11,11,04005,36,4005
78,72500,1,1,16,16,04007,36,4007
66,97700,1,1,33,33,03702,36,3702
71,56650,2,1,19,19,04106,36,4106
81,23800,2,1,25,25,03902,36,3902
88,53400,2,1,10,10,04015,36,4015
78,145400,2,1,24,25,03902,36,3902
76,117600,1,1,11,11,03707,36,3707
73,51000,1,1,21,21,03806,36,3806
86,29500,2,1,18,17,03902,36,3902
74,238500,1,1,16,17,04008,36,4008
66,73000,1,1,26,26,04018,36,4018
94,62000,2,1,18,19,04104,36,4104
73,106200,2,1,20,21,04101,36,4101
65,103000,2,1,13,12,04012,36,4012
69,51100,1,1,16,16,04009,36,4009
78,35000,1,1,22,21,03702,36,3702
82,37500,2,1,10,11,04016,36,4016
84,10500,2,1,10,11,03705,36,3705
67,11700,1,1,19,19,04016,36,4016
69,5640,2,1,8,9,04016,36,4016
87,18000,2,1,18,18,04017,36,4017
69,67100,1,1,6,6,04105,36,4105
67,171500,1,1,13,13,04013,36,4013
79,101730,2,1,13,13,03903,36,3903
65,42500,1,1,17,17,03804,36,3804
83,93800,2,1,11,10,04105,36,4105
81,48560,1,1,25,24,04009,36,4009
69,19000,2,1,19,20,03706,36,3706
65,106100,1,1,11,11,04105,36,4105
66,296000,1,1,19,19,03806,36,3806
81,20100,2,1,7,8,04105,36,4105
81,22200,2,1,12,12,04016,36,4016
73,140000,2,1,25,26,03806,36,3806
85,21300,1,1,15,15,04105,36,4105
94,35200,1,1,70,71,03703,36,3703
70,42010,2,1,12,11,04112,36,4112
87,45800,2,1,12,12,04108,36,4108
71,41200,1,1,14,14,04006,36,4006
70,224800,1,1,41,41,04105,36,4105
66,141300,2,1,13,13,04105,36,4105
68,24800,1,1,13,13,04105,36,4105
84,104700,2,1,10,10,04016,36,4016
82,74500,2,1,22,22,03805,36,3805
70,336000,2,1,17,17,03810,36,3810
89,42000,2,1,37,37,03704,36,3704
79,30000,2,1,22,21,04103,36,4103
94,13000,2,1,13,13,04110,36,4110
73,264800,2,1,18,18,04004,36,4004
73,60700,1,1,33,32,04113,36,4113
87,101630,1,1,10,10,04103,36,4103
78,20800,2,1,20,21,04014,36,4014
70,425100,2,1,20,20,03808,36,3808
77,32000,1,1,15,15,03704,36,3704
76,126000,1,1,12,12,04009,36,4009
86,1100,2,1,21,21,03902,36,3902
85,5900,2,1,10,10,04014,36,4014
71,28000,2,1,14,14,04114,36,4114
65,65600,1,1,17,17,03709,36,3709
73,45000,2,1,14,14,03810,36,3810
71,25800,2,1,13,14,03708,36,3708
80,93000,1,1,15,15,04016,36,4016
94,35000,2,1,17,17,04106,36,4106
73,49000,2,1,41,42,03901,36,3901
65,201900,2,1,8,9,04016,36,4016
80,28000,2,1,18,17,03903,36,3903
85,18500,2,1,18,18,04104,36,4104
83,71500,2,1,14,14,03902,36,3902
71,675500,2,1,23,23,03805,36,3805
84,37600,1,1,23,23,04103,36,4103
65,131700,1,1,18,17,04105,36,4105
65,12000,2,1,15,15,04013,36,4013
68,324900,2,1,19,19,03808,36,3808
73,106800,2,1,20,21,04004,36,4004
68,152200,1,1,7,7,04010,36,4010
71,51400,2,1,16,17,04106,36,4106
65,59200,2,1,23,23,04103,36,4103
69,238000,1,1,14,14,03807,36,3807
69,40100,2,1,19,19,04101,36,4101
66,105000,1,1,18,17,04108,36,4108
73,48100,2,1,12,12,04112,36,4112
81,44100,2,1,20,20,03902,36,3902
68,110000,2,1,12,12,03808,36,3808
69,45400,1,1,7,8,04009,36,4009
65,111000,2,1,15,14,03901,36,3901
69,104200,1,1,8,8,04104,36,4104
68,234800,1,1,15,15,03803,36,3803
77,121900,2,1,7,7,03805,36,3805
72,7200,2,1,38,38,04007,36,4007
79,75600,2,1,12,13,04008,36,4008
66,74000,2,1,28,28,04012,36,4012
66,101100,1,1,8,9,04105,36,4105
86,45800,2,1,13,13,04110,36,4110
89,20800,2,1,6,5,04108,36,4108
65,39500,2,1,25,25,04106,36,4106
68,39800,2,1,11,12,04017,36,4017
73,88000,1,1,16,16,03702,36,3702
67,401500,1,1,17,17,03805,36,3805
80,67700,1,1,18,19,03901,36,3901
83,162200,2,1,18,19,04103,36,4103
68,42000,1,1,24,24,04105,36,4105
69,33600,2,1,46,45,04013,36,4013
82,9000,2,1,31,30,03703,36,3703
68,30200,2,1,12,12,04112,36,4112
70,40500,2,1,23,23,04106,36,4106
66,75000,1,1,10,10,04009,36,4009
74,24000,1,1,23,22,03702,36,3702
76,64800,1,1,17,18,03903,36,3903
69,81100,2,1,12,11,04016,36,4016
66,46800,1,1,31,31,04113,36,4113
94,66000,2,1,40,40,04110,36,4110
66,90000,2,1,7,8,04112,36,4112
90,33600,2,1,42,42,03802,36,3802
66,27100,1,1,18,18,04101,36,4101
71,666000,1,1,18,17,03805,36,3805
94,64500,2,1,21,21,03806,36,3806
86,15500,2,1,65,64,03901,36,3901
71,37900,2,1,12,12,04110,36,4110
80,14300,2,1,51,52,04111,36,4111
72,22400,2,1,22,22,04113,36,4113
69,149000,1,1,20,19,03808,36,3808
68,55200,1,1,44,45,04114,36,4114
70,78540,2,1,16,16,04110,36,4110
69,119100,2,1,15,15,04111,36,4111
67,78100,2,1,22,21,03802,36,3802
68,26000,1,1,14,15,04112,36,4112
76,585500,1,1,20,19,03701,36,3701
69,127000,2,1,15,15,04012,36,4012
67,171000,2,1,11,10,04113,36,4113
77,33600,2,1,15,15,04104,36,4104
66,92000,1,1,12,12,04104,36,4104
69,55410,2,1,15,15,04009,36,4009
86,25000,2,1,19,20,04109,36,4109
77,20400,2,1,5,4,04017,36,4017
72,37000,1,1,9,9,04009,36,4009
75,153400,2,1,20,20,04103,36,4103
79,68200,1,1,10,10,04017,36,4017
77,13500,1,1,34,34,03702,36,3702
72,62000,2,1,44,44,04006,36,4006
94,37500,2,1,22,22,04103,36,4103
77,68510,2,1,20,20,04106,36,4106
83,66000,2,1,14,15,04106,36,4106
69,92500,1,1,18,18,03808,36,3808
70,36500,2,1,20,21,03902,36,3902
78,241800,2,1,11,11,04106,36,4106
74,18500,2,1,8,8,04005,36,4005
66,194800,2,1,14,13,04112,36,4112
67,61200,1,1,13,13,04107,36,4107
66,56900,2,1,36,36,04112,36,4112
65,195100,2,1,22,23,03901,36,3901
84,32600,1,1,32,32,04010,36,4010
66,35800,1,1,19,19,04103,36,4103
65,280,1,1,15,16,04113,36,4113
77,591000,2,1,20,20,03807,36,3807
75,242400,2,1,15,15,04008,36,4008
72,85600,2,1,18,18,04105,36,4105
94,16500,2,1,14,13,03801,36,3801
83,4900,2,1,15,15,04015,36,4015
75,860000,2,1,18,18,03805,36,3805
84,72100,2,1,13,13,04016,36,4016
83,43200,2,1,10,11,04110,36,4110
68,93600,1,1,8,8,03709,36,3709
65,97000,1,1,28,27,04010,36,4010
65,80200,1,1,29,29,04003,36,4003
79,22300,2,1,19,19,03902,36,3902
86,24500,2,1,21,21,03901,36,3901
68,44400,1,1,19,18,04010,36,4010
74,47400,2,1,7,7,04013,36,4013
65,53000,2,1,14,13,03805,36,3805
82,18600,2,1,24,25,04010,36,4010
67,64200,1,1,6,6,04112,36,4112
83,21300,2,1,16,16,03704,36,3704
65,70900,2,1,18,18,04110,36,4110
72,85800,1,1,12,12,04015,36,4015
70,271000,1,1,21,20,03802,36,3802
70,22860,1,1,13,13,04010,36,4010
76,90600,2,1,9,9,04113,36,4113
83,22000,2,1,12,13,04114,36,4114
65,113000,2,1,17,17,03805,36,3805
82,29200,2,1,18,18,04106,36,4106
65,24800,2,1,14,14,03901,36,3901
65,20500,1,1,39,40,04009,36,4009
80,24000,2,1,26,26,03701,36,3701
78,25200,2,1,55,55,03901,36,3901
68,106100,2,1,11,12,04103,36,4103
70,42100,2,1,17,18,04005,36,4005
77,32000,2,1,14,14,04015,36,4015
73,36000,2,1,11,11,04107,36,4107
74,17100,2,1,11,12,04009,36,4009
79,27300,2,1,40,41,04017,36,4017
67,52000,2,1,10,10,04112,36,4112
69,142300,1,1,12,11,03807,36,3807
65,13000,2,1,11,11,04017,36,4017
77,23500,2,1,9,9,04005,36,4005
65,111700,1,1,7,7,04104,36,4104
83,84300,2,1,16,16,04105,36,4105
73,34600,2,1,15,16,04105,36,4105
87,107000,2,1,23,23,03709,36,3709
74,122700,1,1,12,11,04010,36,4010
66,543000,2,1,11,12,03805,36,3805
66,32900,1,1,19,19,03806,36,3806
73,19800,2,1,10,11,04107,36,4107
67,81000,1,1,14,14,04017,36,4017
65,15000,1,1,24,24,03810,36,3810
71,21200,2,1,30,30,04011,36,4011
94,6200,2,1,7,6,03709,36,3709
68,77600,1,1,33,33,04105,36,4105
85,19000,2,1,56,56,04013,36,4013
79,39300,2,1,18,17,03806,36,3806
77,16100,2,1,15,14,04101,36,4101
74,22100,2,1,21,21,04014,36,4014
78,54500,2,1,16,16,04101,36,4101
65,178500,2,1,14,13,03807,36,3807
67,48800,1,1,17,17,04105,36,4105
72,28700,2,1,13,13,03903,36,3903
69,61400,2,1,54,54,03807,36,3807
79,11900,2,1,19,20,03902,36,3902
67,67000,1,1,11,11,03809,36,3809
78,149300,2,1,14,13,04005,36,4005
65,30600,2,1,12,12,04103,36,4103
65,121600,1,1,26,27,03901,36,3901
82,28110,2,1,24,24,04108,36,4108
87,40100,2,1,46,46,04016,36,4016
71,30600,2,1,14,14,04103,36,4103
72,32000,2,1,11,11,04112,36,4112
65,107500,1,1,25,24,03805,36,3805
73,20400,2,1,52,52,04104,36,4104
81,11200,1,1,45,45,04114,36,4114
65,26000,2,1,16,16,04104,36,4104
68,59100,2,1,17,17,04103,36,4103
81,12700,2,1,15,15,04105,36,4105
78,32200,2,1,10,10,03705,36,3705
67,115020,1,1,31,32,04105,36,4105
71,44500,2,1,21,21,03807,36,3807
65,51000,2,1,16,16,03809,36,3809
73,63130,1,1,10,10,03902,36,3902
70,197500,1,1,18,17,03806,36,3806
81,62700,2,1,37,37,03809,36,3809
86,35500,2,1,15,16,03806,36,3806
81,593000,2,1,13,13,04014,36,4014
74,12940,1,1,8,8,04016,36,4016
67,118700,1,1,7,7,04009,36,4009
72,63350,1,1,11,12,04105,36,4105
73,63300,2,1,24,24,03810,36,3810
94,231300,2,1,11,11,03801,36,3801
67,43400,1,1,19,18,04105,36,4105
86,25100,2,1,21,22,04103,36,4103
79,15600,1,1,42,43,04103,36,4103
69,10100,2,1,14,14,04106,36,4106
70,22500,2,1,11,11,03708,36,3708
70,51800,2,1,17,18,04002,36,4002
75,17900,2,1,16,17,04101,36,4101
69,45440,2,1,14,14,04101,36,4101
68,163100,2,1,8,8,04005,36,4005
67,100000,1,1,14,14,04018,36,4018
82,3600,2,1,17,17,04104,36,4104
75,152000,1,1,20,19,03805,36,3805
66,65000,1,1,39,39,04111,36,4111
80,68700,2,1,14,14,03709,36,3709
86,18800,2,1,15,15,04105,36,4105
65,52900,1,1,11,12,04110,36,4110
67,40800,1,1,8,9,04017,36,4017
66,68300,1,1,68,68,04110,36,4110
70,35500,1,1,11,11,03706,36,3706
76,36800,2,1,30,31,04001,36,4001
69,254300,1,1,16,17,03806,36,3806
67,86800,2,1,22,21,03805,36,3805
68,61400,2,1,11,12,04014,36,4014
87,20700,2,1,30,30,04001,36,4001
87,84100,2,1,30,29,03901,36,3901
70,92800,2,1,16,16,04112,36,4112
70,28800,2,1,14,15,04103,36,4103
80,13900,2,1,30,30,03705,36,3705
69,40400,2,1,10,9,04016,36,4016
78,92200,2,1,31,30,04105,36,4105
94,16700,1,1,19,19,04010,36,4010
70,58300,2,1,26,26,04016,36,4016
68,82930,1,1,6,6,04105,36,4105
67,145500,1,1,19,19,04109,36,4109
82,50700,2,1,11,11,04107,36,4107
75,102000,2,1,16,16,03901,36,3901
66,126200,2,1,19,20,03805,36,3805
75,85000,2,1,18,18,04105,36,4105
65,126200,2,1,18,19,03903,36,3903
80,14500,2,1,23,23,04103,36,4103
83,10700,2,1,10,9,04101,36,4101
72,90980,2,1,16,17,04106,36,4106
65,44010,2,1,7,7,04102,36,4102
72,26000,2,1,12,12,04103,36,4103
85,21100,1,1,26,25,03804,36,3804
86,19000,1,1,16,16,04010,36,4010
75,79400,1,1,19,20,04103,36,4103
72,60050,1,1,12,13,04009,36,4009
75,40200,2,1,19,19,04111,36,4111
83,14000,2,1,12,11,04113,36,4113
72,564190,2,1,23,23,03807,36,3807
77,18350,1,1,13,13,03903,36,3903
74,21000,2,1,24,24,03903,36,3903
67,3600,2,1,16,16,03702,36,3702
82,59700,1,1,15,15,04101,36,4101
80,108600,1,1,13,12,03803,36,3803
73,27120,2,1,7,7,04009,36,4009
80,469200,2,1,19,20,03805,36,3805
80,253000,2,1,18,19,03808,36,3808
68,43720,2,1,14,14,04001,36,4001
94,7300,2,1,13,14,04012,36,4012
78,36000,1,1,34,34,04006,36,4006
73,163900,2,1,13,13,03806,36,3806
74,298000,1,1,13,12,04006,36,4006
74,66900,2,1,12,12,04114,36,4114
78,31500,1,1,19,19,03703,36,3703
71,25700,2,1,20,20,04106,36,4106
85,62000,2,1,16,16,04016,36,4016
75,4800,2,1,13,13,04009,36,4009
76,75100,2,1,50,50,04104,36,4104
74,14000,2,1,28,29,04013,36,4013
72,53900,2,1,8,7,04017,36,4017
69,24000,2,1,12,11,04110,36,4110
77,70400,2,1,28,27,04003,36,4003
85,13300,2,1,12,13,04103,36,4103
71,57000,1,1,32,31,03709,36,3709
82,5000,2,1,16,17,04017,36,4017
84,16500,2,1,17,17,04102,36,4102
71,138100,2,1,14,13,03903,36,3903
80,36000,2,1,12,12,04001,36,4001
67,122000,2,1,22,22,03810,36,3810
68,50300,2,1,16,16,03704,36,3704
80,18210,2,1,16,16,04016,36,4016
79,24600,2,1,12,12,04017,36,4017
83,57300,2,1,7,7,04014,36,4014
70,104480,2,1,16,16,04005,36,4005
75,47100,2,1,44,45,03802,36,3802
81,62600,2,1,16,16,03901,36,3901
82,20700,2,1,20,19,03801,36,3801
65,162000,2,1,19,18,04104,36,4104
79,7200,2,1,16,16,04103,36,4103
80,402900,1,1,24,25,03808,36,3808
87,80000,2,1,22,22,03805,36,3805
86,20500,2,1,12,12,04014,36,4014
71,20400,2,1,17,17,03810,36,3810
66,45180,1,1,34,33,04105,36,4105
72,69300,2,1,25,24,04008,36,4008
67,62000,1,1,18,19,03703,36,3703
81,44700,2,1,14,13,03703,36,3703
77,16200,2,1,15,16,04016,36,4016
94,10600,2,1,24,24,04014,36,4014
67,73800,2,1,50,50,03901,36,3901
71,113130,1,1,36,35,04011,36,4011
72,21600,2,1,14,14,03702,36,3702
81,14900,2,1,23,22,03701,36,3701
68,280800,1,1,6,5,03902,36,3902
73,54000,2,1,6,6,03903,36,3903
81,76500,1,1,24,24,04105,36,4105
78,352000,2,1,15,15,03807,36,3807
94,22800,1,1,27,27,04004,36,4004
75,35000,2,1,13,13,04106,36,4106
68,58300,2,1,21,21,04103,36,4103
65,172300,2,1,7,7,04105,36,4105
68,32300,2,1,19,18,04102,36,4102
86,70000,2,1,16,16,03704,36,3704
67,72210,2,1,9,9,04012,36,4012
71,45040,2,1,32,31,03901,36,3901
65,144460,1,1,16,16,04110,36,4110
80,11000,2,1,29,29,04101,36,4101
67,113900,1,1,9,9,04109,36,4109
67,346600,1,1,4,4,04104,36,4104
70,165100,2,1,45,45,03901,36,3901
76,54700,2,1,21,22,04012,36,4012
94,21600,2,1,9,8,03704,36,3704
71,44201,2,1,11,12,04016,36,4016
69,75000,1,1,11,11,04009,36,4009
85,17500,2,1,14,13,04107,36,4107
76,58000,2,1,10,10,04105,36,4105
74,33100,2,1,18,18,04106,36,4106
67,78000,2,1,7,7,04104,36,4104
81,86540,2,1,16,16,04103,36,4103
78,53800,2,1,18,18,04106,36,4106
87,4800,2,1,30,30,04008,36,4008
82,16000,2,1,13,14,04107,36,4107
80,21600,2,1,27,26,04111,36,4111
71,36800,1,1,16,16,04114,36,4114
75,8400,2,1,40,39,04010,36,4010
78,105800,2,1,8,9,04017,36,4017
66,105400,1,1,12,11,04105,36,4105
65,61000,1,1,29,30,04009,36,4009
85,29400,2,1,22,21,04103,36,4103
73,48000,1,1,8,9,04114,36,4114
76,15600,2,1,48,48,04015,36,4015
69,103000,2,1,21,21,03807,36,3807
69,83600,1,1,11,11,04105,36,4105
79,26300,2,1,8,9,04110,36,4110
68,150000,1,1,20,19,03701,36,3701
66,160000,1,1,4,4,04105,36,4105
84,121600,2,1,14,14,04106,36,4106
66,63700,2,1,19,18,04112,36,4112
89,12000,1,1,19,18,03805,36,3805
94,68200,2,1,15,15,03903,36,3903
86,51100,1,1,13,12,04101,36,4101
81,26500,2,1,11,10,04104,36,4104
81,16600,2,1,25,25,03902,36,3902
65,162000,1,1,10,10,04010,36,4010
74,7700,2,1,11,11,04104,36,4104
80,95000,2,1,23,23,03806,36,3806
76,50300,2,1,20,20,04010,36,4010
72,45600,2,1,13,13,04007,36,4007
74,87330,2,1,19,19,04103,36,4103
65,113200,1,1,9,9,04014,36,4014
65,122200,1,1,49,49,03710,36,3710
81,23100,2,1,14,14,04016,36,4016
72,17330,2,1,10,10,04103,36,4103
73,33000,2,1,11,11,03808,36,3808
80,0,2,1,9,8,03704,36,3704
75,16300,1,1,13,12,04114,36,4114
78,36400,2,1,29,29,04112,36,4112
74,44800,2,1,18,18,03805,36,3805
82,11300,2,1,15,16,04016,36,4016
70,0,1,1,15,15,04103,36,4103
83,11000,1,1,24,24,04001,36,4001
83,33500,2,1,9,10,04107,36,4107
85,23600,2,1,23,23,04001,36,4001
85,34800,2,1,25,25,03702,36,3702
90,31420,2,1,10,10,03902,36,3902
82,46000,1,1,13,13,04105,36,4105
73,71300,1,1,26,25,03704,36,3704
76,49600,1,1,11,11,04108,36,4108
67,40000,2,1,43,43,04105,36,4105
84,122000,2,1,13,13,04110,36,4110
78,22200,2,1,15,16,04101,36,4101
65,74000,2,1,13,13,04106,36,4106
67,40400,2,1,18,17,04108,36,4108
66,27400,2,1,11,12,04009,36,4009
81,32900,2,1,11,12,04107,36,4107
67,34800,2,1,21,21,04107,36,4107
68,112320,1,1,12,12,04007,36,4007
65,100000,1,1,8,8,03810,36,3810
81,24600,2,1,17,17,03805,36,3805
66,55000,1,1,19,19,04112,36,4112
76,38200,2,1,13,12,04013,36,4013
71,13000,2,1,11,11,04017,36,4017
81,112100,2,1,12,12,04012,36,4012
78,41400,1,1,18,18,03902,36,3902
79,139200,2,1,13,13,04107,36,4107
68,100500,2,1,18,18,04108,36,4108
85,40000,2,1,12,12,04108,36,4108
68,32100,2,1,7,7,04018,36,4018
67,40750,2,1,23,23,04017,36,4017
76,93200,2,1,16,15,03704,36,3704
70,230800,1,1,12,11,04104,36,4104
81,36000,2,1,11,11,04106,36,4106
82,56350,1,1,12,12,04113,36,4113
84,48600,2,1,19,20,03802,36,3802
65,49400,1,1,33,33,04102,36,4102
71,30800,2,1,19,18,03901,36,3901
70,19040,1,1,15,15,04113,36,4113
73,29400,2,1,47,47,04013,36,4013
76,54400,2,1,19,19,03806,36,3806
67,52900,2,1,14,14,04016,36,4016
78,93000,1,1,21,22,03805,36,3805
82,62400,1,1,20,20,03701,36,3701
65,37000,2,1,14,14,04016,36,4016
67,36200,2,1,29,29,04017,36,4017
87,10000,2,1,16,17,04105,36,4105
85,20400,2,1,13,13,04110,36,4110
67,155900,2,1,54,53,03901,36,3901
66,40400,2,1,18,18,03901,36,3901
75,45660,2,1,16,16,03806,36,3806
76,28200,2,1,54,54,04112,36,4112
66,74700,2,1,11,12,04016,36,4016
86,137700,2,1,18,19,04106,36,4106
68,276080,1,1,15,14,04110,36,4110
94,52100,2,1,19,19,03807,36,3807
73,29400,2,1,13,13,04105,36,4105
85,56300,1,1,19,19,04009,36,4009
77,14000,1,1,17,17,04009,36,4009
73,34000,1,1,7,8,04013,36,4013
70,33400,2,1,13,13,04009,36,4009
67,127400,1,1,15,15,04106,36,4106
74,24000,2,1,28,28,04108,36,4108
78,39600,2,1,12,12,04101,36,4101
72,28000,1,1,12,12,04112,36,4112
89,29700,2,1,19,19,03902,36,3902
84,22300,2,1,14,13,04111,36,4111
73,58800,2,1,13,12,03902,36,3902
79,58600,2,1,10,10,04110,36,4110
75,21700,2,1,19,19,04103,36,4103
75,107000,2,1,15,15,04004,36,4004
83,7900,1,1,28,29,04016,36,4016
75,26800,2,1,14,14,04011,36,4011
68,494100,1,1,20,20,03805,36,3805
77,13200,2,1,11,11,04110,36,4110
88,68300,2,1,21,21,04103,36,4103
67,166500,1,1,22,22,03808,36,3808
94,21000,1,1,21,21,03802,36,3802
80,25000,1,1,17,17,04018,36,4018
80,16400,2,1,13,12,04014,36,4014
68,142800,1,1,21,20,04005,36,4005
70,44000,2,1,15,16,04114,36,4114
71,759200,2,1,12,12,03810,36,3810
75,26000,1,1,8,9,04006,36,4006
69,77600,1,1,12,12,04103,36,4103
68,32000,1,1,15,15,03902,36,3902
81,59150,2,1,14,14,04112,36,4112
94,55000,1,1,15,14,04110,36,4110
76,6000,2,1,20,20,04112,36,4112
72,24800,1,1,16,16,04113,36,4113
87,369100,2,1,16,16,04104,36,4104
69,20000,2,1,24,24,04002,36,4002
72,68400,1,1,9,9,03702,36,3702
72,89800,1,1,16,16,04102,36,4102
66,215000,1,1,14,14,04101,36,4101
77,23100,2,1,18,18,04005,36,4005
65,237000,1,1,10,10,04001,36,4001
90,29000,2,1,10,9,04103,36,4103
80,-1500,2,1,25,25,03806,36,3806
73,107900,2,1,13,13,04105,36,4105
65,33500,2,1,11,11,04012,36,4012
70,33000,2,1,14,14,04108,36,4108
75,154230,1,1,16,16,04011,36,4011
69,33000,2,1,24,24,04102,36,4102
70,85000,2,1,3,3,04013,36,4013
66,1250,1,1,23,23,04017,36,4017
84,27400,2,1,16,16,03701,36,3701
68,67000,2,1,20,20,04104,36,4104
84,10600,2,1,26,26,04003,36,4003
94,278000,1,1,14,13,03903,36,3903
78,275300,2,1,16,16,03805,36,3805
76,93900,1,1,11,11,04104,36,4104
65,29500,2,1,7,7,04013,36,4013
82,21000,2,1,11,12,04110,36,4110
67,150500,2,1,3,3,04015,36,4015
71,63500,2,1,20,20,04013,36,4013
79,53200,2,1,9,10,04105,36,4105
78,56100,2,1,12,12,04016,36,4016
68,0,2,1,13,13,03702,36,3702
66,27000,1,1,26,26,04112,36,4112
71,90300,1,1,20,20,04016,36,4016
82,27200,2,1,40,39,03806,36,3806
65,27400,2,1,6,6,04014,36,4014
71,24800,2,1,13,13,04015,36,4015
74,26100,1,1,7,7,04105,36,4105
94,1357200,2,1,20,20,03806,36,3806
74,40500,2,1,17,17,03802,36,3802
67,32900,1,1,21,21,03805,36,3805
74,51000,2,1,37,37,04018,36,4018
66,92400,2,1,7,7,04104,36,4104
73,271000,1,1,38,38,04108,36,4108
70,125000,1,1,15,16,04105,36,4105
66,48000,1,1,18,18,04005,36,4005
81,24100,2,1,13,13,04110,36,4110
72,202900,2,1,17,18,03808,36,3808
74,41300,2,1,16,17,03809,36,3809
79,17000,2,1,26,27,04002,36,4002
71,155830,1,1,16,16,04105,36,4105
65,498000,1,1,17,17,03804,36,3804
74,61900,2,1,18,18,03805,36,3805
78,31500,2,1,13,13,03809,36,3809
73,78000,1,1,18,18,03806,36,3806
65,552500,1,1,28,28,03808,36,3808
71,184220,2,1,21,20,03808,36,3808
76,37100,2,1,13,13,04113,36,4113
80,4800,2,1,17,17,03808,36,3808
78,14100,2,1,16,17,04113,36,4113
68,54500,2,1,14,13,04102,36,4102
71,40100,2,1,10,10,04017,36,4017
94,55200,2,1,3,3,04017,36,4017
67,117610,2,1,17,17,04112,36,4112
69,58800,2,1,15,15,04109,36,4109
73,61200,2,1,11,11,03902,36,3902
69,28800,2,1,24,24,04017,36,4017
84,37000,2,1,15,15,04012,36,4012
88,14500,2,1,27,27,04017,36,4017
78,73200,2,1,16,16,03903,36,3903
77,53400,1,1,61,61,04005,36,4005
66,52000,2,1,13,12,03801,36,3801
68,190000,2,1,31,32,04101,36,4101
79,19200,1,1,9,10,04104,36,4104
81,57700,2,1,16,16,04101,36,4101
68,42700,2,1,23,24,04016,36,4016
72,35700,2,1,15,16,04114,36,4114
67,36400,1,1,51,51,04113,36,4113
76,67900,2,1,13,12,03702,36,3702
71,85804,1,1,19,18,03806,36,3806
77,66300,2,1,13,13,04105,36,4105
74,108450,2,1,13,13,04009,36,4009
94,19400,2,1,20,20,03710,36,3710
87,48800,2,1,15,15,04111,36,4111
67,116000,1,1,10,10,03903,36,3903
78,33400,2,1,7,7,04008,36,4008
65,30500,2,1,42,41,03808,36,3808
87,45100,2,1,16,15,04003,36,4003
66,75600,1,1,32,31,04112,36,4112
66,71400,2,1,17,17,03805,36,3805
80,207700,2,1,25,26,04104,36,4104
76,45000,2,1,17,17,03805,36,3805
79,32900,1,1,14,15,04101,36,4101
94,24000,2,1,13,13,04016,36,4016
69,155800,2,1,24,24,04106,36,4106
82,49400,1,1,9,8,04018,36,4018
76,56000,1,1,17,17,04001,36,4001
66,100600,1,1,12,13,04105,36,4105
69,90600,1,1,14,14,04003,36,4003
67,34740,2,1,16,17,03808,36,3808
72,13600,2,1,8,9,03902,36,3902
69,242000,2,1,16,16,03806,36,3806
71,47440,1,1,15,15,03702,36,3702
88,33700,2,1,9,10,04110,36,4110
76,130800,1,1,9,9,04015,36,4015
73,98310,1,1,13,12,04015,36,4015
72,12020,2,1,11,11,03703,36,3703
72,50000,2,1,12,12,03709,36,3709
71,84000,2,1,12,12,04104,36,4104
94,18000,2,1,15,15,04103,36,4103
74,31200,2,1,20,20,04103,36,4103
70,189120,1,1,14,15,04105,36,4105
67,63600,1,1,14,13,04112,36,4112
72,34600,2,1,11,11,04017,36,4017
71,77700,2,1,20,20,03703,36,3703
67,45510,1,1,19,19,04103,36,4103
82,242500,2,1,16,16,03903,36,3903
86,180600,2,1,15,15,03704,36,3704
88,84800,2,1,18,19,04016,36,4016
69,144400,1,1,13,13,04104,36,4104
75,128000,2,1,11,11,03702,36,3702
68,298600,2,1,15,14,03902,36,3902
76,27400,2,1,13,14,04103,36,4103
66,80000,2,1,19,19,03808,36,3808
69,90000,1,1,14,15,03808,36,3808
86,20100,2,1,25,25,03805,36,3805
73,63900,1,1,20,20,04106,36,4106
73,147000,2,1,18,18,04103,36,4103
88,22300,2,1,13,13,04018,36,4018
68,33500,2,1,26,25,04017,36,4017
65,187000,1,1,14,14,04101,36,4101
69,207500,2,1,13,13,03804,36,3804
74,12000,2,1,65,65,04108,36,4108
69,54800,2,1,20,20,03705,36,3705
65,118100,2,1,61,61,04103,36,4103
82,25830,2,1,6,7,04109,36,4109
68,56400,2,1,22,23,03708,36,3708
73,87000,2,1,12,12,04017,36,4017
66,200200,1,1,18,18,04105,36,4105
70,31370,2,1,14,13,04114,36,4114
94,242000,2,1,22,22,03805,36,3805
75,87400,2,1,22,22,04108,36,4108
67,156100,1,1,9,9,04105,36,4105
80,26400,2,1,41,41,04012,36,4012
89,7300,2,1,16,16,04103,36,4103
68,90801,2,1,14,14,04101,36,4101
79,8000,2,1,15,15,04110,36,4110
83,34800,2,1,43,44,04102,36,4102
67,124000,1,1,15,15,03810,36,3810
78,17720,2,1,11,11,03703,36,3703
70,36200,2,1,58,57,03803,36,3803
65,34640,2,1,14,14,04110,36,4110
66,83100,1,1,11,11,04104,36,4104
80,157900,1,1,16,15,04003,36,4003
87,20200,2,1,14,14,04104,36,4104
69,109440,1,1,14,15,04113,36,4113
73,52500,2,1,13,13,04110,36,4110
73,22400,2,1,23,22,04016,36,4016
69,42000,1,1,21,21,03903,36,3903
90,9100,2,1,23,23,03801,36,3801
86,28900,2,1,22,23,03810,36,3810
77,7600,2,1,16,17,03902,36,3902
69,11000,2,1,13,13,04104,36,4104
87,67900,2,1,13,13,04105,36,4105
87,37300,2,1,12,11,04114,36,4114
69,38000,2,1,16,16,03703,36,3703
71,73700,1,1,10,10,04105,36,4105
73,19200,2,1,16,16,04001,36,4001
68,31400,2,1,8,8,04005,36,4005
67,137000,1,1,11,12,04104,36,4104
70,72000,1,1,26,26,04009,36,4009
86,57100,2,1,11,11,03902,36,3902
77,74600,2,1,23,22,04102,36,4102
85,17500,2,1,14,13,04103,36,4103
74,8300,2,1,23,23,03703,36,3703
83,51080,2,1,23,23,04014,36,4014
68,127400,1,1,12,12,04105,36,4105
70,135000,1,1,20,21,03805,36,3805
68,31700,2,1,18,18,04110,36,4110
86,99330,2,1,16,17,04108,36,4108
75,64100,2,1,9,10,04016,36,4016
71,54200,2,1,12,13,04009,36,4009
88,32450,2,1,14,13,04001,36,4001
69,37000,1,1,52,52,04112,36,4112
69,21000,2,1,11,12,04001,36,4001
71,259000,2,1,17,17,03806,36,3806
67,80300,2,1,2,2,04009,36,4009
78,245000,1,1,26,25,04104,36,4104
78,69351,2,1,19,18,04016,36,4016
73,94800,2,1,34,34,04114,36,4114
67,17200,2,1,30,30,04016,36,4016
84,253500,2,1,18,17,03805,36,3805
76,91900,1,1,26,26,03903,36,3903
81,86610,2,1,12,12,04112,36,4112
83,27000,1,1,19,19,04106,36,4106
69,20400,1,1,11,11,03702,36,3702
72,15780,1,1,17,17,04106,36,4106
66,14060,2,1,23,23,03901,36,3901
82,40200,2,1,13,13,04112,36,4112
79,20500,2,1,16,16,04101,36,4101
79,64500,2,1,11,10,04017,36,4017
66,53400,2,1,14,13,04114,36,4114
68,57600,2,1,22,22,04109,36,4109
87,10400,2,1,15,14,03709,36,3709
94,12400,2,1,13,13,04014,36,4014
77,27220,2,1,5,5,04002,36,4002
72,348000,1,1,15,14,04004,36,4004
73,21500,1,1,28,28,04016,36,4016
65,0,1,1,20,20,04008,36,4008
73,39400,1,1,11,12,04009,36,4009
88,46900,2,1,23,23,04009,36,4009
77,40000,2,1,15,15,04108,36,4108
67,141400,2,1,11,12,04113,36,4113
82,24410,2,1,12,12,04107,36,4107
68,83100,2,1,15,14,04103,36,4103
80,20000,2,1,25,25,04106,36,4106
75,46350,2,1,13,13,04011,36,4011
69,351000,1,1,14,13,04011,36,4011
73,122414,2,1,11,11,04105,36,4105
69,0,1,1,61,61,03703,36,3703
67,53200,2,1,16,16,04105,36,4105
74,46800,2,1,6,5,03902,36,3902
87,22800,1,1,12,12,04006,36,4006
74,36600,2,1,12,12,04014,36,4014
85,55000,2,1,41,40,04102,36,4102
73,53200,1,1,13,13,04012,36,4012
68,11300,2,1,11,11,04101,36,4101
74,0,2,1,16,17,04013,36,4013
71,126100,1,1,43,43,03903,36,3903
65,250000,1,1,26,26,04015,36,4015
82,71100,2,1,8,8,04014,36,4014
72,84200,1,1,25,26,04105,36,4105
89,25300,2,1,14,14,04105,36,4105
75,35900,2,1,23,23,03808,36,3808
67,34000,1,1,31,30,04103,36,4103
76,56000,2,1,12,13,03901,36,3901
69,364900,1,1,17,17,03805,36,3805
74,53400,1,1,8,7,04105,36,4105
65,176500,1,1,12,12,03702,36,3702
80,66000,1,1,17,17,03903,36,3903
83,61100,2,1,14,14,03702,36,3702
74,106600,2,1,21,20,04113,36,4113
81,69900,2,1,10,11,04105,36,4105
75,132800,2,1,18,18,03810,36,3810
86,18680,1,1,16,16,03805,36,3805
83,22000,1,1,9,9,04105,36,4105
70,66000,2,1,15,15,03702,36,3702
73,86200,2,1,20,21,03709,36,3709
84,89500,1,1,20,20,03710,36,3710
72,31500,2,1,13,13,04110,36,4110
80,122200,2,1,11,11,04113,36,4113
76,17200,2,1,14,13,04104,36,4104
69,44800,2,1,13,13,03708,36,3708
94,14500,2,1,33,33,04112,36,4112
81,20500,2,1,13,13,04105,36,4105
94,96200,2,1,14,14,04015,36,4015
71,25800,2,1,13,13,04113,36,4113
68,125000,1,1,17,16,03704,36,3704
74,103400,1,1,13,13,03708,36,3708
83,22600,2,1,10,10,04007,36,4007
80,121800,1,1,12,13,03902,36,3902
70,38000,1,1,47,46,04013,36,4013
67,78800,1,1,27,27,03709,36,3709
80,32400,2,1,14,14,04014,36,4014
78,11100,2,1,18,18,03808,36,3808
75,138000,2,1,18,17,03806,36,3806
72,112400,2,1,14,14,03805,36,3805
66,24000,1,1,13,13,04009,36,4009
82,23300,2,1,13,13,04017,36,4017
83,16800,2,1,12,11,04016,36,4016
77,41100,2,1,20,19,04018,36,4018
74,47900,1,1,16,16,04113,36,4113
69,100000,2,1,13,13,04010,36,4010
70,36400,1,1,60,60,04113,36,4113
86,44600,2,1,17,16,04113,36,4113
70,291000,2,1,23,23,03806,36,3806
73,39500,2,1,13,13,04112,36,4112
67,51600,1,1,18,18,04005,36,4005
67,56100,1,1,47,47,04015,36,4015
71,177550,1,1,16,16,03805,36,3805
72,50000,2,1,24,24,04005,36,4005
74,139900,1,1,11,11,04114,36,4114
70,37200,1,1,31,31,04106,36,4106
73,31400,1,1,5,5,04003,36,4003
68,68200,1,1,30,29,04108,36,4108
70,22800,2,1,21,21,04012,36,4012
71,0,1,1,10,11,04110,36,4110
74,100000,2,1,14,14,04009,36,4009
80,38900,1,1,17,17,03902,36,3902
67,132700,1,1,15,15,04013,36,4013
84,1600,2,1,15,15,04013,36,4013
65,75200,1,1,18,18,04105,36,4105
66,30000,1,1,46,46,04113,36,4113
68,78000,1,1,13,13,03901,36,3901
66,91400,2,1,13,13,04010,36,4010
71,82200,1,1,38,39,04105,36,4105
83,9700,2,1,14,14,04104,36,4104
84,141600,2,1,18,18,03701,36,3701
81,92800,2,1,9,10,04106,36,4106
68,106500,2,1,12,11,04104,36,4104
86,66000,1,1,11,11,04007,36,4007
83,50000,1,1,9,9,04112,36,4112
78,47120,1,1,14,15,03903,36,3903
74,65000,2,1,20,20,04106,36,4106
65,61700,2,1,12,12,04105,36,4105
75,58200,1,1,20,20,04002,36,4002
72,104800,1,1,9,9,04103,36,4103
65,61100,1,1,9,9,04110,36,4110
71,144400,2,1,20,20,04110,36,4110
82,236500,2,1,16,16,03810,36,3810
65,335000,1,1,43,42,03810,36,3810
73,61900,2,1,16,16,04103,36,4103
67,64400,2,1,12,13,04009,36,4009
83,52400,2,1,13,13,04103,36,4103
74,64300,1,1,33,33,04109,36,4109
76,189900,2,1,25,25,03806,36,3806
75,30000,2,1,39,39,04103,36,4103
67,45000,2,1,40,40,03703,36,3703
67,45700,2,1,82,83,03805,36,3805
69,44000,1,1,12,12,03903,36,3903
67,30000,2,1,20,20,04103,36,4103
94,75000,2,1,15,14,04101,36,4101
66,21000,1,1,15,15,03801,36,3801
65,55000,1,1,9,9,03704,36,3704
71,3000,2,1,41,42,04104,36,4104
83,144070,2,1,13,13,04105,36,4105
83,46000,1,1,9,9,04112,36,4112
81,44000,1,1,14,14,04113,36,4113
77,40600,1,1,11,11,04007,36,4007
72,72400,1,1,18,18,04007,36,4007
65,164000,1,1,16,16,03801,36,3801
66,106600,2,1,46,46,04113,36,4113
68,15000,1,1,13,13,04016,36,4016
86,19000,2,1,13,13,04105,36,4105
73,89400,1,1,4,4,03902,36,3902
68,39000,1,1,17,18,04008,36,4008
88,14400,2,1,10,10,04017,36,4017
79,20600,2,1,10,10,04104,36,4104
83,90200,1,1,29,29,04011,36,4011
77,22400,2,1,12,11,04107,36,4107
72,50500,2,1,35,36,04009,36,4009
77,29200,1,1,9,9,04105,36,4105
66,34400,2,1,17,17,04007,36,4007
79,60800,1,1,12,12,04114,36,4114
72,127000,2,1,18,19,04013,36,4013
67,77060,2,1,15,16,04114,36,4114
87,28800,2,1,11,12,04113,36,4113
79,91130,2,1,16,16,04105,36,4105
84,10000,2,1,36,35,03702,36,3702
73,31400,2,1,20,21,03806,36,3806
87,17700,2,1,20,20,04101,36,4101
94,285000,2,1,16,16,03810,36,3810
69,60900,1,1,14,14,04106,36,4106
68,32500,2,1,24,25,03704,36,3704
65,151700,1,1,26,27,03903,36,3903
69,422000,1,1,17,17,03806,36,3806
67,290100,2,1,22,22,03808,36,3808
65,42700,1,1,7,7,04112,36,4112
65,53700,1,1,11,11,04010,36,4010
66,13400,2,1,12,12,04107,36,4107
75,165330,2,1,19,19,04018,36,4018
85,14400,2,1,14,15,04013,36,4013
75,25560,1,1,17,17,04104,36,4104
71,79400,1,1,25,25,04009,36,4009
69,74600,2,1,11,11,03901,36,3901
78,114600,2,1,19,19,04113,36,4113
78,72700,2,1,6,6,04105,36,4105
75,43200,2,1,13,12,04104,36,4104
73,252900,1,1,7,7,04015,36,4015
84,18000,2,1,34,34,03709,36,3709
67,33300,2,1,13,13,04111,36,4111
73,32100,1,1,22,21,04101,36,4101
72,54700,2,1,60,60,04005,36,4005
88,16600,2,1,9,9,04111,36,4111
66,109400,1,1,14,14,03901,36,3901
74,0,2,1,33,33,03902,36,3902
83,9000,2,1,54,53,03805,36,3805
73,32700,2,1,17,17,03704,36,3704
70,46300,2,1,22,22,03805,36,3805
69,53700,2,1,12,12,04007,36,4007
94,27404,2,1,17,17,04018,36,4018
94,31100,2,1,14,15,04110,36,4110
65,157800,2,1,17,17,03805,36,3805
65,30100,2,1,24,24,04113,36,4113
88,38000,2,1,10,10,03701,36,3701
73,40000,2,1,24,25,04108,36,4108
66,96000,2,1,52,52,03903,36,3903
70,28500,1,1,21,21,04001,36,4001
88,81750,2,1,10,10,04106,36,4106
94,35700,1,1,16,16,03903,36,3903
75,18600,2,1,51,51,04016,36,4016
70,199500,2,1,19,20,03902,36,3902
66,41500,2,1,18,19,04104,36,4104
76,5300,2,1,23,23,03807,36,3807
79,11700,1,1,12,13,04016,36,4016
88,15300,2,1,15,14,03808,36,3808
68,208400,1,1,21,20,04105,36,4105
66,16900,2,1,16,16,04104,36,4104
66,104900,1,1,39,39,04105,36,4105
79,38200,2,1,16,15,03806,36,3806
75,18800,2,1,6,7,04001,36,4001
85,0,2,1,18,18,03702,36,3702
65,287000,2,1,17,17,03810,36,3810
72,17300,1,1,45,45,04007,36,4007
70,40800,2,1,16,17,04015,36,4015
75,354900,2,1,19,19,03805,36,3805
67,110500,2,1,13,12,04015,36,4015
89,61000,1,1,20,20,04018,36,4018
82,82400,2,1,11,12,04017,36,4017
74,70900,2,1,9,9,04012,36,4012
82,71640,2,1,12,12,04105,36,4105
67,69600,2,1,22,22,03901,36,3901
94,17600,2,1,20,20,03901,36,3901
88,40250,2,1,30,30,04009,36,4009
81,43800,2,1,14,13,04104,36,4104
77,157400,1,1,9,10,04105,36,4105
80,61500,2,1,20,20,03807,36,3807
83,10900,2,1,8,7,04104,36,4104
80,14400,2,1,15,16,03704,36,3704
66,37000,2,1,17,17,04105,36,4105
69,57000,1,1,21,21,04009,36,4009
80,25500,2,1,20,19,03701,36,3701
67,84200,2,1,25,25,04002,36,4002
82,30900,2,1,25,26,04104,36,4104
71,30000,1,1,33,33,03709,36,3709
69,141800,1,1,19,19,04015,36,4015
67,18200,2,1,16,15,03704,36,3704
72,56500,1,1,12,13,03901,36,3901
88,482600,2,1,16,16,04105,36,4105
66,46800,2,1,13,14,03903,36,3903
85,27020,1,1,12,11,04113,36,4113
68,41000,1,1,8,8,04009,36,4009
80,23600,2,1,28,28,04013,36,4013
73,20700,2,1,24,23,04106,36,4106
71,152500,2,1,14,13,04015,36,4015
81,33000,1,1,23,23,04014,36,4014
81,49000,2,1,13,13,04015,36,4015
84,19500,2,1,20,20,04103,36,4103
69,86500,1,1,12,13,04002,36,4002
73,138940,1,1,4,4,03901,36,3901
84,133760,2,1,20,20,04112,36,4112
66,147000,2,1,16,15,03701,36,3701
68,632000,1,1,15,15,04005,36,4005
75,17600,2,1,7,8,04105,36,4105
80,15100,2,1,20,21,03902,36,3902
65,40400,1,1,19,19,04014,36,4014
78,24000,2,1,11,11,03701,36,3701
66,393000,2,1,21,21,03807,36,3807
81,121500,2,1,22,23,04109,36,4109
74,17300,2,1,13,13,04108,36,4108
67,158700,2,1,21,20,03806,36,3806
75,18100,2,1,12,11,04017,36,4017
94,26110,2,1,17,17,04103,36,4103
71,45400,2,1,12,12,04016,36,4016
69,47100,1,1,34,34,04017,36,4017
84,14400,2,1,25,24,04104,36,4104
79,5900,2,1,11,11,04016,36,4016
76,55300,2,1,14,14,04003,36,4003
77,131000,2,1,16,16,04110,36,4110
79,143200,1,1,21,21,03901,36,3901
69,52000,2,1,15,15,04113,36,4113
79,24200,2,1,15,16,03704,36,3704
76,26850,2,1,18,18,04113,36,4113
87,130400,2,1,17,16,03804,36,3804
66,403600,1,1,22,21,04004,36,4004
74,103200,2,1,14,14,04103,36,4103
79,238500,2,1,14,13,04111,36,4111
74,243800,2,1,20,20,03805,36,3805
86,27200,1,1,15,16,04104,36,4104
69,35700,2,1,9,9,03901,36,3901
81,59600,2,1,12,12,04102,36,4102
65,110000,1,1,10,10,04105,36,4105
65,74000,2,1,18,17,03806,36,3806
65,43100,2,1,19,20,03807,36,3807
65,65800,2,1,15,14,04112,36,4112
73,8900,2,1,9,9,03701,36,3701
68,68800,1,1,18,18,04014,36,4014
67,60200,1,1,7,7,04010,36,4010
71,59400,1,1,27,27,04107,36,4107
65,111170,1,1,15,16,03902,36,3902
88,34400,2,1,16,15,04110,36,4110
85,30800,2,1,15,15,04103,36,4103
83,27400,2,1,14,14,04110,36,4110
75,28400,2,1,17,17,03801,36,3801
69,46040,2,1,13,14,03903,36,3903
94,1500,2,1,18,18,04016,36,4016
85,35300,2,1,15,15,04001,36,4001
84,66000,2,1,41,41,04112,36,4112
75,23000,2,1,13,13,03806,36,3806
73,32400,2,1,18,18,03807,36,3807
71,97000,2,1,13,14,03902,36,3902
65,208000,1,1,15,16,04102,36,4102
71,92500,1,1,29,29,04107,36,4107
75,91000,2,1,14,13,04108,36,4108
74,56500,1,1,20,20,04114,36,4114
77,65100,2,1,16,16,04113,36,4113
68,56000,1,1,37,37,03903,36,3903
76,20900,2,1,33,32,03701,36,3701
70,8900,2,1,56,56,03901,36,3901
65,34400,1,1,34,34,04016,36,4016
70,136600,1,1,12,12,03702,36,3702
82,31300,1,1,12,12,04102,36,4102
76,50400,2,1,14,14,04112,36,4112
85,59700,2,1,14,14,03805,36,3805
72,48000,1,1,23,22,04014,36,4014
70,118300,1,1,12,12,03903,36,3903
65,83450,2,1,14,13,03704,36,3704
82,39800,2,1,26,26,04013,36,4013
76,214500,2,1,22,22,04114,36,4114
80,26030,2,1,13,13,04114,36,4114
68,107100,2,1,8,7,04017,36,4017
72,9700,1,1,3,3,04112,36,4112
80,18500,2,1,21,22,03807,36,3807
77,2200,2,1,16,16,03803,36,3803
72,44900,2,1,10,10,04009,36,4009
80,29000,2,1,16,16,04103,36,4103
68,238000,1,1,11,11,04105,36,4105
79,44100,2,1,20,20,04101,36,4101
94,21800,1,1,62,62,03808,36,3808
94,55100,2,1,13,14,03709,36,3709
68,99700,2,1,49,48,04007,36,4007
80,182000,1,1,23,23,04103,36,4103
69,131800,1,1,12,12,03704,36,3704
83,12000,2,1,15,15,04105,36,4105
65,123200,2,1,11,11,04003,36,4003
75,120990,1,1,15,14,03804,36,3804
88,21200,2,1,13,13,04114,36,4114
75,51400,2,1,29,30,04111,36,4111
70,59000,1,1,13,13,04111,36,4111
68,41850,1,1,22,21,04109,36,4109
74,12000,2,1,21,20,03803,36,3803
81,34000,2,1,53,53,04008,36,4008
82,31300,2,1,11,11,03702,36,3702
70,54700,2,1,31,31,03702,36,3702
66,120400,1,1,5,5,04003,36,4003
67,204000,1,1,57,58,03901,36,3901
71,38600,2,1,19,18,04103,36,4103
78,90000,2,1,27,26,03805,36,3805
65,154700,1,1,14,14,04012,36,4012
77,48000,2,1,10,11,04104,36,4104
66,98000,1,1,21,21,03806,36,3806
78,22700,2,1,18,18,04112,36,4112
79,176600,2,1,22,22,04004,36,4004
66,14100,2,1,11,12,04016,36,4016
67,342000,2,1,65,65,03806,36,3806
94,32500,2,1,14,14,04017,36,4017
89,67000,2,1,15,15,04006,36,4006
69,125000,2,1,15,14,04110,36,4110
71,14000,2,1,16,16,03805,36,3805
86,45900,2,1,12,12,03903,36,3903
79,111000,2,1,14,14,04002,36,4002
77,62600,2,1,13,13,04017,36,4017
69,50000,2,1,21,20,03808,36,3808
67,49000,1,1,48,48,04114,36,4114
87,67100,2,1,21,21,04103,36,4103
65,95400,2,1,12,11,04110,36,4110
79,65000,1,1,24,24,04007,36,4007
73,120500,2,1,23,23,04104,36,4104
68,69400,1,1,20,20,03806,36,3806
69,30000,1,1,24,24,04104,36,4104
65,26400,2,1,13,13,04103,36,4103
70,189500,1,1,37,37,04008,36,4008
89,30300,2,1,11,12,04110,36,4110
68,80000,2,1,13,14,04113,36,4113
68,122200,2,1,17,18,04005,36,4005
75,15630,2,1,20,20,04001,36,4001
85,13800,2,1,14,14,04014,36,4014
68,7200,2,1,45,45,04105,36,4105
75,13600,2,1,18,18,04009,36,4009
76,52000,2,1,18,18,03805,36,3805
71,103900,2,1,21,21,03807,36,3807
79,74800,2,1,9,10,03702,36,3702
70,64000,2,1,10,10,04110,36,4110
75,49300,2,1,14,14,03701,36,3701
85,34000,2,1,12,12,03801,36,3801
71,14200,2,1,13,12,04016,36,4016
65,115700,1,1,14,14,04105,36,4105
67,23200,1,1,20,20,03902,36,3902
66,61800,2,1,20,20,04102,36,4102
78,36600,1,1,14,14,04101,36,4101
69,50700,1,1,18,19,04009,36,4009
65,213000,1,1,12,12,04018,36,4018
67,47200,2,1,20,20,03810,36,3810
81,57300,1,1,7,8,04101,36,4101
72,23700,2,1,20,21,03806,36,3806
71,46500,1,1,30,30,04011,36,4011
74,41300,2,1,16,17,03902,36,3902
94,13300,2,1,39,39,04105,36,4105
72,54000,1,1,22,22,03808,36,3808
85,16800,2,1,16,17,04105,36,4105
69,61500,1,1,18,18,03810,36,3810
73,182020,2,1,24,24,03806,36,3806
66,14100,1,1,19,19,04012,36,4012
68,333500,1,1,22,22,04104,36,4104
69,177410,2,1,10,10,04110,36,4110
87,17700,2,1,15,15,04104,36,4104
78,61000,1,1,12,12,04105,36,4105
71,10400,1,1,17,18,04003,36,4003
66,4000,2,1,21,21,03805,36,3805
90,18000,2,1,45,44,04113,36,4113
86,8320,2,1,26,26,04102,36,4102
79,27000,2,1,13,13,04103,36,4103
68,8000,2,1,12,12,03902,36,3902
70,16900,2,1,10,10,04111,36,4111
69,29300,1,1,12,12,03704,36,3704
74,30300,2,1,66,66,04017,36,4017
78,45500,2,1,12,12,04112,36,4112
94,11500,2,1,13,12,04017,36,4017
73,95000,1,1,20,20,04111,36,4111
73,22300,2,1,16,15,04108,36,4108
67,53450,2,1,16,16,04112,36,4112
77,174400,2,1,16,17,03807,36,3807
81,22000,2,1,12,12,04014,36,4014
77,22200,2,1,14,14,04018,36,4018
88,132700,2,1,10,10,04108,36,4108
85,110240,2,1,18,18,04016,36,4016
85,16200,2,1,21,22,04006,36,4006
69,26260,1,1,13,13,04014,36,4014
69,91910,2,1,18,18,03702,36,3702
78,35550,1,1,15,15,03903,36,3903
80,108090,2,1,22,22,03805,36,3805
78,33000,2,1,17,17,03901,36,3901
66,45600,1,1,29,29,03903,36,3903
78,33600,1,1,27,27,04011,36,4011
80,33400,2,1,17,16,03902,36,3902
94,15800,2,1,28,28,04006,36,4006
82,22000,2,1,17,17,04113,36,4113
71,87104,2,1,15,14,04111,36,4111
68,36400,2,1,31,30,04010,36,4010
73,48300,2,1,12,12,04104,36,4104
82,26000,2,1,16,17,04103,36,4103
69,53000,2,1,27,26,04004,36,4004
72,73300,1,1,13,13,04105,36,4105
73,61800,1,1,17,17,04106,36,4106
77,48100,2,1,12,13,03709,36,3709
80,119100,2,1,18,17,04105,36,4105
66,73160,1,1,14,14,03702,36,3702
90,14400,2,1,25,25,04113,36,4113
94,8500,1,1,34,34,04112,36,4112
76,58500,2,1,9,9,04014,36,4014
83,40500,2,1,7,6,03702,36,3702
70,106900,1,1,14,14,03801,36,3801
77,32400,2,1,14,14,04105,36,4105
84,295900,2,1,19,20,04106,36,4106
84,48000,2,1,19,20,04103,36,4103
87,13600,2,1,12,12,04017,36,4017
72,11600,1,1,23,22,04009,36,4009
81,21300,2,1,61,61,03706,36,3706
72,14500,2,1,24,24,03701,36,3701
68,9100,2,1,12,11,03902,36,3902
67,133100,1,1,19,20,04103,36,4103
73,111450,1,1,13,12,04112,36,4112
68,77040,2,1,17,17,04110,36,4110
78,71100,2,1,13,13,04107,36,4107
80,555700,2,1,19,19,04013,36,4013
69,1500,1,1,15,16,04107,36,4107
70,105200,1,1,7,8,03901,36,3901
65,205800,1,1,32,31,03704,36,3704
69,70800,1,1,20,20,03806,36,3806
94,145200,2,1,15,15,03806,36,3806
74,56000,2,1,11,11,04105,36,4105
75,47400,2,1,11,12,04018,36,4018
75,9050,2,1,15,15,03901,36,3901
79,12040,2,1,12,13,04103,36,4103
78,37200,2,1,14,14,04017,36,4017
71,14400,2,1,29,29,04017,36,4017
94,46000,2,1,20,20,04103,36,4103
86,42000,2,1,14,14,04106,36,4106
72,71700,2,1,23,23,04004,36,4004
72,52430,2,1,25,24,04104,36,4104
73,76000,1,1,10,10,04112,36,4112
72,78600,2,1,12,12,04009,36,4009
80,40000,2,1,29,29,03808,36,3808
69,68800,1,1,14,15,04012,36,4012
73,119700,1,1,16,16,03803,36,3803
65,95300,1,1,25,25,04111,36,4111
87,16400,2,1,18,18,04114,36,4114
79,109100,2,1,49,50,04108,36,4108
83,39800,1,1,18,19,03810,36,3810
79,24000,2,1,16,17,03704,36,3704
72,25200,2,1,8,8,04105,36,4105
65,48300,2,1,12,12,04015,36,4015
70,113000,1,1,22,23,03805,36,3805
65,30000,1,1,12,13,04112,36,4112
70,45000,2,1,22,23,03708,36,3708
67,115600,1,1,13,12,04013,36,4013
81,45800,2,1,17,17,03702,36,3702
65,112700,1,1,15,15,03901,36,3901
65,385800,2,1,18,18,03804,36,3804
94,46300,2,1,12,11,04106,36,4106
85,16600,2,1,19,20,03703,36,3703
76,58500,2,1,20,21,04104,36,4104
69,70600,1,1,17,18,03902,36,3902
76,23300,1,1,15,16,04008,36,4008
66,90000,1,1,18,18,04105,36,4105
77,11000,2,1,28,28,04101,36,4101
85,47500,2,1,13,12,04013,36,4013
65,107300,1,1,14,14,04114,36,4114
66,51600,1,1,40,39,04007,36,4007
83,32000,2,1,10,10,04112,36,4112
74,297800,2,1,16,16,03805,36,3805
77,15620,2,1,19,19,04108,36,4108
67,40800,1,1,11,11,04110,36,4110
79,20710,2,1,14,14,04007,36,4007
78,29000,2,1,32,32,04104,36,4104
88,121000,2,1,13,12,04106,36,4106
79,23100,2,1,18,17,03809,36,3809
65,113300,1,1,20,21,04112,36,4112
76,55700,2,1,23,23,03901,36,3901
89,138900,2,1,11,11,04017,36,4017
65,64400,2,1,21,20,03808,36,3808
73,49200,2,1,20,20,03903,36,3903
77,22500,2,1,21,20,03901,36,3901
85,18100,2,1,24,24,03806,36,3806
72,15400,1,1,14,14,04001,36,4001
83,36000,2,1,20,19,04103,36,4103
73,33200,1,1,12,12,04112,36,4112
65,161700,2,1,17,17,04109,36,4109
73,62900,2,1,11,11,04103,36,4103
73,52600,2,1,15,15,04016,36,4016
67,31000,2,1,41,41,04018,36,4018
89,10100,2,1,16,17,04103,36,4103
75,51000,2,1,19,19,04105,36,4105
83,95100,2,1,14,14,04013,36,4013
79,27400,2,1,19,19,03802,36,3802
75,34000,2,1,15,15,04104,36,4104
65,102600,1,1,22,21,03806,36,3806
74,73000,2,1,16,15,04110,36,4110
77,15500,1,1,23,23,04104,36,4104
67,54600,1,1,21,21,04009,36,4009
67,9000,1,1,9,9,03901,36,3901
76,17600,2,1,12,12,04106,36,4106
81,27800,2,1,19,18,04104,36,4104
83,79000,2,1,11,11,03704,36,3704
74,63500,2,1,18,18,03709,36,3709
65,199900,2,1,18,19,03704,36,3704
67,7500,1,1,18,18,03902,36,3902
70,133290,1,1,15,15,04010,36,4010
86,18000,2,1,20,20,04103,36,4103
69,78900,1,1,12,12,04009,36,4009
82,20800,2,1,19,19,04009,36,4009
80,48000,2,1,9,9,03701,36,3701
94,13110,1,1,13,12,04104,36,4104
65,109400,1,1,19,19,04008,36,4008
76,35900,1,1,16,16,04102,36,4102
65,22000,2,1,8,7,04113,36,4113
77,13000,2,1,53,54,04001,36,4001
74,26600,1,1,31,30,04012,36,4012
75,77500,2,1,12,12,04014,36,4014
76,81800,2,1,8,9,04105,36,4105
84,21000,2,1,16,16,04109,36,4109
72,139000,2,1,17,16,04012,36,4012
68,126100,2,1,14,13,04101,36,4101
76,12500,2,1,14,13,03901,36,3901
94,27300,2,1,22,21,03805,36,3805
77,190400,2,1,14,14,04016,36,4016
73,44900,1,1,13,12,04110,36,4110
67,42500,1,1,12,12,04105,36,4105
79,12000,1,1,14,14,04018,36,4018
68,123500,2,1,15,15,04108,36,4108
76,54150,2,1,12,12,04008,36,4008
83,279000,2,1,13,13,04107,36,4107
67,93900,2,1,28,27,03805,36,3805
84,110200,1,1,16,16,04106,36,4106
94,28100,2,1,15,15,03902,36,3902
73,104380,2,1,11,11,04013,36,4013
75,104000,1,1,16,16,03808,36,3808
72,120400,2,1,21,21,04113,36,4113
72,117990,2,1,15,14,04102,36,4102
81,442000,1,1,15,15,03805,36,3805
69,638700,2,1,19,19,03805,36,3805
78,4800,2,1,23,23,04001,36,4001
82,98400,2,1,22,23,04014,36,4014
86,33000,2,1,19,20,03805,36,3805
68,131500,2,1,15,16,03903,36,3903
69,11500,2,1,58,57,03703,36,3703
79,111400,2,1,39,39,03902,36,3902
94,8100,2,1,21,21,04112,36,4112
83,59500,2,1,18,18,04006,36,4006
78,34200,2,1,15,15,04103,36,4103
75,17900,2,1,17,17,04103,36,4103
66,61800,1,1,10,11,04009,36,4009
65,94000,2,1,18,18,03805,36,3805
78,28710,2,1,16,17,04101,36,4101
78,92200,1,1,24,23,04004,36,4004
82,40000,2,1,13,14,04105,36,4105
84,31700,2,1,15,15,03903,36,3903
83,12900,2,1,21,21,03808,36,3808
65,55600,1,1,43,43,03901,36,3901
68,52900,2,1,20,20,04112,36,4112
86,78900,2,1,34,34,04112,36,4112
69,84600,2,1,38,39,04101,36,4101
65,16500,2,1,10,10,03902,36,3902
80,13800,2,1,22,22,03805,36,3805
65,94600,1,1,15,14,03709,36,3709
83,27500,2,1,12,12,03704,36,3704
77,8800,1,1,45,44,03703,36,3703
71,39920,2,1,4,4,04109,36,4109
65,75000,1,1,53,53,04106,36,4106
81,66100,2,1,14,14,04103,36,4103
86,45100,2,1,17,17,04005,36,4005
73,66900,1,1,24,24,04006,36,4006
78,50000,2,1,19,19,04104,36,4104
73,52400,2,1,19,19,04105,36,4105
68,57100,2,1,10,10,03801,36,3801
79,56300,2,1,13,12,04102,36,4102
66,34000,1,1,14,14,04011,36,4011
77,125300,2,1,18,18,03701,36,3701
77,37700,1,1,14,14,03903,36,3903
70,12000,2,1,24,24,04018,36,4018
70,22560,2,1,16,15,03806,36,3806
84,142000,2,1,9,9,04014,36,4014
69,23910,2,1,17,16,04114,36,4114
70,68600,1,1,17,17,03701,36,3701
70,31500,1,1,23,23,04101,36,4101
69,34500,1,1,12,12,03710,36,3710
82,21000,2,1,26,26,04107,36,4107
65,195000,2,1,15,15,03704,36,3704
68,75110,2,1,23,22,03901,36,3901
72,54600,2,1,16,16,03801,36,3801
65,56900,1,1,25,26,03903,36,3903
75,39000,2,1,14,14,04014,36,4014
70,94600,2,1,20,20,04114,36,4114
67,219700,2,1,13,12,04012,36,4012
66,329400,2,1,6,6,04016,36,4016
65,72150,2,1,4,4,04110,36,4110
72,25000,1,1,12,11,04011,36,4011
85,26400,2,1,19,19,04004,36,4004
78,58300,1,1,27,27,03808,36,3808
69,84800,2,1,12,11,03903,36,3903
79,15600,2,1,20,19,04015,36,4015
79,38100,2,1,22,22,03806,36,3806
83,19300,2,1,13,13,04014,36,4014
67,29900,1,1,15,15,03902,36,3902
84,34240,1,1,19,18,03701,36,3701
79,82000,2,1,18,18,04001,36,4001
69,16200,2,1,51,51,04113,36,4113
72,76400,2,1,19,18,03806,36,3806
81,4300,1,1,18,19,04010,36,4010
67,54000,2,1,20,20,03902,36,3902
85,30600,2,1,15,15,04102,36,4102
71,46300,1,1,15,14,03901,36,3901
65,12020,2,1,28,29,04017,36,4017
79,75800,2,1,21,20,03702,36,3702
76,34400,2,1,11,12,04107,36,4107
71,0,1,1,15,15,04113,36,4113
83,31400,2,1,19,19,04106,36,4106
69,127400,2,1,20,19,03903,36,3903
80,26000,2,1,21,21,04008,36,4008
76,145400,1,1,10,11,04017,36,4017
75,39400,2,1,16,15,03903,36,3903
83,9100,2,1,12,12,04102,36,4102
94,12000,2,1,16,16,04108,36,4108
72,71900,2,1,10,10,04112,36,4112
67,57900,2,1,13,13,04114,36,4114
74,77700,1,1,21,20,04113,36,4113
76,13200,2,1,25,25,04113,36,4113
72,17400,2,1,17,16,03902,36,3902
85,53500,2,1,14,14,04111,36,4111
76,9400,2,1,13,13,04006,36,4006
74,190000,1,1,14,13,04017,36,4017
74,62800,2,1,22,22,03903,36,3903
67,32400,2,1,13,13,03701,36,3701
79,40000,2,1,11,10,04110,36,4110
81,63100,2,1,11,11,03704,36,3704
74,125300,2,1,14,14,04113,36,4113
82,45600,2,1,24,24,04112,36,4112
66,38000,1,1,18,18,04004,36,4004
86,29100,2,1,13,12,04105,36,4105
86,32900,2,1,21,21,04103,36,4103
65,12500,2,1,12,13,04008,36,4008
80,37600,2,1,25,26,03903,36,3903
76,4470,2,1,17,17,03710,36,3710
78,41300,2,1,18,18,03901,36,3901
81,49000,1,1,13,13,04106,36,4106
69,101800,1,1,10,9,04101,36,4101
68,45600,1,1,15,15,03901,36,3901
83,89100,2,1,15,15,04012,36,4012
79,124300,1,1,17,17,03806,36,3806
82,32900,2,1,16,16,04106,36,4106
65,192600,1,1,14,14,04106,36,4106
77,27200,2,1,13,12,04110,36,4110
94,71020,2,1,16,16,04108,36,4108
94,10000,2,1,23,22,04103,36,4103
72,12100,1,1,21,22,04104,36,4104
79,75100,1,1,15,15,04101,36,4101
87,7200,2,1,14,14,04106,36,4106
76,11500,2,1,14,14,04111,36,4111
79,12000,2,1,14,13,04015,36,4015
77,15400,2,1,36,36,03902,36,3902
87,100800,1,1,15,15,04103,36,4103
73,1500,2,1,21,22,04106,36,4106
76,32130,2,1,15,15,04110,36,4110
73,56000,2,1,13,12,04114,36,4114
80,109900,2,1,9,10,04114,36,4114
94,70600,2,1,13,14,04016,36,4016
68,36000,1,1,12,13,04106,36,4106
74,13600,2,1,10,11,04112,36,4112
80,10200,2,1,19,18,03809,36,3809
70,79800,1,1,21,20,03810,36,3810
65,41700,1,1,20,19,04102,36,4102
70,25900,1,1,18,18,04106,36,4106
77,31900,2,1,37,37,04110,36,4110
65,93400,1,1,19,20,04105,36,4105
72,715500,2,1,21,21,03805,36,3805
70,37290,2,1,11,11,04005,36,4005
66,115990,2,1,18,18,04106,36,4106
72,9700,2,1,13,14,04104,36,4104
70,26500,2,1,14,14,04017,36,4017
72,36300,1,1,31,31,04103,36,4103
83,19100,2,1,22,22,04105,36,4105
67,92800,2,1,12,12,04010,36,4010
71,16000,1,1,14,13,04016,36,4016
73,35640,2,1,10,10,04110,36,4110
73,116200,2,1,16,16,03703,36,3703
70,55000,1,1,15,15,03702,36,3702
85,54100,2,1,15,15,04112,36,4112
71,36000,2,1,1,2,04109,36,4109
70,28200,2,1,15,16,04005,36,4005
67,77900,2,1,15,15,04103,36,4103
67,60400,2,1,16,16,03703,36,3703
80,55300,2,1,17,18,03808,36,3808
83,15600,2,1,17,17,04104,36,4104
68,110100,2,1,20,19,04103,36,4103
66,183000,2,1,14,13,04105,36,4105
84,89840,1,1,21,22,03805,36,3805
72,22000,1,1,13,12,03708,36,3708
70,26400,2,1,17,17,04106,36,4106
75,16100,2,1,46,46,03709,36,3709
66,140400,1,1,12,12,04010,36,4010
65,118000,2,1,18,18,04010,36,4010
69,74560,2,1,22,22,04013,36,4013
85,40700,2,1,19,18,03805,36,3805
83,43100,2,1,13,13,03704,36,3704
77,14800,1,1,13,14,04014,36,4014
70,52800,1,1,15,15,04010,36,4010
71,53000,1,1,21,22,04006,36,4006
66,52600,2,1,30,30,03805,36,3805
67,83900,2,1,17,17,04103,36,4103
71,9700,1,1,17,17,03902,36,3902
85,22300,2,1,13,12,04110,36,4110
73,30000,2,1,9,10,04011,36,4011
89,19100,2,1,12,12,04014,36,4014
73,48200,2,1,12,12,04014,36,4014
72,50380,1,1,13,13,03902,36,3902
72,62400,2,1,13,13,04110,36,4110
88,104500,2,1,14,14,04103,36,4103
74,39400,2,1,18,18,04101,36,4101
67,201258,1,1,9,9,04113,36,4113
71,105800,1,1,21,22,04104,36,4104
79,37300,2,1,16,16,03901,36,3901
69,88700,1,1,17,17,04002,36,4002
75,22000,2,1,9,9,04018,36,4018
65,22000,2,1,4,5,04016,36,4016
94,38930,2,1,18,18,04110,36,4110
69,19800,2,1,40,40,04101,36,4101
68,46400,2,1,11,10,04017,36,4017
83,5200,2,1,18,18,04112,36,4112
80,12000,2,1,27,28,03804,36,3804
83,107000,2,1,16,17,04112,36,4112
84,61800,2,1,10,10,04105,36,4105
69,13800,2,1,30,30,04104,36,4104
65,32600,2,1,11,11,04012,36,4012
75,25900,1,1,14,14,04014,36,4014
66,43900,2,1,14,14,04110,36,4110
69,44700,1,1,41,41,03804,36,3804
65,218930,2,1,14,15,03807,36,3807
81,8800,1,1,12,11,04102,36,4102
94,44800,2,1,11,11,04102,36,4102
79,153330,2,1,13,13,04003,36,4003
86,21800,2,1,32,33,04007,36,4007
73,41000,2,1,18,18,03901,36,3901
68,49500,2,1,20,20,04009,36,4009
82,15800,2,1,23,23,03806,36,3806
83,209300,2,1,63,63,03805,36,3805
75,78300,2,1,16,16,03704,36,3704
72,26900,2,1,17,18,03809,36,3809
70,41680,1,1,17,17,03901,36,3901
73,115500,2,1,17,17,04009,36,4009
68,10200,2,1,17,17,03902,36,3902
82,56050,2,1,21,21,04103,36,4103
79,24400,2,1,17,17,04010,36,4010
87,10100,1,1,10,10,03704,36,3704
67,127000,1,1,22,23,03805,36,3805
65,30300,1,1,20,20,04009,36,4009
67,69800,2,1,8,7,04103,36,4103
65,97800,1,1,19,19,04003,36,4003
94,25400,2,1,11,11,04111,36,4111
65,53400,2,1,12,12,04017,36,4017
85,264000,2,1,22,21,03805,36,3805
68,6500,2,1,12,12,04110,36,4110
79,29700,2,1,15,15,03902,36,3902
66,88200,1,1,15,15,04010,36,4010
72,22900,1,1,11,12,04008,36,4008
75,34900,2,1,21,21,04106,36,4106
79,15000,2,1,16,16,04101,36,4101
67,81100,2,1,12,12,04103,36,4103
71,51700,2,1,14,14,04104,36,4104
79,41800,2,1,11,12,03903,36,3903
78,68600,2,1,10,10,03801,36,3801
83,3000,2,1,3,3,03701,36,3701
79,96840,1,1,10,10,03702,36,3702
87,15400,2,1,15,16,04105,36,4105
73,20000,2,1,6,6,04105,36,4105
68,143300,1,1,27,27,04106,36,4106
71,131100,1,1,16,15,04112,36,4112
68,35500,1,1,14,14,04110,36,4110
74,99600,2,1,15,14,04103,36,4103
71,33600,2,1,12,12,04009,36,4009
83,42000,2,1,11,12,04013,36,4013
94,19200,2,1,46,46,04106,36,4106
67,22600,2,1,33,33,04110,36,4110
68,53000,2,1,19,19,03809,36,3809
71,117700,1,1,14,15,03706,36,3706
68,26400,2,1,12,11,03903,36,3903
81,22700,2,1,56,56,03802,36,3802
80,117200,2,1,5,5,03704,36,3704
76,74400,2,1,32,33,04013,36,4013
90,27600,2,1,18,18,04113,36,4113
70,124550,1,1,18,18,04007,36,4007
65,10500,2,1,22,22,03807,36,3807
77,45000,1,1,13,14,03807,36,3807
88,10800,2,1,34,34,04018,36,4018
74,147100,1,1,22,23,04104,36,4104
73,67700,2,1,20,19,04103,36,4103
77,20500,2,1,13,13,04012,36,4012
80,85400,1,1,42,41,03806,36,3806
75,10200,2,1,15,15,04110,36,4110
83,108000,2,1,16,16,04013,36,4013
68,63100,1,1,16,16,04103,36,4103
78,18000,1,1,15,14,04007,36,4007
73,56900,1,1,12,12,04111,36,4111
65,343400,1,1,15,15,03705,36,3705
73,22580,2,1,19,20,03805,36,3805
70,47400,1,1,13,13,04105,36,4105
78,53200,2,1,16,16,04008,36,4008
83,556000,2,1,10,10,04109,36,4109
65,44000,1,1,17,17,04112,36,4112
66,125000,2,1,19,19,04107,36,4107
78,79600,2,1,13,13,04109,36,4109
69,153000,1,1,21,21,03805,36,3805
78,40800,2,1,19,18,03805,36,3805
68,93600,2,1,12,12,04009,36,4009
86,6900,2,1,19,19,03810,36,3810
94,12700,2,1,9,9,04016,36,4016
71,71200,1,1,16,16,03902,36,3902
78,664600,1,1,19,19,03805,36,3805
77,10700,2,1,13,14,04105,36,4105
71,78000,1,1,30,30,04009,36,4009
65,47200,2,1,24,24,04105,36,4105
65,77520,1,1,16,17,04007,36,4007
65,144100,2,1,20,19,04108,36,4108
67,14100,2,1,10,10,04104,36,4104
70,130000,1,1,23,23,04112,36,4112
66,65400,1,1,31,31,04016,36,4016
70,34800,2,1,9,9,04104,36,4104
74,79000,2,1,26,25,03801,36,3801
82,0,2,1,47,46,04103,36,4103
80,105000,1,1,12,12,04007,36,4007
94,339980,1,1,13,13,03702,36,3702
65,89700,1,1,9,9,04103,36,4103
72,20404,2,1,18,18,04005,36,4005
80,17000,2,1,16,16,04106,36,4106
85,36400,2,1,16,16,04110,36,4110
76,40300,2,1,9,9,04014,36,4014
70,17800,2,1,21,22,04003,36,4003
81,145300,2,1,14,14,04013,36,4013
69,25800,2,1,22,21,03805,36,3805
78,26200,2,1,12,13,04102,36,4102
79,141700,2,1,13,12,04017,36,4017
68,70800,1,1,9,9,04017,36,4017
71,37400,2,1,17,17,04105,36,4105
79,21600,1,1,14,14,03901,36,3901
71,24500,2,1,11,11,03903,36,3903
68,100400,1,1,19,18,03806,36,3806
69,300900,1,1,9,9,04111,36,4111
75,30300,1,1,25,25,04010,36,4010
67,100400,2,1,61,60,03803,36,3803
81,38400,2,1,25,25,03709,36,3709
90,17600,2,1,13,13,04013,36,4013
76,4800,2,1,31,31,04012,36,4012
69,208000,2,1,17,17,04108,36,4108
80,44800,2,1,14,15,04110,36,4110
80,18300,1,1,19,20,03702,36,3702
68,7100,2,1,22,21,04105,36,4105
66,51001,1,1,21,21,03806,36,3806
75,40300,2,1,14,14,04105,36,4105
81,23700,2,1,23,23,04110,36,4110
77,17250,2,1,17,18,04016,36,4016
71,86100,1,1,27,27,04008,36,4008
78,24000,2,1,6,6,03704,36,3704
76,59400,2,1,11,11,04108,36,4108
85,24500,2,1,11,11,03903,36,3903
80,62200,2,1,11,11,04111,36,4111
77,18000,2,1,11,11,04013,36,4013
68,50500,2,1,26,26,04009,36,4009
69,42200,2,1,7,7,04104,36,4104
90,18000,2,1,14,14,04112,36,4112
70,95000,2,1,19,19,04004,36,4004
80,32900,2,1,44,44,04114,36,4114
79,16800,2,1,14,14,04017,36,4017
78,19800,1,1,15,15,03702,36,3702
65,96000,1,1,15,14,03901,36,3901
69,155200,1,1,10,10,03705,36,3705
85,12000,2,1,31,31,03803,36,3803
70,142900,2,1,15,15,04009,36,4009
76,8000,2,1,21,21,04104,36,4104
71,23500,2,1,12,13,04017,36,4017
94,20400,2,1,15,15,04111,36,4111
65,121400,1,1,19,19,03805,36,3805
80,104700,2,1,12,12,04106,36,4106
75,66000,1,1,17,17,04005,36,4005
82,47400,2,1,16,16,04105,36,4105
66,64400,1,1,11,10,03903,36,3903
94,27400,2,1,14,14,04101,36,4101
66,162400,2,1,42,42,04016,36,4016
75,168230,2,1,15,15,04014,36,4014
88,56800,1,1,14,14,04016,36,4016
74,135500,1,1,40,40,03702,36,3702
71,20000,2,1,13,14,03709,36,3709
79,20000,2,1,18,18,04009,36,4009
81,39700,2,1,59,59,03703,36,3703
70,40500,1,1,16,15,04002,36,4002
65,32000,2,1,24,24,04004,36,4004
68,33900,2,1,49,48,04002,36,4002
69,26400,2,1,21,21,04103,36,4103
94,30400,2,1,20,19,03808,36,3808
76,61900,2,1,20,19,04110,36,4110
68,24900,1,1,15,15,04110,36,4110
67,86200,2,1,22,23,03901,36,3901
83,52200,2,1,25,25,03702,36,3702
84,18100,2,1,45,44,04110,36,4110
80,114200,2,1,21,21,04111,36,4111
85,167600,2,1,18,18,04104,36,4104
73,7300,2,1,19,18,03903,36,3903
82,194200,2,1,9,9,04105,36,4105
84,16600,2,1,24,24,04103,36,4103
68,48000,2,1,21,22,04112,36,4112
66,129600,1,1,16,16,03901,36,3901
79,7900,1,1,11,12,04103,36,4103
70,36000,1,1,21,22,03807,36,3807
73,59000,2,1,14,14,04112,36,4112
65,73400,1,1,19,18,03703,36,3703
65,250300,1,1,21,21,03808,36,3808
78,4800,2,1,16,16,03805,36,3805
70,16240,2,1,9,9,04016,36,4016
87,37200,2,1,19,19,03702,36,3702
75,26900,2,1,62,62,04018,36,4018
73,4000,2,1,26,26,03710,36,3710
89,9600,2,1,31,31,04017,36,4017
68,12000,2,1,34,33,04016,36,4016
76,271700,2,1,11,11,04111,36,4111
68,225700,2,1,16,17,03806,36,3806
75,53700,2,1,11,11,04016,36,4016
67,66400,1,1,17,18,03902,36,3902
75,42900,2,1,16,17,04110,36,4110
66,69900,2,1,26,26,04007,36,4007
67,25500,1,1,15,16,04112,36,4112
84,18000,2,1,22,22,03703,36,3703
67,73500,2,1,14,14,03903,36,3903
70,112100,2,1,6,6,04105,36,4105
76,20000,2,1,13,13,04017,36,4017
70,47200,1,1,25,25,03808,36,3808
65,0,1,1,15,16,04018,36,4018
73,37800,2,1,13,14,04110,36,4110
90,84000,2,1,11,11,04005,36,4005
67,17000,2,1,8,8,04016,36,4016
77,29500,2,1,19,19,04101,36,4101
86,30900,2,1,22,23,04112,36,4112
78,74600,2,1,12,12,04009,36,4009
73,894000,2,1,19,19,03805,36,3805
69,26650,1,1,11,10,04111,36,4111
75,17700,2,1,11,11,04018,36,4018
90,49600,2,1,13,13,03805,36,3805
83,109200,2,1,11,11,04016,36,4016
77,12700,2,1,11,11,04013,36,4013
76,14400,2,1,23,23,03709,36,3709
72,342000,2,1,17,17,03805,36,3805
70,69200,2,1,25,24,04017,36,4017
74,46400,2,1,11,11,03702,36,3702
70,31920,2,1,14,14,04103,36,4103
72,165100,2,1,9,9,03805,36,3805
69,31200,2,1,20,19,04105,36,4105
66,15600,2,1,16,16,04113,36,4113
65,73100,2,1,24,24,04105,36,4105
84,9000,2,1,16,15,04017,36,4017
73,96200,2,1,27,27,03901,36,3901
88,31000,2,1,33,33,03702,36,3702
77,241800,2,1,13,14,03902,36,3902
74,25400,2,1,14,14,03703,36,3703
78,76000,1,1,20,21,04009,36,4009
72,28280,2,1,16,16,04114,36,4114
66,150700,1,1,12,12,04009,36,4009
71,23400,1,1,18,18,04113,36,4113
88,9600,2,1,12,13,04017,36,4017
65,61200,2,1,17,17,04103,36,4103
80,14500,2,1,19,20,04103,36,4103
69,15800,1,1,9,9,04012,36,4012
75,35600,1,1,35,35,04109,36,4109
70,7100,2,1,49,49,04101,36,4101
76,16800,2,1,53,54,04001,36,4001
70,18250,2,1,11,10,04113,36,4113
73,44800,1,1,16,16,04013,36,4013
89,22400,2,1,34,34,04018,36,4018
66,28800,2,1,12,11,03902,36,3902
90,68500,2,1,10,9,04105,36,4105
79,26700,2,1,10,10,03801,36,3801
72,117800,2,1,20,19,04105,36,4105
72,46900,2,1,8,8,04014,36,4014
72,56600,2,1,11,12,04114,36,4114
94,27700,2,1,10,10,04018,36,4018
68,12000,2,1,15,15,03809,36,3809
80,6180,2,1,11,12,04007,36,4007
80,26500,2,1,12,12,03702,36,3702
67,5300,2,1,17,17,04112,36,4112
77,53900,2,1,23,23,04109,36,4109
75,32800,2,1,22,22,03807,36,3807
67,25500,1,1,31,31,03903,36,3903
68,37800,2,1,17,17,04110,36,4110
65,233500,1,1,17,17,03808,36,3808
72,183100,2,1,19,19,03807,36,3807
72,71080,2,1,15,14,04011,36,4011
65,9400,2,1,44,44,04106,36,4106
85,41100,2,1,49,49,03703,36,3703
72,126600,2,1,14,15,04108,36,4108
70,18000,2,1,18,19,04108,36,4108
88,71000,2,1,10,10,04104,36,4104
74,72600,1,1,36,37,04105,36,4105
75,37200,2,1,25,24,03804,36,3804
65,198500,2,1,20,20,03806,36,3806
66,64600,1,1,16,16,03901,36,3901
70,0,1,1,16,16,03808,36,3808
84,25720,2,1,13,14,04101,36,4101
78,39200,2,1,13,14,03808,36,3808
84,166900,2,1,10,11,03701,36,3701
89,195000,2,1,15,15,03805,36,3805
73,19800,2,1,14,13,04109,36,4109
73,16900,1,1,12,12,04016,36,4016
78,90000,2,1,12,13,04011,36,4011
94,14800,2,1,11,11,04113,36,4113
82,32600,1,1,23,22,03808,36,3808
81,63604,2,1,10,9,04113,36,4113
67,66400,2,1,8,8,04104,36,4104
66,85200,1,1,13,13,04009,36,4009
65,20600,2,1,22,22,03806,36,3806
77,29000,1,1,14,14,04009,36,4009
78,22800,2,1,17,17,04110,36,4110
83,26100,1,1,17,17,03903,36,3903
67,47700,2,1,15,14,03703,36,3703
83,48700,2,1,14,14,04012,36,4012
65,38700,2,1,18,18,03901,36,3901
69,104000,1,1,25,26,04106,36,4106
71,12000,2,1,17,16,04018,36,4018
68,70000,1,1,23,23,03805,36,3805
84,76500,2,1,14,14,04013,36,4013
68,17100,2,1,25,24,04013,36,4013
67,28800,2,1,19,19,03702,36,3702
68,25200,2,1,31,31,04114,36,4114
66,62200,1,1,19,19,04105,36,4105
80,77100,2,1,11,11,04012,36,4012
76,30700,2,1,12,13,04012,36,4012
75,414300,2,1,17,17,03810,36,3810
69,38600,2,1,15,15,04101,36,4101
70,81500,2,1,15,15,03704,36,3704
67,153700,2,1,9,10,04001,36,4001
82,21800,2,1,14,14,03806,36,3806
74,38200,2,1,25,25,04106,36,4106
69,26400,2,1,28,27,04112,36,4112
65,114300,2,1,21,21,03805,36,3805
69,52000,2,1,18,18,04009,36,4009
69,101000,1,1,19,19,04113,36,4113
65,151000,1,1,16,15,03805,36,3805
77,17800,1,1,37,37,04015,36,4015
85,15900,2,1,44,45,04015,36,4015
94,21000,2,1,16,16,04112,36,4112
81,87500,2,1,10,10,03702,36,3702
74,837000,2,1,17,17,03805,36,3805
76,60600,2,1,7,7,04112,36,4112
74,85270,1,1,34,34,04102,36,4102
71,250000,1,1,18,18,03808,36,3808
68,56100,2,1,29,29,04102,36,4102
84,40500,2,1,21,22,03805,36,3805
65,20100,2,1,10,10,03903,36,3903
85,13501,2,1,14,14,04017,36,4017
68,34400,2,1,16,16,03902,36,3902
75,72450,2,1,20,21,04106,36,4106
66,60020,1,1,14,14,04009,36,4009
69,6800,2,1,37,36,04101,36,4101
77,311600,2,1,32,32,03806,36,3806
78,18800,2,1,10,10,04009,36,4009
70,49200,2,1,19,18,04103,36,4103
84,76300,2,1,50,50,03807,36,3807
79,13500,2,1,14,14,04104,36,4104
82,24000,2,1,13,12,03703,36,3703
77,18000,1,1,15,15,04110,36,4110
66,124400,2,1,17,18,04114,36,4114
66,10250,2,1,11,10,04017,36,4017
79,11000,2,1,15,15,04012,36,4012
66,29400,2,1,9,9,04016,36,4016
71,70800,1,1,18,18,04105,36,4105
84,73700,2,1,15,15,04110,36,4110
77,56700,2,1,52,51,04113,36,4113
77,17300,2,1,9,9,04015,36,4015
77,45300,2,1,17,17,04009,36,4009
72,23000,2,1,16,16,04102,36,4102
78,79400,2,1,16,15,04013,36,4013
94,13200,2,1,18,17,04009,36,4009
79,30030,2,1,16,16,03703,36,3703
75,70000,2,1,15,15,03901,36,3901
76,32300,2,1,15,15,04111,36,4111
66,142000,2,1,10,10,03902,36,3902
66,19000,1,1,35,35,03704,36,3704
75,233500,2,1,14,15,04101,36,4101
78,44800,2,1,13,14,04013,36,4013
72,15520,2,1,18,18,04013,36,4013
75,22400,2,1,22,23,04010,36,4010
68,480000,2,1,14,13,03805,36,3805
65,105600,1,1,18,18,04105,36,4105
80,12000,2,1,18,18,03902,36,3902
68,35600,1,1,31,32,03803,36,3803
78,60500,2,1,18,18,04103,36,4103
81,59700,2,1,11,10,03703,36,3703
88,200000,1,1,21,20,04105,36,4105
68,212000,2,1,13,14,03805,36,3805
86,86200,2,1,21,20,04109,36,4109
73,28500,2,1,12,12,04013,36,4013
70,114500,2,1,14,13,03810,36,3810
87,20600,2,1,16,16,04013,36,4013
72,254550,2,1,13,13,03805,36,3805
83,189300,2,1,18,18,03807,36,3807
94,26000,2,1,35,35,03903,36,3903
78,52000,1,1,17,17,04010,36,4010
80,57000,2,1,16,16,04104,36,4104
86,45400,2,1,14,14,04014,36,4014
85,43000,2,1,25,24,03805,36,3805
79,223800,2,1,23,23,03806,36,3806
84,92700,1,1,26,26,04110,36,4110
67,66600,1,1,15,15,04113,36,4113
66,111000,2,1,10,11,04112,36,4112
77,10900,1,1,38,37,04016,36,4016
70,21900,2,1,15,15,03703,36,3703
74,77000,1,1,20,21,04103,36,4103
82,45000,2,1,15,15,04102,36,4102
77,48200,2,1,16,16,04018,36,4018
66,25800,1,1,17,17,03803,36,3803
70,14100,2,1,13,12,04005,36,4005
82,216800,1,1,21,21,04009,36,4009
73,39230,1,1,13,13,04011,36,4011
75,31000,1,1,57,57,04010,36,4010
76,39000,2,1,15,14,04013,36,4013
67,64000,2,1,46,46,04110,36,4110
79,51800,2,1,9,10,03704,36,3704
82,10500,2,1,17,17,03709,36,3709
84,91200,2,1,12,13,04017,36,4017
81,69900,1,1,21,21,03808,36,3808
67,208900,2,1,21,21,04102,36,4102
73,153400,2,1,11,11,04106,36,4106
82,27200,2,1,19,19,04103,36,4103
82,114000,2,1,11,11,04012,36,4012
86,9300,2,1,7,7,03703,36,3703
77,96950,2,1,18,18,04103,36,4103
87,60500,2,1,15,15,04015,36,4015
73,20000,2,1,16,16,04004,36,4004
79,45750,2,1,13,14,04110,36,4110
65,7900,2,1,6,6,04018,36,4018
83,10000,2,1,8,8,04110,36,4110
67,119000,1,1,19,19,04015,36,4015
84,45500,2,1,17,17,03806,36,3806
78,281000,2,1,13,13,04015,36,4015
74,43000,2,1,19,19,03708,36,3708
74,21800,2,1,14,14,04105,36,4105
81,35000,2,1,16,15,04111,36,4111
76,414000,2,1,18,17,03805,36,3805
65,235800,1,1,16,16,04011,36,4011
70,404100,2,1,10,11,04103,36,4103
68,190400,1,1,19,18,04004,36,4004
71,43800,1,1,16,16,03702,36,3702
72,72000,2,1,18,19,03903,36,3903
78,83700,2,1,16,16,03901,36,3901
88,415000,2,1,17,17,04103,36,4103
77,147200,1,1,22,22,03808,36,3808
68,112920,2,1,9,9,04009,36,4009
71,195000,2,1,15,15,03805,36,3805
80,100800,2,1,15,15,04108,36,4108
70,150400,2,1,25,25,03808,36,3808
69,61700,2,1,11,11,04015,36,4015
82,54100,2,1,17,17,04108,36,4108
80,27800,2,1,21,20,04105,36,4105
78,26600,1,1,11,10,04106,36,4106
77,14870,2,1,14,14,04009,36,4009
79,41000,2,1,15,15,04112,36,4112
66,118700,2,1,38,39,04110,36,4110
66,27100,2,1,25,25,04108,36,4108
67,106030,1,1,16,16,04105,36,4105
83,14500,2,1,19,19,03807,36,3807
65,59000,1,1,37,37,04112,36,4112
66,300400,1,1,27,27,03808,36,3808
68,30700,1,1,31,31,04101,36,4101
86,125500,2,1,23,23,03806,36,3806
65,19100,2,1,11,11,04110,36,4110
69,77800,1,1,14,14,04008,36,4008
86,24800,1,1,13,13,04003,36,4003
78,177300,2,1,13,13,04108,36,4108
83,34300,1,1,9,9,03703,36,3703
70,53500,2,1,19,18,04103,36,4103
85,18000,1,1,14,14,04106,36,4106
65,91400,2,1,12,12,04015,36,4015
65,12000,2,1,33,33,04104,36,4104
79,29200,1,1,4,3,03901,36,3901
88,13200,2,1,11,11,04110,36,4110
73,7200,2,1,20,19,04010,36,4010
74,64990,2,1,14,14,03703,36,3703
82,23600,2,1,15,15,04016,36,4016
65,4500,2,1,10,10,04001,36,4001
85,49000,2,1,20,20,03902,36,3902
65,65000,2,1,11,10,04012,36,4012
67,13000,2,1,13,13,04108,36,4108
68,47500,2,1,12,12,04104,36,4104
66,83000,2,1,12,12,04107,36,4107
73,105800,2,1,16,16,03902,36,3902
81,58020,2,1,14,14,04105,36,4105
65,124100,2,1,37,36,04103,36,4103
69,129500,1,1,17,17,03704,36,3704
70,14400,1,1,16,17,04103,36,4103
73,43100,2,1,21,21,04014,36,4014
82,159800,2,1,11,11,04113,36,4113
85,13600,2,1,51,51,03901,36,3901
68,31000,2,1,17,16,04106,36,4106
85,15100,1,1,11,12,03801,36,3801
77,108200,2,1,18,18,04004,36,4004
72,26200,1,1,3,3,04008,36,4008
70,57200,2,1,12,12,04013,36,4013
70,183100,2,1,12,12,04104,36,4104
65,62300,1,1,30,30,04105,36,4105
70,42600,1,1,13,13,04005,36,4005
74,104800,2,1,24,23,04114,36,4114
86,29400,2,1,18,18,03805,36,3805
76,93200,2,1,16,17,04111,36,4111
65,59700,2,1,39,40,03703,36,3703
74,31700,2,1,25,26,03903,36,3903
71,21700,2,1,9,10,04013,36,4013
66,54100,2,1,12,11,04014,36,4014
71,62900,2,1,11,10,04010,36,4010
80,15800,2,1,25,26,04113,36,4113
68,11000,1,1,44,44,04013,36,4013
79,9400,2,1,15,15,04015,36,4015
70,209700,2,1,24,24,04008,36,4008
79,24400,2,1,13,13,03710,36,3710
82,9700,2,1,15,15,04114,36,4114
74,42000,2,1,19,18,04103,36,4103
94,47000,1,1,12,12,03709,36,3709
89,20200,2,1,13,13,04113,36,4113
66,95000,1,1,36,36,03701,36,3701
94,34800,2,1,19,19,04009,36,4009
68,116000,2,1,14,14,04016,36,4016
71,49300,1,1,18,17,04011,36,4011
69,29000,2,1,16,15,04014,36,4014
68,69200,2,1,8,9,04107,36,4107
70,13400,2,1,19,19,04113,36,4113
66,526000,1,1,15,15,03807,36,3807
83,79500,2,1,15,15,04105,36,4105
70,84800,2,1,28,28,04103,36,4103
94,97500,2,1,46,46,04102,36,4102
71,198900,2,1,14,14,03807,36,3807
68,111120,2,1,16,16,04008,36,4008
68,30700,1,1,33,33,03705,36,3705
65,45400,2,1,21,21,04109,36,4109
83,66200,2,1,18,17,04111,36,4111
80,141800,2,1,13,13,03809,36,3809
78,66800,2,1,14,15,04103,36,4103
78,80000,1,1,12,12,04104,36,4104
68,131470,2,1,12,12,03901,36,3901
67,132100,1,1,19,18,03806,36,3806
68,20500,2,1,10,11,04108,36,4108
68,30000,2,1,9,9,04103,36,4103
80,24600,2,1,16,15,03709,36,3709
81,19100,2,1,13,13,03804,36,3804
67,139000,1,1,6,6,04110,36,4110
66,34500,2,1,20,20,03703,36,3703
70,35000,2,1,18,18,04103,36,4103
82,51600,1,1,17,18,04102,36,4102
80,205900,2,1,16,17,04103,36,4103
89,46800,2,1,13,13,04105,36,4105
83,57700,2,1,22,22,03903,36,3903
72,19400,2,1,17,16,04103,36,4103
65,27000,2,1,20,20,04112,36,4112
66,27000,2,1,20,19,04101,36,4101
76,26500,2,1,13,13,04101,36,4101
79,38700,2,1,17,16,04013,36,4013
72,98000,2,1,20,21,04103,36,4103
65,118200,2,1,15,15,04103,36,4103
82,52400,2,1,27,26,03901,36,3901
72,15600,2,1,4,4,03803,36,3803
68,14320,2,1,10,10,04002,36,4002
65,148800,1,1,26,26,04103,36,4103
80,76530,1,1,29,29,03806,36,3806
67,39300,1,1,24,25,03704,36,3704
76,61200,2,1,11,11,04013,36,4013
70,37500,1,1,12,12,04009,36,4009
67,63500,2,1,12,12,04014,36,4014
84,55200,2,1,14,14,03703,36,3703
68,52700,2,1,19,19,04103,36,4103
69,162400,1,1,61,61,04112,36,4112
77,1400,2,1,28,27,04010,36,4010
71,124500,1,1,14,15,04114,36,4114
94,40900,2,1,25,24,04107,36,4107
85,74800,2,1,14,14,04103,36,4103
72,54400,2,1,20,20,04108,36,4108
66,20100,1,1,14,15,03901,36,3901
81,54600,2,1,10,10,04110,36,4110
77,22200,2,1,11,10,04112,36,4112
94,10200,2,1,55,55,04104,36,4104
86,22800,2,1,29,30,04110,36,4110
65,123000,1,1,12,11,04114,36,4114
69,209000,2,1,13,13,03810,36,3810
87,10400,2,1,11,12,04103,36,4103
82,12200,2,1,12,12,04105,36,4105
73,172000,2,1,12,12,04106,36,4106
85,4000,1,1,17,17,04114,36,4114
73,18900,2,1,16,15,04110,36,4110
85,38100,2,1,11,11,04110,36,4110
72,99300,2,1,7,8,03702,36,3702
88,25100,2,1,12,12,04106,36,4106
86,38600,2,1,17,17,04104,36,4104
77,79000,2,1,23,23,04101,36,4101
70,87300,2,1,13,13,03702,36,3702
69,478000,2,1,17,17,03806,36,3806
70,87700,2,1,12,11,04107,36,4107
74,226000,2,1,21,22,03806,36,3806
76,91900,2,1,8,7,04010,36,4010
74,960000,1,1,17,17,03805,36,3805
86,25100,2,1,9,9,04104,36,4104
76,34200,1,1,12,12,04112,36,4112
94,15200,2,1,14,14,04110,36,4110
68,80120,2,1,14,14,03703,36,3703
69,24500,2,1,58,58,03703,36,3703
76,15400,2,1,22,23,03808,36,3808
89,60900,2,1,16,16,03801,36,3801
84,23100,2,1,15,14,04103,36,4103
81,14100,2,1,20,21,04104,36,4104
76,225000,1,1,14,14,03808,36,3808
69,137300,2,1,11,11,04013,36,4013
89,15900,2,1,20,20,04104,36,4104
86,24600,2,1,17,16,04110,36,4110
89,23900,2,1,14,13,04110,36,4110
75,67900,2,1,15,15,04014,36,4014
68,149300,2,1,13,13,04011,36,4011
75,15210,2,1,17,17,04016,36,4016
69,107400,1,1,23,22,04105,36,4105
83,3500,2,1,12,13,04101,36,4101
85,24000,1,1,24,23,03808,36,3808
74,57600,1,1,35,35,04112,36,4112
65,37000,1,1,12,12,03706,36,3706
76,12600,2,1,31,31,04014,36,4014
82,333300,2,1,13,13,03805,36,3805
73,20600,2,1,11,10,04110,36,4110
74,253600,1,1,18,18,03805,36,3805
66,198790,2,1,16,16,03901,36,3901
70,36300,2,1,16,16,04106,36,4106
65,7200,2,1,17,17,04004,36,4004
76,31700,2,1,14,15,04103,36,4103
68,63800,2,1,15,15,04103,36,4103
70,49820,1,1,10,10,03902,36,3902
68,56000,2,1,14,14,03901,36,3901
69,18500,2,1,20,20,04016,36,4016
90,10900,2,1,11,10,04102,36,4102
81,96000,2,1,12,12,04106,36,4106
77,42100,2,1,38,38,04104,36,4104
77,59600,2,1,16,16,04110,36,4110
76,19800,2,1,14,14,04013,36,4013
69,57700,1,1,27,26,04010,36,4010
70,30800,2,1,34,34,03803,36,3803
66,33000,2,1,10,10,03810,36,3810
81,23700,1,1,19,19,04106,36,4106
83,97400,2,1,15,15,04103,36,4103
69,8700,1,1,16,16,03809,36,3809
66,90770,1,1,8,8,04113,36,4113
66,57000,2,1,13,12,03903,36,3903
94,24100,2,1,11,10,04009,36,4009
90,55900,2,1,12,13,04105,36,4105
77,101420,2,1,9,9,04016,36,4016
80,24900,2,1,13,13,04013,36,4013
77,195700,2,1,12,12,03805,36,3805
69,44200,2,1,15,16,03702,36,3702
78,5500,2,1,11,12,03701,36,3701
70,3000,2,1,20,21,03805,36,3805
65,190000,1,1,13,12,04012,36,4012
77,27700,2,1,11,11,04103,36,4103
69,223000,1,1,10,10,03703,36,3703
83,9600,1,1,28,28,04013,36,4013
88,16700,2,1,9,9,04106,36,4106
65,45100,2,1,24,24,04004,36,4004
82,12000,2,1,13,14,04104,36,4104
88,12000,2,1,16,16,04104,36,4104
94,62000,2,1,77,76,03806,36,3806
80,27800,2,1,17,17,03808,36,3808
72,76500,1,1,12,12,04009,36,4009
83,49100,2,1,13,13,04104,36,4104
83,38400,2,1,19,19,04113,36,4113
75,12000,2,1,60,59,04103,36,4103
81,18500,2,1,14,14,04112,36,4112
65,51500,2,1,11,11,04013,36,4013
73,22700,1,1,12,12,04001,36,4001
78,150500,2,1,15,15,03805,36,3805
75,10800,2,1,17,18,03808,36,3808
81,321801,2,1,18,18,03808,36,3808
79,203200,2,1,16,16,03808,36,3808
68,88500,2,1,12,12,04112,36,4112
77,88700,2,1,21,22,04009,36,4009
75,57800,2,1,11,11,04107,36,4107
72,83600,1,1,27,26,04009,36,4009
85,181000,2,1,16,17,04101,36,4101
81,225000,2,1,18,17,04114,36,4114
68,20000,2,1,13,13,04110,36,4110
81,33200,2,1,38,38,03703,36,3703
72,13900,2,1,14,14,04017,36,4017
65,115000,2,1,17,16,03902,36,3902
82,16400,2,1,19,19,04009,36,4009
67,85590,1,1,13,14,04112,36,4112
67,57000,2,1,14,13,04010,36,4010
80,43000,2,1,12,13,03903,36,3903
90,89000,1,1,18,18,03903,36,3903
67,228900,1,1,10,10,04016,36,4016
70,27200,2,1,17,16,03702,36,3702
78,150000,2,1,12,13,04013,36,4013
83,44000,2,1,18,18,04103,36,4103
87,31400,2,1,15,15,04113,36,4113
73,166400,1,1,19,20,04008,36,4008
75,148200,2,1,28,28,03703,36,3703
86,228000,2,1,20,20,03807,36,3807
85,57800,2,1,20,20,03701,36,3701
84,13200,2,1,32,31,04101,36,4101
94,70600,2,1,13,12,04109,36,4109
67,237000,1,1,22,23,03701,36,3701
70,30800,2,1,37,37,04101,36,4101
94,12700,2,1,15,15,04013,36,4013
65,296350,2,1,9,9,04009,36,4009
81,52800,1,1,27,27,04009,36,4009
73,82600,1,1,25,25,04013,36,4013
66,82900,2,1,23,23,04102,36,4102
66,122400,1,1,16,15,03902,36,3902
68,55600,1,1,25,24,03708,36,3708
76,1601,2,1,18,18,03805,36,3805
68,164400,1,1,14,14,04104,36,4104
65,29800,1,1,11,12,03902,36,3902
66,18400,1,1,42,43,03706,36,3706
67,37800,2,1,39,40,04013,36,4013
76,38800,2,1,10,10,03903,36,3903
67,98900,2,1,24,24,03808,36,3808
79,118800,2,1,22,21,03903,36,3903
82,28300,2,1,5,5,04103,36,4103
67,61500,2,1,12,11,04105,36,4105
80,5500,2,1,5,4,04014,36,4014
76,67000,2,1,14,13,04009,36,4009
65,121700,1,1,32,32,04016,36,4016
89,26300,2,1,12,12,04110,36,4110
69,42000,2,1,13,13,04110,36,4110
69,142400,1,1,10,10,04103,36,4103
66,81300,2,1,11,12,04015,36,4015
76,12500,2,1,15,16,04103,36,4103
71,89000,2,1,15,16,04004,36,4004
69,29040,1,1,18,18,04009,36,4009
73,73900,2,1,15,15,04106,36,4106
74,2900,2,1,10,11,04017,36,4017
83,63300,1,1,33,33,04010,36,4010
67,107300,2,1,20,20,03901,36,3901
69,21800,2,1,11,12,04104,36,4104
69,322000,2,1,12,12,04114,36,4114
69,55000,1,1,7,8,04105,36,4105
78,16800,2,1,16,15,04110,36,4110
81,25400,2,1,13,13,03704,36,3704
82,41310,2,1,17,17,04105,36,4105
78,26200,2,1,46,47,04113,36,4113
94,19400,2,1,35,35,03903,36,3903
72,652000,1,1,23,23,03810,36,3810
69,51800,2,1,14,14,04106,36,4106
72,95070,2,1,17,17,03707,36,3707
80,76770,2,1,9,9,03809,36,3809
75,69640,2,1,12,12,04110,36,4110
66,23100,2,1,24,24,04108,36,4108
75,24200,2,1,56,56,04009,36,4009
84,120000,2,1,43,44,03704,36,3704
94,221200,2,1,22,22,03805,36,3805
80,65000,2,1,17,17,04109,36,4109
83,12000,2,1,12,13,04103,36,4103
87,48700,2,1,25,24,04016,36,4016
66,12000,1,1,39,39,04106,36,4106
77,15700,2,1,14,14,04017,36,4017
94,32100,2,1,21,21,03806,36,3806
86,192800,1,1,41,42,04013,36,4013
76,109700,2,1,49,49,04114,36,4114
68,38100,2,1,18,18,04112,36,4112
68,90000,2,1,10,10,04009,36,4009
94,19800,2,1,7,8,04014,36,4014
75,12000,2,1,17,17,03705,36,3705
77,192100,2,1,31,31,03702,36,3702
90,12000,2,1,13,13,04114,36,4114
75,29000,2,1,39,39,04017,36,4017
71,205700,1,1,24,24,03808,36,3808
71,18000,1,1,9,9,04013,36,4013
76,33400,2,1,13,12,04017,36,4017
76,47600,2,1,13,13,04103,36,4103
80,105800,1,1,20,20,03805,36,3805
73,312200,2,1,19,18,04108,36,4108
75,56700,2,1,38,37,04014,36,4014
86,14000,1,1,12,12,04013,36,4013
65,21600,1,1,21,21,04106,36,4106
77,25600,2,1,17,17,03903,36,3903
79,106100,2,1,12,12,04110,36,4110
69,500,2,1,16,16,04101,36,4101
76,258000,2,1,17,17,04114,36,4114
68,65750,1,1,15,14,04009,36,4009
71,43160,1,1,16,16,03703,36,3703
78,144200,2,1,17,17,04104,36,4104
69,60500,2,1,12,12,03901,36,3901
67,91000,2,1,16,16,04010,36,4010
68,619400,1,1,19,19,03805,36,3805
65,64800,2,1,21,21,03805,36,3805
68,8300,2,1,12,12,04018,36,4018
75,25100,2,1,14,13,04110,36,4110
94,184900,2,1,46,46,04105,36,4105
74,59000,2,1,11,11,04110,36,4110
71,0,2,1,10,10,04113,36,4113
87,18000,2,1,31,31,03705,36,3705
81,223000,2,1,84,84,03810,36,3810
69,13700,2,1,17,17,04106,36,4106
75,13600,2,1,12,12,04110,36,4110
80,52060,2,1,15,14,03702,36,3702
81,44000,2,1,29,29,03703,36,3703
69,57800,2,1,13,13,04108,36,4108
81,9000,2,1,13,13,04014,36,4014
74,17700,2,1,26,25,03706,36,3706
75,60800,2,1,31,32,04112,36,4112
66,13700,2,1,6,7,04105,36,4105
70,36000,1,1,17,17,03808,36,3808
70,78400,2,1,11,11,04018,36,4018
79,13200,2,1,16,16,03808,36,3808
70,152600,2,1,19,20,03806,36,3806
77,4500,2,1,13,13,03704,36,3704
66,67300,1,1,17,17,04108,36,4108
83,49000,2,1,13,12,04104,36,4104
66,102000,2,1,11,11,04013,36,4013
81,23300,2,1,41,41,04102,36,4102
72,9500,2,1,20,19,04103,36,4103
81,36500,1,1,16,16,04010,36,4010
65,74400,1,1,6,7,04113,36,4113
82,32600,2,1,13,13,04101,36,4101
87,21500,2,1,14,15,04101,36,4101
76,25000,1,1,22,22,04011,36,4011
72,12000,2,1,14,13,04112,36,4112
76,106500,2,1,23,23,03806,36,3806
70,27800,1,1,17,17,04109,36,4109
68,131200,2,1,29,29,04002,36,4002
79,94400,2,1,6,6,04015,36,4015
79,18800,2,1,56,56,03902,36,3902
89,112900,2,1,12,11,04014,36,4014
67,24300,2,1,16,16,04018,36,4018
67,100000,1,1,12,12,04015,36,4015
76,150000,2,1,17,16,03806,36,3806
73,73600,1,1,12,12,04103,36,4103
71,108100,1,1,18,18,04010,36,4010
74,191900,2,1,7,7,04009,36,4009
94,12000,2,1,10,10,03902,36,3902
71,44300,2,1,14,15,03809,36,3809
68,65200,1,1,13,13,04009,36,4009
71,13200,2,1,33,33,04110,36,4110
73,104800,1,1,29,29,04010,36,4010
67,195200,2,1,18,17,03901,36,3901
69,39300,1,1,18,18,03704,36,3704
65,51200,2,1,13,12,04111,36,4111
82,15600,2,1,15,15,04017,36,4017
84,89900,2,1,17,17,04103,36,4103
73,28200,2,1,19,19,04104,36,4104
72,108100,2,1,12,11,03704,36,3704
89,39200,1,1,31,32,04103,36,4103
66,100300,1,1,15,15,04110,36,4110
80,191000,2,1,15,14,03701,36,3701
75,17600,2,1,17,17,03903,36,3903
80,53800,2,1,15,15,04014,36,4014
74,55710,1,1,9,10,04013,36,4013
74,14000,2,1,28,29,04017,36,4017
80,22000,2,1,17,16,04114,36,4114
79,18200,2,1,17,18,03902,36,3902
66,59103,2,1,25,25,03806,36,3806
85,56400,2,1,14,15,03903,36,3903
65,26200,1,1,14,14,04012,36,4012
66,34000,2,1,17,17,04001,36,4001
87,53100,2,1,12,12,03901,36,3901
82,184500,2,1,2,2,03702,36,3702
94,18000,2,1,3,3,04103,36,4103
80,60000,2,1,21,21,03805,36,3805
73,97080,1,1,44,44,03803,36,3803
81,57600,2,1,5,5,04105,36,4105
80,16890,2,1,16,16,04104,36,4104
81,13100,2,1,13,14,04106,36,4106
76,39000,2,1,14,14,04104,36,4104
94,18700,2,1,22,22,03902,36,3902
86,17000,1,1,25,24,04009,36,4009
67,92000,1,1,12,12,04106,36,4106
70,543500,1,1,17,17,04004,36,4004
85,19600,2,1,16,16,03903,36,3903
83,32200,2,1,11,12,04110,36,4110
68,528100,1,1,20,20,03806,36,3806
74,17600,2,1,15,15,04005,36,4005
74,74300,2,1,12,12,04110,36,4110
65,35400,1,1,12,12,04103,36,4103
66,139200,2,1,9,8,04005,36,4005
75,43900,2,1,10,10,04106,36,4106
79,25800,2,1,24,24,03901,36,3901
66,78500,2,1,22,22,03805,36,3805
73,4400,2,1,36,35,04013,36,4013
66,159120,2,1,9,8,03703,36,3703
78,64000,2,1,13,13,03810,36,3810
71,57900,2,1,10,10,04009,36,4009
83,22700,2,1,15,16,04107,36,4107
65,113500,1,1,71,71,03805,36,3805
69,102480,2,1,12,13,04005,36,4005
68,28200,2,1,20,21,04017,36,4017
73,8900,2,1,9,9,04112,36,4112
65,4500,2,1,24,24,04009,36,4009
77,65000,2,1,15,14,04101,36,4101
76,19000,2,1,13,13,04017,36,4017
77,16400,2,1,15,15,04012,36,4012
87,11100,2,1,22,22,04110,36,4110
70,75920,2,1,11,12,04017,36,4017
70,0,2,1,24,24,04103,36,4103
75,13000,2,1,13,13,03802,36,3802
71,29800,2,1,12,12,04111,36,4111
72,57400,1,1,11,12,03701,36,3701
67,164700,1,1,13,13,04105,36,4105
67,25400,1,1,10,10,04108,36,4108
72,45100,2,1,10,11,04016,36,4016
88,9320,2,1,19,20,04013,36,4013
75,39200,1,1,22,22,03806,36,3806
82,84000,2,1,24,24,04013,36,4013
77,61500,2,1,15,15,03703,36,3703
69,158900,1,1,40,40,04114,36,4114
76,26300,2,1,24,24,03704,36,3704
79,99600,2,1,22,22,03805,36,3805
70,17000,2,1,16,17,03704,36,3704
68,20200,1,1,39,38,03704,36,3704
86,14000,2,1,20,19,03801,36,3801
76,98200,1,1,27,27,04009,36,4009
68,11900,1,1,27,27,04110,36,4110
87,81000,2,1,22,22,03802,36,3802
70,17300,2,1,16,16,03803,36,3803
69,13000,2,1,3,3,04106,36,4106
83,232000,1,1,64,64,03805,36,3805
85,547000,1,1,25,24,03806,36,3806
71,32700,2,1,20,20,04108,36,4108
66,67640,1,1,41,41,04105,36,4105
85,63000,2,1,46,46,04113,36,4113
79,27000,2,1,17,16,04009,36,4009
65,34690,2,1,20,19,03701,36,3701
86,58800,2,1,11,11,04103,36,4103
73,115000,2,1,11,11,03903,36,3903
85,78400,1,1,9,9,04011,36,4011
68,18800,1,1,9,9,04009,36,4009
78,40100,2,1,13,12,04112,36,4112
89,40400,2,1,18,18,03701,36,3701
72,11800,2,1,17,16,04112,36,4112
71,45000,2,1,13,14,04018,36,4018
66,81800,2,1,19,19,03901,36,3901
83,84300,2,1,29,29,04114,36,4114
67,114800,1,1,15,15,04103,36,4103
78,38000,2,1,16,16,04114,36,4114
74,80000,2,1,21,21,04112,36,4112
67,18500,1,1,15,16,03708,36,3708
67,109000,2,1,15,16,04114,36,4114
71,77700,2,1,23,22,04106,36,4106
75,145000,2,1,14,13,04009,36,4009
70,59400,2,1,10,10,04005,36,4005
67,21600,2,1,7,8,04110,36,4110
65,11900,2,1,14,14,04103,36,4103
65,114500,2,1,33,33,04110,36,4110
70,58800,1,1,47,47,03704,36,3704
70,74700,1,1,30,30,04110,36,4110
78,13200,1,1,13,14,03703,36,3703
65,239800,1,1,11,10,03803,36,3803
68,270000,2,1,21,20,03805,36,3805
72,88400,1,1,21,20,04105,36,4105
83,29030,2,1,14,14,04105,36,4105
75,642400,2,1,19,19,03805,36,3805
76,41800,2,1,17,17,03805,36,3805
70,12400,1,1,12,12,04017,36,4017
66,363000,2,1,18,18,03808,36,3808
83,14700,1,1,20,21,04112,36,4112
69,79800,1,1,16,15,04006,36,4006
76,20200,2,1,15,16,04017,36,4017
77,14401,2,1,22,21,03805,36,3805
65,70600,2,1,20,20,03701,36,3701
65,18000,1,1,13,13,04009,36,4009
68,41000,1,1,18,17,03705,36,3705
73,52400,2,1,3,3,04009,36,4009
80,97000,2,1,12,11,04110,36,4110
66,76000,2,1,18,19,03806,36,3806
86,78800,2,1,32,31,04104,36,4104
84,10550,2,1,17,16,03803,36,3803
74,10000,2,1,16,15,04109,36,4109
80,20200,2,1,15,15,03805,36,3805
87,27100,2,1,10,11,03709,36,3709
75,51300,2,1,21,21,03808,36,3808
69,53700,2,1,12,12,04111,36,4111
70,27000,2,1,20,20,03701,36,3701
78,9600,2,1,9,9,04111,36,4111
68,71800,2,1,8,8,04102,36,4102
71,40000,1,1,32,32,04009,36,4009
65,7800,2,1,35,36,03903,36,3903
76,9000,2,1,14,14,03903,36,3903
66,115000,2,1,20,20,04017,36,4017
67,58800,1,1,13,14,04105,36,4105
69,12400,2,1,10,10,04015,36,4015
67,73590,2,1,17,16,04106,36,4106
86,60200,2,1,14,13,04108,36,4108
85,45800,2,1,16,16,03703,36,3703
71,32000,2,1,18,18,03708,36,3708
66,55800,1,1,26,26,03903,36,3903
66,81000,2,1,12,12,04110,36,4110
80,18900,2,1,24,24,04018,36,4018
68,28500,1,1,19,20,04010,36,4010
85,33600,2,1,14,14,04113,36,4113
76,33700,2,1,15,15,04012,36,4012
73,19300,2,1,38,38,04103,36,4103
70,98820,1,1,41,41,03709,36,3709
67,80400,2,1,14,13,04103,36,4103
88,51800,2,1,10,10,04108,36,4108
78,43000,2,1,19,19,03805,36,3805
83,56150,2,1,17,17,03701,36,3701
82,10530,2,1,16,17,03901,36,3901
67,17000,1,1,16,16,04111,36,4111
67,245800,2,1,23,23,03808,36,3808
67,1300,1,1,36,36,04008,36,4008
68,64600,2,1,17,17,04013,36,4013
65,140000,1,1,24,24,03808,36,3808
65,11540,2,1,40,39,04017,36,4017
65,26000,1,1,26,27,04105,36,4105
71,66000,2,1,17,16,04010,36,4010
75,196800,2,1,20,20,03902,36,3902
71,57200,2,1,6,6,04014,36,4014
66,100500,1,1,31,31,04009,36,4009
76,77300,1,1,11,10,04105,36,4105
67,19000,1,1,38,38,04007,36,4007
68,88000,1,1,16,16,04104,36,4104
85,10800,2,1,22,22,04016,36,4016
67,134900,1,1,21,20,03805,36,3805
73,146000,1,1,13,12,03901,36,3901
66,42220,2,1,21,21,03704,36,3704
67,18800,1,1,23,23,04112,36,4112
73,181420,2,1,16,16,03903,36,3903
80,16000,1,1,16,16,03903,36,3903
94,26400,2,1,28,28,04114,36,4114
77,22400,2,1,7,7,04017,36,4017
71,34200,2,1,20,20,03701,36,3701
77,80200,1,1,27,28,04003,36,4003
69,49000,1,1,52,51,04104,36,4104
66,118600,2,1,15,14,04001,36,4001
78,141940,2,1,9,8,03704,36,3704
73,15200,2,1,9,9,04017,36,4017
83,34700,2,1,14,14,03704,36,3704
75,13250,2,1,40,39,04109,36,4109
72,8900,2,1,15,15,04101,36,4101
78,21100,2,1,14,14,04104,36,4104
69,97000,1,1,14,15,04016,36,4016
79,16900,2,1,17,17,04013,36,4013
71,30000,2,1,59,59,04102,36,4102
83,81200,2,1,13,13,04107,36,4107
66,23400,2,1,15,14,04107,36,4107
79,116600,2,1,17,17,04011,36,4011
67,84300,1,1,25,26,03702,36,3702
66,95200,1,1,29,29,03701,36,3701
67,9300,2,1,20,20,04107,36,4107
77,9600,2,1,24,23,04102,36,4102
83,233200,2,1,20,21,03805,36,3805
73,43200,2,1,10,9,04102,36,4102
94,34580,2,1,22,21,04106,36,4106
67,50900,1,1,33,32,04101,36,4101
88,72700,2,1,28,27,04112,36,4112
80,25800,2,1,15,15,04105,36,4105
65,77400,2,1,14,14,04105,36,4105
83,247900,2,1,16,17,03805,36,3805
71,160000,2,1,18,17,04016,36,4016
94,14400,2,1,18,18,03902,36,3902
70,19900,2,1,17,16,03901,36,3901
80,127000,2,1,17,17,04113,36,4113
67,24400,2,1,27,28,03709,36,3709
75,70100,2,1,15,15,04113,36,4113
78,47000,2,1,16,16,04103,36,4103
80,36000,2,1,70,69,03903,36,3903
66,0,2,1,17,17,04013,36,4013
68,8810,2,1,14,13,04113,36,4113
68,28100,2,1,15,15,03702,36,3702
81,35100,2,1,20,21,03702,36,3702
68,14500,2,1,39,39,04108,36,4108
66,59500,1,1,13,13,04103,36,4103
72,36300,2,1,13,13,04015,36,4015
71,27380,1,1,15,16,03902,36,3902
73,31000,2,1,16,16,04110,36,4110
73,8400,2,1,31,31,04005,36,4005
65,746400,2,1,17,17,03810,36,3810
68,58700,1,1,40,41,04111,36,4111
67,121000,1,1,34,34,04013,36,4013
71,12000,2,1,11,11,04104,36,4104
80,80500,2,1,9,9,04104,36,4104
65,208000,2,1,61,61,03806,36,3806
81,6000,2,1,21,21,04011,36,4011
74,18000,2,1,8,7,04013,36,4013
70,82000,2,1,37,37,04006,36,4006
75,38900,2,1,16,16,03806,36,3806
85,57100,2,1,17,17,03701,36,3701
85,12000,2,1,8,8,04105,36,4105
70,75700,2,1,4,4,04003,36,4003
66,109300,2,1,15,15,04110,36,4110
80,16500,2,1,41,41,04014,36,4014
75,197300,1,1,16,15,04105,36,4105
66,13600,2,1,25,25,04005,36,4005
72,77700,1,1,10,10,04106,36,4106
70,96700,2,1,8,8,04009,36,4009
72,55800,2,1,14,13,04016,36,4016
76,16600,2,1,11,12,04103,36,4103
65,57200,1,1,16,17,04105,36,4105
71,80700,2,1,12,12,03901,36,3901
90,35300,2,1,8,8,04107,36,4107
78,122100,1,1,18,18,03808,36,3808
77,5400,2,1,18,18,04010,36,4010
83,54500,2,1,16,16,04018,36,4018
66,25000,1,1,33,32,03702,36,3702
81,114200,2,1,11,11,03902,36,3902
67,20600,2,1,22,22,03703,36,3703
85,138400,2,1,15,15,04105,36,4105
73,125400,2,1,25,25,03810,36,3810
71,260300,2,1,9,9,03805,36,3805
76,37200,2,1,11,11,04010,36,4010
88,45500,2,1,14,14,04105,36,4105
67,40900,1,1,27,27,03809,36,3809
72,1152000,2,1,6,6,04016,36,4016
78,59000,1,1,20,20,04106,36,4106
66,19800,1,1,48,49,03902,36,3902
72,109400,2,1,11,11,04008,36,4008
66,58200,1,1,47,47,04101,36,4101
75,231300,2,1,15,16,03805,36,3805
73,37200,2,1,17,17,04110,36,4110
71,19104,1,1,11,11,03903,36,3903
75,47000,1,1,14,14,04112,36,4112
72,52300,2,1,27,27,04106,36,4106
94,84800,2,1,13,13,04106,36,4106
70,21400,2,1,16,16,04015,36,4015
74,56400,1,1,13,14,03702,36,3702
84,48000,2,1,25,26,04009,36,4009
88,19200,2,1,23,24,04112,36,4112
79,228800,1,1,22,22,03702,36,3702
84,15900,1,1,11,10,04013,36,4013
84,24600,2,1,13,13,03701,36,3701
67,72000,1,1,22,23,04010,36,4010
75,47400,2,1,15,15,04101,36,4101
67,97000,1,1,10,11,04110,36,4110
85,15600,2,1,46,46,04108,36,4108
76,16400,2,1,17,17,03805,36,3805
83,12000,2,1,12,12,03805,36,3805
73,18400,2,1,17,17,03702,36,3702
76,17000,2,1,7,7,04104,36,4104
88,12000,2,1,24,24,04106,36,4106
81,5000,2,1,12,12,04017,36,4017
87,19000,1,1,33,33,03702,36,3702
69,8000,1,1,33,33,04003,36,4003
74,124000,1,1,24,25,04106,36,4106
69,16500,2,1,25,25,03903,36,3903
81,36100,2,1,14,14,04111,36,4111
94,18000,2,1,13,13,04014,36,4014
71,19100,1,1,14,14,04102,36,4102
70,33200,1,1,31,31,04102,36,4102
80,27400,1,1,4,4,04014,36,4014
70,35000,2,1,11,11,04004,36,4004
76,309000,2,1,23,22,03806,36,3806
71,40400,2,1,20,21,03807,36,3807
72,90600,2,1,20,20,04105,36,4105
83,13200,2,1,15,15,04110,36,4110
69,115600,2,1,18,18,03703,36,3703
82,92700,2,1,10,10,03804,36,3804
70,102500,1,1,17,17,03902,36,3902
69,56600,2,1,20,20,04015,36,4015
79,3600,2,1,19,18,04008,36,4008
80,31500,1,1,28,29,03710,36,3710
74,145100,1,1,21,20,03703,36,3703
84,65630,2,1,12,12,04104,36,4104
67,54400,2,1,14,13,04109,36,4109
70,22100,1,1,35,35,04101,36,4101
69,22800,2,1,15,14,04010,36,4010
69,111000,2,1,16,15,04009,36,4009
74,224300,1,1,15,15,03903,36,3903
85,72200,2,1,13,13,04014,36,4014
67,87900,2,1,15,15,03708,36,3708
77,3600,2,1,13,13,04001,36,4001
74,27800,1,1,14,14,03807,36,3807
75,340700,2,1,13,14,04004,36,4004
85,118000,2,1,13,13,04110,36,4110
74,113700,2,1,13,13,04111,36,4111
65,38000,1,1,12,11,04016,36,4016
70,135400,2,1,23,23,03806,36,3806
69,130700,1,1,24,24,04103,36,4103
73,29000,2,1,15,16,03902,36,3902
65,423000,2,1,17,17,03806,36,3806
67,36600,2,1,15,15,04112,36,4112
69,246000,2,1,15,14,03901,36,3901
65,243360,2,1,9,9,04004,36,4004
77,49000,2,1,55,55,03703,36,3703
88,20200,2,1,20,20,03810,36,3810
74,90600,1,1,17,18,04108,36,4108
82,73000,2,1,15,15,04015,36,4015
77,338700,1,1,23,23,03805,36,3805
70,13900,2,1,14,14,04012,36,4012
66,175950,1,1,30,30,04105,36,4105
89,46200,2,1,17,17,04104,36,4104
67,222500,1,1,12,11,04102,36,4102
69,159000,2,1,14,14,04103,36,4103
83,58900,2,1,12,12,03704,36,3704
70,32500,2,1,11,11,04008,36,4008
94,21660,2,1,15,15,03903,36,3903
69,37000,1,1,37,37,04112,36,4112
69,87800,2,1,20,21,04009,36,4009
72,95100,2,1,16,16,04104,36,4104
85,134500,1,1,7,8,04017,36,4017
67,38700,1,1,24,23,04017,36,4017
68,94700,1,1,22,22,04010,36,4010
78,34100,2,1,17,17,04104,36,4104
82,17200,2,1,13,13,04016,36,4016
82,9600,2,1,36,36,03902,36,3902
85,43000,2,1,22,22,04113,36,4113
83,19100,2,1,36,37,04010,36,4010
76,104500,2,1,12,13,04017,36,4017
80,184800,2,1,18,18,04112,36,4112
83,14700,2,1,31,30,04112,36,4112
83,70000,2,1,36,36,04009,36,4009
70,89200,2,1,10,10,04112,36,4112
65,39400,1,1,3,3,04013,36,4013
85,10200,1,1,15,14,03902,36,3902
70,17250,2,1,21,21,04103,36,4103
78,65200,2,1,19,19,03802,36,3802
71,144100,1,1,11,12,04017,36,4017
65,40400,1,1,29,29,04003,36,4003
86,3100,2,1,14,15,04106,36,4106
77,16600,2,1,11,11,04112,36,4112
81,64200,2,1,20,20,04108,36,4108
69,624200,1,1,18,17,03902,36,3902
78,10400,2,1,32,32,04012,36,4012
66,43500,1,1,13,13,03704,36,3704
75,232700,2,1,16,16,04015,36,4015
69,51500,1,1,27,27,04008,36,4008
73,53200,1,1,18,18,04112,36,4112
67,16100,1,1,12,12,04102,36,4102
87,12000,2,1,14,15,03901,36,3901
82,37500,2,1,36,36,03702,36,3702
82,44700,2,1,26,26,04009,36,4009
72,30800,2,1,11,11,04013,36,4013
69,235100,2,1,31,31,03805,36,3805
81,17900,2,1,13,14,04101,36,4101
67,35950,1,1,14,14,04017,36,4017
69,7300,2,1,10,10,04104,36,4104
66,2280,2,1,18,17,03901,36,3901
75,102400,1,1,41,42,03702,36,3702
78,53700,1,1,14,13,04101,36,4101
83,71000,2,1,12,12,04017,36,4017
88,68000,2,1,14,14,04106,36,4106
69,208700,1,1,17,17,04105,36,4105
78,58700,2,1,56,56,04111,36,4111
73,89100,2,1,21,21,03805,36,3805
65,905100,1,1,20,19,03806,36,3806
77,0,2,1,12,12,04105,36,4105
66,53300,1,1,18,18,04104,36,4104
79,19800,2,1,7,7,04104,36,4104
73,42400,2,1,11,11,04104,36,4104
65,38100,2,1,1,1,04009,36,4009
94,8700,2,1,11,10,04017,36,4017
80,37000,2,1,22,21,04109,36,4109
80,18800,2,1,35,34,04110,36,4110
86,46500,2,1,4,4,04113,36,4113
67,58400,1,1,20,20,04007,36,4007
84,25000,2,1,17,17,04013,36,4013
65,42000,2,1,11,11,04013,36,4013
81,38800,2,1,12,12,04113,36,4113
87,12400,2,1,15,15,04015,36,4015
79,8200,2,1,33,33,03703,36,3703
76,13500,2,1,25,25,03705,36,3705
71,30340,2,1,6,6,04014,36,4014
88,16200,2,1,12,12,03705,36,3705
73,57200,2,1,14,15,04105,36,4105
66,55400,2,1,24,25,04106,36,4106
65,69000,2,1,18,18,04114,36,4114
74,81700,1,1,14,14,04008,36,4008
69,57100,1,1,13,13,03901,36,3901
75,210000,2,1,19,18,03805,36,3805
76,52600,2,1,14,13,04017,36,4017
84,17000,2,1,29,29,04106,36,4106
76,24600,2,1,10,10,04110,36,4110
82,57200,2,1,17,16,04012,36,4012
70,29900,1,1,37,36,04110,36,4110
88,22420,2,1,9,10,04103,36,4103
86,20000,2,1,13,14,04010,36,4010
73,16400,1,1,54,54,03805,36,3805
65,125400,1,1,16,16,04105,36,4105
81,34800,1,1,8,8,04004,36,4004
85,15200,2,1,20,20,03902,36,3902
94,14500,2,1,22,22,04103,36,4103
71,171600,1,1,18,18,04113,36,4113
65,180500,1,1,22,22,03903,36,3903
76,43900,2,1,19,19,04114,36,4114
78,10000,2,1,10,10,04105,36,4105
80,91500,2,1,19,20,04010,36,4010
70,28200,2,1,22,22,04013,36,4013
73,126000,2,1,14,13,04113,36,4113
79,13300,2,1,17,17,04012,36,4012
94,23700,2,1,13,13,04103,36,4103
67,36500,2,1,12,11,04013,36,4013
81,44930,2,1,14,13,04110,36,4110
69,46800,1,1,16,16,04105,36,4105
77,130200,1,1,23,23,04108,36,4108
67,124000,1,1,10,10,03902,36,3902
79,21800,2,1,26,27,04010,36,4010
71,56600,1,1,10,10,04002,36,4002
65,51200,1,1,18,17,04112,36,4112
65,50000,2,1,16,15,04104,36,4104
67,111500,2,1,35,36,04004,36,4004
66,42600,1,1,19,19,04009,36,4009
76,36600,2,1,44,44,04104,36,4104
84,31000,2,1,16,16,04102,36,4102
70,58010,2,1,42,42,04107,36,4107
66,70300,2,1,14,14,04017,36,4017
75,68900,2,1,14,14,04102,36,4102
71,84800,2,1,21,21,04102,36,4102
88,29300,2,1,12,12,04016,36,4016
87,26300,1,1,14,14,04107,36,4107
82,57300,2,1,18,18,04103,36,4103
80,31700,1,1,18,17,04105,36,4105
84,303500,1,1,17,16,04017,36,4017
68,60200,2,1,21,21,04110,36,4110
89,30300,2,1,35,35,04016,36,4016
73,31000,2,1,32,31,03702,36,3702
73,54600,2,1,13,12,04106,36,4106
78,56000,2,1,49,48,04109,36,4109
65,86900,1,1,12,12,04012,36,4012
66,83800,1,1,20,20,04103,36,4103
67,138200,2,1,10,10,04107,36,4107
66,278500,1,1,12,12,03803,36,3803
85,13000,2,1,14,14,04113,36,4113
79,169800,2,1,10,10,04012,36,4012
78,22390,2,1,7,8,04007,36,4007
82,15400,2,1,16,16,04103,36,4103
94,18000,2,1,24,24,03901,36,3901
86,47000,2,1,22,23,04112,36,4112
65,84700,1,1,18,18,04109,36,4109
75,20600,2,1,17,17,04104,36,4104
69,24900,1,1,41,41,04105,36,4105
80,27900,1,1,18,18,03709,36,3709
65,162000,2,1,5,5,04101,36,4101
69,33120,2,1,23,22,04108,36,4108
65,60200,1,1,24,24,04112,36,4112
67,139100,1,1,18,17,04113,36,4113
66,96500,1,1,17,16,04015,36,4015
88,50500,2,1,13,13,03704,36,3704
78,145000,2,1,18,18,03806,36,3806
83,116600,2,1,4,4,04018,36,4018
81,31600,2,1,17,18,03808,36,3808
88,84400,2,1,14,15,04111,36,4111
66,49000,1,1,5,4,03709,36,3709
75,24000,2,1,14,14,04105,36,4105
76,0,1,1,14,13,04008,36,4008
74,137600,1,1,12,12,04113,36,4113
74,192100,1,1,15,15,04110,36,4110
66,19700,1,1,10,10,04112,36,4112
67,66800,1,1,30,30,04106,36,4106
80,170700,2,1,18,18,03805,36,3805
65,106000,2,1,18,19,04112,36,4112
65,80200,1,1,41,41,04108,36,4108
76,62650,2,1,35,36,03702,36,3702
81,12350,2,1,15,15,04016,36,4016
69,87200,1,1,51,51,03702,36,3702
71,35300,1,1,14,14,04105,36,4105
69,48800,1,1,11,10,04112,36,4112
65,54700,2,1,11,11,04109,36,4109
77,151300,2,1,18,17,03902,36,3902
79,16100,2,1,12,13,04006,36,4006
88,74900,2,1,15,15,04104,36,4104
74,11400,1,1,14,14,04112,36,4112
94,17700,2,1,17,17,04018,36,4018
77,30000,2,1,15,14,03703,36,3703
67,130200,2,1,15,15,03901,36,3901
66,33200,1,1,17,17,03903,36,3903
94,17300,2,1,15,15,03809,36,3809
68,70000,1,1,12,12,04105,36,4105
77,124500,2,1,20,21,03901,36,3901
81,22100,2,1,8,8,04012,36,4012
66,62000,2,1,12,11,04103,36,4103
70,51400,2,1,10,11,03709,36,3709
78,23300,2,1,30,30,04102,36,4102
73,5200,2,1,7,8,04010,36,4010
66,103530,2,1,14,14,04016,36,4016
70,45400,2,1,15,16,04108,36,4108
66,109300,1,1,15,15,04102,36,4102
84,23700,2,1,13,12,03702,36,3702
78,12000,2,1,21,22,04105,36,4105
74,147600,2,1,15,14,04105,36,4105
75,9600,2,1,9,9,04009,36,4009
72,39200,1,1,13,14,04105,36,4105
65,35300,1,1,15,15,03901,36,3901
73,65000,1,1,16,16,04101,36,4101
66,39300,2,1,18,18,03709,36,3709
74,108000,1,1,24,24,04009,36,4009
66,15600,2,1,11,11,03901,36,3901
83,104000,2,1,11,10,04017,36,4017
79,183100,1,1,7,7,04110,36,4110
70,79900,1,1,26,25,04103,36,4103
83,14200,2,1,13,13,04111,36,4111
71,81030,2,1,18,18,04103,36,4103
72,311000,2,1,12,12,03901,36,3901
76,52000,2,1,13,13,04014,36,4014
71,105000,2,1,5,6,04005,36,4005
83,42400,2,1,16,16,04008,36,4008
74,12900,2,1,21,21,04113,36,4113
77,151000,2,1,21,22,04108,36,4108
70,280000,2,1,16,15,03807,36,3807
73,105800,2,1,14,14,04013,36,4013
81,24750,2,1,42,42,04107,36,4107
66,97250,1,1,17,17,03702,36,3702
84,9900,1,1,12,13,04108,36,4108
67,17800,2,1,13,12,04107,36,4107
75,66500,1,1,9,9,04015,36,4015
82,14400,2,1,15,16,04108,36,4108
70,70500,2,1,13,13,04009,36,4009
73,16500,2,1,11,11,04010,36,4010
82,15320,2,1,13,13,04103,36,4103
75,8000,1,1,10,10,04101,36,4101
72,20400,2,1,11,11,04114,36,4114
71,84700,2,1,17,18,04006,36,4006
87,133000,2,1,15,15,04111,36,4111
82,23600,2,1,15,14,04013,36,4013
78,22000,2,1,10,9,04012,36,4012
71,43000,1,1,14,14,04105,36,4105
79,61100,2,1,11,11,04104,36,4104
85,51500,2,1,27,26,03808,36,3808
70,12000,2,1,11,12,03902,36,3902
69,156000,2,1,39,39,03808,36,3808
82,128000,1,1,16,17,04101,36,4101
71,375000,2,1,9,9,03804,36,3804
76,94700,2,1,12,12,04017,36,4017
70,44900,2,1,32,31,04112,36,4112
68,14000,1,1,10,10,04105,36,4105
83,21000,2,1,12,12,04110,36,4110
84,237900,1,1,12,11,04005,36,4005
79,100900,2,1,17,17,03805,36,3805
65,88600,2,1,15,15,04110,36,4110
77,82800,2,1,16,17,03901,36,3901
75,63400,1,1,27,27,03902,36,3902
76,58000,2,1,18,17,03902,36,3902
83,28200,2,1,17,17,03703,36,3703
78,56760,2,1,14,15,04112,36,4112
72,123800,2,1,15,15,03806,36,3806
68,99500,2,1,19,19,03808,36,3808
86,36900,2,1,16,16,03808,36,3808
68,137400,2,1,17,17,04107,36,4107
94,64000,2,1,20,21,04103,36,4103
79,292300,2,1,18,19,03901,36,3901
72,193000,2,1,11,11,04104,36,4104
76,55400,2,1,13,12,04107,36,4107
78,44000,2,1,12,12,04113,36,4113
86,59040,2,1,16,16,04001,36,4001
94,47500,2,1,18,18,03702,36,3702
75,292300,2,1,25,26,03805,36,3805
81,41400,2,1,9,9,04106,36,4106
90,57630,1,1,19,19,04103,36,4103
71,28100,2,1,15,16,04110,36,4110
68,82300,1,1,16,15,03902,36,3902
71,6000,2,1,13,14,04102,36,4102
85,13760,2,1,20,20,04104,36,4104
75,36000,2,1,14,14,04017,36,4017
72,106100,1,1,11,12,04112,36,4112
70,36200,2,1,9,9,04103,36,4103
89,76000,2,1,4,4,04103,36,4103
70,55600,2,1,15,15,03806,36,3806
66,56700,2,1,12,12,03810,36,3810
72,66600,1,1,14,14,04013,36,4013
66,16300,2,1,14,14,04104,36,4104
81,30500,2,1,18,19,03703,36,3703
73,25800,1,1,28,29,03702,36,3702
71,22100,2,1,16,16,04012,36,4012
78,57100,2,1,19,20,03804,36,3804
74,96230,1,1,43,43,03706,36,3706
72,8000,2,1,16,16,04112,36,4112
71,90000,2,1,13,13,04103,36,4103
73,9600,2,1,52,51,03702,36,3702
79,44100,2,1,20,21,03901,36,3901
67,82000,2,1,5,5,03810,36,3810
66,37300,1,1,15,14,04112,36,4112
79,116250,2,1,14,14,04001,36,4001
70,59400,2,1,10,9,03903,36,3903
65,49600,1,1,17,17,03902,36,3902
77,46100,1,1,67,66,03701,36,3701
77,36400,2,1,22,22,03807,36,3807
73,1600,1,1,7,7,04009,36,4009
81,17800,2,1,8,8,04103,36,4103
75,9500,2,1,30,30,03702,36,3702
72,40400,1,1,17,17,04010,36,4010
67,144600,2,1,19,20,04111,36,4111
77,32000,2,1,20,21,04103,36,4103
81,59400,1,1,17,17,04103,36,4103
81,282000,2,1,19,20,03805,36,3805
77,33100,2,1,15,15,03709,36,3709
68,49700,2,1,20,20,03803,36,3803
74,20000,2,1,15,14,04111,36,4111
79,367000,2,1,30,30,04109,36,4109
65,68400,2,1,22,22,03809,36,3809
73,31400,1,1,12,11,03902,36,3902
72,69400,2,1,14,14,03701,36,3701
76,67200,2,1,24,25,03702,36,3702
68,61500,1,1,17,17,04003,36,4003
82,37000,2,1,28,28,04105,36,4105
71,66700,1,1,14,14,04105,36,4105
85,41000,2,1,18,19,04103,36,4103
67,83000,1,1,20,20,04008,36,4008
65,126000,2,1,11,11,03902,36,3902
79,59400,2,1,12,12,04113,36,4113
68,1250,1,1,2,3,04103,36,4103
75,23300,2,1,15,15,04112,36,4112
75,19800,2,1,14,15,04010,36,4010
75,38000,2,1,12,12,04110,36,4110
70,5200,2,1,28,28,03710,36,3710
76,145000,2,1,14,14,04103,36,4103
94,0,2,1,17,16,03802,36,3802
94,35400,2,1,15,16,04108,36,4108
73,13000,2,1,15,15,03901,36,3901
81,34600,2,1,12,11,04104,36,4104
76,63140,2,1,13,13,03704,36,3704
94,8000,2,1,13,14,04010,36,4010
66,7700,1,1,13,13,04105,36,4105
68,163600,1,1,9,10,04009,36,4009
85,71400,2,1,17,18,04106,36,4106
71,29300,1,1,17,17,04105,36,4105
77,2500,2,1,10,11,04104,36,4104
83,33100,2,1,22,22,04005,36,4005
86,88800,2,1,14,14,03805,36,3805
72,45200,1,1,17,17,03810,36,3810
80,12640,2,1,31,32,03903,36,3903
67,429000,1,1,20,21,03808,36,3808
77,46600,2,1,94,94,04016,36,4016
66,38500,2,1,17,17,03902,36,3902
79,30400,2,1,22,23,03902,36,3902
78,122100,2,1,16,16,03703,36,3703
65,54100,2,1,19,18,04002,36,4002
70,90300,1,1,3,2,04009,36,4009
87,9600,2,1,17,17,04113,36,4113
66,44600,1,1,18,18,03705,36,3705
67,88001,2,1,19,19,04010,36,4010
78,67400,2,1,20,21,04110,36,4110
66,102240,1,1,13,13,04105,36,4105
66,90100,1,1,13,13,03803,36,3803
78,55000,1,1,13,13,03709,36,3709
69,50100,2,1,16,16,04009,36,4009
88,12800,2,1,12,11,04109,36,4109
66,60700,2,1,14,14,03809,36,3809
85,238500,2,1,9,9,04112,36,4112
81,29500,2,1,38,38,04014,36,4014
67,144350,2,1,25,25,04114,36,4114
67,35700,2,1,19,19,03703,36,3703
78,52900,2,1,21,21,04110,36,4110
84,13800,2,1,15,16,03903,36,3903
79,36630,1,1,24,24,04112,36,4112
65,171000,2,1,17,17,04103,36,4103
79,22300,2,1,15,15,04017,36,4017
69,34000,2,1,14,14,04104,36,4104
79,21000,2,1,18,19,04103,36,4103
81,52000,2,1,13,13,04104,36,4104
76,0,2,1,21,22,03805,36,3805
76,4600,1,1,15,15,03701,36,3701
79,12700,1,1,24,24,03806,36,3806
76,19800,2,1,25,25,04101,36,4101
72,156800,1,1,16,16,04106,36,4106
79,9500,2,1,16,15,04105,36,4105
77,50700,1,1,14,14,04015,36,4015
80,114200,1,1,35,35,04105,36,4105
76,44900,2,1,17,16,04113,36,4113
79,63800,2,1,16,15,04003,36,4003
80,22100,2,1,44,44,04015,36,4015
71,19200,2,1,31,30,03704,36,3704
84,67900,2,1,11,10,04105,36,4105
75,52300,1,1,17,17,04016,36,4016
75,77600,2,1,13,13,04112,36,4112
66,741400,2,1,39,40,03805,36,3805
75,15200,2,1,5,5,04106,36,4106
78,51400,2,1,12,11,04015,36,4015
87,45800,2,1,16,16,04012,36,4012
67,43800,1,1,15,14,04112,36,4112
83,156400,2,1,13,13,04013,36,4013
67,100100,2,1,15,16,04109,36,4109
65,53000,2,1,40,40,04105,36,4105
70,95000,1,1,6,5,04105,36,4105
86,75400,2,1,9,9,04106,36,4106
90,11000,2,1,18,17,04016,36,4016
72,44100,2,1,12,12,04110,36,4110
79,152800,2,1,8,8,04017,36,4017
65,265800,1,1,18,18,03808,36,3808
89,107400,2,1,53,53,03805,36,3805
94,163700,2,1,15,15,03704,36,3704
72,67450,2,1,21,21,03901,36,3901
66,44400,1,1,13,13,04010,36,4010
72,25000,2,1,9,8,04104,36,4104
74,14000,2,1,9,9,04114,36,4114
79,25300,1,1,14,15,04113,36,4113
80,7600,2,1,11,11,04109,36,4109
68,91000,1,1,13,13,04009,36,4009
75,17700,2,1,17,17,04009,36,4009
79,29000,2,1,13,13,03706,36,3706
71,22600,2,1,57,57,03902,36,3902
67,121800,2,1,7,8,04105,36,4105
82,0,2,1,12,12,04113,36,4113
76,73300,2,1,13,13,04014,36,4014
80,76000,2,1,34,34,04013,36,4013
69,30504,1,1,17,17,04010,36,4010
71,78850,1,1,28,28,03702,36,3702
79,13800,1,1,12,12,04111,36,4111
79,122400,2,1,12,12,04009,36,4009
86,23200,1,1,19,19,03702,36,3702
81,24060,2,1,22,22,04108,36,4108
70,12300,2,1,22,22,04107,36,4107
68,36200,2,1,12,12,04106,36,4106
80,121400,2,1,15,15,04018,36,4018
83,32000,2,1,11,12,04114,36,4114
73,46460,2,1,1,2,04105,36,4105
80,8200,2,1,32,31,04107,36,4107
81,77100,1,1,57,57,03702,36,3702
72,38300,2,1,25,25,03806,36,3806
69,50700,2,1,17,16,04103,36,4103
65,73400,1,1,17,16,04106,36,4106
78,59700,1,1,11,12,03703,36,3703
75,10300,2,1,12,12,04109,36,4109
71,6000,2,1,10,10,04106,36,4106
82,18100,2,1,13,13,04110,36,4110
72,26000,2,1,13,14,04104,36,4104
70,70000,1,1,22,22,04004,36,4004
67,74700,2,1,68,68,04101,36,4101
67,24000,2,1,19,19,04009,36,4009
79,97500,2,1,12,11,04114,36,4114
75,104200,2,1,14,13,03805,36,3805
65,158500,1,1,16,17,04111,36,4111
83,66000,2,1,16,16,04110,36,4110
76,23400,2,1,14,14,04110,36,4110
65,129700,2,1,12,11,04016,36,4016
88,17300,2,1,14,13,03903,36,3903
81,46200,2,1,15,14,04014,36,4014
82,172000,2,1,15,15,04104,36,4104
71,114200,2,1,16,16,04101,36,4101
70,19200,2,1,12,12,03702,36,3702
81,27700,2,1,21,22,04012,36,4012
81,43600,2,1,11,12,04009,36,4009
65,41400,2,1,72,72,03902,36,3902
75,17200,1,1,26,26,03709,36,3709
94,27900,2,1,15,15,03903,36,3903
68,91700,2,1,17,18,03901,36,3901
71,50600,2,1,10,10,04014,36,4014
88,14800,2,1,12,11,04014,36,4014
73,20300,1,1,41,40,04012,36,4012
66,38100,1,1,16,16,03703,36,3703
75,52500,2,1,12,12,04018,36,4018
67,31980,2,1,11,11,03901,36,3901
79,45100,1,1,14,14,04016,36,4016
75,111000,1,1,15,16,03704,36,3704
73,119200,2,1,15,15,04005,36,4005
76,30000,2,1,18,17,04014,36,4014
74,8400,2,1,22,22,04103,36,4103
78,70000,2,1,23,23,03808,36,3808
87,14600,2,1,15,15,04013,36,4013
71,80600,1,1,30,31,04003,36,4003
68,137800,2,1,19,19,03901,36,3901
89,80800,2,1,15,16,04016,36,4016
82,153150,2,1,9,9,04102,36,4102
67,147800,1,1,15,15,04107,36,4107
65,24900,2,1,47,47,04018,36,4018
69,167500,2,1,15,14,03808,36,3808
72,223000,2,1,28,28,04009,36,4009
77,142000,2,1,18,18,03810,36,3810
72,48100,2,1,22,22,04109,36,4109
69,35000,2,1,10,10,04014,36,4014
86,18400,2,1,17,18,04009,36,4009
78,34000,2,1,7,7,04110,36,4110
82,98000,2,1,31,32,04009,36,4009
86,39500,2,1,10,10,03702,36,3702
69,150700,2,1,12,12,04112,36,4112
75,10200,2,1,11,11,04110,36,4110
72,22000,2,1,25,25,04017,36,4017
76,38600,2,1,13,12,04109,36,4109
87,56740,2,1,14,14,04110,36,4110
65,80000,1,1,28,27,04009,36,4009
75,133750,2,1,9,10,04109,36,4109
89,49700,2,1,18,19,04103,36,4103
79,19800,1,1,35,34,04003,36,4003
69,51400,1,1,23,23,03902,36,3902
69,120900,2,1,11,10,04016,36,4016
79,9900,2,1,13,13,04008,36,4008
70,10100,1,1,14,14,04016,36,4016
67,72600,1,1,20,20,04009,36,4009
88,41400,1,1,39,40,03902,36,3902
80,46000,2,1,11,12,04012,36,4012
86,29900,2,1,10,11,04017,36,4017
87,16500,2,1,38,39,04102,36,4102
73,17100,2,1,12,12,04110,36,4110
86,99400,2,1,11,11,04108,36,4108
65,39000,2,1,13,13,04104,36,4104
67,30000,2,1,18,18,04110,36,4110
75,15000,1,1,12,11,03703,36,3703
74,98100,2,1,15,16,03703,36,3703
75,30000,2,1,17,16,03903,36,3903
77,81200,2,1,49,49,04114,36,4114
71,59000,2,1,12,12,04108,36,4108
83,51900,2,1,14,15,04014,36,4014
77,25000,2,1,15,15,04110,36,4110
70,55800,2,1,21,21,03902,36,3902
84,38450,2,1,11,11,04008,36,4008
65,23900,2,1,15,15,04110,36,4110
71,12300,2,1,21,21,04103,36,4103
74,103800,1,1,11,11,04103,36,4103
81,9100,2,1,17,16,03805,36,3805
72,125600,1,1,34,35,04010,36,4010
88,36700,2,1,13,13,03903,36,3903
65,50000,2,1,22,22,03808,36,3808
65,67000,2,1,9,9,04009,36,4009
69,55000,1,1,5,5,04010,36,4010
69,138500,1,1,16,17,04106,36,4106
78,49800,2,1,11,11,04016,36,4016
72,107000,1,1,31,31,04113,36,4113
65,40200,1,1,15,15,03901,36,3901
65,36100,1,1,16,16,04008,36,4008
82,387000,2,1,17,16,03805,36,3805
65,4700,2,1,10,10,04112,36,4112
71,51800,1,1,14,14,03704,36,3704
76,71600,2,1,15,15,03901,36,3901
82,29600,2,1,16,16,04101,36,4101
67,46700,2,1,4,5,04016,36,4016
75,70000,2,1,7,8,04016,36,4016
67,2900,2,1,6,6,04105,36,4105
67,77801,1,1,20,20,03902,36,3902
76,66100,2,1,16,16,03702,36,3702
80,616600,2,1,6,6,03805,36,3805
76,40500,2,1,25,24,04113,36,4113
82,11900,2,1,16,16,04014,36,4014
66,78400,1,1,18,17,04008,36,4008
82,276000,2,1,15,14,04108,36,4108
75,13600,2,1,41,41,04108,36,4108
73,128680,2,1,28,29,04113,36,4113
69,28000,2,1,27,27,04105,36,4105
71,223500,1,1,14,14,04106,36,4106
90,18200,2,1,22,23,04009,36,4009
67,59100,2,1,11,12,04017,36,4017
75,58800,2,1,15,15,04105,36,4105
81,24000,2,1,32,32,04103,36,4103
83,36000,2,1,12,13,04112,36,4112
86,61200,2,1,18,19,04108,36,4108
68,90400,1,1,29,29,03707,36,3707
70,52000,2,1,15,14,04014,36,4014
83,3600,2,1,15,15,04103,36,4103
81,64600,2,1,13,13,04111,36,4111
66,81900,1,1,15,15,04018,36,4018
66,191700,2,1,12,13,04012,36,4012
79,219100,2,1,26,26,03802,36,3802
68,40600,2,1,70,70,04003,36,4003
73,64600,2,1,15,15,03702,36,3702
66,78300,2,1,18,18,04010,36,4010
78,38900,2,1,15,15,04103,36,4103
80,63500,1,1,26,26,04105,36,4105
80,58000,2,1,18,19,04006,36,4006
65,42200,1,1,12,11,04009,36,4009
77,97100,2,1,14,15,03805,36,3805
69,200000,2,1,22,22,03701,36,3701
71,96200,1,1,49,49,03803,36,3803
67,82200,2,1,19,19,03901,36,3901
76,25800,2,1,10,11,04112,36,4112
65,135600,1,1,21,21,03703,36,3703
70,77800,1,1,13,13,04005,36,4005
81,16400,1,1,24,24,03808,36,3808
71,81400,2,1,20,21,03805,36,3805
88,9600,2,1,16,15,04104,36,4104
77,203200,1,1,17,17,03902,36,3902
66,75300,2,1,11,10,04015,36,4015
79,28500,2,1,17,17,03902,36,3902
66,23900,2,1,31,31,04101,36,4101
90,65300,2,1,11,12,04106,36,4106
89,16000,2,1,9,9,04106,36,4106
86,24000,2,1,14,14,04110,36,4110
66,192600,1,1,8,9,03901,36,3901
77,55600,2,1,11,11,04108,36,4108
72,82000,1,1,12,11,04009,36,4009
70,84100,1,1,21,21,03702,36,3702
94,67000,2,1,15,15,04102,36,4102
73,91900,1,1,19,19,03702,36,3702
78,13800,2,1,11,12,04014,36,4014
76,31000,2,1,17,17,03901,36,3901
94,76700,2,1,15,15,04113,36,4113
77,97700,1,1,11,11,04013,36,4013
65,35500,2,1,17,18,03703,36,3703
86,22800,2,1,38,38,04104,36,4104
78,46100,2,1,37,37,04110,36,4110
85,42000,2,1,20,20,04004,36,4004
65,44000,1,1,23,23,04102,36,4102
70,29100,1,1,16,16,03703,36,3703
72,82000,2,1,19,20,04107,36,4107
69,112790,2,1,13,13,04009,36,4009
75,64400,2,1,22,22,03902,36,3902
80,39400,2,1,16,16,04103,36,4103
76,32000,1,1,15,16,03704,36,3704
66,42400,2,1,26,26,04003,36,4003
68,65100,2,1,27,27,04105,36,4105
79,30600,2,1,13,13,04107,36,4107
94,90700,2,1,19,19,03805,36,3805
67,129060,1,1,17,17,04103,36,4103
85,67100,2,1,25,25,04103,36,4103
75,26500,2,1,11,11,04112,36,4112
78,3600,2,1,15,14,04101,36,4101
69,32400,1,1,22,22,04113,36,4113
77,107800,2,1,18,18,03901,36,3901
67,689000,1,1,25,25,04017,36,4017
75,236740,2,1,9,9,03901,36,3901
84,16000,2,1,14,14,04016,36,4016
83,66060,2,1,21,21,04105,36,4105
67,24990,1,1,5,5,03704,36,3704
86,34800,2,1,13,13,04014,36,4014
68,54200,2,1,12,12,04114,36,4114
65,62800,2,1,13,14,03704,36,3704
80,17200,2,1,20,20,04102,36,4102
69,117000,1,1,25,26,03704,36,3704
88,32700,2,1,18,17,04018,36,4018
68,154200,1,1,14,14,03701,36,3701
85,10800,2,1,17,16,04110,36,4110
73,54200,2,1,27,27,04109,36,4109
67,64340,2,1,15,16,04106,36,4106
66,114000,1,1,20,20,03805,36,3805
74,36100,2,1,12,12,04013,36,4013
78,13000,2,1,14,15,04015,36,4015
78,69000,2,1,15,15,04018,36,4018
67,161000,1,1,21,21,04103,36,4103
75,24600,2,1,20,20,04005,36,4005
66,10000,2,1,19,19,04108,36,4108
78,68200,2,1,21,21,04009,36,4009
66,83000,2,1,15,15,04104,36,4104
79,66600,2,1,14,13,04105,36,4105
68,73900,2,1,16,16,04110,36,4110
77,43200,2,1,14,14,04012,36,4012
73,6000,2,1,15,15,04109,36,4109
86,28000,2,1,12,11,03709,36,3709
67,43001,2,1,17,16,03702,36,3702
77,43700,2,1,54,55,03807,36,3807
75,110000,1,1,12,12,03703,36,3703
66,34000,2,1,31,32,04017,36,4017
75,37400,2,1,17,17,03709,36,3709
67,57700,1,1,9,10,03903,36,3903
89,24300,2,1,5,4,04104,36,4104
76,45500,2,1,11,11,04018,36,4018
84,17700,1,1,8,7,03704,36,3704
77,20400,2,1,17,16,04113,36,4113
69,356600,2,1,11,11,04009,36,4009
80,38700,2,1,22,22,03902,36,3902
88,244300,2,1,12,12,04103,36,4103
94,13900,2,1,23,24,04106,36,4106
80,1200,2,1,39,39,04014,36,4014
83,222000,2,1,19,19,03807,36,3807
81,115690,1,1,26,26,04002,36,4002
74,84800,1,1,4,4,03702,36,3702
79,34800,2,1,14,14,04014,36,4014
72,51150,1,1,16,16,04106,36,4106
66,21600,2,1,28,29,03703,36,3703
88,29900,2,1,15,15,04013,36,4013
76,57984,2,1,16,15,04103,36,4103
87,20200,1,1,20,20,03807,36,3807
72,16500,2,1,14,13,04017,36,4017
76,81200,2,1,24,24,04105,36,4105
67,33600,2,1,29,29,03703,36,3703
76,24400,2,1,23,23,03802,36,3802
82,1200,2,1,9,8,04015,36,4015
82,55000,2,1,20,20,03805,36,3805
81,16800,2,1,18,18,03810,36,3810
66,228300,2,1,7,7,04005,36,4005
66,59500,2,1,21,21,03810,36,3810
81,52000,2,1,12,12,03704,36,3704
82,54100,2,1,13,13,04103,36,4103
71,433404,2,1,14,14,04016,36,4016
66,106100,1,1,16,16,04103,36,4103
75,96200,2,1,14,14,04103,36,4103
68,107500,1,1,11,11,04006,36,4006
73,83200,1,1,22,23,04112,36,4112
66,72600,1,1,15,15,03807,36,3807
73,45000,2,1,12,12,03705,36,3705
68,66400,2,1,34,35,03704,36,3704
77,26000,2,1,51,51,04108,36,4108
68,249800,2,1,20,21,04103,36,4103
72,80600,2,1,10,10,04104,36,4104
81,38000,2,1,20,20,04103,36,4103
89,28000,2,1,14,14,04103,36,4103
81,46500,2,1,1,1,04015,36,4015
74,10900,2,1,15,15,04018,36,4018
82,9434,2,1,15,14,04004,36,4004
83,169000,2,1,13,13,04114,36,4114
65,112000,1,1,14,15,04105,36,4105
75,139230,2,1,21,21,03903,36,3903
65,12000,2,1,25,25,03703,36,3703
82,57400,2,1,17,17,04111,36,4111
81,117900,2,1,7,7,04110,36,4110
68,41500,1,1,29,29,04013,36,4013
68,66000,1,1,30,30,04109,36,4109
83,28700,2,1,22,22,04012,36,4012
65,23200,2,1,37,38,04104,36,4104
79,13700,2,1,25,24,04007,36,4007
94,42000,2,1,15,14,04107,36,4107
76,28200,2,1,13,13,04014,36,4014
86,461000,1,1,18,17,03810,36,3810
82,31300,2,1,16,15,04001,36,4001
65,67000,1,1,9,9,04113,36,4113
72,57300,1,1,11,11,03903,36,3903
78,35200,2,1,16,15,04016,36,4016
79,269900,2,1,14,14,03807,36,3807
65,128000,1,1,3,3,04005,36,4005
85,254700,2,1,9,9,04103,36,4103
73,207000,2,1,19,19,03808,36,3808
80,100800,2,1,12,11,03903,36,3903
73,915500,2,1,9,9,03805,36,3805
65,45000,2,1,46,45,04008,36,4008
70,81600,2,1,11,11,04017,36,4017
72,70800,2,1,19,19,04102,36,4102
65,147000,1,1,16,16,04103,36,4103
70,85650,2,1,11,10,03902,36,3902
66,121300,1,1,14,14,03903,36,3903
66,300100,2,1,11,11,04004,36,4004
65,140200,1,1,7,7,03709,36,3709
77,48700,2,1,18,18,03701,36,3701
72,126200,2,1,17,18,03902,36,3902
71,231000,1,1,13,14,04106,36,4106
72,11000,2,1,12,13,04018,36,4018
66,152300,2,1,7,7,04009,36,4009
78,98200,1,1,60,61,03805,36,3805
94,109300,2,1,16,16,04103,36,4103
72,18800,2,1,27,28,04008,36,4008
74,50600,2,1,10,10,04017,36,4017
70,24300,2,1,17,17,04018,36,4018
70,46700,2,1,27,27,04016,36,4016
85,53200,2,1,12,12,04108,36,4108
70,186100,2,1,9,9,04112,36,4112
67,15000,1,1,30,31,04009,36,4009
70,130600,1,1,25,24,04103,36,4103
73,58600,1,1,15,15,03702,36,3702
84,8600,2,1,14,15,04016,36,4016
86,31400,1,1,18,18,03806,36,3806
67,58900,1,1,31,31,04102,36,4102
71,43300,1,1,12,12,04011,36,4011
65,182150,2,1,11,11,03704,36,3704
65,89000,1,1,13,13,03701,36,3701
94,18000,2,1,31,31,04109,36,4109
83,30000,2,1,20,20,04106,36,4106
88,7200,2,1,16,15,04101,36,4101
66,17000,2,1,18,19,04114,36,4114
89,53000,1,1,14,14,04009,36,4009
79,9600,1,1,18,18,04006,36,4006
76,41450,1,1,18,18,03701,36,3701
71,52000,2,1,18,18,03703,36,3703
68,12000,2,1,11,12,04101,36,4101
81,25800,2,1,10,10,04016,36,4016
65,20600,2,1,15,15,04013,36,4013
70,49800,1,1,18,18,03803,36,3803
79,52900,2,1,17,17,03805,36,3805
90,21200,2,1,11,12,04018,36,4018
68,39600,1,1,14,13,04108,36,4108
81,36300,2,1,19,19,03805,36,3805
87,136160,1,1,12,12,04110,36,4110
89,7700,2,1,31,31,04108,36,4108
69,164000,1,1,19,19,03808,36,3808
82,75100,2,1,13,13,04106,36,4106
78,23600,1,1,25,25,03702,36,3702
78,13200,2,1,20,21,04105,36,4105
72,21700,2,1,21,20,03902,36,3902
88,66100,2,1,31,32,04102,36,4102
69,43700,1,1,12,13,04114,36,4114
73,88000,2,1,16,16,04009,36,4009
87,26200,2,1,21,22,04104,36,4104
84,26300,1,1,12,12,04012,36,4012
81,19700,2,1,12,12,04017,36,4017
77,62600,2,1,17,16,04108,36,4108
89,35000,2,1,10,10,04110,36,4110
86,24700,2,1,15,15,04017,36,4017
82,11700,2,1,15,14,04018,36,4018
80,14200,2,1,14,14,04016,36,4016
70,12300,2,1,24,24,03704,36,3704
81,11100,2,1,12,12,04016,36,4016
68,55600,2,1,13,13,04010,36,4010
65,33000,2,1,20,20,04107,36,4107
67,116500,2,1,15,15,03902,36,3902
67,156200,1,1,16,16,04008,36,4008
70,87000,2,1,13,13,03701,36,3701
65,43000,2,1,13,13,04008,36,4008
75,60500,1,1,17,17,04009,36,4009
71,98700,2,1,12,12,04110,36,4110
70,47600,2,1,24,25,04016,36,4016
75,62700,2,1,19,19,04103,36,4103
94,24400,2,1,16,16,03805,36,3805
65,227000,2,1,24,24,03806,36,3806
86,26100,1,1,18,18,03809,36,3809
65,21900,2,1,47,47,03807,36,3807
76,78700,2,1,21,20,04106,36,4106
73,25000,2,1,16,16,04112,36,4112
83,25200,2,1,24,24,04105,36,4105
87,17690,1,1,14,14,03702,36,3702
85,72670,2,1,8,9,04104,36,4104
80,15800,2,1,14,13,04112,36,4112
72,18500,2,1,15,16,03903,36,3903
74,12600,2,1,23,23,04110,36,4110
66,124800,2,1,19,18,03806,36,3806
73,1100,2,1,7,7,04008,36,4008
75,267100,2,1,16,16,04017,36,4017
84,125200,1,1,7,8,04105,36,4105
72,597000,2,1,43,44,04015,36,4015
71,55400,1,1,2,2,04110,36,4110
65,183400,1,1,1,1,04113,36,4113
70,53200,1,1,17,17,03810,36,3810
66,448000,1,1,19,19,03806,36,3806
75,74700,2,1,20,19,04106,36,4106
65,102130,1,1,12,13,04105,36,4105
81,44400,2,1,13,13,04112,36,4112
71,275000,1,1,16,16,03807,36,3807
85,10850,2,1,15,14,03704,36,3704
70,144100,1,1,7,7,04105,36,4105
71,82900,1,1,14,14,04003,36,4003
74,9000,2,1,17,18,04109,36,4109
71,24600,1,1,15,15,04110,36,4110
84,26500,2,1,18,17,04103,36,4103
76,35400,2,1,14,14,04108,36,4108
82,30000,2,1,23,24,04110,36,4110
68,69500,1,1,16,16,04112,36,4112
74,13000,2,1,18,18,04108,36,4108
80,62400,2,1,22,22,04105,36,4105
72,133700,2,1,19,19,04105,36,4105
78,22200,2,1,19,19,03801,36,3801
81,20200,2,1,16,17,03903,36,3903
66,224400,2,1,19,19,03805,36,3805
73,26400,2,1,14,14,04102,36,4102
75,52900,2,1,17,18,04112,36,4112
82,39400,2,1,23,22,03806,36,3806
74,28600,2,1,12,11,03901,36,3901
76,25000,2,1,14,15,04103,36,4103
74,36500,2,1,14,14,04001,36,4001
84,87800,2,1,10,10,04102,36,4102
80,25500,2,1,9,9,04017,36,4017
71,139340,1,1,17,17,04015,36,4015
73,37500,2,1,9,8,04009,36,4009
84,19600,2,1,19,18,03701,36,3701
65,138200,2,1,14,14,03902,36,3902
66,125520,2,1,27,28,04107,36,4107
78,40000,2,1,13,14,03704,36,3704
70,141900,2,1,19,19,03901,36,3901
66,50500,2,1,19,19,04017,36,4017
75,105000,1,1,9,10,04106,36,4106
65,74150,1,1,28,28,04114,36,4114
73,13100,2,1,21,21,04102,36,4102
78,102300,1,1,9,9,04103,36,4103
65,117000,1,1,29,28,04105,36,4105
87,63000,2,1,13,14,04110,36,4110
85,33040,2,1,4,4,03702,36,3702
78,34300,2,1,17,17,03709,36,3709
75,19400,1,1,14,15,04015,36,4015
71,33300,1,1,13,13,04013,36,4013
80,141800,2,1,13,13,04108,36,4108
72,54700,2,1,16,16,04109,36,4109
75,13800,2,1,19,19,04017,36,4017
66,17900,2,1,28,28,04107,36,4107
85,39500,2,1,17,17,04106,36,4106
68,75000,1,1,17,17,04010,36,4010
78,18600,2,1,34,34,04102,36,4102
73,8500,2,1,14,14,03809,36,3809
76,61900,2,1,14,14,04105,36,4105
74,43500,2,1,14,14,04018,36,4018
79,20200,2,1,33,33,04014,36,4014
71,545000,1,1,33,34,03701,36,3701
84,625700,2,1,12,11,04016,36,4016
81,249900,1,1,16,17,04112,36,4112
71,72700,2,1,24,25,04111,36,4111
71,21000,2,1,14,15,04103,36,4103
67,5000,1,1,19,19,03707,36,3707
68,27600,1,1,27,28,04111,36,4111
76,592900,1,1,25,25,03810,36,3810
70,30100,1,1,3,3,04112,36,4112
65,34900,2,1,12,12,04113,36,4113
66,20500,2,1,32,33,04015,36,4015
67,108400,1,1,11,11,03709,36,3709
87,6150,2,1,28,29,03702,36,3702
77,65020,1,1,18,17,04010,36,4010
84,36700,2,1,10,10,04111,36,4111
76,91800,2,1,12,11,04017,36,4017
94,47900,2,1,18,18,03802,36,3802
81,31400,2,1,13,14,04013,36,4013
67,3000,1,1,24,25,04104,36,4104
70,114200,2,1,58,58,04109,36,4109
69,63800,2,1,34,35,04102,36,4102
67,173000,2,1,15,15,04012,36,4012
69,147800,2,1,15,14,04103,36,4103
78,229200,2,1,11,11,03805,36,3805
65,33100,1,1,12,11,04009,36,4009
68,235800,1,1,5,6,04016,36,4016
70,33800,2,1,15,14,04110,36,4110
70,75100,2,1,6,6,04112,36,4112
65,82200,1,1,18,18,03701,36,3701
65,17200,1,1,12,12,04114,36,4114
69,39100,2,1,15,15,04011,36,4011
78,86000,1,1,18,19,03805,36,3805
75,33600,2,1,29,29,04107,36,4107
80,0,2,1,12,11,04016,36,4016
69,77700,2,1,21,21,04105,36,4105
75,23200,2,1,18,18,04009,36,4009
71,16800,2,1,12,11,04017,36,4017
79,100700,1,1,14,14,04104,36,4104
66,38400,2,1,8,8,04017,36,4017
82,106600,1,1,20,20,03703,36,3703
71,60500,1,1,21,21,04111,36,4111
67,316900,2,1,7,8,04106,36,4106
78,62300,2,1,24,23,04103,36,4103
71,64200,1,1,31,31,03702,36,3702
67,56600,2,1,17,16,04110,36,4110
72,86200,2,1,2,1,03809,36,3809
65,137400,1,1,30,30,03901,36,3901
65,360300,1,1,23,23,03805,36,3805
73,36350,2,1,12,12,04108,36,4108
65,31200,1,1,20,20,03901,36,3901
73,82100,2,1,11,11,04104,36,4104
70,114000,2,1,13,14,04015,36,4015
68,116400,1,1,17,17,03810,36,3810
84,44400,1,1,13,12,04006,36,4006
68,56000,2,1,31,32,03703,36,3703
67,65400,1,1,48,49,03901,36,3901
80,24300,1,1,13,13,04110,36,4110
69,122600,1,1,3,3,04010,36,4010
79,32500,2,1,17,17,04109,36,4109
84,14400,2,1,26,26,04001,36,4001
85,19500,2,1,8,7,04103,36,4103
94,22000,2,1,14,14,04016,36,4016
78,69500,2,1,10,10,03704,36,3704
71,41600,1,1,14,13,04005,36,4005
70,102700,1,1,18,17,03901,36,3901
81,59100,1,1,15,15,04012,36,4012
68,66200,2,1,50,49,03902,36,3902
74,72500,1,1,28,29,04008,36,4008
66,45000,1,1,34,35,04014,36,4014
75,6500,2,1,16,16,04014,36,4014
79,127250,2,1,21,21,03903,36,3903
75,13900,2,1,13,13,04009,36,4009
74,157800,1,1,9,9,04105,36,4105
79,200100,2,1,14,15,04110,36,4110
79,74700,2,1,10,10,04016,36,4016
82,18600,2,1,18,18,04009,36,4009
67,116020,2,1,11,12,04105,36,4105
87,19400,2,1,14,13,04016,36,4016
79,107700,1,1,18,18,03901,36,3901
71,132000,1,1,13,13,04105,36,4105
82,4400,1,1,17,17,04007,36,4007
70,616400,2,1,15,16,03810,36,3810
65,128500,2,1,14,14,03901,36,3901
86,18000,2,1,21,21,04104,36,4104
67,61000,1,1,13,14,04007,36,4007
94,4000,2,1,11,11,04017,36,4017
70,66000,1,1,11,12,04112,36,4112
67,70100,1,1,27,27,04018,36,4018
68,49000,2,1,19,20,03703,36,3703
74,13000,1,1,35,35,03703,36,3703
76,12400,2,1,17,17,04018,36,4018
66,222000,2,1,17,17,03805,36,3805
81,34800,2,1,16,16,04102,36,4102
83,47400,2,1,29,29,03706,36,3706
88,45300,2,1,19,19,04010,36,4010
87,10800,2,1,20,19,04105,36,4105
67,22400,2,1,14,14,04105,36,4105
94,30300,1,1,16,16,04003,36,4003
70,309700,1,1,18,18,04009,36,4009
82,40100,2,1,109,108,03901,36,3901
81,50000,2,1,15,15,04014,36,4014
67,75540,1,1,30,30,04008,36,4008
75,55700,2,1,11,10,04012,36,4012
90,30000,2,1,19,18,04016,36,4016
73,118600,2,1,18,18,03808,36,3808
77,56430,2,1,21,21,04013,36,4013
73,4000,1,1,30,31,04013,36,4013
78,44500,2,1,19,19,04018,36,4018
86,13200,2,1,39,40,04112,36,4112
68,69300,1,1,25,26,04006,36,4006
94,149300,2,1,17,17,04104,36,4104
69,35000,1,1,13,13,04016,36,4016
84,38800,2,1,15,15,04108,36,4108
83,50300,2,1,12,12,04111,36,4111
77,96800,2,1,14,14,04012,36,4012
79,29000,2,1,18,18,03703,36,3703
81,34900,2,1,15,15,04001,36,4001
70,4700,2,1,22,22,03707,36,3707
80,33600,1,1,22,21,04103,36,4103
79,60800,2,1,17,17,03810,36,3810
68,20700,2,1,23,23,04106,36,4106
66,66800,2,1,20,20,03810,36,3810
67,24200,2,1,12,13,04013,36,4013
81,240000,2,1,33,33,04006,36,4006
78,47300,2,1,11,11,04105,36,4105
76,91500,1,1,15,14,04103,36,4103
88,544900,2,1,19,20,03806,36,3806
78,418700,2,1,20,19,03805,36,3805
79,38700,2,1,22,21,03902,36,3902
68,229000,1,1,19,18,04112,36,4112
67,258000,2,1,23,22,03806,36,3806
78,93400,2,1,12,12,04111,36,4111
73,103300,2,1,17,18,03808,36,3808
76,25800,1,1,18,18,03903,36,3903
65,168300,2,1,17,17,03901,36,3901
78,276800,2,1,19,19,03810,36,3810
68,49400,2,1,8,8,04014,36,4014
80,8200,2,1,22,22,04104,36,4104
76,10300,2,1,10,10,04108,36,4108
69,46500,1,1,19,19,04112,36,4112
87,82020,2,1,14,14,04014,36,4014
85,232600,2,1,13,13,04114,36,4114
65,41900,2,1,22,22,04105,36,4105
78,85400,2,1,25,25,03806,36,3806
68,107000,1,1,15,16,03709,36,3709
87,16500,2,1,13,13,04013,36,4013
74,125400,1,1,10,11,04010,36,4010
76,26100,2,1,20,21,04112,36,4112
75,107000,2,1,18,19,04103,36,4103
79,42800,2,1,10,10,04016,36,4016
73,41700,2,1,14,14,04013,36,4013
82,10400,2,1,26,26,04010,36,4010
78,40300,1,1,20,21,03702,36,3702
72,111400,2,1,23,23,03903,36,3903
68,215000,1,1,20,20,03805,36,3805
79,81000,2,1,20,20,03703,36,3703
65,6400,1,1,13,12,04101,36,4101
70,96120,2,1,18,17,03703,36,3703
77,151800,1,1,24,23,03805,36,3805
79,33800,2,1,12,12,04106,36,4106
71,103500,2,1,17,18,04016,36,4016
81,22400,1,1,10,10,04009,36,4009
76,35400,2,1,13,13,04103,36,4103
69,23000,2,1,1,2,04105,36,4105
71,50000,2,1,13,13,03808,36,3808
66,241200,1,1,14,13,04004,36,4004
81,91500,2,1,19,19,03806,36,3806
78,16800,1,1,13,13,03710,36,3710
70,47000,2,1,15,15,03704,36,3704
77,59000,1,1,16,17,04105,36,4105
74,82000,2,1,13,13,03702,36,3702
73,12000,2,1,25,26,03705,36,3705
72,115200,1,1,6,5,03807,36,3807
82,45500,2,1,15,15,04004,36,4004
76,59000,2,1,5,5,04113,36,4113
73,101600,2,1,20,19,03702,36,3702
71,98000,2,1,20,20,03805,36,3805
70,1220200,2,1,18,17,03805,36,3805
84,39900,2,1,17,16,04009,36,4009
69,27140,1,1,26,26,03803,36,3803
84,347900,2,1,19,18,04103,36,4103
67,403000,1,1,18,18,04103,36,4103
77,11500,2,1,45,45,03704,36,3704
90,38700,2,1,17,17,04113,36,4113
94,26600,2,1,13,13,03704,36,3704
69,189000,2,1,7,7,04104,36,4104
68,22600,2,1,4,3,03702,36,3702
72,21300,1,1,12,12,03710,36,3710
73,127000,2,1,21,20,03806,36,3806
80,45980,2,1,14,14,04114,36,4114
85,19200,2,1,17,16,04009,36,4009
84,126600,2,1,12,11,04113,36,4113
79,62400,2,1,18,18,04008,36,4008
74,18400,2,1,21,21,04102,36,4102
73,34700,2,1,14,14,04013,36,4013
67,24080,2,1,13,12,04018,36,4018
70,311000,2,1,20,20,03805,36,3805
72,150800,2,1,20,20,03805,36,3805
65,181000,2,1,15,16,04108,36,4108
75,74300,2,1,11,11,04110,36,4110
70,13000,2,1,19,19,04002,36,4002
74,80300,2,1,14,14,03805,36,3805
68,303500,1,1,19,19,03808,36,3808
68,15600,2,1,15,16,03901,36,3901
73,59800,2,1,16,15,04106,36,4106
66,192700,1,1,19,20,03808,36,3808
72,4000,2,1,17,17,04006,36,4006
73,12000,2,1,21,21,03805,36,3805
76,121000,2,1,22,21,03802,36,3802
81,54000,2,1,12,12,04110,36,4110
78,36200,2,1,23,24,03806,36,3806
79,260300,2,1,22,22,03902,36,3902
85,26700,2,1,16,16,04017,36,4017
72,15800,2,1,12,12,04009,36,4009
76,80900,2,1,12,12,04017,36,4017
65,17400,2,1,18,17,04109,36,4109
71,19400,2,1,12,12,04106,36,4106
85,13540,2,1,9,9,04111,36,4111
70,60000,2,1,13,13,03802,36,3802
69,100600,1,1,13,13,03704,36,3704
77,15300,2,1,22,22,04017,36,4017
77,65600,2,1,45,45,03703,36,3703
65,84400,2,1,7,7,04105,36,4105
74,43200,1,1,17,17,03701,36,3701
81,236000,2,1,24,23,03808,36,3808
90,15600,2,1,36,35,03703,36,3703
74,21900,2,1,46,46,04109,36,4109
66,114600,1,1,19,18,04005,36,4005
74,11200,2,1,21,21,03705,36,3705
65,65000,1,1,12,12,04005,36,4005
90,58800,2,1,15,14,04108,36,4108
74,309100,1,1,11,10,04103,36,4103
84,52900,2,1,16,15,04101,36,4101
94,31200,2,1,17,17,04105,36,4105
85,43200,2,1,14,14,03704,36,3704
78,13000,2,1,60,60,03703,36,3703
71,97000,1,1,13,13,04017,36,4017
65,47500,1,1,11,12,03704,36,3704
75,105800,2,1,13,12,03902,36,3902
78,76000,2,1,12,12,04109,36,4109
71,16100,1,1,16,16,04010,36,4010
65,161300,2,1,13,13,04111,36,4111
72,47680,2,1,10,10,03809,36,3809
83,55200,2,1,13,14,03901,36,3901
67,74000,1,1,42,42,04003,36,4003
81,77400,2,1,15,15,03704,36,3704
88,29600,1,1,16,16,03703,36,3703
75,82800,1,1,23,22,03803,36,3803
71,21600,2,1,32,32,04010,36,4010
74,1600,2,1,19,20,04102,36,4102
88,29100,2,1,14,15,04108,36,4108
81,73700,2,1,18,19,03703,36,3703
81,26000,2,1,15,15,04105,36,4105
66,45400,2,1,53,53,04113,36,4113
71,29900,1,1,16,16,04103,36,4103
78,81800,1,1,24,24,04112,36,4112
81,74000,2,1,17,18,04103,36,4103
94,31400,2,1,3,3,04105,36,4105
85,264100,2,1,19,19,04103,36,4103
77,25100,2,1,13,14,04105,36,4105
65,10000,2,1,28,27,04001,36,4001
69,31500,2,1,23,23,04013,36,4013
81,14700,2,1,20,21,04018,36,4018
79,6600,1,1,19,19,03701,36,3701
71,29500,2,1,5,5,04007,36,4007
70,48800,1,1,15,16,04113,36,4113
76,10430,2,1,23,23,03703,36,3703
70,57320,2,1,13,13,04016,36,4016
75,183700,2,1,18,18,04103,36,4103
68,49500,1,1,20,20,03805,36,3805
82,70200,1,1,31,31,04010,36,4010
80,165800,1,1,22,22,03902,36,3902
65,63700,2,1,16,16,04112,36,4112
73,48400,2,1,15,14,04110,36,4110
78,8000,2,1,18,18,04017,36,4017
72,36700,2,1,17,18,03805,36,3805
81,10800,2,1,14,13,03903,36,3903
78,365000,2,1,21,21,03805,36,3805
69,96200,2,1,20,20,03805,36,3805
81,30300,2,1,42,42,03903,36,3903
67,7840,2,1,15,15,03703,36,3703
83,4000,2,1,22,21,04103,36,4103
85,111700,2,1,17,17,03806,36,3806
68,135000,2,1,11,10,04016,36,4016
84,32600,1,1,38,38,04108,36,4108
94,19000,2,1,19,19,03708,36,3708
67,112000,1,1,21,20,03807,36,3807
87,29700,2,1,18,18,03809,36,3809
83,67700,2,1,25,25,03703,36,3703
76,52400,2,1,15,15,04016,36,4016
94,63600,2,1,32,32,03701,36,3701
83,11800,2,1,34,34,03703,36,3703
65,102800,1,1,14,13,04106,36,4106
76,10800,2,1,14,14,04105,36,4105
68,14900,2,1,15,15,03709,36,3709
66,39300,2,1,5,5,04012,36,4012
77,234400,2,1,22,23,04016,36,4016
85,202100,2,1,10,10,04014,36,4014
82,15000,2,1,11,11,04111,36,4111
73,28400,2,1,13,13,04104,36,4104
67,98650,1,1,21,21,03803,36,3803
77,103600,1,1,23,23,04105,36,4105
94,14300,2,1,17,16,04110,36,4110
75,56800,2,1,16,17,04105,36,4105
72,44000,2,1,37,37,04114,36,4114
65,70000,2,1,20,20,03901,36,3901
82,328400,2,1,11,11,04110,36,4110
70,329810,2,1,21,21,03902,36,3902
80,73300,2,1,13,14,04112,36,4112
87,9800,2,1,16,16,04110,36,4110
68,169600,2,1,13,12,04013,36,4013
66,112000,2,1,13,12,04105,36,4105
75,22900,2,1,11,11,04018,36,4018
78,29900,2,1,14,13,04105,36,4105
81,27200,2,1,19,19,03805,36,3805
84,72800,2,1,23,22,03806,36,3806
90,15000,2,1,23,23,03702,36,3702
66,358000,1,1,18,17,03808,36,3808
72,52200,1,1,36,36,04013,36,4013
81,43500,2,1,20,20,03801,36,3801
69,97400,2,1,31,30,03709,36,3709
70,179400,1,1,11,11,04004,36,4004
68,32300,2,1,44,44,04017,36,4017
70,91600,2,1,16,16,03709,36,3709
84,47700,2,1,19,18,04106,36,4106
85,284300,2,1,19,19,04010,36,4010
81,153200,2,1,24,23,04111,36,4111
83,75400,2,1,15,15,04102,36,4102
67,65200,1,1,17,16,04101,36,4101
68,94250,2,1,13,12,04014,36,4014
94,38000,2,1,17,17,04105,36,4105
67,46800,2,1,7,7,04114,36,4114
65,106000,2,1,8,7,04105,36,4105
66,100500,2,1,13,13,04103,36,4103
74,57260,2,1,10,10,04009,36,4009
76,26300,2,1,12,13,04112,36,4112
94,4900,2,1,14,14,04103,36,4103
87,16600,2,1,17,17,03704,36,3704
66,40700,2,1,18,18,03808,36,3808
87,35700,2,1,16,15,03902,36,3902
66,11600,2,1,27,27,04103,36,4103
80,112800,2,1,16,16,04109,36,4109
89,20400,2,1,41,41,04105,36,4105
82,22000,2,1,14,13,04016,36,4016
74,17000,2,1,70,70,03708,36,3708
85,45900,2,1,25,25,03810,36,3810
68,107300,2,1,13,14,04109,36,4109
69,17000,1,1,15,15,04112,36,4112
68,25700,1,1,17,17,03903,36,3903
81,12000,2,1,17,17,04108,36,4108
76,238900,2,1,25,25,03805,36,3805
67,137000,2,1,22,23,03806,36,3806
67,58900,2,1,9,10,04001,36,4001
79,30800,2,1,21,20,04103,36,4103
75,16300,2,1,15,15,04110,36,4110
72,41200,2,1,19,20,04103,36,4103
94,15800,2,1,20,21,04009,36,4009
71,221600,1,1,33,33,03803,36,3803
78,89100,2,1,19,19,03901,36,3901
70,45800,2,1,32,32,03903,36,3903
70,23900,2,1,8,9,03807,36,3807
71,275000,1,1,27,27,03810,36,3810
68,149100,1,1,15,15,04014,36,4014
75,50000,2,1,17,17,03804,36,3804
84,20300,2,1,14,14,04105,36,4105
84,42000,1,1,18,17,04105,36,4105
75,124480,2,1,12,13,03701,36,3701
69,21200,2,1,25,25,03701,36,3701
71,139800,2,1,11,12,04015,36,4015
72,61400,2,1,12,12,04001,36,4001
67,13200,1,1,22,22,03807,36,3807
77,32300,2,1,35,34,04114,36,4114
74,25700,1,1,34,34,04110,36,4110
65,60600,1,1,45,45,03709,36,3709
78,31100,2,1,13,13,04013,36,4013
68,24300,2,1,15,14,04110,36,4110
67,60500,1,1,31,31,04102,36,4102
83,156000,2,1,26,26,03808,36,3808
73,53200,2,1,17,16,04113,36,4113
77,31570,2,1,15,14,04110,36,4110
75,58300,1,1,15,15,04106,36,4106
70,134000,1,1,12,11,03801,36,3801
68,102000,2,1,12,13,03903,36,3903
75,45300,2,1,12,11,04002,36,4002
65,43000,1,1,55,55,03902,36,3902
90,10800,2,1,17,17,03902,36,3902
71,62100,1,1,13,13,04009,36,4009
84,60000,2,1,14,14,03701,36,3701
85,32900,2,1,15,15,03903,36,3903
86,23800,2,1,15,15,03809,36,3809
67,54400,2,1,10,10,04016,36,4016
85,7800,1,1,14,15,04009,36,4009
80,13200,2,1,10,10,04110,36,4110
70,84340,1,1,30,30,03703,36,3703
73,10000,2,1,26,25,04010,36,4010
88,59000,1,1,15,15,04105,36,4105
94,0,2,1,21,21,03701,36,3701
86,40000,2,1,23,23,03808,36,3808
76,84900,1,1,14,14,04112,36,4112
66,351100,2,1,22,22,03805,36,3805
70,416800,2,1,11,11,04005,36,4005
90,9000,2,1,56,56,04103,36,4103
81,1000,2,1,11,11,04104,36,4104
69,40300,2,1,43,43,04108,36,4108
73,14000,1,1,7,7,03901,36,3901
78,28500,2,1,12,12,04011,36,4011
81,12000,2,1,13,13,04017,36,4017
65,1100,1,1,43,43,04006,36,4006
75,28800,2,1,17,17,04110,36,4110
89,48100,2,1,21,21,04113,36,4113
74,9000,1,1,13,14,04008,36,4008
85,42000,2,1,18,17,03901,36,3901
82,47000,2,1,18,19,04101,36,4101
71,20750,2,1,21,20,03709,36,3709
70,58000,1,1,23,23,04105,36,4105
72,23000,2,1,13,14,03903,36,3903
76,82300,1,1,26,26,04105,36,4105
72,34000,2,1,10,10,04112,36,4112
78,19200,2,1,15,15,04112,36,4112
80,32500,2,1,20,20,03805,36,3805
77,80700,1,1,14,14,03807,36,3807
67,71800,2,1,22,22,04108,36,4108
70,38900,1,1,10,10,04009,36,4009
67,25500,1,1,15,16,04013,36,4013
82,56800,2,1,14,14,04108,36,4108
73,36600,1,1,13,13,03902,36,3902
69,15000,1,1,10,9,04004,36,4004
78,3500,1,1,11,11,04109,36,4109
70,25000,2,1,19,19,04108,36,4108
94,27800,2,1,21,21,03903,36,3903
68,51320,2,1,6,6,04016,36,4016
70,152900,2,1,13,13,04010,36,4010
80,24000,2,1,4,5,04017,36,4017
65,175000,1,1,12,12,03806,36,3806
72,158300,2,1,14,14,04010,36,4010
68,82700,2,1,13,12,04112,36,4112
81,1000,1,1,17,17,03902,36,3902
71,255800,2,1,24,24,04105,36,4105
77,33000,1,1,15,15,04111,36,4111
82,25200,2,1,13,13,04016,36,4016
66,40000,1,1,15,14,04110,36,4110
65,214000,1,1,13,13,04106,36,4106
76,4600,1,1,13,12,04007,36,4007
80,202800,2,1,20,19,04108,36,4108
69,53100,2,1,13,13,03709,36,3709
70,29400,2,1,48,48,03901,36,3901
65,64100,1,1,15,15,03903,36,3903
66,127140,2,1,18,18,04103,36,4103
67,104000,1,1,12,12,04007,36,4007
80,39600,2,1,48,47,03901,36,3901
85,49800,2,1,30,30,04102,36,4102
81,32000,1,1,46,46,04106,36,4106
69,148400,1,1,12,12,03704,36,3704
84,15900,2,1,14,13,04105,36,4105
74,60700,2,1,14,14,04111,36,4111
76,38700,1,1,20,20,04102,36,4102
79,18800,1,1,10,10,04010,36,4010
81,29200,2,1,11,11,04110,36,4110
73,61020,2,1,10,11,03903,36,3903
81,12000,2,1,15,15,04105,36,4105
89,29600,2,1,15,16,04101,36,4101
89,9100,2,1,6,6,03803,36,3803
69,134600,2,1,25,26,04012,36,4012
70,152000,2,1,18,17,03708,36,3708
83,67750,2,1,15,14,03902,36,3902
68,180500,2,1,15,15,03902,36,3902
81,74000,2,1,13,13,04102,36,4102
83,11200,2,1,19,19,03806,36,3806
94,12000,2,1,12,12,04104,36,4104
74,22000,2,1,19,19,03901,36,3901
81,12000,2,1,24,24,03901,36,3901
65,24490,2,1,17,17,04010,36,4010
85,56300,1,1,22,23,03902,36,3902
67,39800,2,1,76,77,03708,36,3708
78,132200,2,1,21,21,03805,36,3805
76,34200,2,1,17,18,04104,36,4104
66,73130,1,1,13,13,04106,36,4106
67,146000,1,1,28,28,03903,36,3903
68,69000,2,1,9,9,04001,36,4001
69,22300,2,1,33,34,04003,36,4003
83,48300,2,1,17,17,04104,36,4104
87,43600,2,1,10,10,04110,36,4110
68,121300,1,1,25,24,04104,36,4104
88,334000,2,1,21,20,03805,36,3805
83,50000,1,1,32,32,03702,36,3702
78,342700,2,1,17,17,03806,36,3806
77,37400,2,1,19,19,04013,36,4013
66,140000,1,1,23,23,03802,36,3802
94,57000,2,1,24,25,03701,36,3701
94,158000,2,1,23,23,03808,36,3808
65,307600,2,1,19,20,03808,36,3808
71,6600,1,1,65,64,03901,36,3901
72,393000,2,1,13,12,03805,36,3805
67,70800,1,1,28,27,04111,36,4111
74,28000,2,1,23,23,03805,36,3805
76,6200,2,1,33,32,04009,36,4009
68,125000,1,1,8,8,03901,36,3901
65,21000,1,1,14,14,04017,36,4017
76,22200,2,1,14,14,04016,36,4016
94,32800,2,1,8,8,03803,36,3803
74,110000,1,1,45,45,03810,36,3810
85,36600,2,1,19,18,03701,36,3701
68,58600,1,1,9,9,04112,36,4112
89,86600,2,1,16,16,04103,36,4103
82,17000,2,1,16,16,04103,36,4103
85,39500,2,1,21,21,03808,36,3808
87,14000,2,1,15,15,03901,36,3901
71,13000,2,1,15,15,03903,36,3903
68,101200,2,1,16,16,03805,36,3805
76,66800,1,1,16,16,04012,36,4012
78,96020,1,1,7,7,04017,36,4017
79,16000,2,1,19,18,04103,36,4103
66,124000,1,1,17,16,04006,36,4006
83,24000,2,1,16,17,03903,36,3903
72,37600,2,1,14,13,04014,36,4014
84,38900,2,1,23,23,03902,36,3902
76,59300,2,1,18,18,04009,36,4009
70,39200,1,1,14,15,04110,36,4110
72,61200,2,1,20,20,03902,36,3902
70,68950,1,1,15,15,04015,36,4015
78,21800,1,1,14,14,03805,36,3805
67,83000,1,1,12,11,04109,36,4109
78,26700,2,1,15,15,03902,36,3902
74,89100,2,1,11,10,04110,36,4110
78,94300,2,1,26,26,03810,36,3810
79,54000,2,1,15,15,03704,36,3704
71,238900,2,1,11,11,04013,36,4013
68,99500,1,1,16,16,04009,36,4009
66,75100,1,1,15,14,03709,36,3709
73,2000,2,1,14,14,04102,36,4102
81,29000,2,1,63,63,03807,36,3807
71,8400,2,1,26,25,04018,36,4018
87,28000,2,1,19,18,04013,36,4013
71,500100,2,1,15,15,04108,36,4108
66,45000,2,1,12,12,04004,36,4004
76,125400,2,1,13,12,03903,36,3903
74,50800,2,1,10,10,04112,36,4112
68,25440,2,1,17,17,03703,36,3703
69,73400,2,1,19,18,03805,36,3805
78,12400,2,1,14,14,04103,36,4103
73,25400,2,1,43,42,03703,36,3703
82,31600,2,1,10,10,04110,36,4110
80,36000,2,1,15,15,03903,36,3903
79,70800,2,1,19,19,04101,36,4101
75,32000,1,1,15,15,03710,36,3710
90,32000,2,1,14,14,04106,36,4106
67,63500,1,1,10,9,04107,36,4107
89,15400,2,1,10,10,04005,36,4005
67,189700,1,1,19,19,03806,36,3806
76,91200,2,1,18,19,03703,36,3703
81,64000,2,1,8,8,04105,36,4105
75,60500,2,1,14,14,04106,36,4106
66,158400,2,1,13,13,04103,36,4103
74,64200,2,1,10,10,04105,36,4105
68,79810,1,1,13,13,04001,36,4001
84,12700,2,1,14,14,04101,36,4101
79,42400,1,1,17,17,03805,36,3805
78,19800,2,1,21,22,04105,36,4105
83,43000,2,1,13,13,04017,36,4017
77,19900,2,1,14,15,04018,36,4018
77,109000,2,1,19,19,04114,36,4114
66,6900,1,1,11,10,04009,36,4009
76,89300,1,1,23,22,03808,36,3808
94,80800,2,1,17,16,04013,36,4013
73,122170,2,1,15,15,03702,36,3702
81,298800,2,1,17,17,03805,36,3805
88,19500,2,1,16,15,03805,36,3805
66,148000,2,1,17,17,04111,36,4111
76,12800,2,1,17,17,03708,36,3708
73,55000,1,1,6,6,04013,36,4013
70,115500,1,1,15,15,04106,36,4106
67,26200,1,1,14,14,04109,36,4109
76,7400,2,1,8,9,04107,36,4107
82,64000,2,1,10,10,04112,36,4112
80,35950,2,1,4,4,04013,36,4013
71,28800,2,1,16,17,04108,36,4108
72,8400,1,1,36,36,03703,36,3703
75,35600,1,1,15,15,04009,36,4009
81,187200,2,1,18,19,04112,36,4112
73,14300,2,1,27,27,04113,36,4113
82,13200,2,1,24,24,03709,36,3709
87,33400,2,1,12,12,03903,36,3903
68,20700,2,1,11,11,04013,36,4013
70,26600,2,1,13,13,04107,36,4107
94,48600,2,1,29,29,04112,36,4112
68,35600,2,1,49,49,03703,36,3703
69,73600,1,1,13,13,04112,36,4112
75,12000,2,1,15,15,04006,36,4006
70,94700,2,1,13,13,04017,36,4017
65,163000,1,1,37,37,04112,36,4112
66,31500,2,1,12,12,04008,36,4008
71,260400,2,1,27,27,03808,36,3808
68,21600,2,1,21,22,03805,36,3805
71,32700,2,1,25,26,04016,36,4016
65,65460,2,1,19,19,03806,36,3806
74,16100,1,1,20,21,03805,36,3805
89,11000,2,1,14,14,04016,36,4016
79,122000,1,1,40,40,04105,36,4105
83,29000,2,1,11,12,04009,36,4009
69,23400,2,1,10,10,04012,36,4012
82,51800,2,1,40,41,04101,36,4101
66,61000,2,1,9,9,04107,36,4107
68,76700,2,1,13,13,03703,36,3703
88,57200,2,1,19,19,03805,36,3805
79,90500,2,1,11,12,04013,36,4013
81,401000,2,1,27,28,03805,36,3805
71,38900,1,1,14,13,04017,36,4017
66,43200,2,1,25,25,03806,36,3806
70,230000,2,1,9,8,04017,36,4017
78,13800,2,1,12,12,04110,36,4110
66,70500,2,1,19,19,03901,36,3901
65,64000,1,1,15,14,04103,36,4103
74,36600,1,1,22,22,04008,36,4008
81,79400,1,1,15,14,04105,36,4105
87,50800,2,1,16,17,04108,36,4108
72,19200,1,1,25,25,03705,36,3705
71,66100,1,1,18,18,03702,36,3702
70,0,2,1,17,18,04012,36,4012
71,52100,2,1,11,11,04108,36,4108
68,270100,1,1,31,31,04005,36,4005
70,121400,2,1,18,19,04112,36,4112
72,47600,2,1,15,16,04016,36,4016
81,67000,2,1,16,17,04108,36,4108
72,40000,2,1,16,16,04108,36,4108
79,41600,2,1,21,20,03805,36,3805
67,77200,2,1,10,10,04113,36,4113
94,14000,2,1,16,16,04005,36,4005
78,9600,2,1,17,16,03901,36,3901
81,26700,1,1,31,31,04105,36,4105
79,356100,1,1,21,21,03806,36,3806
65,40400,1,1,24,24,04009,36,4009
73,18900,2,1,26,25,04113,36,4113
72,39000,2,1,52,52,04103,36,4103
88,58300,2,1,12,13,04111,36,4111
80,18800,2,1,18,18,03805,36,3805
71,43600,2,1,15,15,03809,36,3809
81,82700,2,1,20,20,04018,36,4018
89,99500,2,1,10,11,04108,36,4108
75,28000,2,1,16,16,03901,36,3901
76,3300,2,1,23,23,04016,36,4016
72,62330,2,1,13,13,04016,36,4016
71,9400,1,1,17,17,04018,36,4018
65,24000,2,1,15,15,04113,36,4113
71,39700,2,1,22,21,03805,36,3805
80,63600,2,1,17,17,03806,36,3806
79,30200,2,1,21,21,03807,36,3807
72,82000,1,1,42,43,04009,36,4009
67,18900,2,1,14,14,04010,36,4010
73,297400,2,1,27,27,03902,36,3902
81,435600,1,1,17,17,03802,36,3802
72,32800,2,1,17,17,03703,36,3703
70,378000,1,1,21,22,04010,36,4010
67,158300,1,1,18,18,03902,36,3902
65,145400,1,1,20,20,04104,36,4104
73,24600,2,1,15,16,04114,36,4114
78,47300,2,1,24,24,03806,36,3806
76,245100,2,1,18,17,04012,36,4012
68,218200,2,1,17,17,03901,36,3901
65,107040,1,1,22,22,04112,36,4112
81,15600,2,1,14,14,04016,36,4016
94,15400,2,1,50,51,04004,36,4004
72,15000,2,1,13,14,04105,36,4105
76,21100,2,1,13,13,04107,36,4107
66,219200,1,1,11,12,04103,36,4103
80,715200,2,1,17,16,03805,36,3805
79,22300,2,1,15,15,04017,36,4017
75,109400,2,1,14,14,04110,36,4110
81,18700,2,1,52,51,04003,36,4003
70,15200,1,1,19,20,03902,36,3902
76,55000,2,1,12,12,04107,36,4107
76,64500,2,1,14,14,04102,36,4102
70,66600,2,1,13,13,03704,36,3704
66,167650,2,1,20,20,03902,36,3902
70,63950,1,1,11,11,04010,36,4010
67,11100,2,1,43,43,04007,36,4007
77,12000,1,1,11,12,04113,36,4113
68,51200,2,1,11,11,04108,36,4108
79,149800,2,1,12,12,03808,36,3808
85,58100,2,1,9,9,04102,36,4102
82,13900,2,1,28,28,04017,36,4017
80,114370,2,1,28,27,03807,36,3807
67,51630,2,1,12,12,04016,36,4016
71,18800,2,1,19,19,04104,36,4104
71,140390,2,1,21,21,04103,36,4103
65,266900,1,1,21,22,03805,36,3805
80,123000,1,1,41,41,04114,36,4114
65,85800,2,1,12,13,04113,36,4113
94,62000,2,1,16,16,04016,36,4016
65,46300,2,1,49,48,03809,36,3809
70,248690,1,1,21,22,03805,36,3805
84,130000,2,1,15,15,04018,36,4018
72,53000,2,1,22,21,03901,36,3901
77,40900,2,1,31,31,04017,36,4017
73,128900,2,1,3,2,04112,36,4112
79,30080,1,1,18,18,04001,36,4001
88,27800,2,1,12,11,03704,36,3704
79,82700,1,1,24,23,04105,36,4105
79,56100,1,1,14,14,04004,36,4004
65,72500,1,1,19,19,04114,36,4114
70,166750,1,1,10,10,04011,36,4011
71,48500,2,1,11,12,04009,36,4009
73,10200,2,1,19,19,04006,36,4006
86,139600,2,1,16,16,04103,36,4103
78,22500,2,1,11,12,04105,36,4105
74,24000,2,1,45,45,03809,36,3809
68,84600,1,1,17,17,03807,36,3807
81,16800,2,1,9,9,04112,36,4112
71,49800,1,1,6,7,04113,36,4113
69,94860,2,1,29,29,03808,36,3808
83,18300,2,1,11,11,03701,36,3701
88,56200,1,1,15,15,03702,36,3702
87,11220,2,1,10,9,04108,36,4108
71,74200,2,1,18,18,04104,36,4104
76,91500,2,1,11,11,03701,36,3701
68,58300,2,1,29,30,04013,36,4013
75,62400,2,1,13,13,04018,36,4018
72,53000,1,1,16,17,04106,36,4106
65,92100,1,1,14,15,04110,36,4110
75,48350,2,1,12,12,03901,36,3901
79,114020,2,1,18,18,04113,36,4113
75,22300,2,1,9,9,04102,36,4102
73,34500,2,1,18,17,04103,36,4103
69,75200,2,1,22,21,03805,36,3805
81,222900,2,1,15,15,04105,36,4105
82,90680,2,1,12,12,03702,36,3702
70,13600,2,1,13,13,04110,36,4110
71,190300,2,1,18,18,03807,36,3807
74,13900,1,1,31,31,03903,36,3903
78,42200,2,1,40,40,04017,36,4017
76,8400,2,1,19,19,03901,36,3901
79,124330,1,1,18,18,03805,36,3805
68,171000,1,1,40,41,03709,36,3709
71,12000,2,1,60,60,03805,36,3805
77,23930,2,1,7,8,04012,36,4012
88,20000,2,1,12,12,04106,36,4106
70,229000,1,1,17,17,03810,36,3810
65,115000,2,1,5,6,03704,36,3704
73,78000,2,1,15,15,04008,36,4008
74,15100,2,1,19,19,04102,36,4102
72,142500,2,1,14,14,03903,36,3903
87,30000,2,1,14,14,03707,36,3707
77,51700,2,1,39,39,04011,36,4011
80,43200,1,1,27,27,03901,36,3901
75,35000,1,1,11,10,04017,36,4017
69,38500,2,1,31,32,04017,36,4017
94,20000,2,1,12,12,04106,36,4106
65,59100,2,1,15,15,04017,36,4017
66,253600,1,1,12,12,04001,36,4001
66,406000,2,1,17,17,04111,36,4111
80,330100,2,1,13,13,03806,36,3806
71,85000,2,1,12,12,04108,36,4108
83,0,2,1,14,14,04105,36,4105
82,18300,1,1,13,13,04016,36,4016
71,77000,2,1,15,16,04011,36,4011
73,40600,2,1,23,22,03810,36,3810
66,59530,1,1,17,17,04108,36,4108
87,11260,2,1,16,16,03903,36,3903
78,11200,2,1,21,20,03903,36,3903
67,67500,1,1,24,24,03806,36,3806
66,282600,2,1,15,15,04103,36,4103
66,80000,2,1,15,14,04109,36,4109
67,53200,1,1,15,15,04105,36,4105
69,38200,2,1,15,16,04109,36,4109
86,36400,2,1,11,10,04104,36,4104
68,57000,2,1,11,11,04105,36,4105
74,50000,1,1,32,32,04003,36,4003
65,120200,1,1,18,19,04009,36,4009
76,87200,2,1,15,16,03703,36,3703
85,13200,2,1,13,13,04004,36,4004
68,53000,2,1,13,13,03901,36,3901
88,328000,2,1,16,16,03903,36,3903
85,130500,2,1,13,13,04101,36,4101
69,44270,2,1,28,27,03805,36,3805
69,15000,2,1,12,11,03902,36,3902
71,123000,2,1,14,14,03809,36,3809
80,34000,2,1,18,18,03804,36,3804
77,26200,2,1,30,29,04005,36,4005
94,26000,2,1,16,16,04111,36,4111
74,59300,1,1,15,16,04013,36,4013
67,41000,2,1,16,16,03806,36,3806
73,101200,2,1,12,12,04110,36,4110
82,12000,2,1,30,29,04003,36,4003
85,48200,2,1,15,15,04106,36,4106
79,13000,2,1,14,13,04110,36,4110
88,96900,2,1,17,17,04103,36,4103
68,828000,2,1,24,24,03806,36,3806
79,47800,2,1,25,25,03710,36,3710
66,74380,2,1,21,21,04108,36,4108
79,19900,2,1,16,16,04013,36,4013
67,365000,2,1,18,19,03805,36,3805
75,55400,2,1,20,21,03808,36,3808
75,24350,2,1,11,11,04009,36,4009
80,199000,2,1,25,24,03810,36,3810
66,78000,1,1,34,33,04112,36,4112
84,118000,1,1,24,24,04015,36,4015
66,27000,1,1,26,26,04009,36,4009
70,11500,2,1,12,12,04110,36,4110
80,52700,2,1,30,29,03902,36,3902
75,67700,2,1,13,13,04113,36,4113
79,27690,2,1,17,17,03805,36,3805
77,35700,2,1,52,51,04104,36,4104
68,101100,1,1,20,20,03903,36,3903
70,124500,1,1,12,12,04004,36,4004
82,24000,2,1,56,56,04106,36,4106
76,149000,2,1,10,9,04013,36,4013
74,73300,2,1,47,47,04103,36,4103
81,72200,2,1,19,19,03803,36,3803
77,43400,2,1,13,13,04109,36,4109
66,51000,1,1,48,48,03901,36,3901
88,159600,2,1,55,55,03805,36,3805
86,15200,2,1,20,19,03709,36,3709
67,43200,2,1,18,18,04110,36,4110
78,115900,1,1,34,34,04105,36,4105
69,127000,1,1,13,12,04104,36,4104
68,4600,2,1,11,11,04013,36,4013
68,70000,2,1,14,13,03704,36,3704
78,30300,1,1,29,28,04011,36,4011
74,37700,2,1,13,13,04101,36,4101
77,43800,2,1,15,16,04103,36,4103
81,9100,2,1,51,51,04016,36,4016
73,21600,2,1,19,20,03701,36,3701
73,10860,1,1,68,68,04101,36,4101
85,222000,2,1,14,14,03702,36,3702
78,16530,1,1,16,16,03810,36,3810
68,151900,1,1,21,21,03702,36,3702
85,12000,1,1,18,18,04008,36,4008
78,17900,2,1,37,37,04016,36,4016
78,66100,2,1,20,20,04106,36,4106
84,20600,2,1,12,12,04113,36,4113
71,77600,2,1,33,32,04109,36,4109
70,50400,1,1,31,31,04007,36,4007
84,38100,2,1,16,16,04010,36,4010
66,222400,2,1,16,15,04004,36,4004
67,90000,1,1,13,12,03701,36,3701
86,93200,2,1,9,8,04108,36,4108
94,36500,2,1,19,20,03803,36,3803
65,129320,1,1,28,29,04106,36,4106
78,58150,2,1,16,17,03901,36,3901
69,73200,2,1,9,10,04103,36,4103
65,134400,2,1,14,14,04104,36,4104
71,127000,1,1,6,6,04105,36,4105
65,127470,2,1,19,20,04103,36,4103
75,124000,1,1,23,23,03808,36,3808
78,80000,2,1,24,24,03903,36,3903
68,17700,1,1,19,19,04103,36,4103
79,80400,2,1,11,11,03701,36,3701
71,81950,2,1,6,6,04016,36,4016
75,53430,2,1,14,14,04102,36,4102
81,48700,2,1,21,21,03806,36,3806
80,46600,2,1,16,16,04113,36,4113
70,61520,2,1,16,17,04110,36,4110
69,20000,2,1,16,17,04104,36,4104
71,40920,2,1,19,19,04104,36,4104
78,17800,2,1,17,17,04108,36,4108
74,81200,2,1,14,14,04010,36,4010
73,39200,1,1,16,16,04007,36,4007
66,49200,1,1,40,39,04110,36,4110
81,83720,2,1,19,18,03808,36,3808
72,75000,2,1,17,17,03901,36,3901
69,42000,2,1,22,21,03708,36,3708
68,125000,1,1,3,3,04112,36,4112
72,17000,2,1,27,27,04105,36,4105
71,22000,1,1,18,19,04105,36,4105
76,101000,1,1,18,17,04106,36,4106
69,100500,2,1,11,11,04009,36,4009
68,80300,2,1,18,19,04104,36,4104
80,25200,1,1,40,40,04011,36,4011
85,30800,2,1,20,20,04101,36,4101
72,31608,2,1,20,20,03703,36,3703
82,24000,1,1,23,23,03808,36,3808
68,132070,2,1,13,14,04017,36,4017
73,58900,1,1,40,40,04011,36,4011
70,14200,1,1,13,13,04106,36,4106
82,304500,2,1,17,16,03805,36,3805
82,20000,2,1,17,17,04107,36,4107
79,0,2,1,15,15,04105,36,4105
75,47700,2,1,18,17,04004,36,4004
70,101000,2,1,17,16,04104,36,4104
78,359600,2,1,9,10,04110,36,4110
76,38000,2,1,16,16,04009,36,4009
73,28200,2,1,10,10,04016,36,4016
70,467100,1,1,26,26,03701,36,3701
89,78800,2,1,7,7,04015,36,4015
79,25200,2,1,53,53,03902,36,3902
70,91000,2,1,26,26,03709,36,3709
70,34800,2,1,12,11,03702,36,3702
82,20000,1,1,40,39,04010,36,4010
67,64800,1,1,17,17,03805,36,3805
65,292400,2,1,15,15,04113,36,4113
70,20800,1,1,4,4,04009,36,4009
68,60480,2,1,13,13,04013,36,4013
67,150700,1,1,21,22,03805,36,3805
87,109300,2,1,14,14,04014,36,4014
69,596000,1,1,13,13,03807,36,3807
87,20000,1,1,47,47,04112,36,4112
78,18700,2,1,17,16,03709,36,3709
66,126900,2,1,20,20,03805,36,3805
77,23000,2,1,13,12,04106,36,4106
67,63500,1,1,30,30,04105,36,4105
72,41900,2,1,18,19,04101,36,4101
75,29700,2,1,30,30,04114,36,4114
83,63000,2,1,11,11,04018,36,4018
69,225200,2,1,13,12,04107,36,4107
69,6480,1,1,16,16,03809,36,3809
86,41400,2,1,11,12,04018,36,4018
72,13500,2,1,14,15,04103,36,4103
75,95400,2,1,35,34,04113,36,4113
86,18000,2,1,16,16,04105,36,4105
69,89600,2,1,29,28,04010,36,4010
73,18000,1,1,12,12,03709,36,3709
76,44000,2,1,15,16,04016,36,4016
77,22100,2,1,16,16,03810,36,3810
82,51000,2,1,20,20,03806,36,3806
83,96300,1,1,15,15,04109,36,4109
77,100300,2,1,19,20,03805,36,3805
76,42600,2,1,14,15,03903,36,3903
67,2000,1,1,17,16,04106,36,4106
85,130000,2,1,25,24,04102,36,4102
66,229200,1,1,9,10,04105,36,4105
81,21200,2,1,11,11,04103,36,4103
90,194900,1,1,17,17,04112,36,4112
71,38200,1,1,7,8,04105,36,4105
75,57000,1,1,19,19,03805,36,3805
81,48000,2,1,23,23,03702,36,3702
73,38500,1,1,5,4,04109,36,4109
69,21600,2,1,3,3,04108,36,4108
67,186600,2,1,10,10,04014,36,4014
73,81000,1,1,9,9,04005,36,4005
75,32900,2,1,38,38,04008,36,4008
78,15100,2,1,17,17,03710,36,3710
73,4300,1,1,10,10,03903,36,3903
73,36700,2,1,23,23,04017,36,4017
74,112000,2,1,14,13,04106,36,4106
77,22100,2,1,12,12,04014,36,4014
66,132500,1,1,19,19,04101,36,4101
78,103700,2,1,14,14,03804,36,3804
65,16100,2,1,7,7,04016,36,4016
75,165300,2,1,17,17,03902,36,3902
65,27100,2,1,14,14,04114,36,4114
80,49700,2,1,24,25,03808,36,3808
75,322900,2,1,14,14,03808,36,3808
71,134000,2,1,10,10,04114,36,4114
69,122000,2,1,19,19,03901,36,3901
76,20200,2,1,10,10,04105,36,4105
71,308000,2,1,14,14,03807,36,3807
78,24730,1,1,14,14,03903,36,3903
71,26700,2,1,23,23,04103,36,4103
69,68800,1,1,16,15,04109,36,4109
78,23600,2,1,26,27,03702,36,3702
74,30000,1,1,22,21,04004,36,4004
71,127000,2,1,11,11,04014,36,4014
94,83400,2,1,9,9,04107,36,4107
77,14000,2,1,88,88,04017,36,4017
83,8030,2,1,15,15,04106,36,4106
78,42500,2,1,26,26,03808,36,3808
67,70200,1,1,18,18,03901,36,3901
82,38300,1,1,23,22,03810,36,3810
94,19000,2,1,13,14,04110,36,4110
70,87240,2,1,12,12,04104,36,4104
80,14800,2,1,21,21,03805,36,3805
85,101000,2,1,12,13,04102,36,4102
84,36100,2,1,36,35,04106,36,4106
71,229000,1,1,21,21,03806,36,3806
73,383600,2,1,8,8,04103,36,4103
94,23000,2,1,15,15,04108,36,4108
81,8200,1,1,44,45,04001,36,4001
94,19000,1,1,14,15,04111,36,4111
70,31200,2,1,14,14,04107,36,4107
72,131400,1,1,17,17,04010,36,4010
67,2000,2,1,20,19,03808,36,3808
73,89150,2,1,16,16,04102,36,4102
65,88700,2,1,12,12,04105,36,4105
72,432200,2,1,20,20,03805,36,3805
66,23500,2,1,17,17,04101,36,4101
86,30500,2,1,30,31,04108,36,4108
71,22000,2,1,11,11,04018,36,4018
74,36000,2,1,12,12,04108,36,4108
68,185800,1,1,26,26,04012,36,4012
82,18000,2,1,24,24,03805,36,3805
88,12000,2,1,20,19,03809,36,3809
87,44300,1,1,27,26,03902,36,3902
69,111200,1,1,16,16,04113,36,4113
78,22900,2,1,11,11,04110,36,4110
67,80000,1,1,14,14,04108,36,4108
69,57700,1,1,12,12,03901,36,3901
76,66000,2,1,16,16,04104,36,4104
78,6600,2,1,17,17,04103,36,4103
75,58700,2,1,12,12,04109,36,4109
94,13200,2,1,15,14,04017,36,4017
74,4800,2,1,49,49,03810,36,3810
77,16200,1,1,15,16,03703,36,3703
67,90600,1,1,17,16,03810,36,3810
66,184000,2,1,12,12,04012,36,4012
67,96300,2,1,15,16,04113,36,4113
82,25800,2,1,15,15,04113,36,4113
77,53420,2,1,16,16,03801,36,3801
72,77200,2,1,13,14,03903,36,3903
94,40000,2,1,12,12,03903,36,3903
94,17600,2,1,13,13,04105,36,4105
68,471440,1,1,14,14,04106,36,4106
71,55500,1,1,13,13,03706,36,3706
67,37100,1,1,8,8,04005,36,4005
80,40200,2,1,19,20,04102,36,4102
66,110400,2,1,16,16,03705,36,3705
76,43050,2,1,13,13,04009,36,4009
66,124200,1,1,30,30,03810,36,3810
66,126800,2,1,13,12,03810,36,3810
66,85700,2,1,12,13,03901,36,3901
65,120600,1,1,21,22,03702,36,3702
66,78460,2,1,15,15,03702,36,3702
66,48100,1,1,22,22,04103,36,4103
86,10300,2,1,14,14,04007,36,4007
69,155600,2,1,17,17,03807,36,3807
84,216600,2,1,14,14,03704,36,3704
87,32500,2,1,18,18,04104,36,4104
83,23000,2,1,17,17,04104,36,4104
78,15600,2,1,18,18,03703,36,3703
73,36000,2,1,52,53,03703,36,3703
67,165000,2,1,10,10,04004,36,4004
81,16400,2,1,12,13,04014,36,4014
71,59890,1,1,12,12,04004,36,4004
67,228700,1,1,23,23,04010,36,4010
73,22200,2,1,17,17,04013,36,4013
67,43600,1,1,24,23,03703,36,3703
78,28100,2,1,17,17,03701,36,3701
67,70500,2,1,18,18,04102,36,4102
84,13000,2,1,19,19,04101,36,4101
69,33600,2,1,21,22,03801,36,3801
76,8400,1,1,20,20,03808,36,3808
76,42600,2,1,15,15,03901,36,3901
84,108700,2,1,13,14,04009,36,4009
69,186700,1,1,14,14,03805,36,3805
75,5800,2,1,54,55,04001,36,4001
70,1400,2,1,14,14,03809,36,3809
89,35800,1,1,15,16,03702,36,3702
67,101000,2,1,16,16,04110,36,4110
75,23100,1,1,12,12,04017,36,4017
76,187600,2,1,11,11,04112,36,4112
75,40200,2,1,15,15,03810,36,3810
72,13200,1,1,38,39,04104,36,4104
89,74900,2,1,17,17,04108,36,4108
76,5500,2,1,12,12,04102,36,4102
75,130000,2,1,19,20,03805,36,3805
68,85600,1,1,17,17,04105,36,4105
70,70000,1,1,10,10,04114,36,4114
78,12400,2,1,25,25,04108,36,4108
90,29400,2,1,11,12,04017,36,4017
72,40900,2,1,10,10,04014,36,4014
72,45600,1,1,14,14,03901,36,3901
74,30000,1,1,19,19,03805,36,3805
70,59300,2,1,24,24,04103,36,4103
84,97500,2,1,16,16,04013,36,4013
67,125180,1,1,15,15,04112,36,4112
76,46000,2,1,16,17,04103,36,4103
73,13000,2,1,15,15,04110,36,4110
73,46900,2,1,29,29,04013,36,4013
67,296000,1,1,18,18,03807,36,3807
80,10000,2,1,46,46,03805,36,3805
74,2800,2,1,24,24,04103,36,4103
73,391000,2,1,17,16,03810,36,3810
77,198000,2,1,14,14,04016,36,4016
74,44700,1,1,32,32,04109,36,4109
75,19000,1,1,12,12,04005,36,4005
65,127400,2,1,21,21,03807,36,3807
67,55200,2,1,15,15,04106,36,4106
72,484300,2,1,60,60,03805,36,3805
86,24100,2,1,9,9,03903,36,3903
86,58800,2,1,19,19,03902,36,3902
80,60000,1,1,10,9,04112,36,4112
74,81700,2,1,17,18,04106,36,4106
69,135500,2,1,19,19,03806,36,3806
80,22500,2,1,13,12,04014,36,4014
76,147000,2,1,20,19,04111,36,4111
66,84000,2,1,14,15,04106,36,4106
94,18000,2,1,12,13,04114,36,4114
74,40460,2,1,16,16,04103,36,4103
67,44700,2,1,17,17,04108,36,4108
68,7700,1,1,15,15,03702,36,3702
70,28100,1,1,15,15,03901,36,3901
79,45900,2,1,18,19,03709,36,3709
68,170000,1,1,14,14,04013,36,4013
76,86560,2,1,23,24,03902,36,3902
84,22860,1,1,11,11,04103,36,4103
75,11200,2,1,19,19,04113,36,4113
81,45200,2,1,21,22,03701,36,3701
84,431000,2,1,3,2,04016,36,4016
81,51700,2,1,15,15,04013,36,4013
75,55000,2,1,13,14,03702,36,3702
72,468200,2,1,16,15,03805,36,3805
79,0,2,1,18,17,03701,36,3701
75,24800,2,1,40,39,03702,36,3702
72,73350,2,1,8,8,04101,36,4101
72,44700,1,1,18,19,03801,36,3801
87,5000,1,1,17,17,03801,36,3801
80,34600,2,1,20,20,03806,36,3806
76,57400,2,1,14,14,04107,36,4107
74,40700,1,1,12,11,04009,36,4009
65,64900,1,1,22,22,04016,36,4016
71,32700,2,1,10,10,03901,36,3901
69,39900,2,1,25,26,03709,36,3709
74,260500,2,1,9,8,04014,36,4014
74,178500,2,1,16,16,04103,36,4103
82,6450,2,1,20,20,04107,36,4107
86,35100,1,1,62,62,04008,36,4008
68,68500,2,1,10,10,03709,36,3709
70,12000,2,1,13,12,04113,36,4113
69,215000,1,1,15,14,03901,36,3901
83,48400,2,1,15,14,03809,36,3809
71,69200,2,1,17,17,03808,36,3808
79,456000,2,1,5,6,03805,36,3805
94,98800,2,1,16,16,03805,36,3805
67,81000,1,1,9,8,04105,36,4105
79,32000,2,1,37,37,03702,36,3702
77,47500,2,1,14,14,04007,36,4007
80,49500,2,1,28,27,04009,36,4009
65,223250,2,1,26,25,04106,36,4106
76,34700,2,1,16,16,04106,36,4106
94,54700,2,1,15,16,04104,36,4104
87,14300,2,1,20,20,04104,36,4104
84,25100,2,1,14,15,04007,36,4007
73,82230,1,1,31,31,04110,36,4110
82,136700,2,1,9,9,04017,36,4017
84,18900,2,1,18,17,04113,36,4113
66,242600,1,1,4,4,04105,36,4105
81,46000,1,1,11,11,04112,36,4112
68,126500,1,1,16,16,04102,36,4102
75,16800,1,1,11,11,04112,36,4112
66,55000,1,1,15,14,04111,36,4111
75,74800,1,1,14,14,03807,36,3807
69,152300,2,1,14,14,04111,36,4111
72,335000,2,1,12,12,04011,36,4011
68,36800,2,1,15,15,03806,36,3806
81,32600,2,1,13,13,04014,36,4014
72,13200,2,1,11,11,04009,36,4009
71,194600,2,1,20,20,03901,36,3901
66,90000,2,1,38,38,03703,36,3703
76,257100,1,1,16,15,04012,36,4012
68,52800,1,1,15,14,04102,36,4102
72,31230,2,1,18,18,03702,36,3702
70,241000,2,1,13,13,03805,36,3805
66,16400,1,1,33,33,04002,36,4002
84,256000,2,1,13,13,04105,36,4105
73,63600,2,1,39,39,03702,36,3702
72,57304,1,1,10,10,04112,36,4112
65,123400,2,1,26,26,03810,36,3810
75,30000,2,1,17,17,03901,36,3901
80,128100,2,1,15,14,04104,36,4104
72,36000,2,1,17,17,04101,36,4101
75,9600,2,1,10,11,04111,36,4111
72,35200,1,1,14,14,04101,36,4101
80,81200,2,1,10,10,04105,36,4105
65,87000,1,1,15,15,04104,36,4104
70,105000,1,1,15,15,04011,36,4011
94,45400,2,1,31,30,04015,36,4015
65,72800,2,1,14,15,03902,36,3902
70,152400,2,1,33,34,04105,36,4105
68,34000,2,1,10,10,04013,36,4013
65,76600,2,1,12,13,04016,36,4016
74,70700,2,1,21,21,04103,36,4103
74,56900,2,1,16,16,04103,36,4103
67,1100,1,1,44,44,04008,36,4008
85,150300,1,1,23,24,04004,36,4004
74,38100,1,1,7,8,04105,36,4105
75,69300,2,1,24,24,04112,36,4112
88,58800,2,1,16,16,03901,36,3901
81,51000,2,1,17,17,03703,36,3703
70,129400,2,1,13,13,04103,36,4103
85,72400,2,1,9,9,03704,36,3704
66,12000,2,1,11,12,04109,36,4109
70,222900,2,1,20,20,03807,36,3807
65,107800,2,1,43,43,03805,36,3805
72,103000,1,1,17,17,04105,36,4105
67,63000,2,1,23,23,03802,36,3802
76,15800,2,1,23,23,03810,36,3810
72,49000,2,1,20,19,04013,36,4013
71,128780,1,1,9,10,04105,36,4105
73,261000,2,1,22,21,03805,36,3805
69,33700,2,1,52,52,03703,36,3703
78,157000,2,1,18,18,04108,36,4108
69,47500,1,1,16,16,04105,36,4105
83,21600,2,1,10,10,04105,36,4105
83,123800,2,1,14,14,04003,36,4003
66,53400,2,1,14,14,04108,36,4108
66,56300,2,1,8,9,04113,36,4113
65,161800,1,1,15,15,03902,36,3902
65,59600,2,1,16,16,04106,36,4106
72,153500,2,1,12,12,04015,36,4015
66,856900,1,1,18,19,03805,36,3805
67,119000,2,1,1,2,04112,36,4112
71,34100,1,1,19,18,03901,36,3901
74,12400,1,1,14,13,03901,36,3901
76,60000,1,1,18,17,04015,36,4015
77,309600,2,1,16,16,03805,36,3805
68,220000,2,1,5,6,04103,36,4103
87,15000,2,1,9,10,03702,36,3702
72,50400,1,1,13,13,03704,36,3704
69,47700,2,1,16,16,03805,36,3805
77,75300,1,1,13,13,03903,36,3903
71,37200,2,1,17,17,03805,36,3805
72,37600,1,1,22,22,03806,36,3806
77,26500,2,1,13,13,03902,36,3902
69,36100,1,1,18,17,04103,36,4103
84,24000,2,1,19,19,04109,36,4109
80,29780,2,1,20,20,04102,36,4102
65,80400,1,1,12,12,04110,36,4110
85,35720,2,1,11,11,04014,36,4014
74,160900,2,1,12,11,04017,36,4017
82,54200,2,1,19,18,04103,36,4103
69,206400,2,1,21,21,03806,36,3806
67,178980,1,1,20,20,03901,36,3901
74,130980,1,1,20,20,03701,36,3701
71,109000,2,1,22,21,03809,36,3809
74,66000,2,1,10,9,04016,36,4016
67,142200,1,1,10,9,04005,36,4005
85,16700,2,1,22,22,04009,36,4009
72,58800,2,1,8,9,04017,36,4017
73,12100,2,1,19,19,03809,36,3809
94,28500,2,1,33,33,04104,36,4104
94,34600,2,1,13,13,04009,36,4009
89,61300,2,1,4,4,04112,36,4112
69,31800,1,1,13,12,04009,36,4009
80,68700,2,1,12,13,03701,36,3701
84,137780,2,1,14,14,04006,36,4006
88,23250,2,1,14,14,04110,36,4110
80,231000,2,1,19,19,03805,36,3805
74,58400,2,1,22,22,03808,36,3808
85,12280,1,1,16,16,04006,36,4006
83,42200,2,1,16,16,04016,36,4016
71,151000,2,1,23,24,03806,36,3806
68,233000,2,1,20,20,03806,36,3806
71,18400,2,1,14,14,04012,36,4012
81,13200,1,1,43,43,04103,36,4103
85,50400,1,1,13,14,04015,36,4015
72,11400,2,1,8,7,04016,36,4016
90,47500,2,1,15,15,03701,36,3701
85,61200,2,1,10,10,04007,36,4007
66,79100,2,1,81,81,04101,36,4101
76,46000,2,1,9,9,04114,36,4114
68,71300,2,1,20,20,03805,36,3805
82,118300,2,1,11,11,04008,36,4008
72,10800,2,1,21,21,04001,36,4001
86,75000,2,1,13,13,04009,36,4009
72,54200,2,1,13,13,04017,36,4017
75,113600,2,1,19,19,03805,36,3805
83,14100,2,1,27,28,03903,36,3903
87,10600,2,1,16,16,03709,36,3709
72,162500,1,1,10,10,04016,36,4016
78,98700,2,1,25,25,04112,36,4112
79,58500,2,1,15,15,03702,36,3702
83,24800,2,1,22,21,03807,36,3807
85,13800,2,1,13,13,04111,36,4111
74,373800,1,1,13,13,04005,36,4005
85,11000,2,1,13,13,04018,36,4018
79,3100,2,1,18,17,04111,36,4111
65,102000,2,1,17,17,03901,36,3901
76,54100,2,1,13,13,04111,36,4111
67,12000,2,1,10,10,04113,36,4113
79,130900,1,1,9,8,04016,36,4016
84,11200,2,1,22,22,03805,36,3805
65,34820,2,1,42,41,04013,36,4013
69,31500,2,1,22,22,03805,36,3805
85,25340,2,1,15,16,04103,36,4103
75,243100,2,1,18,18,04105,36,4105
76,17200,2,1,13,13,04009,36,4009
79,31360,2,1,19,20,03802,36,3802
65,11800,2,1,3,2,04009,36,4009
71,193400,2,1,37,36,03702,36,3702
65,26200,2,1,34,35,04113,36,4113
73,68400,1,1,23,22,03701,36,3701
79,48610,2,1,22,21,04104,36,4104
77,146000,2,1,22,22,03808,36,3808
86,46900,2,1,12,12,03809,36,3809
75,23600,2,1,13,13,04113,36,4113
70,26900,2,1,12,12,04003,36,4003
68,12380,2,1,15,15,04110,36,4110
77,8900,2,1,10,10,03804,36,3804
78,63600,2,1,18,18,04109,36,4109
69,746000,2,1,22,21,03806,36,3806
79,210800,2,1,18,18,03810,36,3810
71,72500,2,1,15,15,03902,36,3902
75,14000,2,1,11,12,04104,36,4104
66,43100,1,1,33,33,03901,36,3901
68,97400,1,1,11,11,04017,36,4017
70,66800,2,1,15,15,04017,36,4017
74,54800,2,1,13,13,04111,36,4111
69,500,2,1,12,11,04112,36,4112
76,48100,2,1,17,17,04109,36,4109
94,19900,2,1,17,17,03703,36,3703
75,245700,2,1,19,19,03805,36,3805
79,21700,2,1,13,13,03901,36,3901
67,57800,2,1,27,28,04013,36,4013
94,7000,2,1,18,19,04108,36,4108
79,78400,1,1,17,17,04113,36,4113
69,114200,2,1,12,12,04106,36,4106
65,205500,2,1,10,10,03805,36,3805
67,49500,2,1,15,15,04016,36,4016
65,43700,2,1,36,35,04109,36,4109
86,44650,2,1,13,13,04104,36,4104
80,18200,2,1,53,53,04114,36,4114
65,115000,2,1,21,21,03805,36,3805
67,11000,2,1,13,13,03902,36,3902
68,92000,1,1,35,35,04001,36,4001
80,226000,2,1,20,20,03808,36,3808
74,77000,2,1,10,10,04105,36,4105
76,31800,2,1,14,14,04110,36,4110
74,26000,2,1,8,9,04009,36,4009
71,157000,1,1,17,17,04114,36,4114
75,0,1,1,23,23,04008,36,4008
83,22100,2,1,23,23,03806,36,3806
70,58800,1,1,16,16,04009,36,4009
68,23700,2,1,10,10,04016,36,4016
74,107950,2,1,15,14,04101,36,4101
90,203230,2,1,19,20,04017,36,4017
69,170200,1,1,15,14,04103,36,4103
88,163800,2,1,13,13,04114,36,4114
78,38900,2,1,9,9,03706,36,3706
73,208400,1,1,22,21,04010,36,4010
86,215400,2,1,18,18,03701,36,3701
85,21000,2,1,15,14,04112,36,4112
84,62000,2,1,18,18,04001,36,4001
65,205000,1,1,23,22,03806,36,3806
68,97800,2,1,16,15,04010,36,4010
69,23780,2,1,18,18,04110,36,4110
76,29400,1,1,6,6,04112,36,4112
85,47700,2,1,9,8,04114,36,4114
82,57100,2,1,17,16,03708,36,3708
75,23300,2,1,17,17,03703,36,3703
73,12800,2,1,10,10,04016,36,4016
94,23500,2,1,15,15,04105,36,4105
77,81600,1,1,13,13,04017,36,4017
65,178500,2,1,22,22,04104,36,4104
76,56000,2,1,10,10,04106,36,4106
72,23500,2,1,38,38,03704,36,3704
86,55500,1,1,18,19,04112,36,4112
81,40200,1,1,14,14,04111,36,4111
76,23600,2,1,14,13,03704,36,3704
79,41000,2,1,7,8,04017,36,4017
88,51800,2,1,15,14,04016,36,4016
74,16700,1,1,11,11,04017,36,4017
74,20600,1,1,16,16,04102,36,4102
66,340800,2,1,17,17,03809,36,3809
70,149200,2,1,46,45,03901,36,3901
65,76000,1,1,29,29,04111,36,4111
70,23700,2,1,13,12,04001,36,4001
65,50700,1,1,5,5,04104,36,4104
72,75000,2,1,15,14,04104,36,4104
72,17700,2,1,16,15,04004,36,4004
84,26130,2,1,13,14,04106,36,4106
79,22700,2,1,13,13,03704,36,3704
84,21300,2,1,7,7,03702,36,3702
75,42790,2,1,23,23,03805,36,3805
67,186600,1,1,24,23,04113,36,4113
85,27980,2,1,21,21,03807,36,3807
68,90900,1,1,23,23,04109,36,4109
74,32000,2,1,24,23,03810,36,3810
70,36400,2,1,14,15,04017,36,4017
68,173500,2,1,21,21,04018,36,4018
74,79200,1,1,14,14,04110,36,4110
80,45300,2,1,11,12,03903,36,3903
68,139100,1,1,14,15,04110,36,4110
69,129700,1,1,29,29,04105,36,4105
65,121000,2,1,13,13,04018,36,4018
71,54000,2,1,21,20,04103,36,4103
66,49000,2,1,26,27,03808,36,3808
79,27900,2,1,32,32,03805,36,3805
65,14800,1,1,41,40,04112,36,4112
68,26100,1,1,26,26,04010,36,4010
88,61000,2,1,19,19,03810,36,3810
79,148920,2,1,16,16,04013,36,4013
66,324300,1,1,18,18,03805,36,3805
78,15900,2,1,24,23,03808,36,3808
71,21500,2,1,11,11,04103,36,4103
83,27300,1,1,15,15,03903,36,3903
77,18500,2,1,15,15,03809,36,3809
87,15700,2,1,17,17,04103,36,4103
76,17500,2,1,13,14,04107,36,4107
67,29700,2,1,13,12,04017,36,4017
66,37500,2,1,15,15,03703,36,3703
65,166900,1,1,15,14,03805,36,3805
82,28100,2,1,18,17,04017,36,4017
75,59400,1,1,12,12,04112,36,4112
65,172000,2,1,21,20,03903,36,3903
82,31300,1,1,28,29,04015,36,4015
65,75700,2,1,16,16,04105,36,4105
82,6000,2,1,45,45,04012,36,4012
68,64100,2,1,19,20,03901,36,3901
76,93800,1,1,14,14,04107,36,4107
68,54070,2,1,14,14,03701,36,3701
83,56500,2,1,17,17,04015,36,4015
86,26000,2,1,23,23,04009,36,4009
67,76400,1,1,22,22,03806,36,3806
65,105000,1,1,13,14,04106,36,4106
88,42200,2,1,13,13,04105,36,4105
67,145700,2,1,14,14,03902,36,3902
88,44600,2,1,15,16,04001,36,4001
79,14500,2,1,12,12,04016,36,4016
67,9300,2,1,21,21,04015,36,4015
69,85610,1,1,10,11,04104,36,4104
74,320000,2,1,18,19,03805,36,3805
70,38000,1,1,15,16,03704,36,3704
75,39600,2,1,10,10,04016,36,4016
76,14700,2,1,17,17,03703,36,3703
71,9600,1,1,23,23,04010,36,4010
73,52900,2,1,17,16,04018,36,4018
85,13900,2,1,13,13,04013,36,4013
66,1006000,2,1,15,14,03805,36,3805
72,25000,2,1,12,12,04114,36,4114
66,95810,2,1,13,13,03902,36,3902
69,42800,1,1,12,12,04010,36,4010
71,7500,2,1,40,40,04015,36,4015
70,29800,2,1,4,4,04112,36,4112
81,130700,2,1,18,19,04103,36,4103
79,65200,2,1,20,19,03701,36,3701
76,47900,2,1,20,20,04108,36,4108
73,182200,2,1,29,29,03902,36,3902
71,35000,1,1,13,14,04106,36,4106
74,58600,2,1,17,17,04103,36,4103
69,66400,2,1,19,18,04109,36,4109
72,43200,2,1,12,12,04105,36,4105
67,40000,1,1,26,27,04010,36,4010
94,19800,2,1,12,12,04016,36,4016
85,26700,2,1,14,14,03704,36,3704
85,28100,2,1,12,12,04018,36,4018
77,71000,2,1,26,25,03903,36,3903
67,28000,2,1,9,9,04108,36,4108
85,91900,2,1,16,16,03903,36,3903
74,114420,2,1,20,20,03703,36,3703
69,20000,1,1,30,30,04012,36,4012
67,80510,2,1,13,13,04104,36,4104
65,23400,2,1,68,68,04113,36,4113
66,75000,1,1,24,23,03702,36,3702
68,110000,1,1,20,20,03901,36,3901
84,22000,2,1,35,35,04107,36,4107
65,15000,2,1,36,37,04009,36,4009
76,25900,2,1,14,14,04016,36,4016
76,17200,1,1,37,38,03902,36,3902
80,54000,2,1,11,10,04005,36,4005
78,33500,2,1,28,29,03701,36,3701
69,109100,2,1,14,14,04104,36,4104
65,98300,1,1,13,13,04105,36,4105
82,41310,2,1,23,22,04104,36,4104
71,158900,1,1,22,23,03903,36,3903
71,11600,1,1,13,13,04110,36,4110
78,87600,1,1,13,14,04109,36,4109
73,21000,2,1,21,22,03805,36,3805
74,138100,2,1,17,17,04106,36,4106
69,32900,1,1,18,17,04103,36,4103
74,121620,1,1,13,13,04105,36,4105
71,125500,2,1,11,11,03806,36,3806
66,60000,1,1,11,12,04016,36,4016
66,39100,2,1,20,19,04113,36,4113
75,36500,2,1,24,24,03808,36,3808
76,1375600,2,1,23,23,03806,36,3806
72,54850,1,1,19,19,03702,36,3702
72,92000,2,1,16,16,04101,36,4101
78,50800,2,1,14,14,04003,36,4003
76,46300,2,1,25,26,04106,36,4106
67,84700,1,1,16,16,04108,36,4108
74,66200,2,1,25,25,03703,36,3703
67,0,2,1,9,9,04018,36,4018
83,123900,2,1,9,9,04112,36,4112
65,87600,2,1,12,12,04105,36,4105
82,47220,2,1,8,8,04013,36,4013
84,19600,2,1,13,14,04008,36,4008
71,47600,1,1,17,18,03901,36,3901
67,126600,2,1,14,13,03902,36,3902
87,18000,2,1,18,19,04014,36,4014
86,0,1,1,13,13,03704,36,3704
68,91000,2,1,17,18,04017,36,4017
81,24700,2,1,34,33,03709,36,3709
79,15600,2,1,20,21,03901,36,3901
78,25000,1,1,17,17,04010,36,4010
65,123400,1,1,53,54,04009,36,4009
70,68800,1,1,31,32,03703,36,3703
74,79800,1,1,16,17,04003,36,4003
83,218400,2,1,15,15,04108,36,4108
69,75000,1,1,16,17,04008,36,4008
80,21400,2,1,13,13,04104,36,4104
65,50000,1,1,18,18,03903,36,3903
94,63310,1,1,14,14,03903,36,3903
80,81800,1,1,16,16,03901,36,3901
68,581400,2,1,17,17,04107,36,4107
83,532000,2,1,18,17,04010,36,4010
78,17600,2,1,14,14,03901,36,3901
89,0,2,1,22,21,04103,36,4103
66,225100,2,1,28,28,04106,36,4106
77,43400,1,1,16,16,04111,36,4111
73,91500,1,1,29,30,03702,36,3702
65,47300,2,1,16,16,04103,36,4103
71,93600,1,1,30,31,03710,36,3710
69,29830,2,1,20,20,03903,36,3903
79,3000,2,1,16,16,04009,36,4009
79,20680,2,1,17,17,04101,36,4101
67,13500,1,1,7,7,04017,36,4017
65,136000,2,1,17,17,03808,36,3808
80,13000,1,1,60,60,03902,36,3902
69,35300,1,1,11,10,03903,36,3903
81,24000,2,1,18,18,03902,36,3902
89,47800,2,1,8,9,04106,36,4106
75,50100,2,1,11,11,04110,36,4110
69,90600,1,1,14,14,04014,36,4014
65,82600,1,1,1,1,04103,36,4103
67,277300,1,1,17,17,04105,36,4105
72,77900,2,1,54,54,04006,36,4006
70,39500,2,1,11,11,03901,36,3901
65,19000,1,1,33,33,04006,36,4006
81,31280,2,1,16,16,04015,36,4015
68,28100,1,1,11,11,03901,36,3901
69,50900,1,1,11,11,04110,36,4110
79,24000,2,1,32,32,04013,36,4013
68,11300,2,1,20,19,04103,36,4103
66,45030,1,1,21,20,03710,36,3710
71,15400,1,1,47,48,04010,36,4010
83,83500,2,1,9,8,03901,36,3901
68,62600,1,1,16,17,04104,36,4104
87,20400,2,1,20,21,04009,36,4009
65,440000,2,1,10,10,04016,36,4016
89,13200,2,1,40,41,04017,36,4017
79,150300,1,1,10,10,03705,36,3705
69,209300,2,1,12,13,03902,36,3902
69,30800,2,1,12,12,03901,36,3901
94,12000,1,1,17,17,03807,36,3807
70,80000,1,1,37,38,04002,36,4002
69,20800,2,1,18,18,03808,36,3808
70,37100,2,1,42,41,04018,36,4018
72,33000,2,1,8,9,04107,36,4107
80,21600,2,1,11,11,04018,36,4018
72,0,2,1,10,10,04017,36,4017
73,400,2,1,11,11,04012,36,4012
67,105600,1,1,24,23,03702,36,3702
76,14500,2,1,24,25,04006,36,4006
67,21400,2,1,28,29,03705,36,3705
73,75100,2,1,12,13,04114,36,4114
94,38400,2,1,41,40,04016,36,4016
66,28500,2,1,45,45,03901,36,3901
67,149300,2,1,27,26,04106,36,4106
79,26700,2,1,14,14,04016,36,4016
79,118110,2,1,11,12,04114,36,4114
75,94000,2,1,17,17,03902,36,3902
75,69300,1,1,16,16,03701,36,3701
78,22400,2,1,14,13,03704,36,3704
66,50000,2,1,14,13,04102,36,4102
79,205900,2,1,15,15,04105,36,4105
65,13400,2,1,38,37,04110,36,4110
84,65200,1,1,65,65,03808,36,3808
67,142200,1,1,15,15,03903,36,3903
65,160000,1,1,10,10,04104,36,4104
75,50800,1,1,30,30,03903,36,3903
67,126530,1,1,23,22,04113,36,4113
90,60000,2,1,13,13,03903,36,3903
69,61640,2,1,16,16,03901,36,3901
69,105600,1,1,4,4,04105,36,4105
65,123800,1,1,23,24,04005,36,4005
69,74700,2,1,13,14,04015,36,4015
67,61000,2,1,8,8,04104,36,4104
71,53200,2,1,10,10,03903,36,3903
77,103600,2,1,10,11,04015,36,4015
85,10000,2,1,15,15,04106,36,4106
66,82400,1,1,13,12,04111,36,4111
85,6000,2,1,15,15,03902,36,3902
94,6400,1,1,19,19,03709,36,3709
90,104500,2,1,10,10,04111,36,4111
85,39500,1,1,33,33,04112,36,4112
78,30000,2,1,45,45,03802,36,3802
85,61000,2,1,19,20,04103,36,4103
88,77100,2,1,13,13,04111,36,4111
74,55200,1,1,27,26,04008,36,4008
94,41000,2,1,11,11,04101,36,4101
71,35200,1,1,22,23,04008,36,4008
65,86800,2,1,7,6,04013,36,4013
65,65600,2,1,12,12,04017,36,4017
77,74500,2,1,16,16,04106,36,4106
66,22600,2,1,10,10,04007,36,4007
76,18400,2,1,14,14,04001,36,4001
73,75800,2,1,13,13,04010,36,4010
72,28500,2,1,11,11,04010,36,4010
85,48120,2,1,17,18,04009,36,4009
74,39100,1,1,17,17,04010,36,4010
74,8400,1,1,53,53,03902,36,3902
70,224500,2,1,14,14,04103,36,4103
82,50300,2,1,13,13,04103,36,4103
81,106000,1,1,19,19,04018,36,4018
73,43000,2,1,21,21,04105,36,4105
70,23700,2,1,16,16,03805,36,3805
66,120600,1,1,13,13,04010,36,4010
69,47900,1,1,14,14,04004,36,4004
81,137500,1,1,17,16,04001,36,4001
65,146900,2,1,18,18,04109,36,4109
79,4800,2,1,30,29,04003,36,4003
69,102000,1,1,11,12,04113,36,4113
94,41250,2,1,12,12,04113,36,4113
81,17800,1,1,18,18,04018,36,4018
84,88400,1,1,15,15,04011,36,4011
67,20000,2,1,27,27,04108,36,4108
74,140430,2,1,16,15,03805,36,3805
83,32720,2,1,18,18,03703,36,3703
71,50800,1,1,24,25,04010,36,4010
67,34000,2,1,14,13,04109,36,4109
76,31680,2,1,6,5,04106,36,4106
69,24700,1,1,21,21,03805,36,3805
80,67800,1,1,58,59,03806,36,3806
94,13700,2,1,16,15,04015,36,4015
75,15100,2,1,17,18,03901,36,3901
70,258700,2,1,19,19,03701,36,3701
77,0,2,1,16,16,04009,36,4009
83,107000,2,1,10,9,04015,36,4015
72,34800,1,1,24,23,04106,36,4106
87,0,2,1,16,16,04110,36,4110
65,144800,2,1,14,14,04010,36,4010
75,31000,2,1,23,23,04017,36,4017
79,20400,2,1,28,27,04010,36,4010
72,34200,1,1,16,15,03805,36,3805
71,23400,2,1,16,17,03703,36,3703
94,18300,2,1,35,35,04017,36,4017
68,25000,1,1,19,19,03702,36,3702
70,37400,2,1,15,15,04013,36,4013
67,42000,1,1,35,36,04016,36,4016
75,17200,1,1,15,15,03702,36,3702
84,45800,2,1,11,11,03901,36,3901
88,62000,2,1,13,13,04112,36,4112
85,12000,2,1,14,14,03704,36,3704
71,14400,2,1,23,23,03703,36,3703
69,155500,1,1,17,17,04009,36,4009
86,26600,2,1,11,12,04014,36,4014
66,10700,2,1,16,15,03805,36,3805
71,46900,1,1,11,11,04106,36,4106
70,45900,1,1,11,10,04003,36,4003
77,70700,2,1,17,16,03902,36,3902
69,29100,1,1,16,16,04113,36,4113
83,110650,1,1,15,15,04105,36,4105
67,150400,1,1,4,4,04008,36,4008
74,33000,2,1,15,16,04006,36,4006
67,77000,1,1,17,17,04112,36,4112
80,125900,2,1,20,20,03703,36,3703
69,16900,2,1,9,9,04014,36,4014
71,20600,2,1,41,41,04018,36,4018
71,51600,2,1,15,16,04106,36,4106
82,56000,1,1,18,18,04103,36,4103
87,13000,2,1,24,23,03806,36,3806
69,137300,2,1,16,16,04010,36,4010
76,14600,2,1,19,19,04009,36,4009
70,145600,1,1,39,39,04105,36,4105
89,34100,2,1,33,33,04109,36,4109
84,26700,1,1,28,28,04009,36,4009
69,74300,1,1,7,8,04112,36,4112
75,169700,1,1,29,29,04105,36,4105
68,65800,1,1,16,16,03901,36,3901
65,88800,1,1,5,5,04009,36,4009
87,18400,2,1,11,11,04110,36,4110
67,19600,2,1,19,19,04002,36,4002
94,20000,2,1,21,21,04102,36,4102
74,106500,1,1,33,32,04001,36,4001
71,118000,1,1,19,20,03702,36,3702
72,50000,2,1,14,14,04114,36,4114
67,84800,2,1,13,13,04112,36,4112
86,39000,2,1,12,12,04111,36,4111
79,18000,2,1,24,23,03709,36,3709
66,55700,2,1,21,22,04008,36,4008
71,222000,2,1,14,14,03810,36,3810
85,23000,2,1,16,16,03901,36,3901
79,244800,2,1,20,20,04103,36,4103
72,121100,1,1,14,14,04105,36,4105
74,12300,1,1,39,39,04015,36,4015
72,65500,2,1,12,11,04112,36,4112
80,259800,2,1,13,14,03805,36,3805
68,171400,1,1,5,5,03807,36,3807
80,32300,2,1,15,16,04111,36,4111
80,32000,2,1,14,15,03901,36,3901
74,141500,2,1,13,13,03808,36,3808
65,23100,2,1,12,11,04110,36,4110
84,145200,2,1,20,20,04103,36,4103
82,27960,2,1,11,12,04014,36,4014
75,43600,2,1,19,19,04018,36,4018
87,52600,2,1,13,13,04017,36,4017
77,18000,2,1,14,15,04107,36,4107
66,162800,2,1,15,15,04010,36,4010
71,65100,1,1,12,11,03901,36,3901
75,42220,2,1,10,10,04013,36,4013
68,95700,2,1,15,15,04014,36,4014
69,38800,1,1,30,30,04110,36,4110
76,15300,2,1,19,20,04103,36,4103
73,282500,1,1,43,43,04111,36,4111
67,26750,2,1,21,21,04113,36,4113
83,12000,2,1,12,12,04017,36,4017
69,33400,1,1,51,52,04113,36,4113
77,30800,1,1,13,13,04110,36,4110
85,9300,2,1,19,19,04102,36,4102
85,99800,2,1,1,2,04014,36,4014
82,19200,2,1,15,15,04105,36,4105
94,23400,2,1,15,14,03903,36,3903
66,71100,2,1,18,18,03810,36,3810
75,20800,2,1,14,14,04114,36,4114
72,25100,2,1,13,13,03805,36,3805
85,22500,2,1,14,14,03703,36,3703
72,167500,2,1,14,14,04111,36,4111
72,116410,1,1,5,5,04005,36,4005
84,28540,1,1,16,16,04102,36,4102
76,68000,2,1,9,8,04105,36,4105
94,42000,2,1,18,18,03802,36,3802
65,413400,2,1,17,17,03808,36,3808
68,362200,1,1,22,22,03808,36,3808
90,43400,2,1,19,20,03703,36,3703
75,135100,1,1,34,34,04008,36,4008
71,27500,2,1,16,16,04110,36,4110
72,80700,2,1,7,7,04014,36,4014
78,27600,2,1,39,39,04105,36,4105
70,33600,2,1,21,21,04011,36,4011
76,71100,2,1,14,14,04108,36,4108
79,24300,2,1,15,14,04017,36,4017
71,38000,2,1,36,36,04112,36,4112
65,22300,2,1,58,58,03901,36,3901
66,34000,2,1,12,13,04104,36,4104
75,31470,1,1,10,10,04006,36,4006
80,1000,1,1,39,40,04112,36,4112
68,278000,1,1,12,12,03903,36,3903
89,9600,2,1,18,18,04016,36,4016
72,26200,2,1,22,22,04102,36,4102
80,3500,2,1,18,18,03702,36,3702
78,38400,2,1,34,33,04014,36,4014
74,46800,2,1,11,11,03901,36,3901
81,28500,2,1,17,17,03805,36,3805
74,23900,1,1,18,19,04105,36,4105
94,29100,1,1,23,23,04006,36,4006
78,61800,2,1,14,14,04014,36,4014
70,12000,1,1,17,17,03902,36,3902
71,73000,1,1,18,18,04114,36,4114
67,197400,2,1,13,13,03805,36,3805
66,34900,1,1,12,12,04017,36,4017
74,77500,2,1,27,27,04103,36,4103
69,125000,2,1,26,26,04008,36,4008
65,280700,1,1,23,22,03903,36,3903
80,126100,2,1,11,10,04017,36,4017
83,34600,1,1,12,13,04002,36,4002
79,36400,2,1,18,18,04017,36,4017
65,87000,1,1,25,25,03702,36,3702
89,50100,2,1,16,17,04011,36,4011
81,90100,2,1,33,33,04112,36,4112
72,111490,1,1,18,17,04104,36,4104
77,0,2,1,11,11,04110,36,4110
94,51200,2,1,15,14,04111,36,4111
70,39000,2,1,12,13,04111,36,4111
81,50400,2,1,12,13,04110,36,4110
68,300400,1,1,15,15,03704,36,3704
65,78400,1,1,29,29,03706,36,3706
77,26400,1,1,23,23,04004,36,4004
78,36200,2,1,13,13,04012,36,4012
85,29000,2,1,16,16,04012,36,4012
66,38000,2,1,10,11,04108,36,4108
84,112100,2,1,16,16,04009,36,4009
65,71600,1,1,14,14,04101,36,4101
80,12400,2,1,10,9,04113,36,4113
78,35200,2,1,17,17,04108,36,4108
75,32500,2,1,18,18,03902,36,3902
75,23780,2,1,17,16,03903,36,3903
80,1525000,2,1,14,14,03807,36,3807
75,140300,1,1,4,5,04005,36,4005
65,35000,2,1,13,13,04010,36,4010
66,1017200,2,1,11,11,03805,36,3805
70,46000,2,1,36,36,04105,36,4105
70,49100,2,1,17,17,04108,36,4108
71,40600,2,1,55,55,04015,36,4015
66,28000,2,1,13,13,04110,36,4110
88,15600,1,1,21,20,04106,36,4106
76,24000,2,1,16,15,04103,36,4103
83,33200,2,1,19,19,04016,36,4016
66,80500,1,1,24,23,03810,36,3810
94,40000,2,1,10,10,04110,36,4110
74,11000,2,1,11,12,04104,36,4104
88,30200,2,1,17,16,04112,36,4112
65,1600,1,1,12,12,04113,36,4113
67,21900,2,1,14,14,04109,36,4109
71,58200,2,1,13,14,03901,36,3901
66,48950,2,1,29,29,04008,36,4008
88,15000,2,1,12,12,04103,36,4103
86,39900,2,1,25,26,04104,36,4104
86,28100,2,1,17,18,03901,36,3901
86,12900,2,1,22,21,04103,36,4103
69,108000,2,1,27,27,03901,36,3901
75,150850,2,1,8,8,04015,36,4015
79,12840,2,1,16,16,04104,36,4104
69,106200,2,1,31,31,03901,36,3901
86,65000,2,1,18,18,04108,36,4108
77,20800,2,1,8,9,04017,36,4017
73,91600,1,1,72,72,04113,36,4113
79,21600,2,1,9,8,04106,36,4106
71,97800,1,1,20,20,03808,36,3808
69,35900,2,1,13,14,03903,36,3903
83,122800,2,1,4,5,04105,36,4105
83,59000,2,1,8,8,04112,36,4112
67,385100,1,1,15,14,04110,36,4110
78,198700,1,1,29,30,04004,36,4004
66,398000,1,1,20,20,03805,36,3805
85,35900,2,1,12,12,04101,36,4101
75,20200,1,1,41,40,03709,36,3709
73,45800,2,1,21,22,04004,36,4004
73,159800,2,1,34,34,04104,36,4104
71,0,1,1,16,16,04112,36,4112
89,6700,2,1,8,7,04108,36,4108
68,24700,2,1,15,16,03806,36,3806
65,161400,2,1,15,15,04017,36,4017
83,30800,2,1,15,15,04105,36,4105
88,18200,2,1,25,26,04106,36,4106
65,60500,2,1,16,16,04113,36,4113
75,9600,2,1,12,12,04112,36,4112
74,9600,2,1,13,13,04103,36,4103
68,70050,1,1,12,13,04009,36,4009
87,14000,2,1,11,11,04016,36,4016
83,11400,2,1,12,12,04113,36,4113
72,111500,1,1,16,16,03808,36,3808
79,25800,2,1,19,20,04013,36,4013
72,89400,1,1,11,11,04004,36,4004
82,20500,2,1,10,9,04007,36,4007
74,149200,2,1,17,17,03806,36,3806
70,53600,2,1,27,27,04108,36,4108
70,77000,2,1,11,11,04110,36,4110
70,53000,2,1,18,18,03902,36,3902
72,16380,2,1,29,29,04110,36,4110
80,32400,2,1,16,16,04014,36,4014
73,223300,2,1,12,12,04101,36,4101
80,130000,2,1,18,18,03704,36,3704
65,126900,2,1,16,16,04106,36,4106
72,22600,2,1,14,14,03903,36,3903
71,26000,2,1,11,11,04016,36,4016
73,11000,2,1,21,21,03903,36,3903
76,54000,2,1,8,8,04111,36,4111
77,75600,2,1,18,18,03902,36,3902
84,83980,2,1,16,16,04005,36,4005
76,29400,1,1,12,12,03709,36,3709
73,80800,2,1,14,13,04114,36,4114
73,50000,2,1,22,21,03805,36,3805
66,42000,2,1,11,11,04016,36,4016
76,70300,2,1,17,17,04104,36,4104
68,1071000,2,1,19,18,03806,36,3806
66,98000,2,1,13,13,04113,36,4113
74,58000,2,1,13,13,03809,36,3809
79,19000,1,1,18,18,04105,36,4105
82,34500,2,1,14,14,03902,36,3902
85,41600,2,1,30,29,04008,36,4008
67,31500,2,1,15,15,03702,36,3702
82,297000,1,1,17,17,03808,36,3808
77,38804,2,1,29,29,04107,36,4107
82,12000,2,1,10,11,04102,36,4102
71,28600,2,1,40,41,03703,36,3703
77,35500,1,1,13,13,04102,36,4102
82,5000,2,1,16,15,03703,36,3703
84,10100,2,1,30,31,04008,36,4008
84,69040,2,1,13,13,04101,36,4101
65,54300,2,1,12,12,04104,36,4104
66,50100,1,1,16,16,04104,36,4104
82,50700,2,1,27,26,03902,36,3902
72,14400,2,1,29,29,03703,36,3703
67,24300,1,1,10,10,04017,36,4017
65,133700,2,1,13,13,03903,36,3903
78,262000,1,1,9,9,04015,36,4015
76,37800,2,1,23,24,04113,36,4113
72,84700,1,1,15,15,04108,36,4108
71,44100,2,1,20,20,03807,36,3807
83,24690,2,1,13,13,04106,36,4106
68,47000,1,1,11,12,04010,36,4010
80,25200,2,1,35,36,04105,36,4105
66,152100,1,1,17,17,04103,36,4103
66,168400,2,1,46,46,03810,36,3810
69,143600,2,1,13,12,04010,36,4010
70,47100,1,1,16,17,04111,36,4111
65,112000,2,1,14,14,04017,36,4017
86,58000,2,1,16,16,03806,36,3806
67,33000,1,1,11,11,04112,36,4112
94,16800,2,1,24,24,04017,36,4017
68,15404,1,1,17,17,04113,36,4113
85,131000,1,1,14,13,04103,36,4103
70,28600,2,1,19,19,04113,36,4113
74,39200,2,1,10,10,03901,36,3901
67,26400,1,1,21,21,04001,36,4001
80,14400,2,1,12,12,04109,36,4109
76,20200,2,1,18,18,04113,36,4113
74,48300,2,1,22,22,03806,36,3806
65,95800,1,1,6,7,04002,36,4002
75,11900,1,1,10,10,04110,36,4110
77,7900,2,1,19,19,03803,36,3803
71,267400,1,1,27,27,04111,36,4111
71,25000,1,1,11,11,03901,36,3901
70,12000,2,1,30,30,04104,36,4104
71,137500,2,1,11,10,04105,36,4105
65,190700,1,1,12,12,04114,36,4114
83,61400,2,1,13,13,04017,36,4017
72,57800,1,1,15,15,04008,36,4008
77,108800,2,1,14,14,03901,36,3901
86,59500,2,1,17,17,04103,36,4103
65,252020,1,1,21,21,03701,36,3701
79,30100,2,1,16,16,04110,36,4110
94,123000,2,1,20,20,03807,36,3807
66,22500,2,1,17,17,04016,36,4016
76,49200,1,1,14,14,04003,36,4003
69,115600,1,1,15,16,03704,36,3704
73,131000,2,1,15,15,04103,36,4103
70,63800,1,1,25,25,04106,36,4106
79,194800,1,1,13,13,04105,36,4105
69,30800,2,1,29,29,04009,36,4009
66,153240,2,1,11,11,04103,36,4103
80,18000,2,1,15,15,04105,36,4105
65,96800,2,1,25,25,04006,36,4006
68,89500,2,1,54,54,03808,36,3808
74,33500,1,1,18,18,04113,36,4113
88,28900,2,1,24,23,04018,36,4018
68,187500,1,1,17,18,04002,36,4002
69,643520,2,1,20,20,03808,36,3808
72,33000,2,1,19,18,03805,36,3805
65,42160,2,1,15,15,04009,36,4009
82,27530,2,1,14,14,04104,36,4104
72,108430,1,1,7,7,04001,36,4001
67,71800,1,1,11,11,04016,36,4016
75,37200,2,1,29,29,04103,36,4103
65,208600,1,1,60,60,03807,36,3807
86,70200,2,1,11,10,04017,36,4017
84,22500,2,1,15,16,04103,36,4103
75,75100,2,1,14,14,04010,36,4010
72,19130,2,1,19,18,04112,36,4112
79,29500,2,1,15,15,04102,36,4102
69,83400,2,1,19,19,04105,36,4105
66,32000,2,1,12,13,03801,36,3801
69,35000,1,1,23,23,04017,36,4017
70,119000,1,1,12,12,04104,36,4104
69,64200,1,1,13,13,04006,36,4006
73,155500,1,1,13,14,04009,36,4009
70,26000,2,1,27,27,03902,36,3902
75,16400,2,1,15,14,04013,36,4013
83,45000,1,1,56,56,03808,36,3808
90,52800,2,1,29,29,03703,36,3703
71,803000,2,1,16,16,03805,36,3805
75,274000,2,1,9,8,04106,36,4106
67,98900,1,1,13,13,04102,36,4102
67,130650,1,1,15,15,03807,36,3807
65,200500,2,1,11,12,04105,36,4105
67,90000,2,1,37,37,03902,36,3902
71,75800,1,1,30,30,04016,36,4016
73,150200,2,1,16,15,04103,36,4103
72,14400,2,1,12,12,04017,36,4017
69,47800,2,1,20,20,03901,36,3901
71,61800,2,1,20,21,04103,36,4103
94,16800,2,1,3,3,04112,36,4112
75,40900,2,1,10,10,04107,36,4107
68,334000,1,1,23,22,03807,36,3807
65,6900,2,1,17,18,04103,36,4103
77,126200,1,1,19,19,03805,36,3805
80,32300,2,1,50,50,04106,36,4106
83,25500,2,1,22,22,03903,36,3903
75,46100,2,1,22,22,03703,36,3703
69,104760,1,1,12,11,04112,36,4112
68,120000,1,1,21,21,03805,36,3805
81,33600,2,1,15,15,04103,36,4103
71,13600,2,1,28,27,03703,36,3703
68,93800,1,1,15,15,04107,36,4107
85,83300,2,1,15,15,03701,36,3701
67,81600,2,1,10,10,04105,36,4105
94,21000,2,1,15,15,03701,36,3701
68,151000,2,1,10,9,04014,36,4014
69,54000,1,1,8,9,04112,36,4112
74,32150,2,1,24,24,03901,36,3901
69,17500,2,1,47,47,04009,36,4009
83,92900,2,1,13,13,03903,36,3903
81,81000,2,1,16,15,03808,36,3808
70,44500,2,1,3,3,04017,36,4017
72,182190,2,1,8,8,03902,36,3902
65,223800,1,1,16,15,04010,36,4010
81,14000,2,1,16,15,03810,36,3810
72,38100,2,1,34,35,04017,36,4017
72,26400,2,1,7,7,04017,36,4017
80,24000,1,1,10,10,04010,36,4010
68,230000,2,1,18,18,04111,36,4111
82,0,2,1,15,15,04009,36,4009
82,12900,2,1,12,12,04110,36,4110
66,44000,2,1,45,45,03708,36,3708
67,103890,2,1,23,23,03902,36,3902
83,29600,2,1,21,22,04103,36,4103
69,91000,2,1,15,16,03810,36,3810
84,136900,2,1,27,26,04004,36,4004
75,13600,1,1,16,17,03703,36,3703
66,129000,1,1,17,17,03902,36,3902
76,240000,2,1,15,15,04103,36,4103
66,71400,1,1,4,4,04105,36,4105
80,54000,2,1,15,14,04110,36,4110
80,22650,2,1,21,22,03805,36,3805
80,5400,2,1,34,34,04012,36,4012
70,231500,2,1,11,11,04015,36,4015
65,40800,2,1,23,23,03901,36,3901
69,33400,2,1,14,14,04102,36,4102
72,122200,2,1,8,9,04110,36,4110
69,43100,1,1,13,12,04103,36,4103
76,10200,2,1,49,49,04010,36,4010
68,11800,1,1,26,27,03709,36,3709
83,75400,1,1,11,12,03704,36,3704
66,100200,1,1,18,18,03808,36,3808
94,20000,2,1,15,14,04111,36,4111
71,42000,2,1,15,14,03703,36,3703
82,30000,2,1,14,14,04103,36,4103
69,14300,1,1,26,27,03903,36,3903
70,14600,2,1,16,16,04005,36,4005
67,28000,2,1,48,48,03808,36,3808
66,102600,2,1,24,24,04102,36,4102
65,35600,1,1,16,16,04002,36,4002
66,58400,1,1,57,58,03901,36,3901
83,59800,2,1,16,16,04002,36,4002
85,35900,2,1,18,18,04104,36,4104
69,115400,1,1,39,38,04009,36,4009
75,27700,1,1,16,16,03903,36,3903
81,58900,2,1,23,23,03703,36,3703
65,49090,1,1,5,4,03703,36,3703
72,35800,2,1,27,27,04007,36,4007
70,61200,1,1,7,7,03709,36,3709
66,394400,2,1,19,19,03806,36,3806
83,164400,2,1,20,20,03709,36,3709
68,222200,2,1,21,21,03805,36,3805
79,15100,2,1,13,13,04104,36,4104
81,71500,2,1,18,18,04104,36,4104
79,7800,2,1,15,14,04005,36,4005
69,0,1,1,17,17,04108,36,4108
68,151300,2,1,11,11,04108,36,4108
73,14100,2,1,48,49,04113,36,4113
74,87500,2,1,15,14,04110,36,4110
66,44700,2,1,16,17,04102,36,4102
65,17900,2,1,17,17,04108,36,4108
83,101000,2,1,9,9,04104,36,4104
88,15200,1,1,7,8,03804,36,3804
72,30400,2,1,15,15,04113,36,4113
67,23900,1,1,19,18,04112,36,4112
65,37200,1,1,12,13,04111,36,4111
68,116000,2,1,11,11,04015,36,4015
80,120400,2,1,14,14,04114,36,4114
65,4800,1,1,34,34,04017,36,4017
80,53000,2,1,46,46,03702,36,3702
76,67730,2,1,13,12,04110,36,4110
83,19200,2,1,14,15,03801,36,3801
83,48300,1,1,11,11,04104,36,4104
71,136000,2,1,20,20,03701,36,3701
69,19100,1,1,15,15,03901,36,3901
70,51300,1,1,10,10,04102,36,4102
88,12000,2,1,20,20,04016,36,4016
87,32100,2,1,15,15,03901,36,3901
78,36000,2,1,12,12,04105,36,4105
66,64500,1,1,11,11,03709,36,3709
66,116000,1,1,12,11,04104,36,4104
74,54500,1,1,15,15,04105,36,4105
75,107200,2,1,8,8,03701,36,3701
71,251100,1,1,16,15,03708,36,3708
82,48100,2,1,13,13,03704,36,3704
83,13900,2,1,16,17,04103,36,4103
67,58400,2,1,15,15,04104,36,4104
82,29000,2,1,13,13,04105,36,4105
80,160500,1,1,13,12,04105,36,4105
68,35400,1,1,10,9,04014,36,4014
72,146350,2,1,18,17,03808,36,3808
67,279400,1,1,9,9,03901,36,3901
70,93030,2,1,36,37,04113,36,4113
77,55700,1,1,15,16,04016,36,4016
71,55900,1,1,11,11,04014,36,4014
72,185000,2,1,18,17,03902,36,3902
79,19200,1,1,22,22,03709,36,3709
82,98000,2,1,12,12,03707,36,3707
86,124000,2,1,21,21,03810,36,3810
85,72030,2,1,8,8,03702,36,3702
79,35800,2,1,31,30,04108,36,4108
77,24100,1,1,18,18,03703,36,3703
79,41000,2,1,14,13,04110,36,4110
77,55100,2,1,19,19,04106,36,4106
72,71430,2,1,10,10,04014,36,4014
72,12300,2,1,16,15,03703,36,3703
86,20800,2,1,18,19,04012,36,4012
78,60100,2,1,12,13,04106,36,4106
73,28800,2,1,31,31,04110,36,4110
67,162400,2,1,16,15,03810,36,3810
79,16000,2,1,16,16,03702,36,3702
66,60000,1,1,10,9,04014,36,4014
83,18800,2,1,10,10,03709,36,3709
89,14300,2,1,16,17,04105,36,4105
79,50700,2,1,71,71,03903,36,3903
81,18600,2,1,11,11,04014,36,4014
72,43820,2,1,19,18,03703,36,3703
86,14600,2,1,14,14,04112,36,4112
71,48700,2,1,14,15,03902,36,3902
72,63000,2,1,56,55,03702,36,3702
84,45600,2,1,16,16,04012,36,4012
81,12900,2,1,13,13,04114,36,4114
82,141500,2,1,13,14,04013,36,4013
82,61000,2,1,21,21,04018,36,4018
66,37390,2,1,10,10,04016,36,4016
75,97600,1,1,3,3,04008,36,4008
65,51000,2,1,43,42,04017,36,4017
68,67500,2,1,22,22,04108,36,4108
74,54200,1,1,10,10,04105,36,4105
66,121600,1,1,28,28,04105,36,4105
67,71900,2,1,17,17,04108,36,4108
68,38400,2,1,20,20,04110,36,4110
69,41800,1,1,10,10,03709,36,3709
81,27400,2,1,16,16,04012,36,4012
71,10900,2,1,22,22,04107,36,4107
72,27400,2,1,16,16,04105,36,4105
70,50000,2,1,18,19,03805,36,3805
89,14000,1,1,16,16,04104,36,4104
82,33300,2,1,21,20,04113,36,4113
75,22400,2,1,30,30,04017,36,4017
69,52900,2,1,20,20,03901,36,3901
82,15800,2,1,15,15,03809,36,3809
65,52800,1,1,7,7,04016,36,4016
72,67300,1,1,38,38,03703,36,3703
88,14000,2,1,13,13,04104,36,4104
70,548000,1,1,10,10,04110,36,4110
94,42100,2,1,9,9,04013,36,4013
66,101200,1,1,12,12,03702,36,3702
80,12100,2,1,18,17,04106,36,4106
70,18000,2,1,14,14,03901,36,3901
78,263500,2,1,26,26,03805,36,3805
94,44400,2,1,20,19,03703,36,3703
67,30230,1,1,28,27,04101,36,4101
80,14800,2,1,16,16,04017,36,4017
77,20000,2,1,13,13,04017,36,4017
65,33600,1,1,15,14,04015,36,4015
73,142900,1,1,14,14,03806,36,3806
87,228750,2,1,11,12,04004,36,4004
66,10,2,1,17,17,04101,36,4101
82,21800,2,1,52,53,04109,36,4109
77,20700,2,1,11,11,04110,36,4110
87,68810,2,1,2,1,04017,36,4017
84,28600,2,1,12,12,03701,36,3701
67,20100,1,1,43,42,04010,36,4010
94,513600,2,1,7,7,04016,36,4016
72,9000,2,1,33,33,04008,36,4008
76,25300,2,1,25,25,03902,36,3902
76,20400,2,1,45,46,03809,36,3809
82,25750,2,1,14,15,04010,36,4010
79,538000,2,1,14,13,04108,36,4108
77,62400,2,1,14,14,03702,36,3702
75,44500,2,1,19,19,04011,36,4011
74,39520,2,1,13,13,04113,36,4113
68,390000,2,1,15,15,03903,36,3903
88,4400,2,1,16,15,04103,36,4103
73,325000,2,1,8,8,04015,36,4015
86,29600,2,1,23,23,04103,36,4103
68,140000,2,1,19,18,04101,36,4101
70,40180,1,1,26,26,03902,36,3902
66,9900,1,1,11,11,04016,36,4016
88,23000,2,1,17,17,04111,36,4111
88,36800,2,1,15,15,04016,36,4016
69,107700,2,1,4,4,03704,36,3704
79,43000,2,1,25,25,03702,36,3702
75,261100,1,1,26,26,03902,36,3902
74,261000,1,1,16,16,03805,36,3805
77,9400,2,1,15,15,04113,36,4113
81,15600,2,1,14,14,04110,36,4110
76,50000,2,1,13,13,04108,36,4108
94,37200,2,1,11,11,04110,36,4110
88,59920,2,1,14,14,03704,36,3704
73,94400,1,1,7,7,03707,36,3707
67,93000,2,1,13,13,04103,36,4103
86,144560,1,1,11,12,04110,36,4110
84,334700,2,1,23,23,03805,36,3805
81,38400,1,1,13,14,03703,36,3703
83,40700,2,1,23,22,04009,36,4009
67,59700,1,1,6,7,04003,36,4003
74,67100,2,1,21,21,04017,36,4017
79,153000,1,1,13,12,03803,36,3803
87,25200,1,1,18,18,03901,36,3901
76,50400,2,1,10,10,04112,36,4112
69,92000,2,1,15,16,04112,36,4112
67,124600,1,1,13,14,03903,36,3903
79,25600,2,1,15,15,04105,36,4105
81,21800,2,1,27,28,04102,36,4102
66,172500,1,1,17,17,03901,36,3901
78,97100,1,1,19,19,04003,36,4003
79,88400,1,1,15,15,04105,36,4105
67,28300,2,1,32,32,04013,36,4013
77,15200,2,1,13,13,04102,36,4102
88,8700,2,1,6,6,03901,36,3901
66,17900,1,1,12,12,03903,36,3903
81,0,1,1,16,16,04105,36,4105
81,492000,2,1,15,16,03805,36,3805
67,31600,1,1,15,15,04004,36,4004
68,137600,1,1,14,13,03703,36,3703
77,38500,2,1,26,26,03703,36,3703
82,90800,2,1,14,14,04110,36,4110
76,76700,2,1,24,25,04103,36,4103
66,199500,1,1,18,18,04012,36,4012
79,0,2,1,20,20,03806,36,3806
83,86100,2,1,13,13,04105,36,4105
83,70000,2,1,16,15,04106,36,4106
70,1319600,2,1,23,23,03805,36,3805
79,63200,2,1,18,18,03808,36,3808
72,17200,2,1,10,10,04111,36,4111
72,236500,1,1,14,14,03810,36,3810
71,120200,2,1,22,22,04113,36,4113
65,46300,1,1,16,16,04002,36,4002
94,16700,2,1,17,17,04103,36,4103
65,49000,2,1,21,21,04101,36,4101
76,80750,1,1,5,6,04114,36,4114
65,29100,2,1,15,15,04107,36,4107
82,50000,2,1,32,31,04016,36,4016
71,71460,1,1,15,15,03706,36,3706
79,48100,2,1,24,24,03902,36,3902
82,1600,2,1,13,13,04107,36,4107
77,52400,2,1,19,19,03805,36,3805
69,60400,2,1,9,8,04104,36,4104
71,198200,2,1,21,21,04004,36,4004
65,35300,2,1,21,21,04018,36,4018
66,15500,2,1,47,47,04109,36,4109
71,19200,2,1,13,13,04006,36,4006
78,73300,1,1,11,11,04105,36,4105
66,206800,1,1,8,8,03901,36,3901
85,33600,2,1,12,12,04111,36,4111
69,15500,2,1,9,8,04009,36,4009
67,25200,1,1,9,10,03901,36,3901
71,227000,2,1,22,23,03810,36,3810
83,31740,2,1,16,17,04102,36,4102
65,57790,2,1,11,11,04016,36,4016
78,52500,2,1,11,12,04110,36,4110
80,68320,2,1,14,14,03903,36,3903
65,21600,2,1,18,18,04114,36,4114
87,33300,2,1,11,11,04016,36,4016
77,15200,1,1,24,24,03702,36,3702
70,92800,1,1,13,12,04009,36,4009
68,78800,2,1,15,15,03808,36,3808
83,26100,2,1,13,13,04010,36,4010
76,22600,2,1,21,21,04109,36,4109
68,36200,1,1,41,41,03703,36,3703
94,51000,1,1,9,9,04004,36,4004
70,29820,2,1,14,14,04103,36,4103
66,38100,2,1,21,22,04017,36,4017
77,40000,2,1,8,8,04102,36,4102
78,54200,2,1,22,23,03805,36,3805
69,90200,2,1,25,25,04003,36,4003
74,171200,2,1,21,21,03902,36,3902
73,37100,2,1,27,27,04102,36,4102
67,205950,2,1,23,22,03805,36,3805
65,19200,2,1,51,51,04106,36,4106
67,116100,1,1,64,64,04011,36,4011
89,27400,2,1,20,20,04102,36,4102
68,90000,2,1,39,39,04108,36,4108
69,231000,2,1,37,36,04102,36,4102
86,47000,2,1,15,16,04016,36,4016
70,531700,2,1,19,19,03805,36,3805
83,26500,1,1,38,38,03701,36,3701
69,46200,2,1,4,4,04101,36,4101
78,22000,2,1,17,16,04005,36,4005
66,40000,2,1,12,13,03903,36,3903
81,106200,2,1,34,34,04105,36,4105
78,13100,1,1,30,30,04008,36,4008
79,127400,2,1,49,49,04017,36,4017
65,538000,1,1,22,22,03806,36,3806
65,792500,2,1,60,59,03805,36,3805
88,21400,2,1,13,14,04103,36,4103
80,52700,2,1,28,27,04101,36,4101
85,74600,2,1,13,13,04105,36,4105
79,31750,2,1,8,9,04017,36,4017
74,150000,1,1,17,16,04114,36,4114
94,86800,2,1,25,25,04105,36,4105
75,72200,2,1,10,11,04111,36,4111
75,127500,2,1,17,17,03805,36,3805
69,83700,1,1,18,17,03902,36,3902
81,76000,1,1,11,10,04112,36,4112
67,160800,2,1,13,13,04109,36,4109
86,16700,2,1,16,17,04105,36,4105
66,75000,2,1,28,28,04014,36,4014
71,33500,1,1,15,15,03903,36,3903
71,222900,1,1,16,16,04010,36,4010
67,127000,1,1,15,15,04110,36,4110
82,62000,2,1,17,17,04111,36,4111
81,42000,2,1,20,20,03902,36,3902
85,48200,2,1,28,29,03703,36,3703
77,42000,1,1,7,7,04112,36,4112
66,47200,2,1,15,15,04113,36,4113
66,40800,2,1,11,12,04017,36,4017
65,59600,2,1,14,14,03702,36,3702
70,34500,2,1,9,8,04017,36,4017
69,53000,1,1,21,21,04113,36,4113
77,60000,2,1,16,16,04104,36,4104
82,50500,2,1,19,20,04014,36,4014
74,19900,1,1,19,19,03709,36,3709
80,12000,2,1,12,11,04016,36,4016
71,59000,2,1,25,25,04105,36,4105
86,12900,2,1,19,19,04110,36,4110
79,20600,2,1,19,20,04106,36,4106
84,49600,1,1,11,10,04104,36,4104
73,99600,2,1,11,12,03806,36,3806
65,29500,2,1,5,5,04101,36,4101
76,44600,2,1,13,12,04111,36,4111
66,42800,2,1,11,12,04005,36,4005
83,27600,1,1,16,16,03806,36,3806
75,40400,1,1,16,15,03805,36,3805
88,27200,2,1,64,64,03807,36,3807
73,30000,2,1,17,17,04016,36,4016
77,49300,2,1,14,13,04011,36,4011
74,28200,2,1,13,13,04112,36,4112
69,68000,2,1,18,18,03810,36,3810
82,40800,2,1,10,10,04112,36,4112
79,181000,2,1,17,16,04016,36,4016
66,143130,1,1,21,20,04013,36,4013
70,10100,2,1,9,9,04016,36,4016
89,34400,2,1,19,19,03809,36,3809
69,149050,2,1,11,10,04104,36,4104
81,26704,2,1,23,23,03903,36,3903
73,113170,1,1,11,11,04113,36,4113
80,75900,2,1,15,15,04103,36,4103
65,93800,1,1,24,24,04014,36,4014
67,47100,2,1,22,22,04101,36,4101
79,23800,2,1,18,17,03902,36,3902
65,126210,1,1,57,57,03805,36,3805
66,188400,1,1,20,21,03706,36,3706
76,25200,1,1,31,31,03702,36,3702
75,62000,1,1,20,21,04105,36,4105
79,168400,2,1,12,12,04009,36,4009
78,11500,2,1,36,36,04101,36,4101
65,84900,2,1,7,7,04016,36,4016
74,3300,2,1,43,43,03903,36,3903
65,39600,1,1,18,18,04009,36,4009
67,38800,2,1,10,11,04103,36,4103
65,39400,2,1,9,9,04016,36,4016
77,11600,2,1,11,11,04102,36,4102
71,28100,2,1,48,47,04105,36,4105
66,8600,2,1,15,15,03802,36,3802
79,110100,2,1,15,15,04004,36,4004
75,15600,2,1,16,16,04106,36,4106
66,74000,1,1,20,21,03902,36,3902
84,53200,2,1,14,14,04017,36,4017
66,20800,2,1,16,16,03704,36,3704
65,100600,2,1,10,11,04015,36,4015
89,19000,2,1,15,15,04016,36,4016
66,21000,1,1,19,20,03801,36,3801
66,88000,2,1,14,14,04013,36,4013
78,36000,2,1,18,18,03808,36,3808
68,189700,2,1,18,18,03805,36,3805
73,15500,2,1,21,21,04018,36,4018
75,40700,1,1,10,11,04001,36,4001
81,12500,2,1,18,18,04010,36,4010
94,43500,2,1,19,19,03709,36,3709
70,55300,2,1,11,10,04016,36,4016
82,26500,2,1,18,18,03702,36,3702
70,58400,2,1,19,18,03808,36,3808
83,7300,2,1,11,12,04104,36,4104
70,37000,2,1,9,8,03809,36,3809
72,94400,1,1,17,16,04012,36,4012
73,60100,2,1,20,20,04103,36,4103
68,84280,1,1,25,24,04114,36,4114
83,73950,2,1,16,16,04001,36,4001
74,43800,2,1,33,34,04013,36,4013
69,42700,2,1,17,18,03808,36,3808
73,35500,2,1,14,14,03706,36,3706
72,35000,1,1,15,15,04010,36,4010
72,86700,2,1,15,15,03901,36,3901
76,330000,1,1,42,42,04114,36,4114
82,10000,2,1,29,29,04001,36,4001
67,51100,2,1,15,15,04102,36,4102
77,282300,1,1,17,17,03805,36,3805
76,47300,2,1,14,14,04105,36,4105
71,53900,2,1,13,13,04013,36,4013
85,13050,2,1,18,18,03703,36,3703
76,69250,2,1,11,10,04013,36,4013
82,211100,2,1,18,19,04103,36,4103
66,75200,2,1,21,21,04112,36,4112
78,18010,2,1,16,16,04102,36,4102
76,52400,2,1,17,17,03806,36,3806
69,0,2,1,15,15,03902,36,3902
67,20000,1,1,12,12,03710,36,3710
70,24900,2,1,14,15,04104,36,4104
68,22100,2,1,13,14,04110,36,4110
82,29200,2,1,19,20,04103,36,4103
80,52400,2,1,22,22,03903,36,3903
67,78700,1,1,15,14,04105,36,4105
66,34400,1,1,12,12,04104,36,4104
68,19000,2,1,8,8,04018,36,4018
68,23500,2,1,13,12,04110,36,4110
65,130000,1,1,38,38,04002,36,4002
70,74400,2,1,14,13,04010,36,4010
94,85800,2,1,13,13,04016,36,4016
76,45400,2,1,17,17,04010,36,4010
68,85400,1,1,16,15,03901,36,3901
73,68800,2,1,16,16,03903,36,3903
81,62000,1,1,22,22,03806,36,3806
84,55700,2,1,11,11,04017,36,4017
73,24400,1,1,14,14,03702,36,3702
74,7800,2,1,17,16,04101,36,4101
75,10800,1,1,37,36,04105,36,4105
81,131500,2,1,16,16,04013,36,4013
70,25400,1,1,10,11,04016,36,4016
71,18600,1,1,14,14,04007,36,4007
79,24000,1,1,28,28,04003,36,4003
65,20000,1,1,42,42,04111,36,4111
65,203500,1,1,8,8,03903,36,3903
74,11900,2,1,29,29,04009,36,4009
73,23000,2,1,12,12,04113,36,4113
73,16900,1,1,14,13,03902,36,3902
65,27000,2,1,27,27,04017,36,4017
89,22500,1,1,70,70,03805,36,3805
79,112900,2,1,24,24,03806,36,3806
71,61000,1,1,21,21,04007,36,4007
73,18400,1,1,31,32,03901,36,3901
74,27200,1,1,31,31,04110,36,4110
77,103300,2,1,43,42,04114,36,4114
70,77700,2,1,16,16,04113,36,4113
65,40000,2,1,16,16,04014,36,4014
71,32300,1,1,20,20,04007,36,4007
81,50200,2,1,31,31,03805,36,3805
94,0,2,1,9,9,04010,36,4010
81,89200,2,1,13,14,03903,36,3903
86,35900,1,1,13,13,03705,36,3705
86,33300,2,1,16,16,04104,36,4104
65,17500,2,1,13,13,03703,36,3703
77,40150,2,1,12,12,04109,36,4109
82,16800,2,1,12,12,04104,36,4104
83,107020,1,1,14,14,04009,36,4009
72,39600,1,1,25,25,04101,36,4101
74,189000,2,1,9,9,03902,36,3902
67,20300,2,1,16,16,03702,36,3702
65,6000,1,1,13,13,04104,36,4104
81,44200,2,1,12,12,04010,36,4010
68,90400,2,1,16,16,04106,36,4106
75,799600,1,1,32,32,03808,36,3808
70,140600,1,1,20,20,03808,36,3808
72,16800,1,1,45,45,04103,36,4103
69,128200,1,1,16,16,03702,36,3702
68,167200,1,1,22,22,03810,36,3810
70,146550,2,1,27,27,03807,36,3807
89,89300,2,1,24,23,03806,36,3806
79,9600,2,1,40,40,04016,36,4016
66,37500,1,1,14,14,04007,36,4007
78,12160,1,1,19,18,04018,36,4018
83,71200,2,1,14,13,04110,36,4110
86,17100,2,1,10,10,04109,36,4109
78,103100,2,1,17,17,04016,36,4016
81,77700,2,1,13,14,03704,36,3704
77,29600,2,1,16,16,04016,36,4016
67,126000,2,1,12,13,03704,36,3704
67,40150,2,1,54,53,04004,36,4004
67,151300,2,1,10,10,03805,36,3805
70,125600,2,1,14,15,04018,36,4018
70,93600,1,1,27,26,04103,36,4103
69,24500,1,1,15,16,03702,36,3702
68,25400,1,1,13,14,03704,36,3704
84,22400,2,1,13,14,04108,36,4108
79,76500,2,1,20,20,04105,36,4105
67,74700,1,1,24,23,03806,36,3806
67,20300,1,1,22,22,04018,36,4018
68,25400,2,1,14,14,04005,36,4005
71,12800,1,1,19,18,04110,36,4110
78,16180,1,1,10,9,04112,36,4112
85,129400,1,1,42,42,03902,36,3902
85,28400,1,1,7,7,04103,36,4103
85,66700,2,1,15,15,04016,36,4016
89,17000,2,1,25,24,04110,36,4110
81,25000,1,1,13,13,04112,36,4112
82,81400,2,1,15,15,04104,36,4104
76,313000,2,1,28,28,03810,36,3810
65,64200,1,1,24,25,04114,36,4114
80,114600,2,1,13,13,04112,36,4112
75,73490,2,1,48,49,03902,36,3902
81,27600,2,1,12,11,03902,36,3902
71,9700,2,1,15,15,04005,36,4005
81,26000,2,1,12,12,04112,36,4112
81,22200,1,1,37,38,04012,36,4012
71,18500,2,1,12,12,03701,36,3701
81,127300,2,1,12,12,04110,36,4110
80,9600,2,1,34,33,04015,36,4015
68,74000,2,1,11,11,04016,36,4016
71,35730,2,1,18,19,04003,36,4003
77,30600,2,1,18,19,04105,36,4105
94,20910,2,1,29,29,04017,36,4017
74,56200,2,1,18,17,04011,36,4011
68,100000,1,1,31,30,03801,36,3801
73,10220,2,1,9,9,03902,36,3902
86,8000,2,1,13,13,04016,36,4016
67,73500,2,1,17,17,04101,36,4101
71,7500,2,1,24,24,04105,36,4105
81,17204,2,1,15,16,03903,36,3903
82,16000,2,1,12,13,04009,36,4009
78,67800,1,1,28,27,04010,36,4010
67,27200,2,1,17,17,03703,36,3703
65,28800,1,1,37,36,03710,36,3710
76,11500,2,1,19,19,03902,36,3902
68,21470,1,1,13,14,04111,36,4111
76,128800,1,1,12,12,04105,36,4105
72,51600,2,1,13,12,04112,36,4112
67,33100,1,1,9,8,04014,36,4014
68,55100,1,1,24,24,04011,36,4011
73,15100,2,1,12,12,04110,36,4110
78,36300,1,1,13,13,03704,36,3704
88,73400,2,1,9,9,04017,36,4017
74,148400,1,1,5,4,04104,36,4104
82,63000,2,1,18,18,04106,36,4106
65,26400,1,1,13,13,04112,36,4112
68,29100,1,1,6,5,04005,36,4005
67,200000,1,1,16,17,04103,36,4103
66,24700,2,1,12,12,04105,36,4105
65,109000,2,1,10,11,04016,36,4016
75,133500,1,1,19,19,04008,36,4008
67,82200,2,1,20,19,03901,36,3901
74,98400,2,1,12,12,04108,36,4108
86,22400,2,1,21,21,04103,36,4103
65,21500,1,1,12,11,03702,36,3702
69,103600,1,1,17,17,03803,36,3803
71,22000,2,1,19,19,04018,36,4018
70,358000,2,1,20,19,03801,36,3801
85,12601,2,1,19,19,03901,36,3901
80,4900,2,1,28,28,04014,36,4014
67,59900,1,1,13,13,04015,36,4015
79,34500,1,1,12,11,04107,36,4107
73,50800,1,1,20,19,03807,36,3807
76,19000,2,1,33,33,04110,36,4110
71,24000,1,1,6,6,04009,36,4009
77,100000,2,1,15,14,04105,36,4105
94,50100,2,1,19,19,04105,36,4105
73,96500,2,1,21,21,04102,36,4102
71,15000,1,1,28,27,04010,36,4010
70,27400,2,1,15,16,03804,36,3804
72,34600,2,1,15,15,04004,36,4004
78,44200,2,1,14,14,04109,36,4109
70,125800,2,1,11,11,04110,36,4110
79,96500,1,1,6,6,04103,36,4103
81,75600,2,1,11,11,04112,36,4112
65,214300,1,1,10,10,04015,36,4015
74,153300,1,1,25,24,03808,36,3808
72,12700,2,1,14,14,04009,36,4009
67,15000,1,1,12,12,04017,36,4017
67,17600,2,1,10,10,04104,36,4104
80,60800,2,1,18,18,03705,36,3705
75,9080,2,1,18,18,04017,36,4017
70,52000,1,1,13,13,04014,36,4014
65,43700,1,1,12,11,04113,36,4113
65,132600,2,1,12,12,04104,36,4104
82,22200,1,1,17,17,04108,36,4108
66,105020,2,1,7,8,04104,36,4104
78,64060,2,1,21,21,03902,36,3902
72,74000,2,1,18,18,03805,36,3805
70,49600,1,1,17,17,04113,36,4113
78,24000,1,1,17,17,04113,36,4113
65,214000,2,1,16,16,04004,36,4004
79,5900,2,1,17,17,04006,36,4006
83,38000,2,1,11,12,04110,36,4110
77,10800,2,1,13,13,04017,36,4017
67,135000,2,1,15,16,03805,36,3805
74,3200,2,1,12,13,03903,36,3903
83,24500,2,1,16,17,03902,36,3902
69,31200,2,1,12,12,04102,36,4102
74,225800,2,1,15,15,04009,36,4009
85,14200,2,1,23,23,04013,36,4013
88,25300,2,1,11,11,04011,36,4011
75,22800,1,1,15,14,04114,36,4114
74,57600,1,1,15,15,03902,36,3902
76,128000,2,1,12,12,04114,36,4114
80,96800,2,1,19,18,03901,36,3901
76,17600,2,1,34,34,04105,36,4105
89,62300,2,1,16,15,03709,36,3709
66,107000,2,1,19,18,04102,36,4102
73,159500,2,1,18,18,04105,36,4105
66,133200,1,1,18,19,03703,36,3703
70,15000,2,1,13,13,04108,36,4108
78,26240,2,1,2,2,04114,36,4114
70,76500,2,1,13,13,03703,36,3703
70,22000,2,1,57,58,04104,36,4104
80,51500,2,1,20,20,03903,36,3903
68,196000,1,1,21,21,03705,36,3705
81,44000,2,1,15,16,04106,36,4106
82,12000,2,1,16,16,04102,36,4102
67,201400,1,1,20,19,03802,36,3802
88,42200,2,1,15,14,04104,36,4104
84,40600,2,1,13,12,04114,36,4114
94,42540,2,1,14,13,03902,36,3902
67,6800,1,1,7,8,04001,36,4001
68,34300,2,1,14,14,04105,36,4105
80,31100,2,1,17,18,03701,36,3701
70,9200,2,1,17,17,03901,36,3901
90,19000,2,1,23,23,03808,36,3808
65,95000,1,1,20,19,03805,36,3805
67,25000,2,1,20,20,04015,36,4015
72,53200,2,1,15,15,04112,36,4112
75,35000,2,1,6,6,03902,36,3902
94,10800,2,1,14,13,04016,36,4016
85,31100,2,1,12,12,04017,36,4017
80,11700,2,1,17,17,04013,36,4013
68,58000,2,1,10,10,04013,36,4013
94,73100,2,1,21,22,04103,36,4103
81,4300,2,1,39,39,04103,36,4103
94,12000,2,1,28,27,04110,36,4110
68,42000,2,1,32,32,04106,36,4106
87,17250,2,1,19,19,03802,36,3802
66,30900,2,1,25,25,03705,36,3705
70,65100,1,1,14,15,04109,36,4109
69,69000,2,1,13,13,04013,36,4013
74,18400,2,1,10,11,03803,36,3803
66,87200,2,1,13,13,03903,36,3903
71,83800,1,1,8,8,04105,36,4105
87,24100,2,1,15,16,03903,36,3903
67,17900,2,1,16,16,04109,36,4109
80,1600,2,1,12,13,04102,36,4102
70,114800,2,1,12,12,04017,36,4017
76,15000,1,1,14,14,03808,36,3808
66,84900,1,1,13,12,03903,36,3903
74,17600,2,1,18,18,03809,36,3809
66,43500,1,1,16,16,04113,36,4113
66,67000,2,1,14,14,04006,36,4006
65,122000,1,1,6,6,04104,36,4104
80,190400,1,1,17,17,03806,36,3806
87,0,2,1,17,17,04103,36,4103
86,31200,2,1,39,39,04102,36,4102
72,69700,2,1,16,15,04010,36,4010
88,9600,2,1,11,12,04001,36,4001
70,60800,2,1,14,14,04002,36,4002
68,71500,2,1,19,19,04102,36,4102
65,263000,2,1,48,48,03806,36,3806
86,11000,2,1,16,16,04006,36,4006
75,107900,2,1,15,15,04110,36,4110
77,244500,2,1,9,9,04106,36,4106
66,17500,1,1,23,23,04109,36,4109
65,96100,2,1,16,16,03902,36,3902
73,57000,2,1,21,21,03903,36,3903
83,36750,1,1,53,53,04106,36,4106
78,9400,2,1,14,14,04110,36,4110
70,85900,2,1,12,12,04010,36,4010
69,55200,2,1,14,14,04104,36,4104
81,6900,1,1,17,18,04105,36,4105
69,42600,2,1,13,13,04012,36,4012
73,117000,1,1,16,16,03903,36,3903
70,37800,2,1,14,15,03903,36,3903
69,39102,2,1,23,23,04010,36,4010
78,65700,2,1,15,15,04015,36,4015
71,5400,2,1,13,13,04112,36,4112
67,15100,2,1,9,9,04017,36,4017
80,2700,2,1,32,31,04105,36,4105
69,211000,2,1,19,19,04114,36,4114
82,189200,2,1,18,18,04103,36,4103
68,189000,1,1,17,17,03808,36,3808
74,19600,2,1,15,16,04009,36,4009
78,57100,2,1,8,8,04104,36,4104
81,80200,2,1,17,16,04106,36,4106
72,34100,1,1,16,16,04010,36,4010
66,381800,2,1,1,2,04110,36,4110
79,67700,1,1,14,14,04112,36,4112
82,17400,2,1,17,17,03805,36,3805
67,216840,2,1,19,19,04108,36,4108
83,415200,2,1,38,39,03805,36,3805
65,59100,2,1,20,20,04106,36,4106
73,25000,1,1,18,17,03903,36,3903
74,44000,2,1,10,10,04009,36,4009
72,59600,2,1,2,2,04105,36,4105
85,17000,2,1,17,18,04103,36,4103
80,24400,2,1,52,53,03801,36,3801
66,53000,1,1,31,31,04111,36,4111
85,15000,1,1,16,17,04103,36,4103
77,13200,2,1,5,4,04105,36,4105
87,30900,2,1,12,12,04016,36,4016
82,190100,2,1,15,15,03903,36,3903
87,11600,2,1,21,21,04104,36,4104
70,26600,1,1,16,16,04102,36,4102
72,20710,2,1,19,18,04018,36,4018
67,197000,1,1,13,14,03701,36,3701
72,88600,2,1,12,12,03704,36,3704
83,30400,2,1,21,21,04103,36,4103
77,8100,2,1,10,10,04008,36,4008
76,163700,2,1,15,15,04013,36,4013
78,283960,2,1,13,13,04102,36,4102
94,41700,2,1,18,19,04106,36,4106
82,22000,2,1,15,15,04113,36,4113
77,6000,2,1,29,29,04010,36,4010
80,93300,2,1,11,12,04110,36,4110
74,11930,2,1,12,12,04111,36,4111
89,48000,2,1,10,10,03702,36,3702
94,13000,1,1,21,21,04102,36,4102
76,15000,2,1,35,36,04109,36,4109
77,160500,2,1,23,23,03805,36,3805
73,39900,2,1,21,22,04106,36,4106
79,72000,2,1,11,11,04105,36,4105
81,34100,1,1,16,16,04105,36,4105
69,45300,1,1,17,18,04008,36,4008
94,59800,2,1,18,18,03701,36,3701
77,41400,2,1,14,14,04105,36,4105
69,39740,2,1,10,10,04012,36,4012
86,25900,2,1,17,17,04111,36,4111
65,49100,2,1,18,18,03805,36,3805
79,76800,2,1,19,19,04005,36,4005
67,37000,2,1,16,15,04110,36,4110
71,93700,1,1,16,16,03701,36,3701
65,85000,1,1,15,15,04112,36,4112
74,24300,2,1,11,11,03701,36,3701
85,47000,2,1,20,20,04017,36,4017
68,46000,1,1,27,27,03708,36,3708
78,23100,2,1,13,13,04013,36,4013
72,11200,2,1,24,24,04015,36,4015
69,101300,2,1,15,16,04110,36,4110
77,44100,2,1,19,19,03901,36,3901
65,8300,2,1,16,16,03706,36,3706
87,168520,2,1,11,11,04014,36,4014
71,97700,1,1,32,32,04009,36,4009
71,24000,1,1,14,14,04108,36,4108
77,19600,1,1,14,13,04010,36,4010
86,16000,2,1,22,23,04109,36,4109
74,32300,2,1,18,18,04103,36,4103
66,16300,2,1,19,19,03806,36,3806
78,20700,2,1,21,21,03901,36,3901
75,26100,2,1,49,49,04016,36,4016
69,21000,1,1,24,24,03703,36,3703
67,135100,2,1,11,11,04014,36,4014
73,100100,2,1,12,12,04114,36,4114
68,67600,2,1,13,13,04114,36,4114
71,79000,2,1,15,15,04104,36,4104
86,8000,2,1,18,17,04001,36,4001
80,65530,2,1,18,17,03704,36,3704
74,51742,1,1,16,15,04101,36,4101
89,121600,2,1,17,18,04015,36,4015
76,36000,2,1,65,65,03806,36,3806
67,21500,1,1,13,14,04112,36,4112
69,21100,1,1,11,11,04104,36,4104
65,59000,2,1,14,14,03704,36,3704
70,33800,2,1,25,25,04017,36,4017
83,38000,2,1,10,10,04015,36,4015
77,7200,2,1,19,18,04114,36,4114
78,16000,2,1,35,34,04103,36,4103
84,26200,2,1,20,20,04103,36,4103
74,13420,2,1,17,16,04016,36,4016
71,12000,2,1,12,12,04001,36,4001
78,132000,2,1,20,19,03808,36,3808
67,161000,1,1,54,54,03806,36,3806
73,22330,1,1,17,17,04108,36,4108
65,94500,2,1,22,22,04102,36,4102
71,63000,1,1,23,23,04106,36,4106
86,24300,2,1,17,16,04101,36,4101
83,11800,2,1,19,19,04102,36,4102
70,53600,2,1,14,14,04013,36,4013
66,262000,2,1,19,19,03805,36,3805
77,173200,2,1,21,21,04015,36,4015
65,91300,2,1,17,17,04103,36,4103
65,101510,1,1,16,16,04108,36,4108
82,22000,2,1,13,14,04104,36,4104
71,77000,2,1,20,20,03702,36,3702
79,74540,2,1,17,18,04011,36,4011
68,17500,2,1,20,20,04105,36,4105
88,38800,2,1,13,13,04104,36,4104
67,41000,1,1,16,16,03902,36,3902
74,28800,2,1,5,5,04112,36,4112
72,33300,2,1,18,18,04001,36,4001
85,21000,2,1,20,21,03703,36,3703
65,52200,2,1,42,42,04013,36,4013
72,36000,1,1,21,21,03903,36,3903
94,7600,2,1,12,12,03803,36,3803
68,44480,2,1,29,29,04110,36,4110
73,42200,1,1,15,15,04010,36,4010
72,137370,2,1,18,19,03805,36,3805
81,73900,1,1,38,38,04009,36,4009
75,36710,2,1,17,16,04101,36,4101
66,42800,2,1,22,22,04107,36,4107
70,152000,2,1,15,15,03902,36,3902
94,22000,2,1,21,20,04111,36,4111
75,18000,2,1,16,16,04109,36,4109
74,44800,1,1,21,21,04010,36,4010
66,44100,1,1,12,12,04017,36,4017
71,70150,2,1,15,16,04006,36,4006
87,13600,2,1,15,15,03902,36,3902
72,12400,2,1,40,40,04104,36,4104
82,3800,2,1,27,27,03709,36,3709
81,111500,2,1,10,11,03810,36,3810
75,67000,2,1,72,73,04104,36,4104
86,12400,2,1,16,16,03704,36,3704
67,28500,1,1,26,26,04009,36,4009
70,21200,2,1,14,14,04107,36,4107
70,373004,2,1,27,27,03805,36,3805
68,20000,1,1,48,48,03901,36,3901
73,60000,1,1,13,13,04112,36,4112
68,14300,2,1,12,12,04105,36,4105
79,55500,1,1,14,14,04103,36,4103
65,77620,1,1,30,30,04104,36,4104
80,32200,1,1,14,13,04104,36,4104
71,15000,2,1,44,44,03703,36,3703
69,43000,1,1,13,14,04013,36,4013
77,225800,2,1,17,17,04009,36,4009
76,218650,2,1,12,12,03701,36,3701
68,57000,2,1,25,26,03810,36,3810
73,30000,2,1,18,18,03902,36,3902
80,16100,1,1,27,26,04108,36,4108
67,52700,1,1,9,10,04105,36,4105
77,13200,1,1,14,13,04104,36,4104
68,11000,1,1,24,25,03802,36,3802
66,80900,1,1,18,19,03903,36,3903
67,5100,2,1,12,12,04016,36,4016
88,120100,2,1,15,15,04015,36,4015
66,243000,2,1,18,18,03806,36,3806
71,9000,1,1,15,15,04107,36,4107
78,97300,2,1,13,13,04112,36,4112
65,233800,2,1,12,11,04102,36,4102
70,344100,1,1,14,14,04104,36,4104
76,73100,2,1,15,14,04003,36,4003
72,56400,2,1,10,11,03902,36,3902
76,78900,2,1,44,44,04105,36,4105
75,19830,1,1,14,14,04110,36,4110
67,27400,1,1,9,9,04015,36,4015
72,140104,1,1,23,23,04105,36,4105
70,111800,1,1,35,35,04114,36,4114
86,149800,2,1,16,16,04015,36,4015
74,7200,2,1,62,62,04101,36,4101
80,227300,2,1,16,16,04108,36,4108
94,26400,2,1,48,48,03901,36,3901
74,69100,2,1,24,24,04007,36,4007
66,21700,1,1,43,43,04114,36,4114
84,106060,2,1,17,17,04016,36,4016
68,54900,1,1,18,18,04104,36,4104
68,20000,2,1,11,12,04104,36,4104
81,12600,2,1,33,33,04003,36,4003
84,11500,2,1,14,13,04016,36,4016
71,142000,1,1,18,18,04016,36,4016
81,28500,1,1,15,15,04112,36,4112
82,54600,2,1,12,12,04111,36,4111
84,33300,2,1,15,16,04105,36,4105
72,21200,2,1,14,14,04010,36,4010
87,85910,2,1,16,16,04112,36,4112
75,128000,2,1,24,24,04103,36,4103
70,74600,2,1,16,17,03703,36,3703
85,49000,2,1,12,11,03701,36,3701
72,79200,2,1,24,24,04104,36,4104
66,108660,1,1,17,18,04105,36,4105
81,72723,2,1,15,15,03902,36,3902
71,77800,2,1,23,23,04011,36,4011
69,23000,1,1,20,20,03701,36,3701
79,22300,2,1,8,9,04111,36,4111
67,74400,1,1,23,23,03806,36,3806
86,10800,2,1,13,14,04104,36,4104
76,26700,1,1,14,15,04113,36,4113
77,17000,2,1,20,20,04104,36,4104
73,34800,2,1,19,19,04105,36,4105
68,10000,2,1,13,14,04009,36,4009
67,16600,1,1,30,29,04009,36,4009
77,40400,2,1,14,14,04017,36,4017
85,23400,2,1,8,8,04112,36,4112
69,43900,2,1,14,15,04104,36,4104
78,262000,2,1,17,17,03806,36,3806
77,25100,1,1,12,12,04105,36,4105
75,194000,2,1,18,18,03808,36,3808
70,19800,1,1,52,52,03709,36,3709
70,25200,2,1,9,9,04110,36,4110
80,122200,2,1,34,35,04102,36,4102
83,66570,2,1,15,15,04106,36,4106
81,23100,2,1,22,22,04009,36,4009
70,32100,1,1,23,24,04006,36,4006
71,76000,2,1,14,13,03902,36,3902
75,28100,2,1,20,20,04110,36,4110
78,27300,2,1,19,19,04104,36,4104
74,11600,2,1,15,14,04101,36,4101
84,12000,2,1,34,33,04005,36,4005
72,62900,2,1,12,13,04108,36,4108
73,18300,2,1,38,38,04112,36,4112
81,60000,2,1,15,15,04014,36,4014
65,58800,1,1,13,13,04103,36,4103
80,16100,2,1,9,9,03704,36,3704
72,38600,2,1,19,19,03805,36,3805
78,37500,1,1,14,13,04017,36,4017
70,22200,2,1,12,12,04111,36,4111
79,22800,2,1,27,27,04011,36,4011
78,30200,1,1,10,10,04107,36,4107
65,121540,1,1,27,28,03808,36,3808
88,12000,2,1,43,42,04103,36,4103
69,80200,1,1,17,17,04007,36,4007
68,13900,2,1,17,17,03806,36,3806
90,43900,2,1,12,12,04010,36,4010
81,40700,2,1,15,15,04110,36,4110
69,238000,2,1,13,13,03805,36,3805
68,24000,2,1,16,16,04103,36,4103
66,44400,1,1,48,48,03901,36,3901
75,248000,1,1,19,19,03807,36,3807
65,25000,1,1,20,21,04007,36,4007
76,7300,2,1,16,16,03709,36,3709
68,11600,1,1,36,37,04112,36,4112
75,105000,2,1,10,10,03701,36,3701
76,34700,1,1,10,9,04112,36,4112
86,49120,2,1,18,18,04004,36,4004
76,138500,1,1,18,18,04101,36,4101
79,60800,1,1,21,22,03903,36,3903
77,17200,2,1,39,40,04106,36,4106
74,116200,2,1,19,18,03805,36,3805
75,70900,2,1,9,9,04017,36,4017
67,71410,1,1,18,18,03901,36,3901
73,102000,2,1,12,11,04105,36,4105
79,20600,2,1,35,35,04017,36,4017
69,14400,1,1,16,16,03903,36,3903
83,85600,2,1,29,29,04009,36,4009
71,36950,2,1,13,13,03901,36,3901
79,8800,2,1,14,14,04111,36,4111
81,42260,2,1,11,11,03901,36,3901
71,74700,2,1,20,20,04103,36,4103
94,92300,2,1,22,22,04101,36,4101
84,20400,1,1,19,19,04106,36,4106
70,66000,2,1,25,24,04103,36,4103
73,10800,2,1,26,25,03703,36,3703
68,37300,2,1,35,36,04012,36,4012
66,191000,2,1,22,23,03805,36,3805
88,8467,2,1,19,20,03704,36,3704
77,52700,2,1,13,13,03902,36,3902
71,220000,1,1,19,19,03805,36,3805
85,61800,2,1,5,5,04104,36,4104
70,151350,1,1,11,11,04005,36,4005
65,14800,1,1,21,21,03805,36,3805
65,25100,2,1,22,21,04112,36,4112
85,76700,2,1,14,13,04102,36,4102
72,53000,1,1,11,11,04018,36,4018
71,1000,2,1,16,16,03808,36,3808
73,30000,2,1,16,16,04105,36,4105
72,63100,2,1,30,30,03704,36,3704
83,414000,1,1,25,25,03806,36,3806
75,54000,2,1,28,29,04010,36,4010
72,28500,1,1,38,38,03704,36,3704
67,139600,1,1,20,20,04003,36,4003
84,8200,1,1,27,27,03808,36,3808
94,71200,2,1,10,10,04015,36,4015
68,150000,2,1,26,26,04014,36,4014
80,30200,2,1,15,15,04009,36,4009
78,38000,2,1,11,12,03901,36,3901
79,23100,2,1,13,12,04005,36,4005
65,360,2,1,8,9,04102,36,4102
76,35400,2,1,12,11,04106,36,4106
76,197600,1,1,16,16,03805,36,3805
72,74500,2,1,13,14,04105,36,4105
70,107800,2,1,6,6,03705,36,3705
67,92500,2,1,16,16,04106,36,4106
90,47800,2,1,10,10,04114,36,4114
77,25200,2,1,14,13,04111,36,4111
79,127900,2,1,19,19,04006,36,4006
66,75800,2,1,4,4,03703,36,3703
70,15000,2,1,66,66,04102,36,4102
72,33600,2,1,71,72,04114,36,4114
83,205700,2,1,21,20,04108,36,4108
94,282300,2,1,21,21,03805,36,3805
81,79610,2,1,11,11,03704,36,3704
79,8400,2,1,12,13,04017,36,4017
87,158940,2,1,8,8,04103,36,4103
82,12500,2,1,11,12,04105,36,4105
73,899000,2,1,20,19,03805,36,3805
69,72800,1,1,16,16,03903,36,3903
66,76300,1,1,6,6,04103,36,4103
68,51200,1,1,11,10,04006,36,4006
90,37200,2,1,60,59,03801,36,3801
80,55900,2,1,24,24,03703,36,3703
81,34500,2,1,13,12,04017,36,4017
76,93800,2,1,18,18,04106,36,4106
67,78200,2,1,45,45,03809,36,3809
75,139000,1,1,20,19,03702,36,3702
70,84900,2,1,15,15,04112,36,4112
77,2500,2,1,62,62,04106,36,4106
67,68400,2,1,19,19,03901,36,3901
67,33110,2,1,12,12,04017,36,4017
71,50600,2,1,16,16,03704,36,3704
75,31800,2,1,19,19,04103,36,4103
75,25100,2,1,16,16,04105,36,4105
74,20800,2,1,19,19,04015,36,4015
69,20900,2,1,18,18,03805,36,3805
85,24000,2,1,15,16,04009,36,4009
67,58000,1,1,12,12,03901,36,3901
74,48600,1,1,12,11,03709,36,3709
81,204500,2,1,16,15,03903,36,3903
65,10500,1,1,13,12,04112,36,4112
76,28000,2,1,16,16,04113,36,4113
67,68300,2,1,15,15,04105,36,4105
69,72900,1,1,15,16,04108,36,4108
85,18100,2,1,14,14,03703,36,3703
76,10700,1,1,15,14,04103,36,4103
75,39700,1,1,17,17,03903,36,3903
73,100500,2,1,13,13,04106,36,4106
82,27000,1,1,23,23,03901,36,3901
85,19710,2,1,15,14,04105,36,4105
66,57800,2,1,36,36,04013,36,4013
94,280500,2,1,10,10,04107,36,4107
70,98000,2,1,11,10,04017,36,4017
80,33400,2,1,15,16,04114,36,4114
82,47000,1,1,17,17,04011,36,4011
86,10300,2,1,18,17,04106,36,4106
81,31000,2,1,13,13,04108,36,4108
69,165600,2,1,18,18,04110,36,4110
68,124400,2,1,39,40,04016,36,4016
73,4100,2,1,18,17,03708,36,3708
66,87110,1,1,14,14,04009,36,4009
66,70200,1,1,14,13,03709,36,3709
87,25000,2,1,13,14,04109,36,4109
65,527300,1,1,20,20,03806,36,3806
74,63000,2,1,11,12,03805,36,3805
66,33500,1,1,12,12,04110,36,4110
84,23900,2,1,16,15,04012,36,4012
81,79600,1,1,19,19,04010,36,4010
83,39830,2,1,15,16,04103,36,4103
67,31950,1,1,15,15,03901,36,3901
94,31800,2,1,13,13,04106,36,4106
76,15000,2,1,20,19,04105,36,4105
94,29800,2,1,19,19,04105,36,4105
72,17700,2,1,14,13,04107,36,4107
70,133400,1,1,34,34,04005,36,4005
68,134700,2,1,14,14,04111,36,4111
73,152720,2,1,11,12,03809,36,3809
81,22000,2,1,15,16,04013,36,4013
88,7400,2,1,52,52,03903,36,3903
78,146800,1,1,17,17,03902,36,3902
67,38650,1,1,14,15,04105,36,4105
87,72400,2,1,13,14,04114,36,4114
67,57900,2,1,18,19,04106,36,4106
90,54500,2,1,19,19,04003,36,4003
71,22900,2,1,38,38,04112,36,4112
67,39200,2,1,17,17,04106,36,4106
82,104400,2,1,9,10,04105,36,4105
73,534000,1,1,24,24,03805,36,3805
76,102830,1,1,14,15,04102,36,4102
73,0,2,1,31,31,03803,36,3803
69,11900,1,1,18,18,03706,36,3706
69,9900,1,1,51,52,03805,36,3805
76,5030,2,1,16,16,03702,36,3702
70,32300,1,1,17,17,04101,36,4101
72,114000,2,1,10,10,03807,36,3807
79,26100,1,1,17,17,04105,36,4105
85,18000,2,1,20,20,04103,36,4103
79,14700,2,1,7,7,04103,36,4103
87,34300,2,1,9,9,04110,36,4110
90,8000,2,1,16,15,04015,36,4015
85,61200,2,1,21,21,03806,36,3806
77,30860,2,1,17,16,04009,36,4009
65,28320,2,1,16,16,04018,36,4018
76,74200,2,1,54,54,04114,36,4114
80,13200,2,1,35,36,04001,36,4001
76,98350,2,1,17,17,03704,36,3704
83,44000,2,1,13,13,04105,36,4105
71,99000,1,1,68,67,03804,36,3804
75,26600,2,1,16,17,03702,36,3702
68,277800,1,1,17,17,03901,36,3901
73,90000,2,1,17,17,03807,36,3807
77,29200,2,1,6,6,04105,36,4105
74,8500,1,1,33,33,04007,36,4007
65,18000,1,1,10,10,04009,36,4009
65,97200,1,1,19,20,04013,36,4013
74,270000,2,1,25,25,04105,36,4105
73,73700,1,1,21,21,04108,36,4108
81,29000,2,1,13,13,03807,36,3807
67,94710,1,1,18,18,03702,36,3702
82,12600,2,1,15,15,04110,36,4110
71,4800,2,1,24,23,04113,36,4113
85,88100,2,1,13,14,04101,36,4101
67,86000,2,1,22,22,03808,36,3808
68,16500,1,1,25,25,03801,36,3801
66,155000,1,1,21,20,04106,36,4106
78,58400,1,1,14,14,04015,36,4015
69,42000,2,1,18,19,04103,36,4103
69,28100,1,1,15,15,04112,36,4112
85,68100,2,1,24,23,04004,36,4004
67,16700,2,1,25,25,04103,36,4103
72,85000,2,1,13,13,04111,36,4111
80,57070,2,1,15,15,04101,36,4101
79,41400,2,1,18,18,04013,36,4013
79,7800,1,1,13,14,04014,36,4014
77,11100,2,1,8,8,04016,36,4016
66,202600,2,1,17,17,03808,36,3808
78,35000,2,1,20,20,04103,36,4103
70,16000,2,1,21,21,04017,36,4017
65,40000,1,1,16,17,04109,36,4109
67,120730,1,1,24,24,04105,36,4105
66,196600,1,1,15,15,04015,36,4015
85,66200,2,1,10,11,04016,36,4016
75,83000,2,1,15,15,04013,36,4013
72,32130,1,1,10,9,04112,36,4112
82,53600,2,1,13,13,04110,36,4110
72,102600,2,1,16,16,03702,36,3702
68,56000,2,1,31,31,04005,36,4005
78,53000,1,1,29,29,04017,36,4017
66,98400,2,1,13,13,03802,36,3802
77,22700,2,1,18,19,04104,36,4104
70,23500,2,1,16,16,04102,36,4102
75,27600,2,1,18,17,04114,36,4114
82,72200,2,1,41,42,04111,36,4111
74,111000,2,1,18,18,04016,36,4016
72,13800,2,1,14,14,04001,36,4001
67,63500,1,1,25,25,03810,36,3810
94,76500,2,1,20,20,04018,36,4018
68,84670,2,1,13,13,04113,36,4113
68,73200,2,1,18,18,04008,36,4008
77,32200,1,1,28,28,04112,36,4112
65,101900,2,1,16,16,04114,36,4114
71,42000,2,1,25,25,04017,36,4017
94,137400,2,1,18,18,04015,36,4015
75,104700,1,1,13,12,04105,36,4105
65,82510,2,1,18,18,04104,36,4104
65,35000,2,1,11,11,04013,36,4013
81,22100,2,1,24,24,03903,36,3903
77,157000,1,1,18,18,04108,36,4108
70,141180,1,1,8,8,04105,36,4105
86,33100,1,1,14,14,03809,36,3809
72,146300,2,1,22,22,04103,36,4103
71,157500,2,1,11,11,04011,36,4011
67,62300,2,1,11,11,04106,36,4106
82,28300,2,1,37,37,04001,36,4001
81,43400,2,1,12,11,04112,36,4112
81,74700,1,1,11,11,04011,36,4011
67,246400,2,1,15,15,04015,36,4015
77,16040,2,1,29,30,04007,36,4007
81,58800,2,1,18,18,03806,36,3806
71,52700,2,1,21,21,03802,36,3802
81,36400,2,1,12,12,04110,36,4110
84,71400,2,1,13,13,03804,36,3804
66,227500,1,1,9,9,04016,36,4016
75,8960,2,1,23,23,03805,36,3805
94,41800,2,1,13,12,04012,36,4012
74,81600,2,1,12,12,04017,36,4017
70,75500,1,1,24,24,03702,36,3702
87,26800,2,1,13,13,03902,36,3902
76,27700,2,1,12,13,04017,36,4017
76,0,2,1,12,13,04106,36,4106
78,23000,2,1,11,11,04102,36,4102
77,118200,2,1,17,18,04108,36,4108
81,34400,2,1,13,13,04109,36,4109
66,15000,1,1,16,16,03801,36,3801
77,32700,1,1,12,12,04010,36,4010
67,59900,1,1,15,14,03901,36,3901
81,49400,2,1,41,42,04016,36,4016
73,39100,2,1,26,27,04009,36,4009
68,87000,2,1,22,22,03810,36,3810
66,47500,1,1,13,13,03901,36,3901
83,19500,2,1,45,45,04004,36,4004
76,30400,2,1,13,13,04112,36,4112
65,34200,1,1,37,37,04012,36,4012
68,172500,2,1,15,15,04010,36,4010
75,74750,1,1,27,27,04112,36,4112
71,23400,2,1,16,16,03807,36,3807
87,13800,2,1,12,12,04104,36,4104
78,12700,2,1,20,21,04006,36,4006
72,8500,2,1,45,44,04008,36,4008
85,54500,2,1,13,13,04103,36,4103
94,38100,2,1,18,17,04103,36,4103
79,50300,2,1,13,13,04105,36,4105
65,104000,1,1,18,18,04004,36,4004
74,21900,2,1,16,16,04011,36,4011
78,43000,2,1,18,18,03701,36,3701
78,13900,2,1,12,13,03710,36,3710
82,45800,2,1,16,16,03810,36,3810
73,47000,1,1,39,39,04105,36,4105
80,48200,2,1,36,36,03704,36,3704
65,382300,1,1,11,11,04113,36,4113
73,24500,2,1,23,24,04015,36,4015
71,17900,2,1,38,38,03704,36,3704
77,62500,2,1,12,12,04009,36,4009
72,8400,1,1,16,16,04105,36,4105
67,36400,2,1,13,13,04013,36,4013
65,14500,2,1,14,13,03703,36,3703
69,144500,2,1,10,10,04104,36,4104
74,20000,1,1,9,9,04110,36,4110
66,21000,2,1,13,14,04110,36,4110
76,47400,2,1,17,18,03902,36,3902
66,111800,1,1,18,18,04111,36,4111
70,46000,1,1,20,20,03901,36,3901
75,0,2,1,17,17,03901,36,3901
75,54000,1,1,13,13,04106,36,4106
89,113100,2,1,15,14,04016,36,4016
94,19200,1,1,8,8,04105,36,4105
70,45600,2,1,23,23,03806,36,3806
67,43700,1,1,3,3,04006,36,4006
77,58500,2,1,19,18,03901,36,3901
66,14000,2,1,23,22,03902,36,3902
74,41100,1,1,43,43,04102,36,4102
65,8100,1,1,46,46,04101,36,4101
72,78000,2,1,19,20,04004,36,4004
69,26300,2,1,16,16,03902,36,3902
73,7800,2,1,10,10,04015,36,4015
68,40000,1,1,18,17,03903,36,3903
65,132000,2,1,18,19,04007,36,4007
75,24400,2,1,9,9,04114,36,4114
71,63600,2,1,33,32,04016,36,4016
74,32000,2,1,19,19,03810,36,3810
74,16000,2,1,15,14,04016,36,4016
85,38400,2,1,24,23,04103,36,4103
78,41800,2,1,56,56,03703,36,3703
69,18400,2,1,23,24,04104,36,4104
78,0,2,1,22,22,03902,36,3902
75,107700,1,1,15,15,04104,36,4104
79,81500,2,1,14,14,03805,36,3805
71,26600,2,1,53,54,03901,36,3901
66,20800,1,1,12,12,04111,36,4111
68,85500,2,1,19,19,04108,36,4108
70,20600,1,1,10,10,04012,36,4012
83,27000,1,1,18,18,04114,36,4114
75,50800,2,1,13,13,03706,36,3706
86,14300,2,1,19,19,03901,36,3901
75,3200,2,1,39,38,04101,36,4101
73,84010,1,1,13,12,03903,36,3903
72,75400,1,1,14,14,03901,36,3901
79,46700,1,1,18,18,04105,36,4105
65,270000,1,1,15,15,03808,36,3808
65,58000,2,1,18,18,04103,36,4103
78,21100,2,1,21,21,03902,36,3902
73,42800,2,1,14,14,04006,36,4006
66,100000,2,1,17,17,03701,36,3701
90,8500,2,1,73,74,04005,36,4005
72,291800,1,1,15,14,03810,36,3810
69,34000,2,1,12,12,04017,36,4017
70,73300,1,1,11,10,03901,36,3901
76,76600,2,1,22,21,04101,36,4101
90,30900,2,1,14,14,04107,36,4107
77,61400,2,1,13,13,04110,36,4110
73,133400,1,1,18,18,03701,36,3701
73,126600,2,1,12,11,04014,36,4014
67,11000,2,1,5,6,04009,36,4009
65,60200,1,1,41,41,04009,36,4009
66,535800,2,1,9,9,04014,36,4014
75,46000,2,1,21,21,03902,36,3902
81,39700,2,1,24,24,03901,36,3901
72,18900,1,1,19,20,04104,36,4104
94,40200,2,1,14,14,03804,36,3804
72,6000,2,1,13,13,03709,36,3709
71,80600,2,1,11,11,04005,36,4005
70,88000,2,1,18,18,04004,36,4004
80,33000,2,1,44,44,03703,36,3703
68,22200,2,1,18,18,04110,36,4110
69,12500,2,1,16,16,03703,36,3703
84,28900,2,1,17,18,03902,36,3902
67,88500,2,1,15,16,04006,36,4006
70,32500,2,1,22,22,03706,36,3706
69,92000,1,1,27,27,03704,36,3704
67,45800,1,1,52,52,03709,36,3709
70,58200,2,1,10,11,03901,36,3901
78,40900,2,1,19,18,03903,36,3903
67,69500,2,1,16,16,04013,36,4013
74,170000,2,1,24,24,04103,36,4103
80,54000,2,1,16,16,04104,36,4104
82,14800,2,1,32,32,04103,36,4103
90,17000,2,1,10,9,04112,36,4112
71,14100,2,1,24,24,03709,36,3709
81,14700,2,1,17,17,03901,36,3901
68,108700,2,1,13,13,04005,36,4005
87,21300,2,1,13,13,04016,36,4016
75,64000,2,1,18,19,03902,36,3902
71,72080,1,1,13,13,04017,36,4017
76,19200,1,1,59,59,03808,36,3808
75,184600,2,1,4,4,04112,36,4112
78,157600,1,1,24,24,04009,36,4009
69,120400,1,1,17,17,03704,36,3704
73,45600,2,1,17,17,04106,36,4106
69,63200,1,1,17,17,04104,36,4104
65,52330,2,1,30,29,04114,36,4114
65,13500,2,1,41,41,04103,36,4103
73,37300,2,1,13,13,04010,36,4010
77,45200,2,1,68,68,03703,36,3703
67,133800,2,1,17,16,03806,36,3806
70,42900,1,1,18,18,04011,36,4011
67,30500,2,1,21,21,04107,36,4107
81,45900,2,1,22,22,03805,36,3805
73,27800,2,1,10,9,04015,36,4015
67,13300,1,1,52,52,04011,36,4011
69,252904,2,1,24,23,03805,36,3805
85,65000,1,1,16,16,04013,36,4013
83,6630,1,1,33,33,04003,36,4003
70,46200,1,1,14,13,04113,36,4113
74,21400,2,1,15,15,04112,36,4112
69,22500,2,1,12,11,03705,36,3705
82,46800,2,1,15,14,03702,36,3702
65,423000,1,1,16,17,03808,36,3808
89,232000,2,1,18,18,03805,36,3805
82,130800,2,1,36,37,03701,36,3701
68,55800,1,1,52,52,04009,36,4009
73,72720,2,1,19,19,03805,36,3805
65,84000,1,1,26,26,04007,36,4007
83,6000,2,1,57,57,04001,36,4001
67,53200,1,1,20,21,04113,36,4113
71,15100,2,1,16,16,04114,36,4114
74,110800,2,1,18,18,04102,36,4102
82,88000,2,1,17,18,03902,36,3902
84,91500,2,1,12,12,04005,36,4005
80,62400,2,1,7,7,04002,36,4002
89,33600,2,1,13,12,04111,36,4111
73,25300,2,1,34,34,04106,36,4106
66,228200,1,1,18,18,04017,36,4017
77,44400,2,1,16,16,03901,36,3901
69,186700,1,1,18,17,03705,36,3705
65,74500,1,1,13,13,04107,36,4107
78,1300,1,1,17,17,03901,36,3901
82,16800,2,1,13,14,04111,36,4111
76,114600,2,1,3,3,04004,36,4004
71,63100,1,1,10,10,04104,36,4104
68,61000,1,1,15,16,03702,36,3702
66,54600,2,1,12,12,04110,36,4110
86,36300,2,1,13,13,03902,36,3902
71,134600,2,1,19,19,03709,36,3709
80,34000,2,1,8,8,04105,36,4105
69,126400,2,1,22,21,03903,36,3903
77,22700,2,1,10,11,04110,36,4110
65,73200,2,1,29,30,04010,36,4010
72,19600,2,1,19,19,04017,36,4017
79,30000,2,1,11,11,04111,36,4111
75,41600,1,1,16,17,04009,36,4009
73,60,1,1,19,19,04108,36,4108
66,139400,1,1,20,21,04006,36,4006
65,73400,2,1,8,8,03802,36,3802
78,100600,2,1,73,73,04103,36,4103
75,52000,2,1,15,14,03805,36,3805
83,77000,1,1,21,20,03703,36,3703
75,70000,1,1,21,20,04011,36,4011
83,42400,2,1,12,12,04013,36,4013
84,20300,2,1,18,18,03701,36,3701
78,24000,1,1,25,24,04009,36,4009
69,27300,1,1,15,14,04111,36,4111
90,21700,2,1,13,13,04016,36,4016
66,19500,2,1,12,12,04112,36,4112
73,71700,2,1,13,13,04112,36,4112
77,17000,2,1,15,15,04114,36,4114
66,23300,1,1,11,11,04013,36,4013
76,342200,2,1,14,13,04102,36,4102
75,94600,2,1,11,12,04104,36,4104
87,175000,2,1,17,18,04015,36,4015
76,82800,1,1,24,23,04103,36,4103
69,133240,1,1,10,9,04013,36,4013
68,61000,1,1,13,14,04102,36,4102
72,86120,1,1,14,13,04016,36,4016
72,72200,2,1,23,24,03903,36,3903
73,56700,1,1,18,19,04003,36,4003
77,14950,1,1,12,12,04015,36,4015
77,115000,2,1,12,13,04011,36,4011
71,35200,2,1,14,14,03903,36,3903
80,40800,2,1,15,14,04101,36,4101
72,50200,1,1,59,59,04105,36,4105
85,22800,2,1,16,17,04110,36,4110
94,14400,2,1,12,12,04110,36,4110
76,444400,2,1,20,20,03806,36,3806
65,66600,1,1,14,15,04113,36,4113
81,37500,2,1,16,15,04013,36,4013
73,5720,1,1,30,29,04009,36,4009
86,47700,2,1,20,20,04018,36,4018
79,16430,2,1,11,11,03701,36,3701
85,66900,2,1,17,18,03703,36,3703
72,36800,2,1,20,20,04108,36,4108
75,422900,2,1,12,12,04004,36,4004
67,71650,2,1,39,38,04007,36,4007
88,81000,2,1,16,16,04009,36,4009
65,19200,2,1,9,9,04106,36,4106
74,29900,2,1,23,23,03709,36,3709
75,18600,2,1,16,15,04108,36,4108
66,54800,2,1,24,23,03903,36,3903
71,48100,2,1,18,18,03805,36,3805
65,35500,2,1,34,34,04013,36,4013
84,43000,2,1,18,18,03703,36,3703
94,56500,2,1,20,19,04103,36,4103
85,24900,2,1,14,13,04014,36,4014
73,15900,2,1,14,13,04103,36,4103
87,10330,2,1,11,10,04113,36,4113
71,30500,1,1,14,14,04104,36,4104
69,40100,2,1,21,20,03807,36,3807
81,73000,2,1,14,14,04104,36,4104
65,388000,1,1,24,23,03805,36,3805
73,24100,2,1,40,39,03702,36,3702
70,31100,2,1,29,29,03807,36,3807
65,107000,1,1,27,27,03903,36,3903
83,10100,1,1,7,7,03903,36,3903
71,80200,2,1,35,35,04017,36,4017
78,12000,2,1,12,12,04017,36,4017
81,27500,2,1,14,13,04009,36,4009
77,49000,2,1,19,19,04112,36,4112
77,54700,2,1,17,16,04106,36,4106
94,1800,2,1,22,22,04103,36,4103
70,271000,1,1,15,15,04108,36,4108
80,30500,2,1,12,12,04009,36,4009
89,53400,2,1,37,37,04015,36,4015
81,18000,1,1,13,13,04014,36,4014
80,37900,2,1,11,12,04110,36,4110
73,16100,2,1,30,29,04012,36,4012
72,66400,1,1,6,5,04003,36,4003
77,61500,1,1,11,11,04017,36,4017
78,6500,1,1,21,21,03805,36,3805
86,14500,2,1,16,16,03902,36,3902
73,32400,1,1,23,23,04108,36,4108
79,15600,2,1,12,11,04013,36,4013
78,108000,1,1,23,23,03805,36,3805
69,150980,1,1,19,18,03903,36,3903
65,105150,2,1,44,43,03810,36,3810
70,65400,1,1,25,24,03808,36,3808
82,111870,2,1,13,13,04014,36,4014
76,59000,2,1,38,38,03706,36,3706
94,281200,2,1,12,13,04104,36,4104
65,27000,2,1,18,19,04112,36,4112
75,40100,1,1,15,16,03704,36,3704
83,148600,1,1,31,31,04102,36,4102
83,32800,2,1,15,15,04101,36,4101
74,16700,2,1,16,16,04113,36,4113
67,89100,1,1,12,11,04109,36,4109
69,8400,2,1,24,24,04014,36,4014
84,50000,2,1,20,19,04106,36,4106
80,31700,2,1,13,13,04104,36,4104
66,33600,1,1,16,16,04010,36,4010
74,44000,2,1,17,17,04113,36,4113
70,51600,1,1,19,19,03901,36,3901
75,167640,2,1,14,14,04013,36,4013
66,16900,1,1,26,26,04104,36,4104
74,220000,2,1,23,22,03805,36,3805
69,9000,1,1,39,40,04102,36,4102
69,32000,2,1,22,21,03802,36,3802
73,50220,1,1,8,8,04008,36,4008
84,12000,2,1,57,57,03703,36,3703
75,35400,1,1,19,19,03701,36,3701
80,18300,2,1,26,27,03901,36,3901
82,36600,2,1,16,17,03808,36,3808
73,28400,2,1,11,10,04017,36,4017
89,50700,2,1,17,16,03902,36,3902
83,31500,1,1,11,11,03705,36,3705
70,79900,1,1,13,14,04104,36,4104
82,28100,2,1,16,16,04103,36,4103
74,87600,2,1,17,17,03702,36,3702
65,17400,1,1,20,21,04017,36,4017
86,18000,2,1,18,18,04016,36,4016
69,1200,1,1,18,18,04106,36,4106
74,50900,2,1,11,10,04009,36,4009
76,15300,2,1,16,16,03903,36,3903
71,124500,2,1,5,5,03903,36,3903
88,82100,2,1,8,8,04106,36,4106
73,17000,2,1,17,18,04104,36,4104
67,14800,2,1,11,11,03809,36,3809
68,102000,2,1,18,18,03805,36,3805
66,98700,2,1,11,11,04012,36,4012
71,110000,2,1,13,13,03902,36,3902
69,46500,1,1,31,31,03704,36,3704
76,60000,2,1,12,12,04104,36,4104
67,19100,2,1,18,18,04001,36,4001
85,19000,1,1,10,11,03704,36,3704
76,231300,2,1,19,19,03808,36,3808
86,24860,2,1,17,17,04108,36,4108
77,242100,2,1,16,17,04108,36,4108
73,17500,2,1,12,12,04104,36,4104
72,44000,1,1,14,14,04112,36,4112
68,76290,1,1,9,9,03702,36,3702
65,42000,2,1,16,16,03805,36,3805
72,27700,2,1,23,24,04106,36,4106
75,45400,2,1,21,21,04108,36,4108
69,53100,2,1,22,21,04107,36,4107
81,12900,1,1,6,6,04102,36,4102
77,24100,2,1,27,27,04111,36,4111
67,50700,1,1,17,17,04013,36,4013
80,10500,2,1,45,45,04012,36,4012
73,14000,2,1,11,11,04109,36,4109
75,18000,2,1,22,21,03803,36,3803
71,58000,2,1,4,4,04017,36,4017
65,0,2,1,22,22,04105,36,4105
79,32500,2,1,2,2,04101,36,4101
65,109400,2,1,19,18,04017,36,4017
73,131000,2,1,10,10,03801,36,3801
71,150500,2,1,13,14,03805,36,3805
65,150000,2,1,18,18,03710,36,3710
83,16690,2,1,22,22,03701,36,3701
72,233000,2,1,14,14,04005,36,4005
80,26500,2,1,13,13,04108,36,4108
72,113800,1,1,15,15,03808,36,3808
65,60000,1,1,25,25,04001,36,4001
68,195500,1,1,18,18,03805,36,3805
94,25430,2,1,64,64,04114,36,4114
68,18500,1,1,53,53,03901,36,3901
68,137400,2,1,16,16,04013,36,4013
71,47700,2,1,19,18,04008,36,4008
67,40300,1,1,27,28,04112,36,4112
74,36900,2,1,18,18,04101,36,4101
72,92300,1,1,15,15,04101,36,4101
90,7900,2,1,14,15,04108,36,4108
85,43300,2,1,12,12,04016,36,4016
74,26500,2,1,39,39,04110,36,4110
65,88600,2,1,19,20,04111,36,4111
70,118600,2,1,17,17,03805,36,3805
76,48500,1,1,16,16,04103,36,4103
71,181100,1,1,20,19,04007,36,4007
73,70500,1,1,6,6,04005,36,4005
86,12000,2,1,17,16,03709,36,3709
65,9800,2,1,10,10,03902,36,3902
84,27000,2,1,15,14,04001,36,4001
65,76300,2,1,13,13,04016,36,4016
74,14800,2,1,20,20,03808,36,3808
72,42300,1,1,29,28,04111,36,4111
70,73000,2,1,11,10,04017,36,4017
94,35200,2,1,12,12,04110,36,4110
75,31400,2,1,16,15,04104,36,4104
72,26000,2,1,20,20,03807,36,3807
86,57200,2,1,14,13,04017,36,4017
71,65700,2,1,12,12,04111,36,4111
94,91000,2,1,41,40,03808,36,3808
66,7000,2,1,31,31,04006,36,4006
82,20800,1,1,11,12,03704,36,3704
72,12700,2,1,23,24,03801,36,3801
71,47400,2,1,24,25,04011,36,4011
66,80400,2,1,15,15,03805,36,3805
68,35830,2,1,16,17,04010,36,4010
67,47700,1,1,66,65,04106,36,4106
66,57100,1,1,10,11,04009,36,4009
94,14400,2,1,15,15,04007,36,4007
67,124000,2,1,17,16,04016,36,4016
69,109440,1,1,14,14,04006,36,4006
77,26100,2,1,15,15,04016,36,4016
69,161800,2,1,9,10,04005,36,4005
74,8000,2,1,10,10,04106,36,4106
80,8700,2,1,15,14,04003,36,4003
76,36400,2,1,19,19,04113,36,4113
65,102000,2,1,19,20,03806,36,3806
82,27200,2,1,26,26,03706,36,3706
79,35500,2,1,12,12,04105,36,4105
65,40000,2,1,37,37,03703,36,3703
90,17900,2,1,23,22,03901,36,3901
85,35500,2,1,35,35,04114,36,4114
70,44900,2,1,4,3,04114,36,4114
83,108800,2,1,13,13,04018,36,4018
85,164300,2,1,14,15,04104,36,4104
67,15000,2,1,15,15,04018,36,4018
65,9000,1,1,44,44,03705,36,3705
77,50000,2,1,34,34,04014,36,4014
84,41900,2,1,10,10,04016,36,4016
67,214000,2,1,16,16,04111,36,4111
72,49300,2,1,15,15,03902,36,3902
71,53800,1,1,23,22,04112,36,4112
85,20400,2,1,20,20,04113,36,4113
70,76000,1,1,12,12,03902,36,3902
78,53000,2,1,22,22,04001,36,4001
65,46120,1,1,24,24,04108,36,4108
77,43000,2,1,11,11,04101,36,4101
82,6000,1,1,23,23,04016,36,4016
72,70840,2,1,15,15,03903,36,3903
83,63100,2,1,22,22,04103,36,4103
81,24800,2,1,12,12,04106,36,4106
72,124800,2,1,14,15,04009,36,4009
66,8000,2,1,11,11,03704,36,3704
67,62600,1,1,13,13,03704,36,3704
75,262400,2,1,23,22,03805,36,3805
84,30300,2,1,14,15,04016,36,4016
71,54400,1,1,17,16,04110,36,4110
78,23800,2,1,10,10,04110,36,4110
70,33400,2,1,17,17,04018,36,4018
76,13600,2,1,35,35,04112,36,4112
65,183000,1,1,18,18,03901,36,3901
76,92600,2,1,7,8,04005,36,4005
85,21400,2,1,14,15,04014,36,4014
94,11700,1,1,15,16,04103,36,4103
73,213100,2,1,22,23,03805,36,3805
79,2000,2,1,14,15,04101,36,4101
67,89400,2,1,13,14,04105,36,4105
73,55900,2,1,23,22,03805,36,3805
94,10900,2,1,21,21,04017,36,4017
75,12500,2,1,39,39,04114,36,4114
79,18600,2,1,55,55,04002,36,4002
69,72000,1,1,12,11,04018,36,4018
87,127500,2,1,20,19,03808,36,3808
70,103320,2,1,24,24,03901,36,3901
80,17400,1,1,9,10,04104,36,4104
66,30000,1,1,14,14,03801,36,3801
74,8300,2,1,24,24,03902,36,3902
69,96400,1,1,34,34,04105,36,4105
77,62400,2,1,16,16,04008,36,4008
81,98000,2,1,21,21,03806,36,3806
70,30900,1,1,17,17,04006,36,4006
70,243800,2,1,18,18,04009,36,4009
94,18100,2,1,15,15,04017,36,4017
67,42700,1,1,16,15,04008,36,4008
66,64900,2,1,9,8,04009,36,4009
66,73900,2,1,15,15,04102,36,4102
76,72730,1,1,22,23,04003,36,4003
83,29500,2,1,16,15,04013,36,4013
80,30600,2,1,9,10,04112,36,4112
65,78920,2,1,11,11,04003,36,4003
82,14000,2,1,25,25,03703,36,3703
65,74300,2,1,23,23,04017,36,4017
82,253600,2,1,16,16,03805,36,3805
75,19910,2,1,15,16,03702,36,3702
67,73200,1,1,33,32,04105,36,4105
83,11701,2,1,14,13,04109,36,4109
80,51000,2,1,11,11,04108,36,4108
69,92420,2,1,17,16,04107,36,4107
68,58000,2,1,11,11,04005,36,4005
78,41400,2,1,11,11,04107,36,4107
79,64200,2,1,19,19,04102,36,4102
85,13200,2,1,12,12,04017,36,4017
76,27600,2,1,12,13,04103,36,4103
79,32200,2,1,15,15,04101,36,4101
66,7000,1,1,13,14,04010,36,4010
79,114500,1,1,16,16,03807,36,3807
73,34900,1,1,38,38,04104,36,4104
82,82450,2,1,24,24,03903,36,3903
66,15000,2,1,16,16,04110,36,4110
94,39900,2,1,12,12,04104,36,4104
79,48000,2,1,43,43,04105,36,4105
73,82000,1,1,22,22,04113,36,4113
73,7700,2,1,15,15,04114,36,4114
68,208000,1,1,18,17,04104,36,4104
68,79500,2,1,21,21,04112,36,4112
70,166050,1,1,5,6,04005,36,4005
81,173200,1,1,16,17,03708,36,3708
82,33700,2,1,14,14,04013,36,4013
77,56000,2,1,32,32,03902,36,3902
94,36500,1,1,15,15,03701,36,3701
69,11100,1,1,10,10,04001,36,4001
84,6700,2,1,3,3,04108,36,4108
69,149070,1,1,12,12,04017,36,4017
70,32200,1,1,20,20,04113,36,4113
70,49100,2,1,10,10,03902,36,3902
65,27000,2,1,11,11,04014,36,4014
74,366600,1,1,21,21,03806,36,3806
66,52900,2,1,14,13,04105,36,4105
88,38300,2,1,15,15,04014,36,4014
82,53940,2,1,9,10,03903,36,3903
68,94800,2,1,17,17,03709,36,3709
65,24200,1,1,18,17,04105,36,4105
65,190000,1,1,12,13,04112,36,4112
70,24000,1,1,18,18,04007,36,4007
67,66800,2,1,19,19,03901,36,3901
72,84320,2,1,12,12,03805,36,3805
77,27500,2,1,19,19,04103,36,4103
65,40500,2,1,22,22,04017,36,4017
77,92500,1,1,37,36,04008,36,4008
77,17000,2,1,19,19,04103,36,4103
81,9700,2,1,10,10,04013,36,4013
75,40640,2,1,16,16,04112,36,4112
84,33400,2,1,15,16,03901,36,3901
67,28100,2,1,30,29,04105,36,4105
83,17900,2,1,83,83,03903,36,3903
76,12000,1,1,12,11,03902,36,3902
87,36800,1,1,43,42,04002,36,4002
70,35230,2,1,16,15,04103,36,4103
86,18400,2,1,25,25,04005,36,4005
68,80400,2,1,14,14,04017,36,4017
82,18400,2,1,15,15,04110,36,4110
70,9000,2,1,16,16,04105,36,4105
90,26000,2,1,13,13,04113,36,4113
68,46000,2,1,14,14,03701,36,3701
71,64200,2,1,11,11,04005,36,4005
66,49200,1,1,40,40,04103,36,4103
72,30500,2,1,13,13,04009,36,4009
65,72850,1,1,33,33,04112,36,4112
79,14300,2,1,62,61,04009,36,4009
73,32000,2,1,18,18,03805,36,3805
69,177300,2,1,15,15,04108,36,4108
82,57000,2,1,14,14,03703,36,3703
74,103500,1,1,36,37,04010,36,4010
69,82600,1,1,34,34,04105,36,4105
79,31900,1,1,20,20,04113,36,4113
73,50800,2,1,21,21,04103,36,4103
66,72100,1,1,39,38,03809,36,3809
70,4300,2,1,14,14,04008,36,4008
69,344600,2,1,11,11,04013,36,4013
76,56100,2,1,19,19,04008,36,4008
82,14000,2,1,14,14,04105,36,4105
66,28500,2,1,14,13,04009,36,4009
94,82500,2,1,21,21,04009,36,4009
79,30700,2,1,16,17,04104,36,4104
69,44900,1,1,17,17,03702,36,3702
84,19000,2,1,14,14,03901,36,3901
66,22860,2,1,17,17,03902,36,3902
87,18200,2,1,13,13,04111,36,4111
72,39990,1,1,16,16,04003,36,4003
65,12700,2,1,17,16,04018,36,4018
68,31000,2,1,16,16,04105,36,4105
69,255400,2,1,18,18,03805,36,3805
77,43750,2,1,20,20,03807,36,3807
74,49800,1,1,22,22,04111,36,4111
76,131000,2,1,22,23,03805,36,3805
68,18000,2,1,28,28,03702,36,3702
68,54200,2,1,15,16,03703,36,3703
71,33900,2,1,21,21,04105,36,4105
81,88590,2,1,20,20,03903,36,3903
70,103100,2,1,12,11,04009,36,4009
94,6800,2,1,30,31,03709,36,3709
74,99000,2,1,14,14,03809,36,3809
82,38400,2,1,7,8,04013,36,4013
68,73000,2,1,18,18,04103,36,4103
84,34500,2,1,47,47,04103,36,4103
75,2300,2,1,53,53,03903,36,3903
86,8000,2,1,17,17,04108,36,4108
83,46900,2,1,22,22,03903,36,3903
79,27460,2,1,15,16,04113,36,4113
66,46200,2,1,18,19,04112,36,4112
82,124720,2,1,19,20,04012,36,4012
74,22900,1,1,8,8,04017,36,4017
77,29600,2,1,9,9,04015,36,4015
67,30800,2,1,14,13,04104,36,4104
90,23900,2,1,17,18,04001,36,4001
71,15000,2,1,19,19,03901,36,3901
82,13100,1,1,22,22,04105,36,4105
79,71400,2,1,18,18,04105,36,4105
72,236900,2,1,28,29,04103,36,4103
90,218100,2,1,21,21,03805,36,3805
67,75600,1,1,18,18,03806,36,3806
80,60000,2,1,12,12,04105,36,4105
70,65250,1,1,18,17,04104,36,4104
79,13400,2,1,16,16,03902,36,3902
74,57700,1,1,22,23,03807,36,3807
80,56800,2,1,17,17,04001,36,4001
75,20000,2,1,8,9,04101,36,4101
68,44200,2,1,15,15,04111,36,4111
67,123200,1,1,15,15,04010,36,4010
75,235400,2,1,11,11,04110,36,4110
86,15200,2,1,13,13,04009,36,4009
73,43580,1,1,21,20,04018,36,4018
88,29000,2,1,10,10,04110,36,4110
69,66100,2,1,16,15,04106,36,4106
69,50600,2,1,23,23,04106,36,4106
94,21300,2,1,11,11,04013,36,4013
65,53180,2,1,20,19,04103,36,4103
70,17300,1,1,17,17,03901,36,3901
78,87200,2,1,20,20,03702,36,3702
81,19900,2,1,21,20,04103,36,4103
84,5200,2,1,18,18,03806,36,3806
85,13800,1,1,24,24,04101,36,4101
85,13300,2,1,10,10,04012,36,4012
76,101600,2,1,11,11,04104,36,4104
82,13500,2,1,14,14,04110,36,4110
70,85300,2,1,15,16,03903,36,3903
67,23300,2,1,9,9,04103,36,4103
70,48600,1,1,24,24,04102,36,4102
76,30200,2,1,12,11,04016,36,4016
76,55000,2,1,17,17,03808,36,3808
83,15600,2,1,14,14,04105,36,4105
67,79700,1,1,12,11,03703,36,3703
72,87000,2,1,14,14,04107,36,4107
68,24000,2,1,13,13,03901,36,3901
80,15600,2,1,17,17,03902,36,3902
65,54800,1,1,16,16,04104,36,4104
67,49000,2,1,12,12,04103,36,4103
81,68300,1,1,32,32,03805,36,3805
94,17000,2,1,23,23,04009,36,4009
86,9600,2,1,17,18,03902,36,3902
80,14500,2,1,25,25,03703,36,3703
75,21200,2,1,13,13,04110,36,4110
90,10900,2,1,12,12,04012,36,4012
83,42000,2,1,18,19,03903,36,3903
94,19200,2,1,9,9,03802,36,3802
94,35800,1,1,12,11,04112,36,4112
73,76500,2,1,11,10,04016,36,4016
79,73000,2,1,10,10,03702,36,3702
69,40700,1,1,15,15,04114,36,4114
72,232000,2,1,16,15,04106,36,4106
82,365000,2,1,18,18,04106,36,4106
67,48400,1,1,15,15,04002,36,4002
65,52450,1,1,9,9,04105,36,4105
66,15200,2,1,16,16,04016,36,4016
86,12000,2,1,12,12,03704,36,3704
94,7570,2,1,13,14,03903,36,3903
75,186800,1,1,18,18,04112,36,4112
66,77800,2,1,22,22,03804,36,3804
67,57400,1,1,14,14,04105,36,4105
81,16600,2,1,35,35,04001,36,4001
72,29500,2,1,15,15,04109,36,4109
68,107350,2,1,11,11,04112,36,4112
68,198600,2,1,62,62,03805,36,3805
68,174000,2,1,21,20,03805,36,3805
83,18500,2,1,40,40,04015,36,4015
65,2600,2,1,14,14,04104,36,4104
69,16500,2,1,14,15,04103,36,4103
67,36900,1,1,32,32,04103,36,4103
72,71600,1,1,12,11,04008,36,4008
65,24600,1,1,12,12,04110,36,4110
68,110000,1,1,10,10,04110,36,4110
65,29530,2,1,21,21,04104,36,4104
68,20500,2,1,21,21,04110,36,4110
80,44200,2,1,11,11,04104,36,4104
70,34100,2,1,17,17,04101,36,4101
75,101280,1,1,53,53,04112,36,4112
76,112600,2,1,17,17,04013,36,4013
73,8000,2,1,13,13,04112,36,4112
84,26600,2,1,15,14,04103,36,4103
66,35400,2,1,13,13,04103,36,4103
80,246500,2,1,15,15,04106,36,4106
69,25300,2,1,14,14,03902,36,3902
79,67000,2,1,10,9,04103,36,4103
65,37500,2,1,35,36,04017,36,4017
73,31500,1,1,16,16,03901,36,3901
84,12800,2,1,19,18,04103,36,4103
74,31900,2,1,13,13,04004,36,4004
65,165700,1,1,36,37,03702,36,3702
76,133300,2,1,54,54,04112,36,4112
88,16700,2,1,8,8,04113,36,4113
78,43400,2,1,17,17,03901,36,3901
71,217900,1,1,63,64,03807,36,3807
81,167000,2,1,14,14,04104,36,4104
70,31700,2,1,32,32,04008,36,4008
76,69600,1,1,20,21,03808,36,3808
73,208000,2,1,17,17,04106,36,4106
69,215000,1,1,16,16,04103,36,4103
80,26300,2,1,12,11,03801,36,3801
86,20700,2,1,15,14,03702,36,3702
94,68000,2,1,21,21,03805,36,3805
79,106600,2,1,13,14,04110,36,4110
89,21600,2,1,37,37,03704,36,3704
72,100900,2,1,21,21,03901,36,3901
72,13700,1,1,17,17,03709,36,3709
74,16600,2,1,11,11,04104,36,4104
73,102170,1,1,4,4,04114,36,4114
72,60400,2,1,18,18,04014,36,4014
71,11300,1,1,39,39,04008,36,4008
67,52700,1,1,15,15,04110,36,4110
67,49050,1,1,18,19,03806,36,3806
77,34600,1,1,12,12,04102,36,4102
66,53000,2,1,16,15,04101,36,4101
72,132400,2,1,12,12,03805,36,3805
82,7050,1,1,19,19,04004,36,4004
76,67000,2,1,10,10,04103,36,4103
67,46300,2,1,16,16,04105,36,4105
77,29500,2,1,22,22,03806,36,3806
84,9300,2,1,12,13,04007,36,4007
69,62700,1,1,8,8,04004,36,4004
71,67000,1,1,18,18,04113,36,4113
65,36200,2,1,14,15,03901,36,3901
78,48500,2,1,21,21,03901,36,3901
65,70002,2,1,11,12,04104,36,4104
81,57900,2,1,26,26,03805,36,3805
76,165000,1,1,16,16,04009,36,4009
84,107400,2,1,18,17,04114,36,4114
72,112400,1,1,6,6,04105,36,4105
82,3600,1,1,19,18,03902,36,3902
68,15000,2,1,15,15,04009,36,4009
65,67200,1,1,24,23,03901,36,3901
67,28200,2,1,20,20,04014,36,4014
81,268000,2,1,12,12,04013,36,4013
81,181200,1,1,23,22,03805,36,3805
69,162200,2,1,6,6,04105,36,4105
70,10800,2,1,23,23,04014,36,4014
77,219900,1,1,23,23,04102,36,4102
73,110600,2,1,13,13,03704,36,3704
77,47600,2,1,14,13,04110,36,4110
74,27900,1,1,18,18,04015,36,4015
80,99100,2,1,26,27,04015,36,4015
70,37500,1,1,42,42,04101,36,4101
73,210400,1,1,25,25,04006,36,4006
85,59670,2,1,7,7,04111,36,4111
79,167800,2,1,11,12,04104,36,4104
69,119100,1,1,14,14,04111,36,4111
77,14400,2,1,18,18,03901,36,3901
86,24200,2,1,15,15,04112,36,4112
72,24100,1,1,15,15,03710,36,3710
78,23500,2,1,15,15,04103,36,4103
66,58100,1,1,14,14,04009,36,4009
81,29700,2,1,7,8,03901,36,3901
65,199600,1,1,53,53,03807,36,3807
69,191000,1,1,7,7,04017,36,4017
77,107710,1,1,10,10,03702,36,3702
67,47600,2,1,15,14,03901,36,3901
66,30560,2,1,15,15,04010,36,4010
72,9600,2,1,41,41,04109,36,4109
70,114000,2,1,14,14,03901,36,3901
83,12000,2,1,18,18,04113,36,4113
75,26000,2,1,20,20,03709,36,3709
74,181600,1,1,5,6,03807,36,3807
83,45000,2,1,14,14,04105,36,4105
79,46800,1,1,15,14,04103,36,4103
68,82400,2,1,11,10,04111,36,4111
94,18600,2,1,11,12,04108,36,4108
73,42000,1,1,34,34,03702,36,3702
68,37200,1,1,46,47,03901,36,3901
75,423900,2,1,15,15,04005,36,4005
73,19800,2,1,36,35,04001,36,4001
67,113500,1,1,14,14,03705,36,3705
66,64100,1,1,26,26,04112,36,4112
77,26200,2,1,16,16,04109,36,4109
67,138000,1,1,17,17,03901,36,3901
70,51000,2,1,21,21,04008,36,4008
81,125500,2,1,10,10,03702,36,3702
77,48020,2,1,11,11,03808,36,3808
70,44300,2,1,15,15,04016,36,4016
68,28800,2,1,14,15,04112,36,4112
69,25700,2,1,18,18,04109,36,4109
66,110100,2,1,13,13,04013,36,4013
79,78600,2,1,11,11,04110,36,4110
66,50100,2,1,14,14,04110,36,4110
87,14700,2,1,12,12,04106,36,4106
75,65700,1,1,15,16,04108,36,4108
75,45000,2,1,26,25,04017,36,4017
87,30150,2,1,20,20,04112,36,4112
70,14400,2,1,27,26,04106,36,4106
85,16800,2,1,17,16,04113,36,4113
81,99200,2,1,23,23,03805,36,3805
79,53800,2,1,24,24,04114,36,4114
74,180250,2,1,14,14,03806,36,3806
90,21100,1,1,12,12,04112,36,4112
78,4400,2,1,20,20,03703,36,3703
71,21800,2,1,20,21,04102,36,4102
76,24000,2,1,27,28,04110,36,4110
76,148000,1,1,17,16,04111,36,4111
76,35600,2,1,17,16,04103,36,4103
73,41400,2,1,21,21,03709,36,3709
77,24600,2,1,17,18,03706,36,3706
80,2000,2,1,11,12,04110,36,4110
78,482000,2,1,13,12,03804,36,3804
84,36700,2,1,17,17,03809,36,3809
66,30000,1,1,16,16,04108,36,4108
78,54800,2,1,14,13,04102,36,4102
76,359901,2,1,13,13,03701,36,3701
81,180300,2,1,15,15,03806,36,3806
65,10900,1,1,18,18,04103,36,4103
83,80100,2,1,11,12,03902,36,3902
67,26050,2,1,14,14,04104,36,4104
75,75800,2,1,18,18,03709,36,3709
67,41550,1,1,19,19,04105,36,4105
70,18200,2,1,9,10,04107,36,4107
70,149100,1,1,18,18,03808,36,3808
69,22000,2,1,8,8,04009,36,4009
70,16100,2,1,16,16,03703,36,3703
82,64000,2,1,12,11,04001,36,4001
66,337000,2,1,10,10,04114,36,4114
75,40400,2,1,14,14,04107,36,4107
70,46500,2,1,17,17,04016,36,4016
65,94800,2,1,12,12,03808,36,3808
75,17650,1,1,6,6,03903,36,3903
76,92500,2,1,16,16,04016,36,4016
94,125100,2,1,22,22,04112,36,4112
77,13890,2,1,19,20,03901,36,3901
77,15400,2,1,19,20,04113,36,4113
72,94000,1,1,11,11,03703,36,3703
88,34800,2,1,52,51,03804,36,3804
77,3500,1,1,14,14,04011,36,4011
73,186600,1,1,18,18,04105,36,4105
69,30000,2,1,12,13,04110,36,4110
66,106400,2,1,18,19,04109,36,4109
76,56600,1,1,8,8,04015,36,4015
83,124400,1,1,9,9,04010,36,4010
75,75110,1,1,19,19,03902,36,3902
78,216000,2,1,22,23,03806,36,3806
65,242700,1,1,14,14,04114,36,4114
83,68000,1,1,5,5,04006,36,4006
65,83900,1,1,12,12,04104,36,4104
77,75800,2,1,13,13,04001,36,4001
72,137600,2,1,10,10,04014,36,4014
85,98000,1,1,18,18,03901,36,3901
68,59900,2,1,17,17,03903,36,3903
66,165300,2,1,10,10,03709,36,3709
74,94980,2,1,10,10,03702,36,3702
65,56400,1,1,12,12,04104,36,4104
76,157000,2,1,10,10,04101,36,4101
76,33090,2,1,10,10,04102,36,4102
74,114600,1,1,22,21,04102,36,4102
84,15900,2,1,22,22,04014,36,4014
87,42400,2,1,15,16,03903,36,3903
71,109100,2,1,19,19,04110,36,4110
82,18900,2,1,16,16,03903,36,3903
84,33300,2,1,15,15,04013,36,4013
67,35500,2,1,15,16,03902,36,3902
68,174000,1,1,18,18,03806,36,3806
72,38000,2,1,14,15,04109,36,4109
70,126000,1,1,37,36,04103,36,4103
79,25000,2,1,54,54,03806,36,3806
69,77400,2,1,25,25,03901,36,3901
79,19400,2,1,17,17,04108,36,4108
68,87200,1,1,13,12,03702,36,3702
87,19000,2,1,13,13,04110,36,4110
65,40880,1,1,20,20,03903,36,3903
77,36900,2,1,18,18,03901,36,3901
76,38400,2,1,17,17,04003,36,4003
71,101900,1,1,17,16,04103,36,4103
66,41950,1,1,7,7,03903,36,3903
71,32100,2,1,11,12,04017,36,4017
67,66200,2,1,14,14,04107,36,4107
80,13000,2,1,3,4,04002,36,4002
79,84300,2,1,17,17,04108,36,4108
67,9600,2,1,17,17,03703,36,3703
84,27700,2,1,18,18,04110,36,4110
68,163400,2,1,21,21,03805,36,3805
94,37800,2,1,11,11,03702,36,3702
77,144300,2,1,14,14,04001,36,4001
86,41400,1,1,30,31,04002,36,4002
72,117300,2,1,25,25,04016,36,4016
69,20100,2,1,30,31,04113,36,4113
65,86500,2,1,10,10,04017,36,4017
84,13000,2,1,16,15,03902,36,3902
84,294100,2,1,13,12,04104,36,4104
66,121080,2,1,18,18,04103,36,4103
75,47100,1,1,17,18,04014,36,4014
66,17700,1,1,25,25,04112,36,4112
77,40500,2,1,16,17,04013,36,4013
71,24000,2,1,19,19,04113,36,4113
68,24600,1,1,21,20,03703,36,3703
75,110300,1,1,9,9,04110,36,4110
85,38100,2,1,14,14,03709,36,3709
72,199600,1,1,6,6,04008,36,4008
77,105000,2,1,14,14,03706,36,3706
88,22500,2,1,21,21,03902,36,3902
67,110860,1,1,22,22,04102,36,4102
75,53200,2,1,15,15,04102,36,4102
80,32900,2,1,16,16,04110,36,4110
69,59800,1,1,18,18,04110,36,4110
66,67200,1,1,23,22,03802,36,3802
67,26200,1,1,28,28,04009,36,4009
79,44800,1,1,16,17,04103,36,4103
68,47000,2,1,44,44,04018,36,4018
69,127600,2,1,46,46,04001,36,4001
73,78000,2,1,31,31,04105,36,4105
66,191600,2,1,34,33,04105,36,4105
94,64700,2,1,13,13,04018,36,4018
66,87500,1,1,14,14,04109,36,4109
77,85800,2,1,60,60,04103,36,4103
85,70900,2,1,10,9,04112,36,4112
68,71800,2,1,16,16,03708,36,3708
67,72700,1,1,10,9,04005,36,4005
67,50000,2,1,16,15,03701,36,3701
82,11960,2,1,22,21,03903,36,3903
75,33600,2,1,14,15,04103,36,4103
67,69600,2,1,15,15,04001,36,4001
73,33400,2,1,19,19,03901,36,3901
84,16800,1,1,19,19,03703,36,3703
68,63000,1,1,22,22,03701,36,3701
72,103800,1,1,12,12,04110,36,4110
73,68970,1,1,16,15,04011,36,4011
71,31200,1,1,27,27,04007,36,4007
81,47000,2,1,13,13,04013,36,4013
70,497400,2,1,16,16,03805,36,3805
77,10700,1,1,22,22,04013,36,4013
84,54500,2,1,10,10,04103,36,4103
80,35000,2,1,20,20,04104,36,4104
73,17900,1,1,11,10,04015,36,4015
68,196900,1,1,12,12,04002,36,4002
75,8900,2,1,19,18,03703,36,3703
76,40700,1,1,23,23,04009,36,4009
86,20400,2,1,12,12,03709,36,3709
94,22200,2,1,21,20,04112,36,4112
88,10300,2,1,21,21,04112,36,4112
69,7200,2,1,15,15,04010,36,4010
73,104500,2,1,22,22,03805,36,3805
68,33700,1,1,11,11,04105,36,4105
65,89200,2,1,15,15,04106,36,4106
70,72500,1,1,17,18,03901,36,3901
67,52800,2,1,15,15,04101,36,4101
71,65550,2,1,16,16,04018,36,4018
83,133800,1,1,14,15,04008,36,4008
71,41200,2,1,10,11,04017,36,4017
71,12300,1,1,11,12,04017,36,4017
79,11000,2,1,19,18,03901,36,3901
74,188201,1,1,25,26,04108,36,4108
75,25780,2,1,15,15,03709,36,3709
84,33000,2,1,14,13,04014,36,4014
79,26200,2,1,32,32,03902,36,3902
70,16000,1,1,56,56,04106,36,4106
78,38530,2,1,16,16,04103,36,4103
89,25800,2,1,11,11,04105,36,4105
69,34300,2,1,13,13,03901,36,3901
73,24100,2,1,18,19,03901,36,3901
66,123600,1,1,27,27,03808,36,3808
65,165400,2,1,20,20,04105,36,4105
71,79700,2,1,15,14,04105,36,4105
72,71110,2,1,12,12,04013,36,4013
80,10200,2,1,21,21,04113,36,4113
67,187200,1,1,10,11,04112,36,4112
74,504600,2,1,19,18,03808,36,3808
75,28300,2,1,17,17,04111,36,4111
82,68100,2,1,9,9,04101,36,4101
70,263000,1,1,17,17,03805,36,3805
67,6200,2,1,11,11,04006,36,4006
77,141000,1,1,13,12,04103,36,4103
67,4700,2,1,14,14,04005,36,4005
69,23100,2,1,19,19,04001,36,4001
65,133000,1,1,10,10,04110,36,4110
70,28800,1,1,15,16,04112,36,4112
82,18850,2,1,18,18,03806,36,3806
82,17000,2,1,19,19,04017,36,4017
83,13200,2,1,14,14,04101,36,4101
72,52200,1,1,22,22,04009,36,4009
82,15000,2,1,10,10,04110,36,4110
83,6100,1,1,15,16,03902,36,3902
66,25500,1,1,13,13,04102,36,4102
68,27000,2,1,9,9,04017,36,4017
94,15500,2,1,38,37,04015,36,4015
66,192400,1,1,28,28,03702,36,3702
81,15000,2,1,13,13,04012,36,4012
83,10000,2,1,17,17,03902,36,3902
69,20000,2,1,11,10,04010,36,4010
73,16800,1,1,19,19,04009,36,4009
75,134000,2,1,12,12,04010,36,4010
71,14600,2,1,13,12,04017,36,4017
71,17200,2,1,11,11,04018,36,4018
66,98000,1,1,9,9,04004,36,4004
86,21500,2,1,15,16,04103,36,4103
67,84000,2,1,21,21,04101,36,4101
80,51000,2,1,10,10,04103,36,4103
68,71000,2,1,6,6,04103,36,4103
87,76500,2,1,12,12,04004,36,4004
79,156100,2,1,12,11,04014,36,4014
66,29350,1,1,10,10,03705,36,3705
70,31000,2,1,17,17,03901,36,3901
94,30000,2,1,23,23,04113,36,4113
81,60800,2,1,16,16,04103,36,4103
81,110000,1,1,14,13,03808,36,3808
67,72900,1,1,4,4,04005,36,4005
70,47200,1,1,17,17,03902,36,3902
75,7400,2,1,14,14,04008,36,4008
74,51100,2,1,14,13,04005,36,4005
78,105500,2,1,14,14,04104,36,4104
69,102600,2,1,17,17,03902,36,3902
65,71810,2,1,19,19,04104,36,4104
69,116900,2,1,11,11,03702,36,3702
80,131300,2,1,15,14,04108,36,4108
86,67700,2,1,21,21,03806,36,3806
66,203500,2,1,6,6,04015,36,4015
68,62000,2,1,14,14,04018,36,4018
83,97800,2,1,9,9,04106,36,4106
68,408000,1,1,13,13,04112,36,4112
78,115000,1,1,65,66,03902,36,3902
73,34200,1,1,22,23,04007,36,4007
86,0,2,1,11,11,04105,36,4105
72,43200,2,1,18,19,04013,36,4013
76,21600,2,1,21,21,03903,36,3903
84,49400,2,1,12,13,04110,36,4110
72,65400,2,1,11,11,04005,36,4005
73,7100,2,1,20,20,04103,36,4103
67,334100,2,1,12,12,04114,36,4114
84,106000,2,1,14,14,04012,36,4012
84,41900,2,1,11,11,04104,36,4104
83,78800,2,1,15,15,04105,36,4105
68,66800,2,1,10,10,04104,36,4104
76,64300,2,1,15,15,04004,36,4004
66,18700,2,1,13,13,03902,36,3902
68,727000,1,1,23,24,03808,36,3808
72,25850,2,1,24,23,04105,36,4105
65,40800,2,1,18,18,04104,36,4104
68,178500,2,1,9,9,04015,36,4015
79,28300,2,1,18,18,04104,36,4104
85,14000,2,1,10,10,04114,36,4114
77,71000,1,1,18,17,03903,36,3903
70,28200,1,1,13,12,04017,36,4017
84,24600,2,1,17,17,04110,36,4110
65,32400,2,1,18,18,03902,36,3902
67,12650,1,1,17,16,04007,36,4007
69,32900,2,1,16,15,04009,36,4009
75,18600,1,1,14,14,03903,36,3903
83,25800,2,1,25,24,03903,36,3903
80,108100,1,1,12,13,04005,36,4005
73,16600,1,1,17,17,04104,36,4104
77,28000,2,1,12,12,03903,36,3903
86,127000,2,1,17,17,03809,36,3809
74,0,2,1,17,17,04016,36,4016
71,10300,1,1,29,29,04001,36,4001
68,27200,1,1,37,36,04008,36,4008
77,23050,2,1,21,22,03703,36,3703
78,49600,2,1,12,13,03901,36,3901
69,203200,2,1,16,16,03805,36,3805
86,150200,1,1,6,6,04112,36,4112
88,35850,2,1,24,24,03704,36,3704
73,88200,2,1,42,42,04113,36,4113
73,97100,2,1,21,20,03805,36,3805
70,112200,2,1,13,14,03903,36,3903
66,27000,2,1,25,25,03701,36,3701
69,152500,2,1,12,12,04013,36,4013
77,87500,2,1,24,24,04009,36,4009
66,21000,2,1,14,14,04107,36,4107
66,51000,1,1,14,13,03703,36,3703
79,9900,2,1,22,22,03808,36,3808
72,54600,2,1,15,15,03704,36,3704
68,94000,1,1,19,19,04113,36,4113
86,56800,2,1,13,13,04018,36,4018
65,118400,1,1,29,29,04014,36,4014
67,40100,2,1,19,18,04109,36,4109
77,22800,2,1,31,31,04103,36,4103
94,26000,2,1,65,65,03806,36,3806
71,100000,1,1,19,19,04112,36,4112
70,27100,2,1,30,29,04106,36,4106
65,51700,1,1,18,18,03702,36,3702
94,45100,2,1,15,15,04011,36,4011
71,68000,2,1,19,19,04112,36,4112
67,41200,2,1,19,18,03901,36,3901
73,11504,2,1,18,18,04104,36,4104
69,30300,2,1,19,19,04107,36,4107
68,24070,1,1,16,16,04103,36,4103
66,177300,2,1,9,9,04103,36,4103
73,56600,2,1,16,16,04009,36,4009
67,40000,2,1,15,15,04110,36,4110
71,163600,1,1,17,17,03805,36,3805
69,46000,2,1,17,16,04103,36,4103
80,51000,2,1,18,18,04105,36,4105
76,145400,1,1,18,18,03806,36,3806
72,77600,1,1,15,14,04101,36,4101
73,133600,1,1,19,18,04004,36,4004
67,60600,2,1,14,15,04009,36,4009
65,93100,2,1,6,7,04109,36,4109
89,85000,2,1,15,16,04109,36,4109
67,17000,2,1,16,15,03901,36,3901
70,257300,2,1,25,25,03808,36,3808
72,83800,2,1,10,10,03901,36,3901
83,80200,1,1,38,38,04014,36,4014
69,92800,2,1,15,15,04110,36,4110
65,255500,2,1,12,13,04103,36,4103
67,17000,2,1,8,8,04105,36,4105
70,99300,2,1,16,16,03703,36,3703
77,27500,2,1,19,19,04111,36,4111
69,74000,1,1,26,26,03802,36,3802
72,8500,2,1,6,6,04017,36,4017
89,49000,2,1,9,10,04104,36,4104
67,117020,1,1,11,11,04103,36,4103
76,36000,1,1,26,26,04018,36,4018
70,564000,2,1,10,10,04016,36,4016
69,37600,2,1,15,14,04106,36,4106
88,41000,2,1,10,9,03903,36,3903
71,45300,1,1,3,3,04008,36,4008
66,72300,2,1,73,73,04105,36,4105
65,53140,2,1,16,16,03902,36,3902
71,22800,2,1,14,15,04008,36,4008
82,35200,2,1,15,15,04113,36,4113
81,11300,2,1,21,21,04105,36,4105
71,12300,2,1,24,25,03702,36,3702
65,39600,2,1,31,31,04013,36,4013
65,181370,1,1,18,18,03808,36,3808
79,29000,1,1,16,16,03701,36,3701
80,42440,2,1,20,20,04104,36,4104
71,75400,2,1,15,14,04103,36,4103
75,188700,2,1,14,14,04101,36,4101
66,54900,1,1,16,16,03808,36,3808
68,15500,1,1,15,15,04105,36,4105
78,50000,2,1,13,13,04014,36,4014
77,51800,2,1,15,15,04104,36,4104
82,10000,2,1,11,10,04013,36,4013
67,98700,2,1,39,39,03903,36,3903
83,23200,2,1,16,16,04113,36,4113
66,114100,2,1,20,20,03805,36,3805
67,48400,1,1,28,27,04017,36,4017
81,15600,2,1,16,16,04114,36,4114
74,49200,2,1,18,18,03903,36,3903
73,273100,2,1,14,13,03806,36,3806
74,51600,2,1,15,15,04015,36,4015
82,10900,2,1,21,20,04112,36,4112
79,24000,2,1,21,21,04007,36,4007
67,78500,2,1,19,18,04104,36,4104
67,147600,1,1,17,17,04114,36,4114
71,442000,1,1,23,23,03805,36,3805
77,593000,2,1,23,23,03806,36,3806
84,35230,2,1,11,12,04009,36,4009
81,20000,2,1,11,11,04110,36,4110
87,45000,2,1,25,25,04013,36,4013
68,17100,2,1,21,22,04108,36,4108
78,104800,2,1,27,26,03804,36,3804
80,33830,2,1,15,15,04009,36,4009
68,196750,2,1,17,18,03806,36,3806
75,145000,2,1,29,29,03808,36,3808
87,29600,2,1,13,13,04102,36,4102
72,30500,2,1,20,20,03902,36,3902
88,234500,2,1,17,17,03807,36,3807
90,9500,2,1,12,11,04104,36,4104
83,18500,2,1,13,13,04110,36,4110
77,118700,1,1,20,19,04018,36,4018
77,21100,2,1,15,15,04101,36,4101
65,49000,2,1,19,19,04103,36,4103
70,7500,2,1,8,8,04113,36,4113
77,91300,1,1,27,28,04101,36,4101
73,49000,1,1,24,23,03708,36,3708
66,31300,2,1,16,16,04111,36,4111
88,6350,1,1,15,15,03809,36,3809
70,95000,2,1,22,21,04106,36,4106
71,86100,2,1,22,23,03802,36,3802
66,96000,2,1,27,27,04108,36,4108
75,143000,2,1,11,11,04016,36,4016
85,68500,2,1,15,15,03901,36,3901
84,34200,2,1,23,22,03901,36,3901
76,138500,2,1,13,13,03801,36,3801
83,54000,1,1,20,20,04103,36,4103
65,89100,2,1,30,30,03708,36,3708
69,38100,1,1,21,21,03902,36,3902
76,24800,2,1,19,19,04104,36,4104
66,25100,1,1,15,14,04110,36,4110
70,65020,1,1,14,14,03806,36,3806
94,16500,2,1,40,40,04110,36,4110
86,36500,2,1,21,20,03806,36,3806
67,124900,2,1,22,22,04111,36,4111
71,651900,1,1,30,30,03805,36,3805
82,45700,2,1,9,9,04106,36,4106
94,12100,2,1,7,7,04114,36,4114
70,78500,1,1,11,10,04017,36,4017
73,5400,2,1,14,14,03704,36,3704
71,108100,2,1,35,34,04114,36,4114
82,62000,2,1,15,16,04001,36,4001
70,51300,2,1,23,22,03903,36,3903
69,23300,1,1,14,14,04013,36,4013
66,33300,1,1,11,12,03710,36,3710
66,170000,1,1,29,29,04015,36,4015
69,12000,1,1,11,10,03709,36,3709
77,19100,2,1,29,29,04110,36,4110
65,51800,2,1,17,18,04004,36,4004
69,200000,1,1,13,13,03807,36,3807
74,75700,2,1,11,11,03703,36,3703
78,76500,2,1,18,18,03809,36,3809
67,82000,1,1,17,17,04010,36,4010
77,13000,2,1,11,11,04101,36,4101
71,38700,1,1,19,20,04011,36,4011
72,112500,1,1,20,20,04102,36,4102
78,29100,2,1,17,18,03709,36,3709
86,16100,2,1,22,22,03806,36,3806
79,71400,2,1,13,13,04108,36,4108
77,77400,2,1,14,15,03903,36,3903
65,49700,1,1,15,15,04113,36,4113
82,43600,2,1,14,14,03901,36,3901
71,19900,2,1,31,32,04107,36,4107
88,104800,2,1,20,20,03701,36,3701
80,122700,2,1,11,11,04105,36,4105
89,64900,2,1,13,13,04013,36,4013
68,58200,2,1,27,27,04011,36,4011
77,16100,2,1,7,7,04017,36,4017
69,22100,2,1,19,19,04018,36,4018
87,23500,2,1,13,13,04103,36,4103
79,143300,1,1,10,10,04105,36,4105
94,50100,1,1,21,21,03806,36,3806
70,42600,2,1,18,18,04110,36,4110
68,259300,2,1,23,23,03808,36,3808
70,17030,2,1,13,13,04103,36,4103
72,70000,2,1,15,15,04105,36,4105
68,402000,2,1,16,15,03805,36,3805
78,40800,2,1,12,12,04101,36,4101
88,96850,2,1,3,4,03702,36,3702
75,32200,1,1,48,48,04013,36,4013
85,87500,2,1,12,13,03701,36,3701
80,13800,2,1,9,9,04018,36,4018
71,35600,2,1,20,21,04014,36,4014
70,177000,2,1,9,9,04009,36,4009
69,87470,2,1,42,42,04009,36,4009
84,87500,2,1,16,16,04101,36,4101
85,49400,2,1,11,10,04103,36,4103
69,88700,2,1,22,22,03703,36,3703
74,248500,1,1,15,16,03704,36,3704
73,141900,2,1,13,13,03810,36,3810
66,73100,2,1,13,13,04104,36,4104
67,9600,1,1,36,35,04011,36,4011
74,543100,2,1,19,19,03805,36,3805
70,29000,1,1,23,23,03901,36,3901
66,159800,1,1,18,18,04112,36,4112
74,20200,2,1,13,14,04104,36,4104
65,58600,1,1,21,21,03902,36,3902
77,503000,2,1,22,22,03805,36,3805
80,30500,1,1,17,17,03709,36,3709
68,1200,2,1,23,22,03808,36,3808
80,47500,2,1,24,25,04104,36,4104
72,49100,2,1,28,28,03702,36,3702
83,73900,2,1,15,16,04103,36,4103
90,41000,2,1,20,21,03806,36,3806
94,14500,2,1,13,13,04108,36,4108
71,100400,1,1,11,11,04016,36,4016
75,59800,2,1,50,50,04014,36,4014
65,112200,1,1,15,15,03903,36,3903
84,226800,2,1,20,20,03805,36,3805
79,55000,1,1,18,17,03810,36,3810
84,67500,2,1,41,41,03903,36,3903
79,32500,2,1,15,16,03703,36,3703
81,49400,2,1,20,21,03703,36,3703
82,14000,2,1,12,12,04013,36,4013
81,228001,2,1,15,15,03801,36,3801
94,272000,2,1,17,17,03805,36,3805
67,103700,2,1,13,13,04010,36,4010
70,84200,2,1,20,20,04101,36,4101
74,1800,1,1,14,14,04104,36,4104
68,349000,1,1,25,25,03808,36,3808
69,98000,2,1,14,15,04017,36,4017
74,29000,2,1,18,18,04103,36,4103
65,81300,1,1,11,11,04013,36,4013
66,88500,2,1,21,20,04008,36,4008
83,13250,2,1,16,16,04017,36,4017
85,78700,2,1,16,16,03809,36,3809
84,17200,2,1,18,18,04015,36,4015
80,18200,1,1,10,10,04105,36,4105
72,60980,1,1,12,11,03703,36,3703
65,68200,1,1,20,20,03901,36,3901
70,36000,1,1,11,10,04112,36,4112
76,41100,2,1,21,21,04104,36,4104
79,35700,1,1,13,14,03710,36,3710
67,111100,1,1,10,10,04009,36,4009
88,12200,2,1,21,20,04101,36,4101
73,21000,1,1,19,19,04008,36,4008
94,37550,2,1,42,41,04114,36,4114
66,55000,2,1,44,44,03704,36,3704
76,422000,2,1,14,14,04110,36,4110
69,11300,2,1,19,20,04113,36,4113
74,27600,2,1,9,9,04014,36,4014
70,64100,2,1,42,42,04103,36,4103
78,46100,1,1,11,10,04014,36,4014
71,102300,2,1,31,32,04113,36,4113
71,26100,1,1,41,40,04110,36,4110
66,74100,2,1,19,19,03810,36,3810
71,66000,2,1,9,9,04104,36,4104
77,22500,2,1,17,17,04013,36,4013
94,14000,2,1,11,11,04016,36,4016
74,40100,2,1,17,18,04104,36,4104
74,26300,2,1,14,14,04112,36,4112
75,31500,1,1,31,31,04016,36,4016
86,13700,2,1,35,34,04014,36,4014
72,86600,2,1,24,24,03805,36,3805
79,158800,2,1,13,13,04101,36,4101
68,57700,2,1,22,21,03903,36,3903
72,66100,1,1,4,4,04011,36,4011
69,16700,1,1,13,13,04104,36,4104
75,62400,1,1,14,14,03702,36,3702
74,135000,1,1,32,33,03703,36,3703
79,34800,2,1,17,17,03901,36,3901
75,100600,2,1,8,8,04104,36,4104
71,32700,2,1,13,13,03903,36,3903
85,104500,2,1,12,12,03704,36,3704
67,92000,2,1,7,7,03902,36,3902
67,250121,1,1,15,16,03901,36,3901
68,22200,1,1,12,12,04013,36,4013
71,247700,1,1,11,11,04013,36,4013
83,51120,2,1,21,22,04106,36,4106
70,27200,2,1,36,36,04013,36,4013
75,16100,2,1,29,28,03704,36,3704
83,30200,2,1,14,13,04018,36,4018
75,606000,2,1,20,20,03806,36,3806
74,20200,2,1,25,25,04101,36,4101
72,21500,1,1,17,17,04008,36,4008
67,44000,1,1,13,13,03901,36,3901
76,23700,2,1,10,10,04110,36,4110
83,21800,2,1,19,20,04008,36,4008
67,70200,2,1,16,16,03708,36,3708
70,39600,2,1,20,20,03901,36,3901
89,21400,2,1,13,12,04015,36,4015
69,44700,2,1,15,14,04102,36,4102
79,37000,1,1,42,42,03704,36,3704
80,36000,2,1,16,16,03901,36,3901
67,146100,1,1,13,14,03806,36,3806
94,32000,2,1,20,20,03703,36,3703
86,8600,2,1,18,18,04017,36,4017
65,125800,2,1,14,14,04102,36,4102
78,44100,2,1,16,17,04105,36,4105
77,24000,2,1,18,18,04013,36,4013
71,55700,2,1,7,8,04110,36,4110
67,88440,1,1,13,13,04114,36,4114
75,33000,2,1,15,15,03704,36,3704
73,28700,1,1,53,53,04009,36,4009
69,647000,2,1,23,22,03808,36,3808
79,27300,2,1,18,18,03701,36,3701
80,69670,2,1,13,13,03903,36,3903
84,68460,2,1,15,16,04104,36,4104
67,42900,1,1,30,29,03710,36,3710
94,24600,2,1,21,21,04106,36,4106
71,6800,2,1,13,12,04101,36,4101
80,241300,2,1,12,12,04110,36,4110
74,133000,2,1,15,15,03704,36,3704
70,28900,2,1,20,20,04104,36,4104
67,179000,2,1,20,20,03802,36,3802
81,28200,2,1,14,14,04107,36,4107
73,21100,2,1,22,22,04011,36,4011
80,21900,2,1,28,28,04013,36,4013
80,30500,2,1,19,18,04103,36,4103
66,111000,1,1,14,14,03902,36,3902
72,12000,2,1,69,69,04014,36,4014
83,31460,2,1,14,15,04009,36,4009
79,49300,2,1,8,8,04111,36,4111
69,79040,1,1,13,14,04108,36,4108
65,47000,1,1,22,22,03701,36,3701
66,25800,2,1,12,12,04110,36,4110
66,156000,2,1,11,10,04005,36,4005
69,67300,2,1,16,16,04018,36,4018
76,69000,2,1,8,7,04114,36,4114
81,54500,2,1,10,10,04101,36,4101
71,96200,1,1,52,53,03801,36,3801
79,69700,2,1,13,14,04012,36,4012
66,235000,1,1,20,20,04106,36,4106
78,40500,2,1,13,14,03709,36,3709
79,56800,2,1,13,13,04113,36,4113
71,19200,2,1,17,17,03902,36,3902
71,29800,1,1,27,26,04009,36,4009
94,10000,2,1,9,9,04104,36,4104
86,29200,2,1,9,9,04105,36,4105
78,107800,2,1,19,19,03903,36,3903
67,80200,1,1,11,11,04013,36,4013
77,47000,2,1,15,14,04104,36,4104
73,34400,2,1,18,19,03901,36,3901
86,18600,1,1,24,23,03702,36,3702
77,55000,2,1,14,14,03805,36,3805
65,50200,1,1,12,12,04016,36,4016
78,28000,1,1,15,15,04010,36,4010
66,82200,2,1,23,23,03701,36,3701
87,22840,2,1,20,20,04108,36,4108
82,49600,2,1,15,15,04104,36,4104
71,123400,1,1,19,19,04112,36,4112
69,36800,2,1,20,20,03805,36,3805
73,73400,1,1,16,17,03703,36,3703
85,22800,2,1,13,14,04017,36,4017
86,65800,2,1,21,21,04004,36,4004
65,70600,2,1,45,45,04005,36,4005
65,5700,1,1,13,12,04012,36,4012
65,9700,1,1,17,16,03702,36,3702
87,42600,2,1,12,12,03703,36,3703
77,85120,2,1,10,10,04109,36,4109
94,222000,2,1,15,15,04013,36,4013
88,44500,2,1,15,15,03709,36,3709
79,20100,1,1,17,17,03902,36,3902
85,109400,2,1,25,25,03709,36,3709
67,69100,2,1,13,13,04010,36,4010
73,24000,2,1,15,15,03701,36,3701
74,68300,2,1,31,31,04003,36,4003
67,91200,1,1,13,12,04003,36,4003
74,14600,2,1,17,17,04013,36,4013
73,317300,2,1,39,38,03808,36,3808
72,180310,2,1,22,22,04106,36,4106
88,28300,2,1,18,18,04105,36,4105
94,36340,2,1,13,13,03704,36,3704
88,20200,2,1,16,16,03809,36,3809
71,357900,2,1,23,23,04004,36,4004
65,65000,2,1,19,20,04109,36,4109
71,103900,2,1,14,14,04015,36,4015
68,32400,1,1,24,24,04018,36,4018
87,27600,1,1,16,16,04010,36,4010
70,138700,1,1,18,19,03710,36,3710
65,220000,1,1,10,10,04001,36,4001
84,43000,2,1,13,12,03704,36,3704
79,96200,2,1,20,20,03806,36,3806
84,51000,2,1,16,16,03901,36,3901
75,84700,1,1,11,11,04105,36,4105
77,38000,2,1,9,8,04009,36,4009
69,271800,2,1,10,11,04004,36,4004
76,132400,2,1,36,35,03810,36,3810
85,25000,2,1,54,55,03903,36,3903
94,132800,2,1,13,13,04012,36,4012
82,10800,2,1,20,20,04111,36,4111
71,74900,2,1,15,15,03704,36,3704
73,13000,2,1,11,12,04110,36,4110
66,7880,1,1,12,12,04003,36,4003
66,171800,1,1,8,8,04103,36,4103
72,103700,1,1,17,17,04112,36,4112
74,28200,1,1,16,16,03902,36,3902
83,52800,1,1,10,10,04112,36,4112
72,152700,1,1,12,12,04010,36,4010
85,26100,2,1,40,40,04105,36,4105
81,24000,2,1,19,19,04102,36,4102
84,26400,2,1,12,12,04110,36,4110
85,49000,2,1,25,25,03901,36,3901
78,162100,2,1,11,11,04108,36,4108
74,104600,2,1,18,17,04105,36,4105
80,30600,2,1,11,11,04106,36,4106
67,60000,2,1,21,20,03804,36,3804
83,51600,2,1,21,21,03709,36,3709
72,125300,2,1,18,18,03805,36,3805
79,93000,2,1,19,19,04112,36,4112
67,31100,2,1,28,28,04011,36,4011
66,35300,1,1,40,41,03902,36,3902
79,54500,1,1,15,15,04008,36,4008
88,13800,2,1,20,19,04107,36,4107
66,102900,1,1,13,12,04003,36,4003
81,103000,2,1,22,22,03806,36,3806
76,95200,2,1,13,13,04015,36,4015
74,16400,2,1,15,15,04111,36,4111
79,23800,2,1,4,4,04009,36,4009
90,25200,2,1,31,31,04010,36,4010
70,89700,1,1,14,14,04009,36,4009
79,41500,2,1,16,17,04017,36,4017
73,14530,1,1,27,27,03702,36,3702
65,23700,1,1,18,18,04018,36,4018
69,142200,2,1,11,10,03903,36,3903
83,37500,2,1,16,16,04103,36,4103
78,38400,2,1,12,12,04111,36,4111
66,134000,1,1,12,11,04005,36,4005
74,35500,2,1,11,10,03709,36,3709
65,88600,1,1,21,21,04105,36,4105
65,4030,2,1,38,38,03706,36,3706
65,41100,1,1,18,18,04006,36,4006
71,126400,2,1,31,31,04015,36,4015
77,46400,2,1,15,15,04105,36,4105
80,4300,2,1,7,8,04113,36,4113
66,72900,1,1,20,20,04109,36,4109
68,49065,2,1,15,15,04006,36,4006
75,26000,1,1,11,11,04103,36,4103
85,36500,2,1,81,81,04006,36,4006
82,41500,2,1,11,11,04109,36,4109
83,3500,1,1,12,12,03702,36,3702
69,61500,2,1,25,25,04105,36,4105
79,18500,2,1,37,37,04109,36,4109
65,24000,2,1,22,23,03901,36,3901
81,32700,2,1,20,20,04113,36,4113
80,79550,2,1,13,13,04018,36,4018
84,14800,2,1,28,28,04014,36,4014
69,62600,2,1,24,24,03810,36,3810
76,136100,1,1,20,20,03810,36,3810
94,8400,2,1,17,17,04013,36,4013
68,37800,2,1,15,15,04012,36,4012
67,88900,1,1,16,16,04003,36,4003
72,115500,2,1,17,17,04010,36,4010
72,672300,2,1,18,17,03805,36,3805
73,81300,2,1,10,10,04015,36,4015
78,18410,2,1,20,20,04104,36,4104
75,52700,2,1,10,10,04013,36,4013
72,33500,2,1,21,22,03901,36,3901
76,308000,2,1,11,11,03805,36,3805
90,6500,2,1,12,12,04018,36,4018
69,16000,2,1,10,10,04013,36,4013
66,38200,2,1,23,24,04103,36,4103
76,59700,1,1,30,29,04112,36,4112
80,87980,2,1,11,12,04103,36,4103
71,18500,2,1,24,24,03703,36,3703
74,236300,2,1,15,15,04110,36,4110
84,14200,2,1,18,17,04001,36,4001
85,38900,2,1,16,15,03702,36,3702
89,20400,2,1,33,33,04102,36,4102
74,24700,1,1,19,19,03903,36,3903
90,85400,2,1,13,12,04111,36,4111
86,7810,2,1,15,15,04113,36,4113
72,12800,2,1,15,15,04007,36,4007
74,190000,1,1,11,11,03903,36,3903
84,57000,2,1,9,9,04017,36,4017
83,80000,1,1,20,20,03808,36,3808
68,86700,1,1,9,8,04014,36,4014
66,82600,2,1,17,17,03902,36,3902
81,100800,2,1,8,9,04110,36,4110
77,75300,2,1,13,13,03806,36,3806
65,20160,1,1,17,17,04113,36,4113
79,15800,1,1,17,17,03702,36,3702
66,57000,1,1,20,20,04110,36,4110
81,60000,2,1,19,19,04108,36,4108
65,160100,2,1,13,13,04114,36,4114
65,51400,1,1,13,13,04016,36,4016
67,14700,1,1,17,17,03702,36,3702
84,27800,2,1,24,24,04109,36,4109
79,18300,1,1,22,22,04007,36,4007
68,20200,2,1,39,39,03705,36,3705
81,262100,2,1,11,11,03801,36,3801
84,19500,2,1,20,20,04015,36,4015
67,187450,1,1,32,31,03903,36,3903
75,33700,2,1,16,16,03706,36,3706
86,59700,2,1,14,14,03704,36,3704
75,149600,1,1,17,17,04016,36,4016
69,55000,1,1,21,21,04004,36,4004
69,123350,1,1,3,3,04110,36,4110
69,82260,2,1,37,38,04108,36,4108
74,108800,1,1,30,30,04007,36,4007
72,18200,2,1,23,24,03902,36,3902
65,332000,2,1,19,19,03810,36,3810
83,67800,2,1,14,14,04103,36,4103
89,50000,2,1,19,19,04106,36,4106
74,18200,2,1,13,13,04111,36,4111
79,16200,2,1,9,9,04001,36,4001
67,37500,2,1,27,27,04016,36,4016
65,31000,2,1,14,14,03804,36,3804
75,174000,2,1,14,13,04108,36,4108
71,44400,1,1,21,21,04003,36,4003
78,28000,2,1,20,20,03902,36,3902
82,68100,2,1,18,17,04012,36,4012
65,17200,2,1,23,22,04108,36,4108
87,17400,2,1,20,20,04103,36,4103
79,617000,2,1,13,13,04017,36,4017
67,92000,1,1,5,6,04016,36,4016
72,9600,2,1,48,47,04107,36,4107
85,15000,2,1,30,30,04104,36,4104
65,134200,1,1,33,33,04013,36,4013
73,130600,1,1,7,7,04105,36,4105
72,71000,2,1,20,20,03901,36,3901
75,64000,2,1,27,28,03805,36,3805
68,17000,2,1,32,33,04013,36,4013
67,108000,2,1,10,10,04018,36,4018
94,4700,2,1,27,27,04009,36,4009
82,37600,2,1,17,17,04103,36,4103
67,16800,2,1,12,13,04008,36,4008
71,23400,1,1,22,22,04103,36,4103
90,32600,2,1,18,18,04105,36,4105
76,28580,1,1,12,11,04105,36,4105
73,90500,2,1,14,14,04103,36,4103
75,30500,1,1,35,34,04107,36,4107
66,77700,2,1,11,11,04017,36,4017
65,79900,1,1,11,11,04108,36,4108
86,1400,2,1,11,11,04112,36,4112
65,15500,2,1,12,11,04017,36,4017
75,22600,2,1,17,17,03808,36,3808
94,19700,2,1,16,15,03901,36,3901
71,45900,1,1,24,24,04112,36,4112
69,16600,2,1,9,9,03703,36,3703
73,17000,2,1,13,13,04008,36,4008
75,2400,1,1,34,35,04003,36,4003
67,13600,1,1,22,22,04101,36,4101
79,33600,2,1,10,11,04103,36,4103
65,34200,2,1,17,17,04013,36,4013
81,31400,2,1,15,14,04106,36,4106
70,297000,2,1,24,24,04103,36,4103
65,11000,2,1,13,13,04108,36,4108
69,208200,2,1,20,19,03808,36,3808
68,24600,2,1,39,39,04105,36,4105
68,114980,1,1,15,15,03703,36,3703
84,53900,2,1,18,17,04016,36,4016
72,30000,2,1,13,14,04110,36,4110
90,18200,2,1,19,19,04106,36,4106
78,38700,1,1,27,27,03901,36,3901
67,36000,2,1,12,12,03902,36,3902
75,39000,2,1,22,22,04016,36,4016
66,194000,1,1,44,45,04105,36,4105
77,25000,2,1,10,10,03805,36,3805
94,115800,2,1,18,18,04106,36,4106
70,82700,1,1,18,18,03702,36,3702
67,86900,2,1,13,13,04004,36,4004
71,8400,2,1,10,10,03901,36,3901
72,54000,2,1,23,23,04113,36,4113
75,12100,2,1,16,16,04016,36,4016
66,192700,1,1,20,21,03805,36,3805
65,229400,2,1,35,35,04018,36,4018
94,60000,2,1,26,27,04006,36,4006
66,54600,2,1,16,16,04113,36,4113
68,1077300,1,1,15,14,03806,36,3806
65,85000,2,1,12,11,04009,36,4009
69,82000,1,1,20,20,04113,36,4113
80,37200,2,1,15,15,04105,36,4105
73,31000,2,1,16,17,04113,36,4113
83,646800,2,1,21,20,04009,36,4009
66,39680,2,1,16,16,04113,36,4113
84,66000,2,1,20,20,04104,36,4104
71,76000,1,1,18,18,03902,36,3902
66,57800,1,1,12,11,04104,36,4104
72,52000,1,1,37,37,04105,36,4105
70,206520,2,1,14,14,03903,36,3903
84,148000,2,1,18,18,03810,36,3810
85,47900,2,1,18,18,04009,36,4009
83,53900,2,1,14,14,04001,36,4001
66,83600,1,1,44,44,03902,36,3902
84,60000,2,1,13,13,04104,36,4104
70,125400,1,1,17,17,04113,36,4113
70,64600,1,1,16,16,04101,36,4101
73,75800,2,1,20,20,04103,36,4103
70,46600,1,1,15,15,04005,36,4005
66,172800,2,1,18,18,04108,36,4108
72,88200,2,1,13,13,04104,36,4104
65,186000,1,1,32,33,03810,36,3810
79,135900,2,1,14,15,03705,36,3705
68,47000,2,1,5,4,03703,36,3703
68,102300,1,1,11,11,04106,36,4106
83,88200,2,1,16,17,04012,36,4012
69,28300,2,1,40,40,04112,36,4112
69,7900,1,1,14,13,04106,36,4106
68,58400,2,1,44,45,04110,36,4110
70,16000,2,1,15,15,04104,36,4104
67,43600,2,1,24,23,04104,36,4104
71,265000,2,1,17,18,03808,36,3808
66,129000,2,1,8,8,04014,36,4014
69,108200,1,1,10,10,03901,36,3901
78,29100,2,1,13,13,04101,36,4101
68,202100,2,1,23,23,03901,36,3901
83,26000,2,1,9,9,04103,36,4103
94,42030,2,1,25,25,04101,36,4101
74,35500,2,1,14,15,04105,36,4105
67,168040,2,1,17,18,04106,36,4106
70,2500,2,1,11,11,04017,36,4017
65,214000,2,1,9,9,04104,36,4104
79,77000,1,1,12,11,04106,36,4106
82,39400,2,1,20,19,04107,36,4107
74,84000,2,1,12,12,04015,36,4015
66,55000,1,1,31,32,04103,36,4103
81,13000,2,1,38,38,04101,36,4101
78,86000,2,1,19,19,03808,36,3808
75,0,2,1,13,14,03808,36,3808
74,45700,1,1,12,12,03703,36,3703
69,62700,2,1,15,15,03709,36,3709
76,32100,2,1,17,18,04110,36,4110
70,32100,2,1,13,13,04016,36,4016
86,32500,2,1,20,21,04113,36,4113
68,61400,2,1,14,13,04110,36,4110
73,27440,2,1,23,22,04104,36,4104
72,228100,1,1,21,21,03805,36,3805
72,77200,2,1,10,10,04004,36,4004
75,28000,2,1,19,18,04108,36,4108
86,111000,2,1,23,23,03808,36,3808
78,45100,2,1,16,16,04110,36,4110
70,525400,2,1,15,15,04104,36,4104
79,39100,2,1,12,12,04101,36,4101
82,140600,2,1,14,13,03703,36,3703
68,257600,1,1,15,16,03805,36,3805
68,72900,1,1,17,17,04009,36,4009
68,109400,2,1,10,10,04111,36,4111
65,49900,1,1,37,37,04009,36,4009
69,100000,2,1,14,13,04011,36,4011
78,70350,2,1,15,14,04101,36,4101
65,22200,1,1,17,17,03709,36,3709
82,16500,2,1,14,15,04104,36,4104
67,136100,1,1,38,37,04012,36,4012
90,18000,2,1,19,19,04110,36,4110
72,145700,2,1,13,13,03807,36,3807
77,459400,2,1,33,32,03805,36,3805
66,107500,2,1,15,16,04105,36,4105
66,50000,2,1,36,36,04106,36,4106
87,27000,2,1,14,13,04013,36,4013
71,135630,1,1,8,8,04114,36,4114
80,22800,1,1,16,15,04103,36,4103
78,18000,2,1,11,11,04109,36,4109
70,70100,2,1,16,17,04110,36,4110
76,82600,2,1,14,14,04103,36,4103
86,1400,2,1,15,15,04009,36,4009
81,41200,2,1,12,12,04009,36,4009
83,119200,2,1,18,18,04013,36,4013
80,12200,1,1,12,11,04009,36,4009
69,316000,2,1,18,18,03810,36,3810
73,105890,2,1,16,16,04103,36,4103
85,155000,2,1,12,12,04106,36,4106
83,23100,2,1,12,12,04111,36,4111
84,61470,2,1,10,10,04104,36,4104
65,19001,2,1,13,13,03709,36,3709
77,9600,2,1,15,15,04017,36,4017
73,37300,2,1,29,29,04018,36,4018
67,158600,1,1,17,17,04005,36,4005
72,14400,2,1,42,42,03703,36,3703
70,20750,2,1,13,13,04016,36,4016
94,61600,2,1,11,11,04112,36,4112
68,101400,1,1,16,16,04113,36,4113
94,51700,2,1,14,14,04105,36,4105
67,127000,2,1,20,20,04108,36,4108
66,119620,2,1,32,32,04114,36,4114
80,12800,2,1,13,13,04114,36,4114
76,18600,2,1,13,14,04104,36,4104
69,95200,2,1,43,43,04016,36,4016
72,21600,2,1,13,14,03903,36,3903
71,75000,2,1,20,20,04007,36,4007
84,4270,2,1,17,17,04105,36,4105
70,19200,2,1,11,11,04111,36,4111
68,38500,1,1,16,16,04016,36,4016
83,66300,2,1,14,14,04013,36,4013
68,31200,1,1,30,30,03810,36,3810
76,44000,2,1,42,41,04102,36,4102
65,140800,1,1,15,14,04112,36,4112
79,8100,2,1,4,5,03704,36,3704
73,24300,2,1,12,13,04105,36,4105
72,140200,1,1,41,42,04004,36,4004
74,47200,2,1,9,9,04014,36,4014
69,34000,1,1,20,19,03808,36,3808
68,171400,2,1,17,16,03703,36,3703
80,18380,2,1,10,10,04114,36,4114
69,93070,2,1,13,13,03801,36,3801
82,30000,2,1,19,18,04015,36,4015
66,33000,2,1,11,12,03703,36,3703
77,13800,2,1,15,15,04012,36,4012
69,109800,2,1,21,21,03708,36,3708
67,67400,2,1,22,21,03901,36,3901
71,57100,1,1,18,18,03901,36,3901
70,18000,1,1,18,18,04112,36,4112
80,47730,2,1,13,13,04105,36,4105
65,78000,2,1,13,13,04104,36,4104
66,33320,1,1,17,17,04106,36,4106
78,31800,2,1,14,15,04108,36,4108
72,18000,2,1,13,13,04105,36,4105
66,108000,1,1,21,21,03805,36,3805
83,21600,2,1,12,12,04101,36,4101
65,59400,2,1,16,15,04105,36,4105
77,56500,2,1,24,23,03902,36,3902
86,241000,2,1,17,17,04103,36,4103
66,35000,2,1,39,38,03708,36,3708
65,178000,1,1,14,14,04106,36,4106
74,11400,1,1,15,15,03702,36,3702
65,11700,2,1,17,17,04114,36,4114
70,21000,2,1,18,18,04113,36,4113
85,92400,2,1,14,15,04016,36,4016
68,46800,1,1,9,9,04009,36,4009
68,36000,1,1,16,17,04110,36,4110
78,26900,2,1,12,12,04010,36,4010
66,94100,2,1,17,18,03902,36,3902
87,72400,2,1,19,19,04103,36,4103
67,34260,2,1,15,16,04102,36,4102
73,108100,2,1,33,32,04111,36,4111
86,38720,2,1,17,17,04103,36,4103
66,37200,1,1,24,24,04008,36,4008
77,35400,2,1,29,29,04105,36,4105
72,110600,2,1,17,17,04105,36,4105
84,45700,2,1,16,15,04114,36,4114
86,86000,2,1,20,20,04108,36,4108
71,6300,2,1,16,16,04010,36,4010
66,62200,2,1,17,17,03804,36,3804
70,121700,1,1,20,20,03901,36,3901
68,33800,1,1,24,24,03808,36,3808
69,62000,2,1,21,21,04004,36,4004
71,105600,1,1,17,17,04102,36,4102
82,8800,2,1,13,13,04108,36,4108
67,0,1,1,54,53,04008,36,4008
75,57000,1,1,50,50,04108,36,4108
81,25600,2,1,11,11,04104,36,4104
70,194000,2,1,18,19,04103,36,4103
84,31900,2,1,15,15,04101,36,4101
85,29100,2,1,15,15,03903,36,3903
89,19200,2,1,55,55,04018,36,4018
67,55200,2,1,20,21,04103,36,4103
79,86300,2,1,13,13,04110,36,4110
67,47930,2,1,22,22,04105,36,4105
80,160000,2,1,16,16,04014,36,4014
73,21300,2,1,27,28,03802,36,3802
94,1800,2,1,48,48,04103,36,4103
69,47800,2,1,20,21,04104,36,4104
85,24000,2,1,17,16,04013,36,4013
87,26600,2,1,13,13,03704,36,3704
67,77200,1,1,14,14,04112,36,4112
90,28750,2,1,11,11,04111,36,4111
87,250700,2,1,14,15,03805,36,3805
69,97900,2,1,13,13,04016,36,4016
79,58840,1,1,13,13,04110,36,4110
87,16800,1,1,17,17,03702,36,3702
70,21100,2,1,15,14,04112,36,4112
67,140200,2,1,17,17,04101,36,4101
68,56000,2,1,5,4,04013,36,4013
66,60000,1,1,19,18,04105,36,4105
78,84000,2,1,20,20,03806,36,3806
86,30000,2,1,15,14,04114,36,4114
70,126600,1,1,18,18,03902,36,3902
66,37700,2,1,25,25,04017,36,4017
88,335600,2,1,17,18,04014,36,4014
82,473300,2,1,15,15,03805,36,3805
73,0,2,1,15,16,04101,36,4101
83,26000,2,1,14,13,04105,36,4105
75,80400,2,1,16,16,04015,36,4015
72,70800,1,1,13,14,04010,36,4010
65,65300,2,1,19,19,04017,36,4017
68,31900,1,1,12,11,04012,36,4012
73,26400,1,1,17,17,04105,36,4105
67,20600,2,1,13,13,03701,36,3701
78,27600,1,1,15,15,04009,36,4009
79,127800,2,1,14,14,04105,36,4105
68,17700,1,1,60,60,03901,36,3901
68,77000,1,1,16,15,04105,36,4105
73,32000,2,1,58,58,03805,36,3805
76,120900,2,1,11,11,04112,36,4112
67,275000,2,1,12,12,03901,36,3901
78,14500,2,1,23,23,04009,36,4009
68,100000,1,1,14,14,03901,36,3901
88,16600,2,1,21,21,04114,36,4114
90,12000,2,1,16,16,04104,36,4104
79,102500,1,1,24,24,03701,36,3701
71,62500,2,1,24,24,04105,36,4105
79,4500,1,1,14,13,04112,36,4112
71,88000,2,1,26,26,04103,36,4103
74,20600,2,1,16,16,03806,36,3806
79,36480,2,1,14,14,03901,36,3901
73,20400,2,1,19,18,04113,36,4113
72,0,2,1,20,19,03902,36,3902
71,254700,1,1,15,15,04111,36,4111
71,26400,2,1,16,16,04015,36,4015
72,178800,1,1,7,6,04113,36,4113
79,55000,2,1,14,14,04110,36,4110
67,862500,1,1,16,17,03808,36,3808
86,25000,2,1,14,15,04014,36,4014
77,101400,1,1,11,11,03801,36,3801
67,61500,1,1,16,15,04010,36,4010
83,53000,2,1,15,14,04110,36,4110
76,18000,2,1,21,21,03805,36,3805
65,22100,1,1,17,16,04008,36,4008
81,41900,2,1,16,16,04014,36,4014
65,146600,2,1,11,11,04013,36,4013
81,17900,1,1,36,36,04008,36,4008
76,27900,1,1,14,14,04016,36,4016
72,36000,1,1,10,9,03901,36,3901
77,24880,1,1,2,1,04006,36,4006
84,25400,2,1,15,15,04013,36,4013
68,24104,1,1,16,16,04010,36,4010
65,51200,2,1,15,15,04105,36,4105
65,27100,1,1,25,25,04017,36,4017
88,10800,2,1,33,33,04103,36,4103
65,412000,1,1,17,18,03805,36,3805
67,31000,2,1,15,15,03803,36,3803
74,19300,2,1,20,20,04004,36,4004
66,6000,1,1,16,16,04111,36,4111
68,109500,1,1,27,27,04006,36,4006
85,65000,2,1,18,19,03808,36,3808
67,115200,1,1,26,26,04112,36,4112
67,102200,2,1,17,17,04108,36,4108
75,14900,1,1,12,11,04016,36,4016
65,42200,2,1,22,21,04113,36,4113
85,24500,1,1,14,14,04101,36,4101
76,26400,2,1,53,53,03805,36,3805
76,51700,2,1,15,15,04104,36,4104
69,37400,2,1,18,18,04106,36,4106
69,79000,2,1,19,18,03807,36,3807
72,462800,2,1,10,11,03903,36,3903
70,9600,2,1,23,23,04108,36,4108
71,49700,2,1,3,3,04003,36,4003
70,17400,2,1,46,45,04015,36,4015
73,57200,1,1,14,14,03704,36,3704
72,43000,1,1,16,16,04112,36,4112
66,222000,2,1,17,17,03810,36,3810
65,46000,2,1,13,13,04017,36,4017
77,26300,2,1,12,11,04016,36,4016
82,28700,2,1,13,12,04012,36,4012
65,40000,2,1,18,18,03902,36,3902
68,32800,2,1,18,17,03709,36,3709
73,10000,2,1,47,47,03702,36,3702
82,12500,2,1,17,17,03808,36,3808
71,51200,2,1,22,22,03805,36,3805
67,11300,1,1,21,21,04109,36,4109
69,13000,2,1,20,20,04103,36,4103
74,106600,1,1,26,27,04007,36,4007
78,82400,2,1,21,21,03806,36,3806
83,24900,1,1,15,14,03902,36,3902
84,12000,2,1,11,11,04112,36,4112
86,43900,2,1,9,9,04012,36,4012
75,4800,2,1,19,19,04112,36,4112
75,44400,2,1,37,37,04103,36,4103
80,45400,2,1,16,15,04005,36,4005
78,61000,1,1,27,27,04009,36,4009
81,36200,2,1,23,23,04005,36,4005
74,16000,2,1,22,22,03802,36,3802
79,18100,2,1,13,13,03701,36,3701
75,20600,2,1,17,16,04103,36,4103
71,44400,2,1,12,12,04103,36,4103
85,55200,2,1,12,12,04104,36,4104
65,245100,2,1,40,40,04110,36,4110
67,386400,2,1,15,14,03810,36,3810
75,14390,2,1,16,16,04007,36,4007
77,76900,1,1,16,16,04107,36,4107
78,37900,2,1,25,25,03901,36,3901
73,18050,1,1,14,15,04012,36,4012
71,179000,1,1,34,34,03805,36,3805
84,20600,2,1,34,34,04016,36,4016
67,387600,1,1,17,17,03810,36,3810
65,29710,1,1,51,51,04106,36,4106
80,27600,2,1,6,5,04104,36,4104
88,158100,2,1,10,9,04102,36,4102
71,116000,2,1,12,12,04104,36,4104
68,71700,1,1,40,41,04113,36,4113
71,28400,1,1,39,39,03701,36,3701
85,26300,2,1,17,16,04009,36,4009
72,22300,2,1,15,15,04110,36,4110
73,58300,2,1,18,19,03903,36,3903
83,27500,2,1,14,15,04015,36,4015
70,248160,2,1,19,19,04007,36,4007
83,89900,2,1,7,8,04112,36,4112
80,35240,2,1,9,9,03902,36,3902
74,158000,2,1,22,22,03808,36,3808
75,27000,2,1,15,14,04017,36,4017
66,32700,1,1,16,16,03702,36,3702
66,102500,2,1,10,10,04014,36,4014
66,15600,2,1,8,7,04008,36,4008
76,420400,2,1,16,16,04114,36,4114
82,68100,2,1,16,15,04114,36,4114
69,136000,2,1,13,14,04005,36,4005
71,47700,1,1,16,16,04103,36,4103
66,133800,1,1,16,16,03902,36,3902
67,28700,2,1,16,17,03810,36,3810
68,20200,2,1,22,21,04009,36,4009
66,20800,2,1,11,11,04018,36,4018
80,75000,1,1,21,21,03806,36,3806
79,46100,1,1,13,13,04010,36,4010
73,372000,2,1,21,22,03806,36,3806
75,49200,2,1,21,21,04105,36,4105
88,7300,2,1,17,17,04113,36,4113
86,29300,2,1,16,15,03901,36,3901
65,18900,1,1,23,23,03809,36,3809
66,96000,2,1,22,21,03805,36,3805
70,36400,1,1,15,15,04105,36,4105
66,13300,1,1,16,16,04012,36,4012
80,2000,1,1,22,22,04018,36,4018
67,39000,2,1,26,26,04017,36,4017
82,66800,2,1,23,23,04014,36,4014
71,209600,1,1,20,20,03805,36,3805
70,36300,1,1,13,13,03903,36,3903
83,106900,2,1,18,19,03902,36,3902
65,200200,1,1,28,28,04112,36,4112
71,166900,2,1,13,13,04014,36,4014
83,82200,2,1,20,19,04101,36,4101
85,97900,1,1,9,8,04017,36,4017
76,22600,2,1,17,16,03901,36,3901
72,36300,1,1,13,14,04102,36,4102
79,20700,2,1,15,15,04101,36,4101
66,31800,1,1,15,15,04114,36,4114
71,127700,2,1,15,15,04103,36,4103
73,57500,2,1,15,14,04105,36,4105
71,26300,2,1,17,16,04107,36,4107
70,18000,2,1,19,19,04108,36,4108
88,58200,2,1,20,20,04112,36,4112
70,67000,2,1,14,14,03702,36,3702
79,17200,2,1,20,20,04103,36,4103
89,16200,2,1,15,15,03703,36,3703
70,82600,1,1,30,30,04008,36,4008
68,157000,1,1,13,13,03806,36,3806
65,60000,2,1,14,13,03903,36,3903
65,182500,1,1,7,7,04105,36,4105
84,25500,2,1,15,15,04105,36,4105
85,24700,2,1,34,34,04105,36,4105
75,61400,1,1,22,22,04105,36,4105
72,48000,2,1,32,32,04009,36,4009
83,47700,2,1,16,17,04108,36,4108
66,70200,2,1,22,21,04106,36,4106
75,136350,2,1,62,62,04113,36,4113
69,32100,1,1,21,22,04015,36,4015
78,125500,2,1,14,15,04012,36,4012
75,108600,2,1,13,13,04113,36,4113
69,71400,1,1,14,14,04004,36,4004
94,37300,2,1,21,21,04108,36,4108
68,59700,1,1,14,14,04105,36,4105
77,60700,2,1,10,9,04110,36,4110
79,27800,1,1,15,14,04114,36,4114
94,13180,2,1,16,16,04110,36,4110
85,1900,1,1,3,3,04011,36,4011
67,86600,2,1,12,12,04107,36,4107
68,75300,1,1,26,25,03703,36,3703
65,121000,1,1,18,17,03805,36,3805
78,30900,1,1,13,13,04008,36,4008
78,132940,2,1,14,15,04018,36,4018
67,67700,1,1,27,27,04103,36,4103
82,96900,2,1,27,26,03703,36,3703
65,26800,2,1,9,10,04005,36,4005
68,140800,1,1,11,11,04005,36,4005
73,12600,2,1,29,30,03702,36,3702
66,0,1,1,14,14,04101,36,4101
80,144500,2,1,15,14,04017,36,4017
73,56380,2,1,13,14,04005,36,4005
94,246300,2,1,20,20,03806,36,3806
85,21500,2,1,7,7,03901,36,3901
94,104500,2,1,9,9,04106,36,4106
88,223100,2,1,22,22,03806,36,3806
78,15100,2,1,20,20,03703,36,3703
75,22900,1,1,13,14,04104,36,4104
84,6000,2,1,17,16,04009,36,4009
76,97000,1,1,14,14,03702,36,3702
66,42300,2,1,17,16,03702,36,3702
67,33400,2,1,5,6,04111,36,4111
68,6300,1,1,50,50,04112,36,4112
82,122800,2,1,21,21,04101,36,4101
89,131800,2,1,27,26,04108,36,4108
68,12200,1,1,51,51,04114,36,4114
73,131700,1,1,16,16,03808,36,3808
76,47100,1,1,9,8,03902,36,3902
80,12000,2,1,20,20,04017,36,4017
67,149600,2,1,15,15,03802,36,3802
78,126560,2,1,17,16,03903,36,3903
79,83600,2,1,11,11,03701,36,3701
69,42000,1,1,11,12,04010,36,4010
87,7200,2,1,12,12,04009,36,4009
72,110000,2,1,9,9,04018,36,4018
94,98000,2,1,18,18,03810,36,3810
69,24200,2,1,12,12,04110,36,4110
66,56000,2,1,16,16,04102,36,4102
65,25700,1,1,23,23,04001,36,4001
85,105800,2,1,6,6,03806,36,3806
94,39200,2,1,19,19,03805,36,3805
82,25800,2,1,13,13,04110,36,4110
74,12000,1,1,24,25,04014,36,4014
76,46400,1,1,22,22,04112,36,4112
75,79400,2,1,11,11,04108,36,4108
71,44100,2,1,20,20,04110,36,4110
73,117600,2,1,19,18,03805,36,3805
76,93000,2,1,16,16,03701,36,3701
87,21000,2,1,22,23,04108,36,4108
73,8700,2,1,13,13,04016,36,4016
69,61900,2,1,14,15,04106,36,4106
79,23700,2,1,13,12,03902,36,3902
75,39300,2,1,14,14,04101,36,4101
70,46000,2,1,25,26,04114,36,4114
73,79100,2,1,17,17,04107,36,4107
73,44000,2,1,16,16,03803,36,3803
73,217100,1,1,18,18,04018,36,4018
70,55000,2,1,12,12,03806,36,3806
67,83500,1,1,19,19,04110,36,4110
79,58500,2,1,18,17,04103,36,4103
65,82100,1,1,3,4,04110,36,4110
68,114200,2,1,16,16,04110,36,4110
82,152490,1,1,4,3,04005,36,4005
73,193100,1,1,21,21,03808,36,3808
89,0,2,1,12,12,04010,36,4010
67,218900,1,1,49,49,04112,36,4112
78,74990,2,1,21,20,03703,36,3703
79,52000,1,1,30,30,04008,36,4008
74,112000,2,1,18,17,04009,36,4009
79,42000,2,1,22,22,03806,36,3806
75,52800,2,1,14,14,04101,36,4101
67,27600,2,1,20,19,03806,36,3806
71,94200,1,1,14,15,04101,36,4101
66,101000,2,1,18,18,04006,36,4006
77,271400,1,1,19,19,03807,36,3807
74,40600,1,1,10,11,04017,36,4017
75,295300,2,1,17,18,04104,36,4104
72,36700,2,1,20,20,04106,36,4106
71,47200,2,1,1,1,03702,36,3702
69,65000,2,1,10,10,04009,36,4009
70,136900,1,1,14,14,03903,36,3903
70,111000,2,1,16,17,03809,36,3809
66,81400,2,1,15,16,04006,36,4006
86,48500,2,1,10,11,03702,36,3702
73,159600,1,1,22,21,04014,36,4014
67,130000,2,1,9,9,04005,36,4005
66,99900,1,1,16,16,03902,36,3902
65,67400,2,1,18,18,04108,36,4108
69,86700,2,1,20,20,04015,36,4015
94,28000,2,1,33,33,04013,36,4013
65,77000,1,1,21,21,04112,36,4112
70,37250,1,1,25,26,03805,36,3805
84,88000,2,1,10,11,04017,36,4017
78,2700,2,1,18,18,04105,36,4105
68,12450,1,1,32,32,04006,36,4006
67,169200,2,1,12,12,04104,36,4104
85,41900,2,1,8,8,04108,36,4108
73,267900,1,1,29,28,04003,36,4003
73,21300,2,1,10,10,04105,36,4105
84,16000,2,1,13,13,04110,36,4110
76,46800,2,1,15,15,04113,36,4113
87,65400,2,1,16,15,04004,36,4004
81,12600,2,1,12,12,03708,36,3708
66,186700,1,1,11,11,04105,36,4105
80,143680,1,1,8,8,04103,36,4103
83,17400,2,1,13,13,04017,36,4017
75,50600,2,1,22,22,04005,36,4005
65,26500,1,1,14,14,04101,36,4101
78,46700,2,1,20,19,04106,36,4106
77,52000,2,1,21,21,04105,36,4105
69,145500,2,1,13,13,03810,36,3810
70,165000,2,1,14,13,04114,36,4114
66,117000,2,1,15,15,04006,36,4006
74,76000,1,1,16,15,04110,36,4110
75,102100,2,1,19,19,04103,36,4103
65,150000,2,1,41,41,04114,36,4114
81,79000,2,1,17,16,04105,36,4105
74,173000,1,1,16,16,04110,36,4110
67,211000,1,1,12,12,03807,36,3807
89,12000,2,1,21,21,04004,36,4004
78,18600,2,1,11,12,03903,36,3903
71,141500,2,1,19,19,03802,36,3802
71,54800,2,1,15,15,04106,36,4106
70,6250,1,1,25,26,04106,36,4106
69,44600,1,1,22,22,03808,36,3808
68,118100,1,1,16,16,03806,36,3806
69,39900,2,1,31,30,04018,36,4018
76,18600,2,1,45,45,03702,36,3702
65,53150,1,1,10,10,04103,36,4103
67,78500,2,1,9,9,04013,36,4013
76,148500,1,1,32,33,03902,36,3902
65,25000,2,1,23,22,03704,36,3704
87,42100,2,1,16,16,04103,36,4103
73,71000,1,1,17,17,03704,36,3704
75,84210,1,1,41,42,04102,36,4102
66,89620,2,1,14,14,04004,36,4004
71,189300,2,1,19,19,04010,36,4010
67,52000,1,1,14,14,03902,36,3902
84,26400,1,1,7,7,04105,36,4105
82,126200,1,1,25,26,04003,36,4003
80,7100,2,1,11,11,04102,36,4102
73,105500,2,1,10,10,04104,36,4104
88,47900,1,1,22,22,03805,36,3805
76,71700,1,1,21,21,04009,36,4009
76,24500,2,1,15,15,03901,36,3901
87,15500,2,1,11,10,04111,36,4111
71,56100,2,1,13,13,04104,36,4104
65,149940,1,1,20,20,03902,36,3902
75,19000,2,1,14,14,03703,36,3703
72,14400,2,1,12,12,04105,36,4105
71,67800,1,1,15,15,03903,36,3903
66,239000,2,1,14,15,03806,36,3806
81,18200,1,1,17,17,04103,36,4103
66,13200,2,1,17,17,04109,36,4109
71,126700,2,1,10,10,04017,36,4017
75,95400,1,1,15,14,04013,36,4013
66,114200,2,1,17,18,04010,36,4010
65,21400,1,1,8,7,03709,36,3709
72,26500,2,1,12,11,04017,36,4017
81,37400,2,1,17,17,03902,36,3902
72,15600,2,1,21,21,04108,36,4108
70,35500,2,1,8,9,04001,36,4001
66,18800,2,1,12,13,04103,36,4103
67,79600,2,1,21,21,03808,36,3808
77,30000,2,1,16,16,03807,36,3807
94,31700,2,1,13,13,04104,36,4104
94,45600,2,1,16,16,04110,36,4110
77,490500,2,1,18,18,03805,36,3805
79,10700,2,1,12,13,04109,36,4109
65,44000,1,1,18,19,03703,36,3703
77,20200,1,1,10,10,04010,36,4010
68,206700,2,1,21,20,03805,36,3805
68,36300,2,1,14,14,04001,36,4001
86,3800,1,1,42,42,04014,36,4014
69,183800,2,1,18,18,03806,36,3806
67,75900,1,1,14,14,04015,36,4015
73,21000,1,1,24,24,04015,36,4015
87,14400,2,1,37,38,04014,36,4014
73,64800,2,1,14,15,04106,36,4106
82,9400,1,1,8,9,04102,36,4102
70,14500,2,1,50,50,03901,36,3901
75,74040,2,1,15,15,04017,36,4017
66,12700,1,1,6,5,04018,36,4018
70,30700,2,1,16,17,03705,36,3705
88,16000,2,1,15,15,03702,36,3702
69,39100,1,1,15,14,03702,36,3702
83,27000,2,1,8,8,03702,36,3702
80,23100,2,1,15,15,04006,36,4006
76,66600,2,1,15,15,03704,36,3704
83,285000,2,1,12,11,03706,36,3706
65,126800,2,1,11,11,04104,36,4104
73,79600,1,1,19,19,04002,36,4002
72,25230,1,1,15,15,04103,36,4103
69,11400,2,1,53,53,03801,36,3801
74,31900,2,1,14,13,04010,36,4010
82,0,1,1,13,13,04107,36,4107
71,25400,2,1,15,14,04102,36,4102
69,11700,2,1,23,23,04108,36,4108
71,81000,2,1,15,16,04109,36,4109
68,131300,2,1,9,9,04108,36,4108
72,76400,2,1,17,18,04107,36,4107
71,79000,1,1,15,15,04105,36,4105
72,55200,2,1,3,3,04106,36,4106
76,18200,2,1,25,25,04110,36,4110
67,66000,2,1,39,39,04109,36,4109
67,20000,2,1,66,65,03901,36,3901
74,50380,1,1,52,53,04103,36,4103
74,7100,2,1,4,3,04001,36,4001
70,24500,1,1,11,12,04009,36,4009
73,117900,1,1,13,12,04015,36,4015
76,52320,2,1,15,15,04108,36,4108
83,48600,2,1,14,13,04012,36,4012
78,23700,2,1,3,4,04009,36,4009
67,66000,1,1,13,13,04112,36,4112
74,12000,2,1,13,12,04017,36,4017
71,345800,2,1,48,48,03805,36,3805
79,50400,2,1,31,31,03708,36,3708
77,24000,2,1,17,16,03809,36,3809
67,71200,1,1,42,42,04008,36,4008
69,22100,1,1,13,13,03903,36,3903
79,275600,2,1,13,14,04015,36,4015
84,90950,2,1,16,16,03807,36,3807
75,123500,2,1,15,15,04114,36,4114
81,52500,2,1,18,18,04108,36,4108
80,292200,1,1,23,23,04005,36,4005
68,11600,2,1,10,10,04016,36,4016
83,24000,2,1,14,15,04016,36,4016
75,60900,2,1,11,11,04016,36,4016
66,413900,2,1,23,23,03805,36,3805
84,80800,2,1,8,8,03709,36,3709
77,56000,2,1,30,31,04010,36,4010
70,67600,1,1,24,24,04018,36,4018
73,4800,2,1,18,17,04102,36,4102
80,93550,2,1,16,16,04018,36,4018
75,53800,2,1,15,16,04113,36,4113
70,9400,1,1,27,27,04010,36,4010
85,51800,2,1,12,11,03903,36,3903
90,13600,2,1,15,15,04017,36,4017
71,88500,2,1,13,13,04113,36,4113
85,27000,2,1,12,11,04014,36,4014
68,3200,2,1,12,13,03803,36,3803
72,18800,2,1,11,11,04103,36,4103
71,67600,1,1,14,15,04105,36,4105
73,23900,2,1,14,14,03901,36,3901
85,18800,2,1,27,27,03901,36,3901
88,78500,1,1,29,29,03902,36,3902
69,59000,1,1,14,14,03902,36,3902
69,41200,1,1,24,25,03901,36,3901
80,20000,1,1,13,12,03701,36,3701
66,643300,1,1,19,19,03808,36,3808
83,1800,2,1,16,16,03901,36,3901
76,725500,2,1,21,21,03806,36,3806
75,672400,2,1,16,16,03810,36,3810
76,62500,2,1,10,10,04113,36,4113
94,116000,1,1,16,15,04004,36,4004
94,29900,2,1,16,16,04009,36,4009
69,24200,2,1,19,19,03707,36,3707
72,152200,1,1,15,16,04105,36,4105
77,100000,2,1,22,22,04016,36,4016
72,420000,2,1,17,17,04105,36,4105
68,5000,2,1,28,29,04010,36,4010
83,67000,2,1,20,20,03805,36,3805
65,19000,1,1,15,15,03901,36,3901
65,66500,2,1,21,20,04112,36,4112
70,85400,2,1,13,13,03901,36,3901
94,9304,2,1,12,11,04018,36,4018
86,20300,2,1,11,10,04110,36,4110
71,70400,2,1,7,7,04105,36,4105
65,80000,2,1,19,18,04102,36,4102
65,237600,2,1,21,21,04103,36,4103
68,119000,1,1,16,16,03702,36,3702
66,23300,1,1,8,8,04015,36,4015
68,40300,2,1,7,7,04106,36,4106
71,43200,1,1,12,12,04011,36,4011
94,17300,2,1,14,15,03809,36,3809
65,14400,1,1,14,14,04001,36,4001
74,61000,2,1,26,26,03801,36,3801
75,112800,2,1,14,14,04104,36,4104
70,17700,2,1,19,19,04012,36,4012
79,33400,2,1,23,23,04018,36,4018
66,55400,2,1,12,11,04110,36,4110
67,33600,1,1,28,28,04015,36,4015
81,49220,2,1,10,10,04016,36,4016
82,79700,2,1,15,16,04104,36,4104
68,479000,2,1,12,12,03809,36,3809
76,128900,2,1,1,1,04013,36,4013
94,53000,2,1,11,12,04016,36,4016
69,25500,2,1,16,17,03809,36,3809
79,31900,2,1,13,13,04105,36,4105
79,26200,2,1,20,19,04018,36,4018
84,139500,2,1,9,9,04111,36,4111
78,16400,2,1,11,10,04104,36,4104
66,64350,1,1,21,21,03901,36,3901
81,72900,1,1,14,13,04102,36,4102
85,17200,2,1,13,13,04018,36,4018
85,22100,2,1,22,21,04103,36,4103
74,13600,2,1,19,19,04103,36,4103
66,426000,1,1,10,10,04104,36,4104
71,90400,1,1,25,26,04007,36,4007
84,149400,1,1,28,28,04010,36,4010
69,45000,2,1,12,13,03807,36,3807
66,77340,2,1,9,9,04012,36,4012
65,18900,2,1,11,12,04009,36,4009
77,13500,2,1,17,16,03903,36,3903
94,39010,2,1,16,16,04104,36,4104
80,150000,1,1,14,14,04006,36,4006
73,252100,2,1,17,17,03805,36,3805
67,21600,2,1,28,29,03703,36,3703
75,20800,2,1,30,31,04110,36,4110
85,35100,2,1,22,22,03805,36,3805
94,14800,2,1,14,14,03809,36,3809
80,558000,2,1,16,15,03805,36,3805
78,140700,1,1,19,19,04014,36,4014
86,7800,2,1,12,12,04004,36,4004
80,56600,1,1,21,22,03806,36,3806
65,253500,1,1,14,14,04101,36,4101
85,80000,2,1,19,19,04105,36,4105
80,1200,2,1,17,17,04114,36,4114
73,292800,2,1,21,20,03806,36,3806
83,27500,2,1,31,31,04107,36,4107
65,75900,2,1,22,23,03902,36,3902
84,8400,2,1,19,19,04108,36,4108
68,27000,2,1,22,21,04101,36,4101
66,23500,2,1,10,10,04017,36,4017
65,211000,2,1,18,19,04012,36,4012
65,10500,2,1,7,7,03902,36,3902
84,58500,1,1,20,20,03804,36,3804
65,123400,2,1,34,34,04104,36,4104
76,16200,2,1,18,18,03703,36,3703
85,38000,2,1,14,14,04110,36,4110
65,78300,2,1,21,20,03806,36,3806
66,82000,2,1,25,25,04112,36,4112
87,0,1,1,16,16,04103,36,4103
68,107000,2,1,14,15,04010,36,4010
85,22900,2,1,30,29,04112,36,4112
67,56000,1,1,18,18,03902,36,3902
83,34800,2,1,13,12,04015,36,4015
88,44000,2,1,20,19,03805,36,3805
73,32000,2,1,16,16,03704,36,3704
82,29300,2,1,16,16,03806,36,3806
73,36930,1,1,7,7,04010,36,4010
83,36800,2,1,13,13,04005,36,4005
75,115300,2,1,17,16,04011,36,4011
88,35400,1,1,11,10,04104,36,4104
77,53000,2,1,11,11,04006,36,4006
76,61200,2,1,22,23,03706,36,3706
65,217000,2,1,15,16,04101,36,4101
65,82500,1,1,10,10,04010,36,4010
71,76400,1,1,17,17,04114,36,4114
76,39600,2,1,16,16,04004,36,4004
77,0,2,1,13,13,04114,36,4114
74,23000,2,1,28,29,04018,36,4018
78,42500,2,1,15,15,04013,36,4013
94,46840,2,1,17,17,04102,36,4102
65,967000,1,1,22,22,03806,36,3806
79,118600,2,1,10,9,04101,36,4101
65,30000,2,1,13,13,04104,36,4104
74,10000,2,1,27,27,03703,36,3703
77,118700,2,1,15,15,03902,36,3902
65,36600,2,1,19,19,03808,36,3808
70,17200,2,1,16,15,03804,36,3804
94,211800,2,1,13,13,04013,36,4013
70,37200,1,1,22,22,04111,36,4111
65,59700,1,1,12,13,04013,36,4013
72,49600,1,1,14,13,04110,36,4110
75,171860,2,1,14,14,04016,36,4016
70,68200,2,1,4,4,04009,36,4009
65,75200,2,1,10,10,04009,36,4009
70,77100,1,1,10,10,04112,36,4112
94,16000,2,1,20,20,04111,36,4111
90,38600,2,1,20,20,04015,36,4015
76,52800,2,1,42,43,04005,36,4005
65,72050,2,1,14,13,03903,36,3903
67,59100,2,1,10,10,04016,36,4016
69,128600,2,1,15,15,04005,36,4005
66,29300,1,1,21,21,04012,36,4012
72,159700,2,1,6,6,03805,36,3805
78,131680,1,1,15,15,04103,36,4103
69,86900,2,1,15,14,04104,36,4104
78,11300,2,1,18,17,04017,36,4017
68,95700,1,1,18,18,04009,36,4009
82,18504,2,1,17,17,04107,36,4107
79,71700,2,1,20,19,04107,36,4107
75,46000,1,1,18,19,04106,36,4106
74,17400,1,1,20,20,03805,36,3805
65,196000,2,1,13,13,03902,36,3902
77,1100,2,1,15,15,04104,36,4104
78,36430,2,1,17,17,03806,36,3806
70,25000,2,1,9,9,04009,36,4009
65,109200,2,1,14,14,04101,36,4101
74,3900,2,1,12,11,04105,36,4105
74,22400,2,1,31,31,03702,36,3702
65,69320,1,1,21,21,04013,36,4013
71,98800,1,1,26,26,03903,36,3903
67,26500,2,1,19,20,03806,36,3806
69,100700,2,1,16,16,04109,36,4109
84,6000,2,1,27,27,04104,36,4104
90,258800,2,1,8,7,04014,36,4014
80,36200,2,1,15,16,04110,36,4110
71,56100,1,1,18,18,04009,36,4009
73,113120,1,1,18,18,03709,36,3709
67,94040,1,1,31,31,04105,36,4105
68,58700,2,1,14,14,04103,36,4103
82,74000,2,1,16,16,03809,36,3809
70,114700,2,1,6,6,04014,36,4014
75,38800,2,1,12,13,03704,36,3704
76,279000,2,1,18,18,04004,36,4004
80,39400,2,1,18,17,03901,36,3901
77,243000,2,1,14,14,03805,36,3805
81,85000,1,1,16,16,04105,36,4105
65,1200,2,1,7,7,03805,36,3805
76,52900,2,1,14,14,04103,36,4103
73,79000,1,1,16,16,04112,36,4112
87,37500,2,1,19,18,04113,36,4113
70,39800,1,1,14,13,03702,36,3702
94,25500,2,1,15,16,03902,36,3902
77,93900,1,1,16,16,03709,36,3709
84,12000,2,1,24,24,03703,36,3703
68,89700,2,1,10,11,03903,36,3903
76,23000,2,1,17,16,03903,36,3903
72,66800,2,1,22,22,04108,36,4108
68,230000,2,1,14,14,04004,36,4004
67,215500,1,1,20,20,03903,36,3903
67,26060,1,1,13,14,03901,36,3901
71,27400,1,1,37,37,04010,36,4010
72,20600,2,1,12,12,04013,36,4013
86,128400,2,1,24,24,03807,36,3807
69,303140,1,1,13,14,04012,36,4012
79,320000,2,1,21,21,03806,36,3806
66,16000,2,1,31,30,04105,36,4105
66,31600,2,1,14,14,04010,36,4010
70,93004,1,1,12,12,04111,36,4111
82,17000,2,1,14,13,03701,36,3701
77,30000,2,1,36,37,04016,36,4016
68,18400,2,1,41,41,03801,36,3801
65,140600,1,1,10,10,03902,36,3902
94,25000,2,1,16,16,03809,36,3809
65,30000,1,1,33,33,04114,36,4114
81,20800,1,1,18,18,03901,36,3901
79,31400,2,1,14,14,04110,36,4110
70,6500,1,1,24,24,04104,36,4104
87,15800,2,1,15,15,03709,36,3709
70,147200,2,1,16,16,03806,36,3806
76,155000,2,1,16,17,04105,36,4105
68,30000,2,1,25,25,04004,36,4004
65,80000,2,1,30,30,04017,36,4017
66,50600,2,1,21,21,03903,36,3903
75,26050,2,1,13,13,04010,36,4010
74,54500,2,1,29,29,04104,36,4104
77,52900,2,1,13,13,04014,36,4014
71,20030,2,1,71,71,03803,36,3803
76,18900,1,1,18,18,04006,36,4006
65,14200,1,1,41,42,03704,36,3704
66,680800,1,1,29,29,03806,36,3806
78,100600,1,1,23,23,04011,36,4011
69,595000,2,1,76,76,03805,36,3805
80,3900,1,1,12,12,04013,36,4013
86,59000,2,1,24,25,04105,36,4105
82,17400,2,1,48,48,03903,36,3903
74,92330,1,1,8,8,03901,36,3901
83,125380,2,1,9,8,04110,36,4110
76,41200,2,1,17,17,03703,36,3703
66,599210,1,1,12,13,03808,36,3808
79,27200,2,1,17,17,04103,36,4103
65,284600,2,1,12,11,03806,36,3806
71,169500,2,1,21,21,03807,36,3807
78,135000,2,1,19,19,04114,36,4114
77,16300,1,1,16,16,04003,36,4003
71,229200,2,1,23,23,03808,36,3808
66,323700,1,1,12,12,04108,36,4108
67,201900,1,1,16,16,03806,36,3806
85,102200,2,1,15,16,04016,36,4016
73,75200,2,1,11,11,04109,36,4109
75,27000,2,1,9,9,04104,36,4104
75,145750,2,1,14,15,04010,36,4010
72,15800,2,1,16,16,04015,36,4015
66,31200,2,1,16,15,03901,36,3901
83,16000,2,1,25,24,03704,36,3704
67,60800,2,1,25,25,04106,36,4106
83,12000,2,1,25,25,04111,36,4111
67,40600,1,1,11,11,03902,36,3902
71,75400,2,1,9,9,03903,36,3903
67,104300,2,1,11,11,04013,36,4013
87,150600,2,1,18,17,03702,36,3702
66,93200,1,1,23,23,04105,36,4105
94,37000,1,1,15,15,04101,36,4101
73,52800,2,1,49,49,04010,36,4010
75,35050,2,1,3,4,04009,36,4009
68,38400,2,1,13,13,04111,36,4111
71,91100,2,1,25,25,04113,36,4113
66,96400,2,1,14,15,04112,36,4112
88,102600,2,1,26,26,03702,36,3702
85,25000,2,1,12,12,04113,36,4113
76,32400,2,1,14,14,03901,36,3901
83,18000,2,1,13,13,04016,36,4016
70,41700,2,1,14,15,04104,36,4104
83,19200,2,1,17,16,04106,36,4106
75,20100,2,1,12,12,04016,36,4016
69,13400,2,1,22,22,04106,36,4106
80,8050,2,1,11,11,04112,36,4112
84,63400,2,1,14,13,04016,36,4016
81,84700,2,1,21,21,04005,36,4005
65,12400,1,1,24,24,04009,36,4009
81,52000,2,1,14,15,04103,36,4103
76,286900,2,1,10,9,04009,36,4009
66,179200,2,1,15,16,03805,36,3805
65,45500,2,1,12,12,04111,36,4111
71,40000,2,1,21,21,04017,36,4017
74,5800,2,1,12,13,04012,36,4012
69,13700,2,1,18,18,03901,36,3901
75,41900,1,1,11,12,04017,36,4017
79,565500,2,1,20,21,03810,36,3810
66,17900,1,1,22,22,04101,36,4101
88,44100,2,1,24,24,03902,36,3902
66,430600,2,1,12,13,04105,36,4105
72,69000,2,1,16,16,04003,36,4003
65,75500,1,1,10,9,03704,36,3704
84,95970,1,1,7,8,04104,36,4104
84,107000,2,1,15,14,03903,36,3903
67,67520,1,1,13,13,03701,36,3701
85,37900,2,1,16,15,04104,36,4104
66,371400,2,1,15,16,04012,36,4012
66,168000,2,1,12,12,04007,36,4007
84,24000,2,1,12,12,04016,36,4016
81,49900,2,1,32,32,04104,36,4104
65,30200,2,1,29,29,04010,36,4010
88,10000,2,1,13,14,04105,36,4105
84,12160,2,1,16,16,04110,36,4110
81,28600,2,1,16,15,04112,36,4112
78,117200,1,1,38,37,03902,36,3902
79,23940,2,1,21,22,03807,36,3807
74,9100,2,1,20,20,04103,36,4103
78,189000,2,1,21,21,03808,36,3808
73,59900,2,1,13,13,04110,36,4110
75,19000,2,1,12,11,04105,36,4105
80,29500,1,1,28,29,03702,36,3702
71,22200,1,1,10,9,04104,36,4104
65,35500,2,1,9,9,04110,36,4110
65,37300,2,1,14,14,04010,36,4010
75,16800,2,1,13,12,04016,36,4016
85,21600,2,1,10,10,04104,36,4104
83,28710,2,1,13,13,04105,36,4105
82,19000,2,1,22,22,04009,36,4009
94,102300,1,1,16,16,04108,36,4108
77,54400,2,1,23,23,03901,36,3901
67,59880,2,1,22,22,04102,36,4102
77,155000,2,1,20,20,03902,36,3902
85,56000,2,1,13,13,03704,36,3704
85,69200,2,1,40,39,04104,36,4104
68,98000,2,1,11,12,03810,36,3810
82,21600,2,1,11,11,04111,36,4111
71,140800,2,1,13,13,04112,36,4112
78,58600,2,1,13,13,04107,36,4107
73,30900,2,1,14,14,04014,36,4014
81,149400,2,1,21,21,04101,36,4101
70,36000,2,1,26,26,04011,36,4011
85,80000,2,1,18,18,03701,36,3701
68,386300,1,1,16,16,03805,36,3805
81,17600,1,1,13,12,04102,36,4102
73,426900,1,1,13,12,03701,36,3701
84,81000,2,1,16,17,03810,36,3810
66,14400,2,1,15,14,04110,36,4110
71,25500,2,1,16,16,04111,36,4111
71,28200,1,1,21,20,03806,36,3806
85,424000,2,1,21,21,03701,36,3701
85,44200,2,1,13,13,04014,36,4014
87,40100,2,1,12,12,03705,36,3705
66,137000,2,1,15,16,04013,36,4013
73,6000,2,1,19,18,04012,36,4012
69,52800,1,1,26,26,04017,36,4017
79,47800,2,1,22,22,04016,36,4016
75,18700,2,1,11,12,04110,36,4110
75,49100,1,1,14,15,04010,36,4010
75,8400,2,1,12,12,04110,36,4110
67,85000,1,1,10,11,04013,36,4013
65,77600,2,1,13,13,04110,36,4110
75,69200,2,1,8,8,04112,36,4112
75,16700,2,1,47,48,04106,36,4106
82,22700,2,1,15,16,04001,36,4001
72,69000,1,1,15,15,03703,36,3703
65,57400,1,1,21,21,03808,36,3808
74,14400,2,1,17,17,03901,36,3901
77,54200,2,1,13,13,04114,36,4114
85,16100,2,1,12,12,03702,36,3702
74,75850,2,1,23,23,04112,36,4112
84,25900,2,1,14,13,04105,36,4105
80,18300,1,1,19,19,04010,36,4010
72,41500,1,1,12,12,04104,36,4104
74,19900,2,1,26,26,03805,36,3805
75,20100,2,1,19,19,03801,36,3801
65,31200,2,1,26,26,04009,36,4009
76,16900,2,1,16,16,04010,36,4010
94,11700,2,1,18,17,03701,36,3701
66,88900,2,1,16,16,04108,36,4108
80,26210,1,1,15,15,04013,36,4013
66,86800,2,1,14,14,04101,36,4101
73,131600,1,1,11,11,04113,36,4113
87,40000,2,1,18,18,03810,36,3810
66,9100,2,1,17,17,03901,36,3901
90,25600,2,1,16,17,04105,36,4105
74,50000,1,1,23,23,03801,36,3801
72,81100,2,1,12,13,04013,36,4013
94,10600,1,1,17,17,04112,36,4112
74,12200,2,1,23,23,03701,36,3701
88,107400,2,1,11,12,04109,36,4109
84,73700,1,1,19,19,03808,36,3808
76,12300,1,1,15,15,04017,36,4017
76,3100,2,1,34,34,04103,36,4103
75,27500,2,1,14,14,04102,36,4102
69,40600,1,1,18,18,03902,36,3902
82,116200,2,1,11,11,04104,36,4104
83,38100,2,1,25,25,04009,36,4009
90,17200,2,1,21,22,04005,36,4005
77,16800,2,1,16,16,04016,36,4016
75,6000,1,1,7,7,04009,36,4009
68,36400,2,1,9,8,04015,36,4015
84,29100,1,1,13,14,03709,36,3709
68,105700,1,1,22,23,03803,36,3803
67,118400,1,1,12,11,04014,36,4014
72,75800,2,1,14,15,03704,36,3704
89,9600,2,1,43,43,03703,36,3703
94,38400,2,1,20,20,04103,36,4103
80,55400,1,1,14,15,04017,36,4017
65,148000,1,1,10,10,04105,36,4105
67,21900,2,1,11,11,04110,36,4110
66,161000,1,1,25,24,04103,36,4103
72,50200,1,1,9,8,03903,36,3903
66,43600,1,1,9,9,04013,36,4013
65,20000,1,1,8,8,04008,36,4008
84,36600,2,1,13,14,04107,36,4107
69,40500,2,1,10,10,04010,36,4010
85,37400,2,1,12,13,04104,36,4104
78,66000,1,1,13,13,04103,36,4103
72,41300,1,1,24,24,03903,36,3903
81,12000,2,1,21,21,03703,36,3703
68,117400,1,1,14,14,04009,36,4009
66,523000,2,1,19,20,03810,36,3810
74,1085400,2,1,13,13,03806,36,3806
74,71800,2,1,13,13,04105,36,4105
73,66800,2,1,10,10,04009,36,4009
79,21900,2,1,11,11,04013,36,4013
67,26800,2,1,29,28,04017,36,4017
67,23000,2,1,18,18,03701,36,3701
68,103400,1,1,20,20,04008,36,4008
72,31000,2,1,16,15,04109,36,4109
67,160420,1,1,16,16,04005,36,4005
83,25900,2,1,18,18,04109,36,4109
74,55000,1,1,10,9,03901,36,3901
84,142600,2,1,9,9,03704,36,3704
73,35000,2,1,7,7,04012,36,4012
69,42400,2,1,17,17,03901,36,3901
69,65400,1,1,15,15,04106,36,4106
74,15700,1,1,19,19,03802,36,3802
81,43700,2,1,16,16,03901,36,3901
68,70900,1,1,12,12,04014,36,4014
74,48200,2,1,10,10,03901,36,3901
80,22400,2,1,9,9,04010,36,4010
80,72900,2,1,17,17,03703,36,3703
73,20400,2,1,23,23,04108,36,4108
73,37000,2,1,9,8,03809,36,3809
75,111400,1,1,5,4,04008,36,4008
72,114200,1,1,13,13,04105,36,4105
78,46100,2,1,25,25,04012,36,4012
94,23100,2,1,10,11,04112,36,4112
69,97900,2,1,19,19,04112,36,4112
66,14000,2,1,16,16,04110,36,4110
66,77600,1,1,25,25,04106,36,4106
76,0,2,1,15,15,03705,36,3705
65,164600,2,1,24,24,04014,36,4014
80,72500,2,1,27,28,03903,36,3903
66,3100,1,1,24,25,03807,36,3807
84,63800,2,1,21,21,04112,36,4112
71,286500,1,1,17,18,04103,36,4103
67,178900,2,1,19,18,03901,36,3901
70,15800,2,1,16,16,04106,36,4106
65,40000,1,1,37,38,04105,36,4105
70,56400,2,1,15,15,04015,36,4015
73,120700,1,1,15,15,04102,36,4102
84,85200,2,1,12,12,04112,36,4112
75,225100,1,1,23,23,03808,36,3808
72,61000,2,1,25,26,04113,36,4113
71,50800,1,1,17,18,03805,36,3805
72,61800,1,1,20,19,03810,36,3810
81,149800,1,1,17,17,03805,36,3805
82,212600,2,1,22,22,03805,36,3805
68,54030,1,1,13,13,04010,36,4010
70,817600,1,1,22,23,03806,36,3806
71,226000,2,1,15,16,03807,36,3807
78,21900,2,1,13,13,04113,36,4113
88,14620,2,1,19,19,04015,36,4015
80,30800,2,1,21,21,03701,36,3701
78,16800,2,1,30,30,04112,36,4112
80,82800,2,1,31,30,03706,36,3706
77,95100,2,1,5,6,04104,36,4104
73,21200,2,1,19,19,03808,36,3808
69,23504,2,1,11,11,03704,36,3704
80,19400,2,1,21,20,04018,36,4018
72,121000,2,1,11,11,03902,36,3902
67,139000,1,1,25,24,04008,36,4008
65,48000,2,1,19,19,03808,36,3808
67,77400,2,1,29,29,04017,36,4017
78,35200,1,1,9,9,04103,36,4103
84,48100,1,1,16,16,04007,36,4007
69,93000,2,1,11,11,03903,36,3903
71,28100,2,1,10,11,04017,36,4017
79,46900,2,1,11,11,04013,36,4013
79,12000,2,1,28,28,04009,36,4009
66,405600,2,1,18,18,03805,36,3805
71,101820,2,1,18,18,04106,36,4106
65,100800,2,1,27,27,04104,36,4104
71,63800,2,1,24,25,04017,36,4017
79,18000,2,1,24,24,04113,36,4113
94,100000,2,1,11,11,03704,36,3704
81,242200,2,1,10,10,04106,36,4106
66,259800,2,1,18,19,03806,36,3806
66,25200,2,1,12,12,04110,36,4110
94,47800,2,1,11,11,04013,36,4013
75,130000,2,1,15,15,04001,36,4001
67,40000,2,1,18,19,03806,36,3806
78,88100,2,1,19,19,04104,36,4104
88,26800,2,1,13,14,04112,36,4112
76,12500,2,1,15,15,04001,36,4001
85,35800,2,1,18,18,04103,36,4103
72,53900,2,1,18,18,03903,36,3903
83,32500,2,1,13,13,03710,36,3710
71,32000,2,1,14,14,03901,36,3901
75,50000,2,1,12,11,04109,36,4109
81,15400,2,1,21,21,04018,36,4018
81,110800,1,1,9,9,04112,36,4112
67,141300,2,1,14,14,04111,36,4111
68,67800,2,1,18,18,03807,36,3807
73,24900,2,1,15,14,03902,36,3902
74,25400,2,1,24,23,04111,36,4111
90,17000,2,1,17,17,04018,36,4018
68,11000,1,1,42,42,04112,36,4112
66,201000,2,1,11,11,03805,36,3805
69,31400,2,1,19,20,03808,36,3808
70,35620,2,1,13,14,03809,36,3809
66,123000,1,1,18,18,03808,36,3808
84,18600,2,1,16,16,04104,36,4104
94,23000,2,1,20,20,04102,36,4102
77,153200,1,1,16,16,03701,36,3701
77,105900,2,1,14,14,04110,36,4110
88,26500,2,1,12,12,04016,36,4016
83,28000,2,1,11,10,04009,36,4009
83,162200,2,1,25,25,04017,36,4017
83,22100,2,1,33,32,04106,36,4106
71,71680,1,1,12,12,03903,36,3903
90,51300,2,1,14,14,03902,36,3902
81,10400,2,1,6,6,04011,36,4011
79,24960,2,1,46,46,04108,36,4108
67,35900,2,1,13,13,04017,36,4017
76,78000,1,1,25,25,04112,36,4112
66,83080,1,1,17,17,04009,36,4009
70,59100,2,1,10,11,03903,36,3903
69,5800,2,1,30,30,04103,36,4103
66,77700,2,1,24,24,03807,36,3807
79,11300,2,1,22,22,03901,36,3901
89,68000,2,1,26,26,03703,36,3703
79,15460,2,1,21,21,04110,36,4110
73,34000,2,1,18,17,04112,36,4112
88,44600,2,1,22,21,04103,36,4103
73,1500,1,1,51,51,04010,36,4010
83,79500,2,1,13,13,04103,36,4103
71,56400,2,1,18,18,03804,36,3804
81,47400,2,1,11,12,04010,36,4010
78,235200,2,1,24,24,03810,36,3810
81,42800,2,1,11,11,04112,36,4112
82,79400,1,1,12,13,03701,36,3701
84,45000,2,1,14,14,03704,36,3704
70,3100,2,1,16,16,04104,36,4104
74,10000,2,1,17,17,03810,36,3810
72,22860,1,1,15,15,04108,36,4108
65,33600,2,1,14,14,04001,36,4001
85,16000,1,1,13,13,04006,36,4006
79,119700,1,1,49,50,03902,36,3902
76,54400,2,1,17,17,03902,36,3902
79,46900,2,1,22,21,04103,36,4103
67,43200,2,1,25,26,03806,36,3806
67,108000,2,1,18,18,03701,36,3701
67,61200,2,1,18,19,03801,36,3801
74,100600,1,1,14,15,04012,36,4012
87,37200,2,1,15,15,04003,36,4003
66,31000,1,1,8,7,04114,36,4114
84,16900,2,1,10,9,03704,36,3704
72,101000,2,1,16,17,03704,36,3704
67,21300,2,1,12,12,03809,36,3809
70,404000,2,1,20,20,03806,36,3806
71,171000,2,1,5,4,04111,36,4111
84,26000,2,1,11,11,04017,36,4017
72,80990,2,1,19,18,03805,36,3805
90,109400,2,1,17,18,04103,36,4103
66,322000,2,1,9,10,04013,36,4013
68,353000,2,1,48,48,04005,36,4005
68,16800,2,1,9,10,04012,36,4012
90,18000,2,1,24,24,04106,36,4106
70,15600,2,1,16,16,03704,36,3704
67,30900,2,1,21,20,04108,36,4108
83,7004,2,1,16,16,04112,36,4112
76,23700,2,1,45,45,03805,36,3805
86,13100,2,1,14,14,04105,36,4105
72,7800,2,1,30,30,04017,36,4017
82,33100,2,1,54,54,03704,36,3704
68,80300,1,1,26,26,03808,36,3808
86,20800,2,1,13,12,04103,36,4103
66,76670,1,1,9,8,04016,36,4016
75,38200,2,1,13,14,03810,36,3810
74,8000,2,1,17,16,03703,36,3703
71,51300,2,1,38,39,04013,36,4013
68,174700,2,1,21,21,03903,36,3903
80,20600,2,1,15,15,04004,36,4004
74,60000,2,1,16,17,03903,36,3903
69,27730,1,1,17,16,03903,36,3903
76,88900,1,1,18,18,03703,36,3703
68,80100,1,1,11,11,04003,36,4003
83,29500,2,1,18,18,04104,36,4104
69,276400,2,1,10,10,04103,36,4103
69,42400,1,1,17,17,03801,36,3801
83,10400,2,1,16,16,04110,36,4110
83,70000,2,1,17,17,04110,36,4110
81,78500,1,1,15,14,04012,36,4012
88,22800,1,1,17,17,03702,36,3702
66,12000,1,1,28,28,04008,36,4008
83,29100,2,1,12,11,04103,36,4103
66,266600,2,1,13,12,03902,36,3902
71,83400,2,1,9,8,04104,36,4104
70,61000,1,1,14,14,04110,36,4110
79,40200,1,1,13,12,04110,36,4110
94,11800,2,1,15,15,04103,36,4103
73,79600,1,1,31,31,04009,36,4009
70,36000,2,1,20,20,04112,36,4112
78,25000,2,1,21,20,04103,36,4103
81,20200,1,1,17,18,03708,36,3708
66,26200,2,1,12,13,04104,36,4104
71,140600,2,1,13,14,03702,36,3702
81,30800,2,1,14,14,04012,36,4012
68,175400,2,1,24,24,04015,36,4015
66,12800,2,1,26,27,03706,36,3706
73,25000,1,1,8,8,04005,36,4005
76,63400,2,1,12,12,03902,36,3902
68,7200,1,1,27,26,04009,36,4009
67,60500,1,1,18,18,04106,36,4106
73,106100,1,1,7,7,04112,36,4112
76,182900,2,1,7,7,03703,36,3703
90,51300,1,1,17,18,03709,36,3709
90,161400,2,1,14,14,03806,36,3806
77,65500,2,1,19,19,04103,36,4103
72,67600,2,1,14,13,04105,36,4105
80,36600,2,1,15,14,04101,36,4101
73,67300,1,1,14,14,04010,36,4010
84,17900,2,1,12,12,04114,36,4114
71,48500,1,1,41,41,03901,36,3901
78,69600,2,1,21,21,04105,36,4105
71,274400,1,1,14,14,03809,36,3809
70,86000,2,1,17,17,03703,36,3703
67,95000,2,1,16,15,04105,36,4105
86,12300,2,1,21,22,04016,36,4016
77,146900,2,1,18,17,04112,36,4112
76,89900,2,1,33,32,03806,36,3806
68,23000,1,1,22,23,03903,36,3903
78,35500,2,1,17,17,04112,36,4112
72,58340,1,1,16,15,04104,36,4104
80,78500,2,1,20,20,04104,36,4104
72,37000,2,1,11,12,04017,36,4017
80,215200,2,1,14,15,04114,36,4114
66,218000,1,1,26,26,04010,36,4010
66,37200,1,1,5,6,04004,36,4004
70,371500,2,1,16,16,03805,36,3805
65,72400,2,1,16,16,04110,36,4110
79,35200,1,1,8,8,04105,36,4105
67,25000,1,1,38,38,04112,36,4112
78,83700,1,1,19,20,03901,36,3901
83,6300,2,1,16,16,04016,36,4016
66,65500,1,1,14,14,03902,36,3902
79,122600,2,1,16,17,04105,36,4105
94,25000,2,1,26,26,03808,36,3808
74,46000,2,1,22,22,04017,36,4017
70,29200,1,1,18,18,04108,36,4108
67,51600,2,1,19,19,04002,36,4002
88,17800,2,1,4,4,04104,36,4104
74,28000,2,1,12,13,03703,36,3703
74,34800,2,1,13,13,04103,36,4103
65,54000,1,1,13,12,04103,36,4103
69,47000,2,1,10,10,04017,36,4017
82,58300,2,1,15,16,03810,36,3810
71,151600,1,1,20,20,04009,36,4009
86,12200,2,1,23,22,04004,36,4004
76,2900,2,1,14,14,03704,36,3704
84,12000,1,1,13,13,03903,36,3903
75,55000,2,1,15,15,04013,36,4013
77,12000,2,1,19,19,03701,36,3701
80,5900,2,1,11,11,04015,36,4015
80,16800,2,1,22,22,04009,36,4009
78,14600,2,1,12,12,04114,36,4114
73,12000,2,1,18,17,04016,36,4016
67,71000,1,1,14,14,03901,36,3901
74,61000,2,1,8,9,04010,36,4010
75,0,1,1,21,21,03806,36,3806
85,35100,2,1,8,8,04004,36,4004
82,96990,2,1,25,24,03806,36,3806
73,43400,2,1,14,14,04009,36,4009
78,79000,2,1,18,17,04105,36,4105
65,22600,2,1,22,21,04108,36,4108
70,0,1,1,9,9,03903,36,3903
81,86800,2,1,19,19,03704,36,3704
66,87000,2,1,12,12,04114,36,4114
67,189700,1,1,15,15,04112,36,4112
73,49200,2,1,12,11,03709,36,3709
79,79200,2,1,11,11,04106,36,4106
72,8400,1,1,53,53,04106,36,4106
80,978000,2,1,18,18,03805,36,3805
80,13500,2,1,17,17,03902,36,3902
94,64400,2,1,19,20,04104,36,4104
81,38500,2,1,9,8,04013,36,4013
66,36900,2,1,16,16,04005,36,4005
82,20500,2,1,60,60,04103,36,4103
68,43800,1,1,57,57,04109,36,4109
79,59800,1,1,18,18,04105,36,4105
69,74700,1,1,13,13,04106,36,4106
94,25500,2,1,13,13,03701,36,3701
66,203200,2,1,21,21,04110,36,4110
79,67200,2,1,50,50,04103,36,4103
81,37300,2,1,16,15,04016,36,4016
65,75600,1,1,7,8,04013,36,4013
79,44700,1,1,25,25,03805,36,3805
79,39000,1,1,34,35,04004,36,4004
70,68000,2,1,12,12,04102,36,4102
86,79410,2,1,15,15,04103,36,4103
69,140500,1,1,35,35,04103,36,4103
67,74550,2,1,18,18,04017,36,4017
76,173800,1,1,2,3,04102,36,4102
70,20600,1,1,14,14,04112,36,4112
77,8900,1,1,17,17,04105,36,4105
76,20900,1,1,13,13,03709,36,3709
77,44500,2,1,16,17,04018,36,4018
81,15000,2,1,22,22,03806,36,3806
76,49880,2,1,10,10,04103,36,4103
68,57300,1,1,13,12,04010,36,4010
82,26700,1,1,18,18,03902,36,3902
71,182600,1,1,3,3,03901,36,3901
67,20800,1,1,42,42,04017,36,4017
65,134250,2,1,10,10,04103,36,4103
84,2100,2,1,37,37,03903,36,3903
67,44800,1,1,29,30,04013,36,4013
66,39400,1,1,31,30,04009,36,4009
65,51400,1,1,19,20,04103,36,4103
85,32100,2,1,12,12,04110,36,4110
87,13500,2,1,13,13,04016,36,4016
77,4300,2,1,18,18,03703,36,3703
82,22300,2,1,15,15,04016,36,4016
76,68400,1,1,15,15,03703,36,3703
70,53900,2,1,28,28,04009,36,4009
67,18204,2,1,3,3,03701,36,3701
68,123000,1,1,14,14,04010,36,4010
82,7200,1,1,51,51,04009,36,4009
69,258400,1,1,21,21,04017,36,4017
71,67200,2,1,16,16,04108,36,4108
70,134000,2,1,12,12,04108,36,4108
68,79800,1,1,38,38,04009,36,4009
66,177000,1,1,20,19,03806,36,3806
88,29200,2,1,14,13,04013,36,4013
74,79600,2,1,18,18,04106,36,4106
72,56600,1,1,10,11,04015,36,4015
78,243000,2,1,20,20,03805,36,3805
77,51900,2,1,5,5,04112,36,4112
84,40300,2,1,10,10,04110,36,4110
74,73700,2,1,34,34,03707,36,3707
70,24000,2,1,22,22,03808,36,3808
81,23100,2,1,26,26,04105,36,4105
86,27000,2,1,18,18,03805,36,3805
88,11500,2,1,13,13,04110,36,4110
70,210000,2,1,19,18,04017,36,4017
78,156000,2,1,17,18,03709,36,3709
78,27700,1,1,13,13,03902,36,3902
70,22800,1,1,20,20,04113,36,4113
76,26100,1,1,20,21,03806,36,3806
88,18400,2,1,19,18,04104,36,4104
74,35800,1,1,9,9,04105,36,4105
66,62500,2,1,2,2,04017,36,4017
70,60530,1,1,9,10,04016,36,4016
66,13000,2,1,36,36,03902,36,3902
70,19300,2,1,13,13,04017,36,4017
74,23500,2,1,14,13,03704,36,3704
66,123900,1,1,12,13,03804,36,3804
67,45000,2,1,15,15,03806,36,3806
94,27100,2,1,17,17,04104,36,4104
86,11400,1,1,11,11,04016,36,4016
81,35100,2,1,3,2,03704,36,3704
69,51600,2,1,15,16,04111,36,4111
82,194900,2,1,19,19,04007,36,4007
68,127900,1,1,12,13,03902,36,3902
69,223500,2,1,19,19,04101,36,4101
68,52100,1,1,25,25,04110,36,4110
70,29500,1,1,14,13,04110,36,4110
85,0,1,1,31,31,03901,36,3901
71,40900,2,1,11,12,04016,36,4016
69,52580,2,1,13,13,03702,36,3702
70,30000,2,1,21,21,04001,36,4001
79,50400,2,1,23,24,03902,36,3902
75,534000,2,1,14,14,03805,36,3805
66,162000,2,1,14,15,04005,36,4005
77,44350,2,1,15,16,04106,36,4106
88,15800,2,1,15,15,04016,36,4016
72,92600,2,1,14,14,04104,36,4104
75,138400,2,1,15,15,03901,36,3901
94,25100,2,1,15,14,04106,36,4106
94,40300,2,1,75,75,04104,36,4104
67,71700,2,1,15,14,04013,36,4013
73,0,2,1,13,14,03708,36,3708
78,8600,1,1,22,22,04005,36,4005
68,25000,2,1,16,16,04110,36,4110
83,24500,2,1,14,14,04001,36,4001
88,37200,2,1,13,12,04110,36,4110
69,247200,2,1,18,18,03805,36,3805
69,19800,1,1,23,23,03703,36,3703
78,121600,1,1,3,3,04114,36,4114
75,62000,2,1,45,44,03809,36,3809
77,55000,2,1,19,19,03805,36,3805
67,46500,2,1,19,19,04103,36,4103
71,50000,2,1,10,10,04103,36,4103
87,66300,2,1,15,14,04103,36,4103
73,26850,2,1,17,17,04113,36,4113
69,151700,2,1,16,15,04105,36,4105
87,20800,2,1,10,10,04106,36,4106
79,25000,2,1,16,16,04010,36,4010
76,139400,2,1,16,16,04111,36,4111
87,30000,2,1,14,14,04016,36,4016
75,93300,1,1,1,1,04008,36,4008
80,33500,2,1,16,16,04110,36,4110
82,55500,2,1,9,9,04009,36,4009
72,133300,1,1,39,39,04106,36,4106
82,55700,2,1,13,13,04104,36,4104
80,46400,1,1,18,18,03802,36,3802
68,35800,2,1,5,5,04102,36,4102
80,33500,2,1,19,19,03701,36,3701
81,26000,2,1,18,19,04107,36,4107
80,6700,2,1,19,18,04104,36,4104
67,69500,1,1,13,13,04008,36,4008
67,18100,1,1,17,17,04101,36,4101
70,101300,1,1,19,19,03702,36,3702
73,69000,2,1,11,11,04001,36,4001
81,59704,1,1,17,16,04011,36,4011
68,85230,2,1,24,24,03805,36,3805
67,41200,2,1,13,12,04009,36,4009
83,22000,2,1,14,13,04101,36,4101
74,109320,1,1,12,11,03903,36,3903
85,45500,2,1,12,12,04016,36,4016
89,266000,2,1,11,11,04009,36,4009
73,136000,1,1,24,23,03806,36,3806
78,24000,2,1,14,14,04110,36,4110
76,207270,2,1,12,12,03801,36,3801
81,135700,2,1,15,15,03903,36,3903
87,32100,2,1,18,18,04114,36,4114
88,75300,1,1,16,16,04017,36,4017
90,37200,2,1,11,11,04103,36,4103
76,102800,2,1,14,14,04003,36,4003
86,13500,1,1,40,40,04110,36,4110
75,61940,1,1,10,11,04113,36,4113
65,58800,2,1,45,45,04113,36,4113
71,5800,1,1,15,16,04105,36,4105
69,14900,1,1,15,16,04104,36,4104
66,29600,1,1,18,18,03701,36,3701
94,36700,2,1,20,20,04103,36,4103
89,38200,1,1,13,13,04105,36,4105
81,34100,2,1,19,19,03703,36,3703
67,47750,2,1,7,7,03903,36,3903
77,86500,1,1,7,7,04106,36,4106
83,213000,1,1,19,19,03810,36,3810
78,27804,2,1,23,22,03901,36,3901
69,35600,2,1,8,8,03703,36,3703
80,22800,1,1,12,13,04108,36,4108
77,20400,2,1,12,12,04106,36,4106
70,106000,2,1,32,32,03707,36,3707
86,13800,2,1,15,15,04006,36,4006
84,49000,1,1,14,14,04105,36,4105
68,536100,2,1,17,18,03701,36,3701
69,171000,1,1,37,37,03803,36,3803
72,111000,1,1,17,17,04101,36,4101
84,12000,2,1,14,14,04103,36,4103
69,136800,2,1,56,55,04105,36,4105
73,53100,1,1,38,38,04007,36,4007
69,791100,2,1,20,20,03808,36,3808
65,49600,2,1,24,24,04103,36,4103
72,31200,2,1,7,7,04016,36,4016
80,38100,2,1,11,11,04107,36,4107
84,81200,1,1,10,10,04105,36,4105
66,42400,2,1,55,55,04013,36,4013
68,119400,1,1,19,18,03807,36,3807
90,48300,2,1,14,15,04102,36,4102
68,25900,2,1,25,24,04017,36,4017
66,131900,2,1,15,15,04009,36,4009
76,80880,2,1,17,16,04108,36,4108
72,107200,2,1,10,10,04017,36,4017
82,42000,2,1,21,21,04014,36,4014
80,16050,2,1,15,15,04013,36,4013
77,27100,2,1,3,3,04007,36,4007
87,69000,2,1,9,9,04112,36,4112
74,42700,1,1,18,18,04007,36,4007
72,0,2,1,15,14,03704,36,3704
77,7300,1,1,23,22,03705,36,3705
66,147900,1,1,12,13,03902,36,3902
94,70700,2,1,23,23,03903,36,3903
73,127400,2,1,13,13,04112,36,4112
94,49920,2,1,12,12,04013,36,4013
71,304000,1,1,15,15,03810,36,3810
71,34900,2,1,20,20,03709,36,3709
72,12300,2,1,20,20,03704,36,3704
65,150000,1,1,14,14,03810,36,3810
79,39500,2,1,14,14,03703,36,3703
65,145000,1,1,21,21,04106,36,4106
80,103610,2,1,15,15,04105,36,4105
70,36900,1,1,22,22,04104,36,4104
87,30000,1,1,19,19,03805,36,3805
74,28800,2,1,43,43,03703,36,3703
66,112100,1,1,10,9,04017,36,4017
81,12000,2,1,34,33,04110,36,4110
84,137970,2,1,19,20,04109,36,4109
70,45700,1,1,9,9,04106,36,4106
68,89300,2,1,16,16,03901,36,3901
69,50800,1,1,18,19,04009,36,4009
70,81090,1,1,19,19,03805,36,3805
71,142800,1,1,11,11,03903,36,3903
85,35000,2,1,18,19,04103,36,4103
77,38100,2,1,12,13,04009,36,4009
75,139600,1,1,44,45,04105,36,4105
68,119100,1,1,16,16,04013,36,4013
79,79700,2,1,14,14,03702,36,3702
68,32400,2,1,9,9,04007,36,4007
94,10340,2,1,13,13,04009,36,4009
80,268500,2,1,20,20,03805,36,3805
75,100000,2,1,56,57,03805,36,3805
73,17200,1,1,20,20,04101,36,4101
78,33700,2,1,16,16,04108,36,4108
85,30800,1,1,17,17,03805,36,3805
75,18600,2,1,16,15,04109,36,4109
66,130000,2,1,10,10,04013,36,4013
66,121000,2,1,26,26,04107,36,4107
75,19400,2,1,16,15,04103,36,4103
67,519200,1,1,20,21,03810,36,3810
66,30000,1,1,27,27,04113,36,4113
66,34660,2,1,18,18,04016,36,4016
79,27360,2,1,16,15,04110,36,4110
69,31400,1,1,15,15,04018,36,4018
89,38110,2,1,17,18,03903,36,3903
66,27600,1,1,39,39,04107,36,4107
75,95600,1,1,9,8,04009,36,4009
68,105400,1,1,20,20,04005,36,4005
73,24900,2,1,13,13,04016,36,4016
65,70000,1,1,24,24,04008,36,4008
80,244600,2,1,20,20,03807,36,3807
78,23000,2,1,6,5,04105,36,4105
67,67500,2,1,16,16,03809,36,3809
78,18800,1,1,26,26,04105,36,4105
65,0,1,1,44,44,04112,36,4112
67,9500,1,1,20,20,03809,36,3809
71,71000,2,1,15,15,03901,36,3901
72,108300,2,1,33,34,04003,36,4003
65,728000,2,1,30,29,03805,36,3805
76,31400,2,1,15,16,04102,36,4102
79,22000,2,1,71,71,04004,36,4004
76,12200,2,1,47,47,04101,36,4101
72,48800,2,1,13,13,04103,36,4103
72,18800,2,1,22,22,04107,36,4107
94,63300,2,1,12,12,04016,36,4016
73,72600,2,1,28,28,03709,36,3709
73,58300,2,1,19,19,03709,36,3709
65,148000,1,1,24,24,04112,36,4112
71,18500,2,1,12,12,03809,36,3809
75,76500,1,1,17,17,04003,36,4003
77,74880,2,1,15,15,03901,36,3901
72,56820,2,1,34,34,04104,36,4104
86,39000,2,1,11,10,04111,36,4111
80,22600,2,1,17,17,04103,36,4103
72,63000,2,1,8,9,04016,36,4016
68,35500,2,1,12,11,03901,36,3901
79,21824,2,1,14,15,04017,36,4017
67,73800,2,1,19,18,03902,36,3902
77,9600,2,1,14,14,04109,36,4109
75,194200,2,1,23,23,04103,36,4103
90,146200,2,1,20,21,04005,36,4005
65,34000,2,1,43,43,04017,36,4017
81,14000,2,1,25,26,04009,36,4009
77,176000,2,1,8,8,04108,36,4108
78,22420,2,1,42,42,04101,36,4101
81,45500,2,1,23,23,04010,36,4010
80,18600,2,1,11,11,03902,36,3902
69,42600,2,1,8,9,04006,36,4006
75,25000,1,1,17,17,04009,36,4009
82,124000,1,1,34,35,04006,36,4006
68,83600,2,1,46,46,04010,36,4010
82,21900,2,1,23,23,04103,36,4103
88,80100,2,1,19,19,03903,36,3903
68,186210,2,1,38,38,04101,36,4101
74,24000,1,1,15,15,04107,36,4107
71,83200,2,1,4,4,04013,36,4013
82,56000,2,1,21,20,04009,36,4009
87,15800,2,1,14,14,04113,36,4113
68,24900,1,1,18,18,04111,36,4111
71,9200,1,1,12,12,03810,36,3810
71,52100,2,1,53,53,04018,36,4018
94,21500,2,1,13,14,03902,36,3902
74,54400,2,1,13,14,04107,36,4107
76,25700,1,1,21,21,04009,36,4009
69,175500,1,1,15,14,03901,36,3901
70,19500,1,1,11,12,03902,36,3902
75,44000,2,1,74,74,04106,36,4106
76,44600,2,1,17,18,03809,36,3809
68,27500,2,1,17,17,03809,36,3809
77,50000,2,1,31,31,03810,36,3810
68,258300,1,1,12,11,03901,36,3901
82,18000,2,1,11,12,04110,36,4110
75,15900,1,1,27,27,04102,36,4102
65,93000,2,1,19,19,03703,36,3703
75,115400,2,1,18,18,04001,36,4001
72,68700,2,1,20,20,03808,36,3808
67,70000,1,1,46,47,04106,36,4106
88,38000,1,1,13,13,03701,36,3701
75,42400,2,1,26,26,04012,36,4012
70,50000,2,1,14,13,03705,36,3705
71,30000,2,1,15,15,04112,36,4112
65,380200,1,1,24,24,03805,36,3805
70,501200,2,1,17,17,03807,36,3807
71,28800,1,1,26,25,04013,36,4013
73,230000,2,1,19,19,03701,36,3701
78,48100,2,1,11,12,04103,36,4103
69,100000,1,1,4,4,04102,36,4102
88,53800,2,1,13,14,04101,36,4101
66,24800,2,1,45,44,04018,36,4018
68,47500,1,1,14,14,04010,36,4010
66,401600,2,1,17,17,04004,36,4004
81,130750,2,1,24,24,04103,36,4103
74,21800,2,1,14,13,04114,36,4114
94,39150,1,1,17,17,03806,36,3806
83,191600,2,1,15,15,03801,36,3801
78,30700,2,1,34,34,04103,36,4103
66,36880,2,1,11,12,03902,36,3902
86,20800,1,1,19,20,03901,36,3901
67,116000,2,1,3,3,03701,36,3701
76,47300,2,1,22,22,03902,36,3902
77,80100,1,1,13,13,03806,36,3806
85,39900,1,1,18,18,03902,36,3902
65,40900,1,1,29,29,04110,36,4110
68,60820,2,1,27,27,04112,36,4112
68,119700,2,1,11,11,03704,36,3704
87,20500,2,1,19,20,03703,36,3703
85,272000,2,1,4,4,04112,36,4112
82,118200,2,1,16,15,04110,36,4110
75,60600,2,1,5,4,04016,36,4016
76,62000,2,1,16,16,04112,36,4112
67,69604,2,1,15,16,03803,36,3803
82,2700,2,1,13,14,03703,36,3703
84,17000,2,1,19,19,04111,36,4111
69,61900,1,1,16,16,03902,36,3902
78,41000,2,1,11,11,04104,36,4104
68,56000,1,1,18,18,03808,36,3808
66,113600,1,1,52,52,03703,36,3703
69,58600,2,1,12,11,03902,36,3902
94,17900,2,1,17,17,04106,36,4106
72,63100,1,1,16,16,04110,36,4110
79,256000,1,1,13,13,03808,36,3808
82,81550,2,1,13,13,03903,36,3903
76,32000,2,1,23,23,03806,36,3806
71,49700,1,1,18,18,03902,36,3902
80,26000,2,1,17,17,04103,36,4103
77,38800,2,1,16,17,04016,36,4016
88,22800,2,1,21,21,03702,36,3702
81,138800,2,1,24,24,04106,36,4106
70,4800,2,1,27,27,04010,36,4010
66,408000,2,1,15,14,04109,36,4109
78,23800,2,1,20,20,03903,36,3903
77,13900,2,1,25,25,04102,36,4102
73,85800,2,1,21,21,03703,36,3703
71,77050,2,1,20,20,04108,36,4108
89,21800,2,1,18,18,04103,36,4103
65,5800,1,1,21,21,03810,36,3810
76,28120,2,1,11,12,04102,36,4102
70,91200,1,1,23,23,04113,36,4113
68,30000,2,1,21,21,04112,36,4112
78,76900,2,1,16,16,04105,36,4105
94,40300,1,1,38,37,04110,36,4110
80,97000,2,1,27,28,03810,36,3810
76,136700,1,1,24,25,04010,36,4010
85,72400,1,1,10,10,04113,36,4113
87,154800,2,1,24,24,04108,36,4108
72,97500,1,1,38,38,03702,36,3702
73,60300,2,1,8,8,04017,36,4017
77,15000,2,1,12,12,04014,36,4014
78,7000,2,1,31,30,03805,36,3805
78,60800,2,1,10,10,04018,36,4018
71,90900,2,1,21,21,03805,36,3805
89,8800,2,1,16,16,04102,36,4102
68,20000,1,1,18,18,03805,36,3805
67,29400,2,1,13,12,04104,36,4104
68,21600,2,1,16,15,04010,36,4010
74,43600,2,1,12,11,04017,36,4017
71,20200,2,1,16,15,03810,36,3810
94,43200,1,1,12,11,04106,36,4106
82,56000,2,1,18,19,03808,36,3808
67,20800,1,1,15,15,04016,36,4016
65,23600,2,1,11,11,03903,36,3903
80,34700,2,1,15,15,04103,36,4103
72,48000,1,1,7,7,04009,36,4009
66,157000,1,1,17,16,04009,36,4009
79,33850,2,1,10,10,04111,36,4111
85,32000,2,1,13,13,04105,36,4105
89,37100,1,1,18,18,03808,36,3808
81,11100,2,1,11,11,03702,36,3702
72,39100,2,1,14,14,04101,36,4101
86,22400,2,1,10,11,04110,36,4110
81,21600,2,1,16,16,04018,36,4018
66,11500,2,1,17,16,04106,36,4106
75,24600,1,1,13,13,03709,36,3709
78,60000,1,1,13,12,03902,36,3902
81,79700,2,1,20,20,03703,36,3703
65,87200,1,1,28,29,03901,36,3901
85,81000,2,1,13,14,04112,36,4112
74,32200,2,1,24,24,03702,36,3702
86,8400,2,1,13,13,04001,36,4001
86,493200,2,1,13,14,04104,36,4104
83,66000,2,1,12,12,04109,36,4109
80,191400,1,1,24,24,04104,36,4104
67,48800,2,1,10,10,04014,36,4014
68,75200,2,1,44,43,04112,36,4112
77,45400,2,1,11,11,04110,36,4110
80,14000,2,1,8,8,04104,36,4104
67,182900,1,1,13,14,04105,36,4105
76,28300,2,1,16,15,04016,36,4016
74,37000,2,1,18,18,04018,36,4018
66,77000,2,1,16,16,03709,36,3709
77,76980,2,1,25,26,04015,36,4015
71,16200,2,1,30,29,04009,36,4009
66,22300,2,1,12,12,03901,36,3901
83,31100,2,1,16,16,04113,36,4113
70,217100,1,1,10,10,04112,36,4112
82,33600,2,1,12,12,04014,36,4014
72,162000,2,1,11,11,04016,36,4016
77,66500,2,1,19,18,03807,36,3807
65,140600,1,1,7,7,03807,36,3807
69,41600,1,1,17,17,04112,36,4112
94,18000,2,1,19,19,03702,36,3702
86,21600,2,1,22,22,03805,36,3805
94,44900,2,1,15,14,04017,36,4017
70,153100,1,1,14,14,03903,36,3903
73,67900,2,1,25,25,03901,36,3901
66,122000,2,1,11,11,04112,36,4112
67,86200,2,1,13,12,04112,36,4112
84,10900,2,1,24,24,03806,36,3806
78,23200,2,1,7,7,04103,36,4103
83,45400,2,1,12,13,04016,36,4016
74,81100,2,1,12,12,03702,36,3702
67,36800,1,1,9,9,04106,36,4106
80,10900,1,1,30,30,04006,36,4006
81,38000,2,1,14,14,03709,36,3709
89,23700,2,1,18,18,03902,36,3902
77,35200,2,1,13,12,04106,36,4106
82,40000,2,1,18,18,04018,36,4018
71,18000,2,1,19,20,03901,36,3901
75,77500,1,1,21,20,04004,36,4004
80,26200,2,1,13,14,04101,36,4101
65,52000,2,1,46,47,03704,36,3704
73,84800,2,1,15,16,03902,36,3902
70,161050,1,1,20,20,03903,36,3903
88,22600,2,1,12,12,04108,36,4108
69,40000,1,1,13,13,03803,36,3803
73,151000,1,1,21,21,03805,36,3805
89,69700,2,1,19,19,03807,36,3807
73,77700,2,1,15,14,04101,36,4101
66,298620,1,1,17,18,04005,36,4005
71,199200,1,1,14,13,03701,36,3701
70,35400,2,1,17,18,03801,36,3801
70,36700,2,1,18,17,04005,36,4005
74,53400,2,1,13,13,03901,36,3901
75,118200,2,1,16,15,04113,36,4113
80,564000,2,1,59,59,04009,36,4009
67,38500,2,1,34,34,04014,36,4014
72,18000,1,1,12,11,04112,36,4112
68,637000,2,1,13,13,03805,36,3805
75,24000,2,1,46,46,03902,36,3902
67,43120,1,1,5,4,04105,36,4105
68,48400,2,1,19,18,03702,36,3702
69,20000,1,1,7,7,04112,36,4112
65,28800,2,1,20,20,04007,36,4007
94,38000,2,1,40,40,04001,36,4001
83,55700,2,1,14,15,04111,36,4111
87,21200,2,1,19,20,03903,36,3903
72,21700,2,1,16,16,03701,36,3701
76,48200,1,1,13,14,03703,36,3703
71,49600,2,1,39,40,04017,36,4017
67,18200,1,1,22,22,03808,36,3808
79,19000,2,1,14,14,04113,36,4113
66,136400,1,1,23,24,03903,36,3903
79,14850,2,1,28,27,04017,36,4017
66,70800,2,1,18,18,03901,36,3901
67,249000,2,1,23,22,03805,36,3805
66,39200,2,1,30,30,04017,36,4017
71,580000,1,1,15,14,04008,36,4008
81,33800,2,1,12,13,04113,36,4113
88,21800,2,1,20,19,04102,36,4102
76,13050,2,1,16,16,04104,36,4104
73,19000,1,1,13,13,03710,36,3710
74,13400,2,1,9,10,04016,36,4016
87,46820,2,1,14,13,04104,36,4104
65,56400,2,1,39,40,04101,36,4101
71,85800,1,1,15,15,04106,36,4106
68,225200,2,1,9,8,04108,36,4108
66,18900,1,1,10,10,04007,36,4007
79,28900,2,1,35,35,04110,36,4110
68,127100,2,1,15,15,03902,36,3902
70,47900,2,1,12,12,04103,36,4103
73,25200,2,1,12,12,03703,36,3703
76,257200,1,1,21,21,03903,36,3903
78,99000,2,1,16,16,04105,36,4105
69,27800,2,1,28,29,04109,36,4109
68,87100,2,1,7,7,04101,36,4101
77,38500,1,1,12,12,04015,36,4015
76,36000,2,1,32,32,04007,36,4007
74,44100,1,1,15,15,04105,36,4105
71,22000,2,1,14,13,04012,36,4012
68,10100,1,1,18,18,04011,36,4011
86,40000,2,1,33,34,04107,36,4107
66,48600,1,1,21,21,03901,36,3901
70,128200,1,1,20,20,04004,36,4004
75,80904,2,1,11,12,03702,36,3702
85,322000,2,1,11,11,04108,36,4108
77,82990,2,1,12,11,03704,36,3704
75,15600,1,1,12,12,03901,36,3901
65,29300,2,1,23,23,04004,36,4004
68,499200,2,1,22,23,03810,36,3810
70,98300,2,1,10,10,04005,36,4005
74,217800,2,1,11,11,04014,36,4014
90,35900,2,1,20,20,03805,36,3805
69,202000,2,1,24,25,03808,36,3808
85,55410,1,1,18,18,03805,36,3805
82,86260,1,1,15,15,04114,36,4114
84,44600,2,1,9,9,03704,36,3704
77,15300,2,1,12,12,04110,36,4110
74,9100,2,1,33,33,03802,36,3802
73,15330,2,1,69,69,03805,36,3805
74,44000,2,1,33,34,04109,36,4109
74,81600,1,1,42,42,03810,36,3810
69,55070,2,1,20,20,03702,36,3702
80,0,2,1,25,26,04103,36,4103
66,108000,1,1,21,21,03805,36,3805
75,126900,1,1,8,8,04105,36,4105
68,46500,1,1,3,3,04113,36,4113
65,24100,1,1,32,33,04007,36,4007
65,102000,1,1,14,14,03805,36,3805
83,70200,2,1,16,16,04108,36,4108
72,48000,2,1,21,21,04001,36,4001
94,45650,2,1,14,13,03809,36,3809
71,77100,2,1,24,25,04018,36,4018
72,32700,1,1,11,11,04104,36,4104
68,16200,2,1,20,20,04114,36,4114
80,20400,2,1,14,13,04012,36,4012
83,7200,1,1,18,17,04105,36,4105
73,11400,1,1,27,27,04006,36,4006
80,48300,2,1,22,21,03806,36,3806
88,25200,2,1,18,18,03808,36,3808
67,194500,1,1,19,18,03806,36,3806
88,13400,2,1,9,10,03705,36,3705
78,57600,1,1,17,17,04112,36,4112
73,65600,1,1,42,43,04010,36,4010
87,23650,2,1,14,15,04009,36,4009
72,134300,1,1,18,19,04112,36,4112
82,209900,1,1,21,21,04011,36,4011
80,95200,2,1,24,24,04015,36,4015
77,37600,1,1,11,10,04105,36,4105
83,22700,2,1,12,13,04106,36,4106
70,112500,2,1,26,26,03701,36,3701
67,49000,1,1,19,20,04102,36,4102
69,13200,2,1,13,13,04017,36,4017
65,83500,2,1,14,15,04110,36,4110
94,47500,2,1,15,15,03704,36,3704
84,27000,2,1,24,23,03903,36,3903
80,83700,1,1,29,28,04112,36,4112
76,97000,2,1,10,10,03701,36,3701
73,28100,1,1,20,20,04002,36,4002
88,23230,2,1,20,20,03808,36,3808
66,18500,1,1,15,15,04012,36,4012
73,27000,2,1,19,18,04018,36,4018
65,71000,1,1,14,14,04012,36,4012
66,381100,1,1,8,9,04004,36,4004
67,394000,1,1,18,18,03806,36,3806
78,136700,1,1,15,14,04010,36,4010
67,132050,2,1,12,11,03804,36,3804
69,30700,1,1,16,15,04104,36,4104
66,23200,2,1,29,28,04101,36,4101
83,25100,2,1,12,12,04009,36,4009
65,67600,1,1,17,17,04006,36,4006
72,10800,2,1,27,27,04016,36,4016
81,16400,1,1,39,38,04104,36,4104
68,27300,2,1,44,43,04018,36,4018
90,25690,2,1,14,14,04104,36,4104
70,62900,2,1,18,17,03806,36,3806
82,250000,2,1,18,18,03805,36,3805
78,42500,2,1,16,15,04103,36,4103
94,67920,2,1,12,12,04010,36,4010
79,55800,1,1,13,12,04008,36,4008
85,42210,2,1,32,32,04110,36,4110
74,89800,2,1,10,10,04110,36,4110
82,41400,2,1,14,14,04103,36,4103
77,26510,2,1,14,14,03702,36,3702
76,310300,2,1,34,34,04112,36,4112
66,67400,2,1,12,11,04103,36,4103
69,123100,1,1,11,11,04009,36,4009
77,61400,2,1,12,11,04114,36,4114
66,138800,2,1,11,11,04111,36,4111
66,107600,2,1,13,13,04005,36,4005
77,64570,2,1,18,18,03902,36,3902
67,26400,2,1,12,11,04110,36,4110
66,37310,2,1,14,14,03807,36,3807
69,104500,1,1,20,20,03902,36,3902
72,33100,1,1,37,37,04013,36,4013
75,32700,2,1,18,18,03808,36,3808
71,23800,2,1,14,14,04004,36,4004
69,8400,2,1,15,15,03806,36,3806
66,17600,2,1,15,15,04108,36,4108
76,186000,2,1,8,8,04013,36,4013
66,118800,2,1,32,33,03805,36,3805
66,91000,2,1,16,16,03702,36,3702
68,37300,2,1,26,26,04017,36,4017
68,46800,1,1,33,34,04013,36,4013
88,113250,2,1,22,21,03802,36,3802
79,60210,2,1,12,12,04103,36,4103
72,111200,1,1,11,11,03901,36,3901
79,18800,2,1,23,23,04106,36,4106
68,27000,2,1,20,20,04111,36,4111
83,74600,2,1,18,18,04103,36,4103
66,136000,2,1,17,17,03810,36,3810
79,0,2,1,30,31,04008,36,4008
69,87000,2,1,12,12,04013,36,4013
65,0,2,1,16,16,04103,36,4103
82,119200,2,1,27,28,04010,36,4010
80,37800,2,1,15,15,04112,36,4112
71,289250,1,1,21,20,04108,36,4108
71,17000,2,1,19,19,04101,36,4101
65,15000,1,1,32,32,03806,36,3806
66,44100,1,1,11,11,04013,36,4013
65,5100,1,1,44,44,04007,36,4007
65,99800,2,1,57,57,04113,36,4113
68,136680,2,1,23,24,03901,36,3901
84,12800,2,1,15,14,04111,36,4111
71,14300,2,1,24,24,04014,36,4014
66,54800,1,1,20,20,04107,36,4107
70,19000,1,1,15,15,03901,36,3901
67,91200,2,1,21,21,03808,36,3808
68,49200,1,1,10,10,03903,36,3903
76,24000,1,1,21,21,03702,36,3702
67,22000,2,1,11,11,04102,36,4102
67,66000,1,1,61,61,03901,36,3901
86,84250,2,1,15,14,04103,36,4103
69,15600,2,1,18,18,03703,36,3703
70,24300,2,1,22,21,04003,36,4003
84,25650,2,1,15,14,04106,36,4106
94,11000,2,1,13,12,04014,36,4014
77,26100,2,1,14,14,04105,36,4105
74,279630,2,1,16,16,03805,36,3805
66,207990,1,1,11,11,03903,36,3903
74,187000,1,1,16,16,04104,36,4104
82,15600,2,1,27,27,03901,36,3901
70,84700,2,1,19,18,03805,36,3805
77,67600,2,1,49,48,04012,36,4012
66,57500,1,1,23,22,03703,36,3703
71,30600,2,1,17,17,04014,36,4014
71,36000,2,1,17,17,04110,36,4110
69,38000,2,1,17,18,04103,36,4103
86,62900,2,1,32,31,03805,36,3805
69,70500,2,1,16,16,04110,36,4110
67,27700,1,1,13,14,03901,36,3901
68,123700,2,1,21,21,04104,36,4104
74,15400,1,1,13,13,04010,36,4010
72,62900,2,1,18,18,04106,36,4106
69,45300,2,1,24,24,04110,36,4110
85,14000,2,1,6,6,03901,36,3901
73,23900,1,1,11,11,03902,36,3902
66,135000,1,1,21,22,03805,36,3805
76,34900,2,1,17,17,03805,36,3805
84,21200,1,1,10,10,04017,36,4017
85,15600,2,1,17,18,04113,36,4113
70,173800,2,1,16,17,04104,36,4104
68,122400,2,1,13,13,04108,36,4108
68,30000,2,1,23,23,04111,36,4111
65,76000,2,1,81,81,03808,36,3808
67,105700,2,1,17,17,04016,36,4016
79,164400,1,1,31,31,03705,36,3705
68,25570,2,1,11,11,03703,36,3703
73,190380,1,1,13,12,04111,36,4111
66,192000,1,1,19,18,04001,36,4001
85,23200,2,1,16,17,04102,36,4102
73,89100,2,1,17,16,04113,36,4113
75,41000,1,1,21,21,04010,36,4010
74,176450,2,1,18,19,03806,36,3806
83,49700,2,1,14,14,03809,36,3809
65,41600,2,1,14,14,03805,36,3805
69,60000,2,1,11,11,04105,36,4105
67,117100,2,1,17,17,03810,36,3810
73,25300,2,1,23,23,04017,36,4017
77,12200,2,1,17,17,04104,36,4104
68,103500,1,1,14,14,04110,36,4110
65,327700,2,1,18,17,03806,36,3806
74,133500,1,1,13,13,04112,36,4112
74,154500,2,1,19,20,04103,36,4103
74,42600,2,1,15,15,04106,36,4106
85,17200,2,1,10,10,04015,36,4015
73,46900,1,1,26,27,04106,36,4106
73,19600,2,1,9,9,04103,36,4103
86,33000,2,1,18,17,04018,36,4018
72,31500,2,1,15,15,03710,36,3710
79,39901,2,1,23,23,03703,36,3703
76,44900,2,1,15,15,03703,36,3703
71,40400,2,1,11,11,03708,36,3708
68,119480,2,1,17,17,03703,36,3703
69,109900,2,1,50,49,03901,36,3901
65,81730,2,1,45,45,04105,36,4105
84,54800,2,1,18,18,04103,36,4103
66,98600,1,1,18,17,04101,36,4101
76,43900,1,1,15,15,04112,36,4112
67,17800,2,1,16,15,03801,36,3801
85,33400,2,1,21,21,04104,36,4104
70,6000,1,1,32,32,03705,36,3705
77,80000,2,1,20,19,04004,36,4004
86,220800,2,1,16,16,03808,36,3808
72,255000,2,1,14,14,04107,36,4107
81,17000,1,1,16,17,04009,36,4009
74,20900,2,1,17,16,03808,36,3808
85,38300,2,1,36,36,04002,36,4002
72,84500,2,1,11,11,04016,36,4016
79,99300,2,1,43,42,04008,36,4008
83,12900,2,1,12,13,04109,36,4109
67,580000,1,1,20,20,03806,36,3806
82,26200,2,1,15,14,04101,36,4101
75,81800,2,1,14,15,04104,36,4104
65,159000,2,1,18,19,04103,36,4103
69,30820,2,1,10,10,04111,36,4111
88,51900,2,1,13,13,04105,36,4105
68,8000,2,1,9,10,04013,36,4013
74,12500,1,1,20,20,03701,36,3701
73,86500,2,1,20,20,04108,36,4108
69,19000,2,1,15,16,04107,36,4107
72,25600,2,1,14,14,03702,36,3702
77,64000,2,1,16,15,03807,36,3807
86,79000,1,1,27,27,03806,36,3806
66,59600,2,1,5,4,04110,36,4110
73,255000,1,1,16,16,03807,36,3807
94,16500,2,1,14,13,04101,36,4101
66,18900,2,1,12,12,04106,36,4106
68,32000,2,1,21,22,03805,36,3805
69,45300,2,1,27,27,04015,36,4015
65,89400,2,1,14,14,03903,36,3903
67,31100,2,1,12,12,04110,36,4110
70,28600,1,1,40,40,04004,36,4004
68,57700,2,1,18,18,04103,36,4103
88,54500,2,1,13,13,04105,36,4105
70,127000,2,1,15,15,03801,36,3801
71,49200,2,1,4,4,04016,36,4016
67,46400,1,1,5,5,04103,36,4103
68,80600,1,1,58,58,03806,36,3806
71,52500,2,1,14,14,04109,36,4109
68,25000,2,1,13,13,04113,36,4113
76,133200,2,1,21,21,04013,36,4013
72,17800,2,1,18,18,03806,36,3806
68,16000,2,1,11,12,04009,36,4009
74,247500,2,1,20,20,04104,36,4104
75,104400,2,1,20,20,03805,36,3805
68,102100,2,1,11,10,04106,36,4106
72,38700,2,1,16,17,04101,36,4101
71,9200,2,1,31,30,04012,36,4012
69,87800,1,1,16,16,04010,36,4010
73,31800,1,1,15,15,04008,36,4008
76,107400,1,1,10,9,04110,36,4110
79,39700,2,1,15,16,04016,36,4016
66,9600,2,1,13,14,04018,36,4018
87,25200,2,1,16,15,03902,36,3902
66,176600,1,1,11,11,03902,36,3902
68,49000,2,1,10,10,04112,36,4112
75,353300,2,1,17,16,03808,36,3808
76,137400,1,1,15,15,03702,36,3702
77,56000,2,1,13,14,03903,36,3903
65,50300,2,1,21,21,04015,36,4015
83,118100,2,1,10,10,04104,36,4104
72,61400,2,1,18,18,03902,36,3902
67,21100,2,1,16,15,04105,36,4105
72,38804,2,1,13,13,04001,36,4001
85,16000,2,1,46,46,04101,36,4101
94,4100,2,1,22,23,03805,36,3805
78,35700,1,1,15,15,04104,36,4104
68,112800,2,1,14,14,04004,36,4004
81,32700,2,1,13,13,04105,36,4105
65,56600,2,1,17,17,04112,36,4112
65,36500,2,1,14,14,04109,36,4109
71,624000,1,1,8,9,03701,36,3701
84,56500,2,1,12,11,04016,36,4016
76,100700,2,1,26,26,03805,36,3805
71,150300,1,1,17,17,04106,36,4106
84,118200,2,1,13,13,04103,36,4103
77,9000,2,1,10,10,04009,36,4009
65,163550,1,1,12,12,04103,36,4103
67,34400,2,1,11,11,04106,36,4106
65,92000,2,1,15,16,04110,36,4110
69,151000,2,1,20,19,03701,36,3701
71,11100,1,1,34,34,03703,36,3703
75,86300,1,1,4,3,03705,36,3705
74,13900,2,1,34,34,04103,36,4103
72,136000,2,1,49,49,03902,36,3902
76,8300,1,1,15,15,04016,36,4016
72,54290,2,1,13,12,04015,36,4015
76,37130,1,1,12,13,04013,36,4013
77,69600,2,1,18,18,03901,36,3901
83,121800,2,1,18,19,04016,36,4016
72,52300,1,1,18,19,03704,36,3704
67,196200,1,1,14,15,04005,36,4005
69,0,2,1,2,2,04103,36,4103
73,209700,2,1,18,18,04006,36,4006
87,49200,2,1,35,35,04017,36,4017
77,13700,2,1,16,16,04103,36,4103
84,31040,2,1,17,18,04106,36,4106
68,74200,1,1,13,13,04114,36,4114
70,41700,1,1,14,14,03702,36,3702
68,162000,1,1,34,34,04103,36,4103
94,13500,2,1,13,13,04110,36,4110
83,154700,2,1,18,19,03806,36,3806
67,60200,2,1,18,18,03810,36,3810
82,51400,2,1,24,24,04113,36,4113
71,65000,1,1,13,12,04015,36,4015
65,80000,1,1,15,14,04105,36,4105
66,541400,2,1,16,16,03808,36,3808
71,50370,2,1,19,19,04103,36,4103
69,27600,2,1,23,23,04017,36,4017
89,33800,2,1,52,52,04103,36,4103
65,45500,1,1,18,18,04004,36,4004
81,65600,2,1,17,17,03806,36,3806
76,75900,1,1,15,15,03709,36,3709
76,26600,2,1,15,15,03903,36,3903
85,90440,2,1,15,16,04111,36,4111
79,71500,2,1,16,15,04114,36,4114
76,15900,1,1,13,13,04114,36,4114
85,7000,2,1,31,32,04013,36,4013
67,89000,2,1,38,37,04004,36,4004
65,42900,1,1,18,18,04114,36,4114
68,102300,1,1,10,10,04017,36,4017
94,11000,2,1,14,14,04111,36,4111
76,31620,2,1,23,23,04017,36,4017
80,26200,2,1,21,21,04011,36,4011
72,138930,2,1,9,9,04112,36,4112
76,41000,1,1,16,16,04018,36,4018
71,178800,2,1,14,14,04010,36,4010
70,15090,2,1,14,14,04103,36,4103
66,196000,2,1,15,15,04106,36,4106
68,123100,2,1,14,14,04105,36,4105
65,15600,1,1,18,17,04106,36,4106
69,199200,1,1,25,24,04003,36,4003
69,23500,2,1,27,28,04110,36,4110
65,50100,1,1,12,12,03903,36,3903
73,110720,1,1,20,20,03703,36,3703
66,44800,1,1,10,10,04105,36,4105
74,15900,2,1,9,9,03709,36,3709
73,44700,2,1,13,12,04017,36,4017
68,46300,1,1,15,15,03901,36,3901
71,122300,1,1,15,15,04113,36,4113
88,24100,2,1,21,22,04110,36,4110
69,14800,2,1,5,5,04012,36,4012
84,25400,2,1,16,17,04113,36,4113
82,2300,1,1,22,22,04101,36,4101
87,36400,2,1,11,11,04112,36,4112
83,153400,2,1,16,16,04108,36,4108
65,161450,2,1,18,18,03805,36,3805
70,17200,2,1,17,17,04103,36,4103
77,52500,1,1,16,16,04009,36,4009
74,8800,2,1,12,11,04110,36,4110
90,23000,2,1,43,43,04016,36,4016
71,42000,1,1,12,11,04005,36,4005
76,10500,2,1,18,18,03701,36,3701
94,18000,2,1,45,45,03803,36,3803
80,309080,2,1,13,13,04005,36,4005
77,40800,1,1,14,14,04105,36,4105
82,247000,2,1,17,17,03810,36,3810
78,266000,1,1,19,19,03805,36,3805
67,96000,2,1,11,12,03903,36,3903
81,29400,2,1,13,13,03809,36,3809
69,82400,1,1,14,15,04105,36,4105
74,27200,1,1,41,40,03901,36,3901
74,89200,2,1,13,12,04013,36,4013
75,117000,2,1,12,12,04013,36,4013
66,21100,2,1,10,10,04007,36,4007
74,35200,1,1,13,13,04102,36,4102
67,130100,1,1,59,59,03709,36,3709
81,30200,2,1,16,16,04004,36,4004
81,7300,2,1,16,17,04013,36,4013
94,81500,2,1,10,10,04103,36,4103
68,35900,2,1,19,18,04112,36,4112
71,-5100,2,1,18,17,04102,36,4102
77,160200,1,1,11,11,04111,36,4111
66,60200,1,1,12,12,04112,36,4112
79,35520,2,1,13,14,03804,36,3804
70,149900,2,1,27,27,04010,36,4010
76,31500,2,1,39,39,04009,36,4009
84,27600,2,1,51,51,04105,36,4105
67,35100,2,1,20,20,04103,36,4103
80,77800,1,1,21,20,03806,36,3806
81,87300,1,1,12,12,03902,36,3902
68,32400,2,1,33,33,03902,36,3902
85,700,2,1,10,10,04008,36,4008
75,80010,1,1,21,22,04103,36,4103
82,30500,2,1,19,19,04108,36,4108
70,36400,2,1,50,50,03901,36,3901
74,45800,2,1,11,11,04104,36,4104
80,10000,2,1,19,18,04010,36,4010
67,26040,2,1,16,16,04009,36,4009
76,11000,2,1,11,11,04109,36,4109
75,103200,2,1,16,16,03806,36,3806
76,60900,2,1,12,11,03901,36,3901
79,5100,2,1,16,15,04010,36,4010
68,64400,2,1,8,8,03703,36,3703
73,22100,2,1,20,20,03805,36,3805
80,53200,2,1,13,13,04009,36,4009
69,85900,1,1,17,17,03703,36,3703
70,21000,2,1,12,11,04009,36,4009
67,35600,2,1,16,16,03902,36,3902
70,93600,1,1,16,15,04106,36,4106
94,12000,2,1,26,26,03702,36,3702
94,51700,2,1,13,13,04110,36,4110
65,68220,1,1,13,13,03902,36,3902
74,47750,2,1,11,11,04016,36,4016
86,24000,2,1,13,13,03702,36,3702
67,20000,2,1,17,18,04107,36,4107
67,0,1,1,9,9,04008,36,4008
75,32200,1,1,20,20,04102,36,4102
76,10200,2,1,13,14,03901,36,3901
82,272000,2,1,11,11,04013,36,4013
85,11800,2,1,71,71,03902,36,3902
90,27000,2,1,36,36,04102,36,4102
72,83600,1,1,12,13,04104,36,4104
68,38200,1,1,27,27,04017,36,4017
72,58990,1,1,11,11,04013,36,4013
82,41200,2,1,9,9,04112,36,4112
71,58200,2,1,13,13,04110,36,4110
78,71100,2,1,10,10,04110,36,4110
83,178000,2,1,18,17,03703,36,3703
76,76340,2,1,19,19,04104,36,4104
94,35000,2,1,16,16,04009,36,4009
65,27000,2,1,23,23,04009,36,4009
79,247900,2,1,16,16,04014,36,4014
94,49800,1,1,25,24,04112,36,4112
67,124800,1,1,10,9,04114,36,4114
82,48000,2,1,14,15,04017,36,4017
76,203600,2,1,19,19,03803,36,3803
80,25700,2,1,22,22,04009,36,4009
66,31800,2,1,11,11,04108,36,4108
83,230000,2,1,18,18,03805,36,3805
